"Date","AAPL.Open","AAPL.High","AAPL.Low","AAPL.Close","AAPL.Volume","AAPL.Adjusted"
2021-01-04,133.520004272461,133.610000610352,126.76000213623,129.410003662109,143301900,125.740859985352
2021-01-05,128.889999389648,131.740005493164,128.429992675781,131.009994506836,97664900,127.295478820801
2021-01-06,127.720001220703,131.050003051758,126.379997253418,126.599998474121,155088000,123.010513305664
2021-01-07,128.360000610352,131.630004882812,127.860000610352,130.919998168945,109578200,127.208045959473
2021-01-08,132.429992675781,132.630004882812,130.229995727539,132.050003051758,105158200,128.30598449707
2021-01-11,129.190002441406,130.169998168945,128.5,128.979995727539,100384500,125.323043823242
2021-01-12,128.5,129.690002441406,126.860000610352,128.800003051758,91951100,125.148139953613
2021-01-13,128.759994506836,131.449996948242,128.490005493164,130.889999389648,88636800,127.178886413574
2021-01-14,130.800003051758,131,128.759994506836,128.910003662109,90221800,125.254997253418
2021-01-15,128.779998779297,130.220001220703,127,127.139999389648,111598500,123.535194396973
2021-01-19,127.779998779297,128.710006713867,126.940002441406,127.830001831055,90757300,124.205657958984
2021-01-20,128.660003662109,132.490005493164,128.550003051758,132.029998779297,104319500,128.286590576172
2021-01-21,133.800003051758,139.669998168945,133.589996337891,136.869995117188,120150900,132.989349365234
2021-01-22,136.279998779297,139.850006103516,135.020004272461,139.070007324219,114459400,135.126968383789
2021-01-25,143.070007324219,145.089996337891,136.539993286133,142.919998168945,157611700,138.867797851562
2021-01-26,143.600006103516,144.300003051758,141.369995117188,143.160003662109,98390600,139.100982666016
2021-01-27,143.429992675781,144.300003051758,140.410003662109,142.059997558594,140843800,138.032211303711
2021-01-28,139.520004272461,141.990005493164,136.699996948242,137.089996337891,142621100,133.203109741211
2021-01-29,135.830001831055,136.740005493164,130.210006713867,131.960006713867,177523800,128.218551635742
2021-02-01,133.75,135.380004882812,130.929992675781,134.139999389648,106239800,130.336730957031
2021-02-02,135.729995727539,136.309997558594,134.610000610352,134.990005493164,83305400,131.162673950195
2021-02-03,135.759994506836,135.770004272461,133.610000610352,133.940002441406,89880900,130.142395019531
2021-02-04,136.300003051758,137.399993896484,134.589996337891,137.389999389648,84183100,133.494552612305
2021-02-05,137.350006103516,137.419998168945,135.860000610352,136.759994506836,75693800,133.081039428711
2021-02-08,136.029998779297,136.960006713867,134.919998168945,136.910003662109,71297200,133.226959228516
2021-02-09,136.619995117188,137.880004882812,135.850006103516,136.009994506836,76774200,132.351196289062
2021-02-10,136.479995727539,136.990005493164,134.399993896484,135.389999389648,73046600,131.74787902832
2021-02-11,135.899993896484,136.389999389648,133.770004272461,135.130004882812,64280000,131.494873046875
2021-02-12,134.350006103516,135.529998779297,133.690002441406,135.369995117188,60145100,131.728439331055
2021-02-16,135.490005493164,136.009994506836,132.789993286133,133.190002441406,80576300,129.607086181641
2021-02-17,131.25,132.220001220703,129.470001220703,130.839996337891,97918500,127.320243835449
2021-02-18,129.199996948242,130,127.410003662109,129.710006713867,96856700,126.220687866211
2021-02-19,130.240005493164,130.710006713867,128.800003051758,129.869995117188,87668800,126.376350402832
2021-02-22,128.009994506836,129.720001220703,125.599998474121,126,103916400,122.610466003418
2021-02-23,123.76000213623,126.709999084473,118.389999389648,125.860000610352,158273000,122.474250793457
2021-02-24,124.940002441406,125.559997558594,122.230003356934,125.349998474121,111039900,121.977973937988
2021-02-25,124.680000305176,126.459999084473,120.540000915527,120.98999786377,148199500,117.735244750977
2021-02-26,122.589996337891,124.849998474121,121.199996948242,121.26000213623,164560400,117.997993469238
2021-03-01,123.75,127.930000305176,122.790000915527,127.790000915527,116307900,124.352325439453
2021-03-02,128.410003662109,128.720001220703,125.01000213623,125.120002746582,102260900,121.75415802002
2021-03-03,124.809997558594,125.709999084473,121.839996337891,122.059997558594,112966300,118.776473999023
2021-03-04,121.75,123.599998474121,118.620002746582,120.129997253418,178155000,116.898391723633
2021-03-05,120.980003356934,121.940002441406,117.569999694824,121.419998168945,153766600,118.153694152832
2021-03-08,120.930000305176,121,116.209999084473,116.360000610352,154376600,113.22981262207
2021-03-09,119.029998779297,122.059997558594,118.790000915527,121.089996337891,129525800,117.832550048828
2021-03-10,121.690002441406,122.169998168945,119.449996948242,119.980003356934,111943300,116.752426147461
2021-03-11,122.540000915527,123.209999084473,121.26000213623,121.959999084473,103026500,118.679176330566
2021-03-12,120.400001525879,121.169998168945,119.160003662109,121.029998779297,88105100,117.774169921875
2021-03-15,121.410003662109,124,120.419998168945,123.98999786377,92403800,120.654556274414
2021-03-16,125.699996948242,127.220001220703,124.720001220703,125.569999694824,115227900,122.192047119141
2021-03-17,124.050003051758,125.860000610352,122.339996337891,124.76000213623,111932600,121.403839111328
2021-03-18,122.879997253418,123.180000305176,120.319999694824,120.529998779297,121229700,117.287628173828
2021-03-19,119.900001525879,121.430000305176,119.680000305176,119.98999786377,185549500,116.762130737305
2021-03-22,120.330001831055,123.870002746582,120.26000213623,123.389999389648,111912300,120.070678710938
2021-03-23,123.330001831055,124.23999786377,122.139999389648,122.540000915527,95467100,119.243560791016
2021-03-24,122.819999694824,122.900001525879,120.069999694824,120.089996337891,88530500,116.859443664551
2021-03-25,119.540000915527,121.660003662109,119,120.589996337891,98844700,117.346008300781
2021-03-26,120.349998474121,121.480003356934,118.919998168945,121.209999084473,94071200,117.949333190918
2021-03-29,121.650001525879,122.580001831055,120.730003356934,121.389999389648,80819200,118.124496459961
2021-03-30,120.110000610352,120.400001525879,118.860000610352,119.900001525879,85671900,116.674560546875
2021-03-31,121.650001525879,123.519996643066,121.150001525879,122.150001525879,118323800,118.864067077637
2021-04-01,123.660003662109,124.180000305176,122.48999786377,123,75089100,119.691177368164
2021-04-05,123.870002746582,126.160003662109,123.069999694824,125.900001525879,88651200,122.513168334961
2021-04-06,126.5,127.129997253418,125.650001525879,126.209999084473,80171300,122.814811706543
2021-04-07,125.830001831055,127.919998168945,125.139999389648,127.900001525879,83466700,124.459365844727
2021-04-08,128.949996948242,130.389999389648,128.520004272461,130.360000610352,88844600,126.853179931641
2021-04-09,129.800003051758,133.039993286133,129.470001220703,133,106686700,129.422164916992
2021-04-12,132.520004272461,132.850006103516,130.630004882812,131.240005493164,91420000,127.709518432617
2021-04-13,132.440002441406,134.660003662109,131.929992675781,134.429992675781,91266500,130.813720703125
2021-04-14,134.940002441406,135,131.660003662109,132.029998779297,87222800,128.478302001953
2021-04-15,133.820007324219,135,133.639999389648,134.5,89347100,130.881820678711
2021-04-16,134.300003051758,134.669998168945,133.279998779297,134.160003662109,84922400,130.550964355469
2021-04-19,133.509994506836,135.470001220703,133.339996337891,134.839996337891,94264200,131.212661743164
2021-04-20,135.020004272461,135.529998779297,131.809997558594,133.110000610352,94812300,129.529235839844
2021-04-21,132.360000610352,133.75,131.300003051758,133.5,68847100,129.90869140625
2021-04-22,133.039993286133,134.149993896484,131.410003662109,131.940002441406,84566500,128.390701293945
2021-04-23,132.160003662109,135.119995117188,132.160003662109,134.320007324219,78657500,130.706665039062
2021-04-26,134.830001831055,135.059997558594,133.559997558594,134.720001220703,66905100,131.095901489258
2021-04-27,135.009994506836,135.410003662109,134.110000610352,134.389999389648,66015800,130.774749755859
2021-04-28,134.309997558594,135.020004272461,133.080001831055,133.580001831055,107760100,129.986587524414
2021-04-29,136.470001220703,137.070007324219,132.449996948242,133.479995727539,151101000,129.889282226562
2021-04-30,131.779998779297,133.559997558594,131.070007324219,131.460006713867,109839500,127.923637390137
2021-05-03,132.039993286133,134.070007324219,131.830001831055,132.539993286133,75135100,128.974533081055
2021-05-04,131.190002441406,131.490005493164,126.699996948242,127.849998474121,137564700,124.410713195801
2021-05-05,129.199996948242,130.449996948242,127.970001220703,128.100006103516,84000900,124.653984069824
2021-05-06,127.889999389648,129.75,127.129997253418,129.740005493164,78128300,126.249877929688
2021-05-07,130.850006103516,131.259994506836,129.479995727539,130.210006713867,78973300,126.922431945801
2021-05-10,129.410003662109,129.539993286133,126.809997558594,126.849998474121,88071200,123.647270202637
2021-05-11,123.5,126.269996643066,122.769996643066,125.910003662109,126142800,122.731010437012
2021-05-12,123.400001525879,124.639999389648,122.25,122.769996643066,112172300,119.670280456543
2021-05-13,124.580001831055,126.150001525879,124.26000213623,124.970001220703,105861300,121.814750671387
2021-05-14,126.25,127.889999389648,125.849998474121,127.449996948242,81918000,124.232131958008
2021-05-17,126.819999694824,126.930000305176,125.169998168945,126.269996643066,74244600,123.081916809082
2021-05-18,126.559997558594,126.98999786377,124.779998779297,124.849998474121,63342900,121.697761535645
2021-05-19,123.160003662109,124.919998168945,122.860000610352,124.690002441406,92612000,121.541816711426
2021-05-20,125.230003356934,127.720001220703,125.099998474121,127.309997558594,76857100,124.095657348633
2021-05-21,127.819999694824,128,125.209999084473,125.430000305176,79295400,122.263130187988
2021-05-24,126.01000213623,127.940002441406,125.940002441406,127.099998474121,63092900,123.890968322754
2021-05-25,127.819999694824,128.320007324219,126.319999694824,126.900001525879,72009500,123.696006774902
2021-05-26,126.959999084473,127.389999389648,126.419998168945,126.849998474121,56575900,123.647270202637
2021-05-27,126.440002441406,127.639999389648,125.080001831055,125.279998779297,94625600,122.116905212402
2021-05-28,125.569999694824,125.800003051758,124.550003051758,124.610000610352,71311100,121.463829040527
2021-06-01,125.080001831055,125.349998474121,123.940002441406,124.279998779297,67637100,121.14217376709
2021-06-02,124.279998779297,125.23999786377,124.050003051758,125.059997558594,59278900,121.902473449707
2021-06-03,124.680000305176,124.849998474121,123.129997253418,123.540000915527,76229200,120.420852661133
2021-06-04,124.069999694824,126.160003662109,123.849998474121,125.889999389648,75169300,122.71150970459
2021-06-07,126.169998168945,126.319999694824,124.830001831055,125.900001525879,71057600,122.721267700195
2021-06-08,126.599998474121,128.460006713867,126.209999084473,126.73999786377,74403800,123.540046691895
2021-06-09,127.209999084473,127.75,126.519996643066,127.129997253418,56877900,123.920196533203
2021-06-10,127.019996643066,128.190002441406,125.940002441406,126.110000610352,71186400,122.925971984863
2021-06-11,126.529998779297,127.440002441406,126.099998474121,127.349998474121,53522400,124.134651184082
2021-06-14,127.819999694824,130.539993286133,127.069999694824,130.479995727539,96906500,127.185615539551
2021-06-15,129.940002441406,130.600006103516,129.389999389648,129.639999389648,62746300,126.366828918457
2021-06-16,130.369995117188,130.889999389648,128.460006713867,130.149993896484,91815000,126.863967895508
2021-06-17,129.800003051758,132.550003051758,129.649993896484,131.789993286133,96721700,128.462539672852
2021-06-18,130.710006713867,131.509994506836,130.240005493164,130.460006713867,108953300,127.166152954102
2021-06-21,130.300003051758,132.410003662109,129.210006713867,132.300003051758,79663300,128.959686279297
2021-06-22,132.130004882812,134.080001831055,131.619995117188,133.979995727539,74783600,130.597259521484
2021-06-23,133.770004272461,134.320007324219,133.229995727539,133.699996948242,60214200,130.324310302734
2021-06-24,134.449996948242,134.639999389648,132.929992675781,133.410003662109,68711000,130.041702270508
2021-06-25,133.460006713867,133.889999389648,132.809997558594,133.110000610352,70783700,129.749221801758
2021-06-28,133.410003662109,135.25,133.350006103516,134.779998779297,62111300,131.377075195312
2021-06-29,134.800003051758,136.490005493164,134.350006103516,136.330001831055,64556100,132.887924194336
2021-06-30,136.169998168945,137.410003662109,135.869995117188,136.960006713867,63261400,133.502044677734
2021-07-01,136.600006103516,137.330001831055,135.759994506836,137.270004272461,52485800,133.804183959961
2021-07-02,137.899993896484,140,137.75,139.960006713867,78852600,136.426315307617
2021-07-06,140.070007324219,143.149993896484,140.070007324219,142.020004272461,108181800,138.434295654297
2021-07-07,143.539993286133,144.889999389648,142.660003662109,144.570007324219,104911600,140.919937133789
2021-07-08,141.580001831055,144.059997558594,140.669998168945,143.240005493164,105575500,139.623474121094
2021-07-09,142.75,145.649993896484,142.649993896484,145.110000610352,99890800,141.446212768555
2021-07-12,146.210006713867,146.320007324219,144,144.5,76299700,140.851623535156
2021-07-13,144.029998779297,147.460006713867,143.630004882812,145.639999389648,100827100,141.962875366211
2021-07-14,148.100006103516,149.570007324219,147.679992675781,149.149993896484,127050800,145.384262084961
2021-07-15,149.240005493164,150,147.089996337891,148.479995727539,106820300,144.731155395508
2021-07-16,148.460006713867,149.759994506836,145.880004882812,146.389999389648,93251400,142.693893432617
2021-07-19,143.75,144.070007324219,141.669998168945,142.449996948242,121434600,138.853393554688
2021-07-20,143.460006713867,147.100006103516,142.960006713867,146.149993896484,96350000,142.459976196289
2021-07-21,145.529998779297,146.130004882812,144.630004882812,145.399993896484,74993500,141.728912353516
2021-07-22,145.940002441406,148.199996948242,145.809997558594,146.800003051758,77338200,143.09358215332
2021-07-23,147.550003051758,148.720001220703,146.919998168945,148.559997558594,71447400,144.809127807617
2021-07-26,148.270004272461,149.830001831055,147.699996948242,148.990005493164,72434100,145.228332519531
2021-07-27,149.119995117188,149.210006713867,145.550003051758,146.770004272461,104818600,143.064315795898
2021-07-28,144.809997558594,146.970001220703,142.539993286133,144.979995727539,118931200,141.319519042969
2021-07-29,144.690002441406,146.550003051758,144.580001831055,145.639999389648,56699500,141.962875366211
2021-07-30,144.380004882812,146.330001831055,144.110000610352,145.860000610352,70440600,142.177337646484
2021-08-02,146.360000610352,146.949996948242,145.25,145.520004272461,62880000,141.845916748047
2021-08-03,145.809997558594,148.039993286133,145.179992675781,147.360000610352,64786600,143.639450073242
2021-08-04,147.270004272461,147.789993286133,146.279998779297,146.949996948242,56368300,143.239791870117
2021-08-05,146.979995727539,147.839996337891,146.169998168945,147.059997558594,46397700,143.347030639648
2021-08-06,146.350006103516,147.110000610352,145.630004882812,146.139999389648,54126800,142.663665771484
2021-08-09,146.199996948242,146.699996948242,145.520004272461,146.089996337891,48908700,142.614852905273
2021-08-10,146.440002441406,147.710006713867,145.300003051758,145.600006103516,69023100,142.136566162109
2021-08-11,146.050003051758,146.720001220703,145.529998779297,145.860000610352,48493500,142.390350341797
2021-08-12,146.190002441406,149.050003051758,145.839996337891,148.889999389648,72282600,145.348266601562
2021-08-13,148.970001220703,149.440002441406,148.270004272461,149.100006103516,59375000,145.553253173828
2021-08-16,148.539993286133,151.190002441406,146.470001220703,151.119995117188,103296000,147.52522277832
2021-08-17,150.229995727539,151.679992675781,149.089996337891,150.190002441406,92229700,146.617309570312
2021-08-18,149.800003051758,150.720001220703,146.149993896484,146.360000610352,86326000,142.878433227539
2021-08-19,145.029998779297,148,144.5,146.699996948242,86960300,143.210342407227
2021-08-20,147.440002441406,148.5,146.779998779297,148.190002441406,60549600,144.664886474609
2021-08-23,148.309997558594,150.190002441406,147.889999389648,149.710006713867,60131800,146.148727416992
2021-08-24,149.449996948242,150.860000610352,149.149993896484,149.619995117188,48606400,146.060897827148
2021-08-25,149.809997558594,150.320007324219,147.800003051758,148.360000610352,58991300,144.830871582031
2021-08-26,148.350006103516,149.119995117188,147.509994506836,147.539993286133,48597200,144.030380249023
2021-08-27,147.479995727539,148.75,146.830001831055,148.600006103516,55802400,145.065155029297
2021-08-30,149,153.490005493164,148.610000610352,153.119995117188,90956700,149.477600097656
2021-08-31,152.660003662109,152.800003051758,151.289993286133,151.830001831055,86453100,148.218307495117
2021-09-01,152.830001831055,154.979995727539,152.339996337891,152.509994506836,80313700,148.882110595703
2021-09-02,153.869995117188,154.720001220703,152.399993896484,153.649993896484,71115500,149.995040893555
2021-09-03,153.759994506836,154.630004882812,153.089996337891,154.300003051758,57808700,150.62956237793
2021-09-07,154.970001220703,157.259994506836,154.389999389648,156.690002441406,82278300,152.962692260742
2021-09-08,156.979995727539,157.039993286133,153.979995727539,155.110000610352,74420200,151.420288085938
2021-09-09,155.490005493164,156.110000610352,153.949996948242,154.070007324219,57305700,150.405059814453
2021-09-10,155,155.479995727539,148.699996948242,148.970001220703,140893200,145.426330566406
2021-09-13,150.630004882812,151.419998168945,148.75,149.550003051758,102404300,145.992584228516
2021-09-14,150.350006103516,151.070007324219,146.910003662109,148.119995117188,109296300,144.596542358398
2021-09-15,148.559997558594,149.440002441406,146.369995117188,149.029998779297,83281300,145.484939575195
2021-09-16,148.440002441406,148.970001220703,147.220001220703,148.789993286133,68034100,145.250610351562
2021-09-17,148.820007324219,148.820007324219,145.759994506836,146.059997558594,129868800,142.585571289062
2021-09-20,143.800003051758,144.839996337891,141.270004272461,142.940002441406,123478900,139.539779663086
2021-09-21,143.929992675781,144.600006103516,142.779998779297,143.429992675781,75834000,140.018127441406
2021-09-22,144.449996948242,146.429992675781,143.699996948242,145.850006103516,76404300,142.380569458008
2021-09-23,146.649993896484,147.080001831055,145.639999389648,146.830001831055,64838200,143.337295532227
2021-09-24,145.660003662109,147.470001220703,145.559997558594,146.919998168945,53477900,143.425109863281
2021-09-27,145.470001220703,145.960006713867,143.820007324219,145.369995117188,74150700,141.911972045898
2021-09-28,143.25,144.75,141.690002441406,141.910003662109,108972300,138.534301757812
2021-09-29,142.470001220703,144.449996948242,142.029998779297,142.830001831055,74602000,139.432403564453
2021-09-30,143.660003662109,144.380004882812,141.279998779297,141.5,89056700,138.134048461914
2021-10-01,141.899993896484,142.919998168945,139.110000610352,142.649993896484,94639600,139.25666809082
2021-10-04,141.759994506836,142.210006713867,138.270004272461,139.139999389648,98322000,135.830184936523
2021-10-05,139.490005493164,142.240005493164,139.360000610352,141.110000610352,80861100,137.753341674805
2021-10-06,139.470001220703,142.149993896484,138.369995117188,142,83221100,138.622161865234
2021-10-07,143.059997558594,144.220001220703,142.720001220703,143.289993286133,61732700,139.881454467773
2021-10-08,144.029998779297,144.179992675781,142.559997558594,142.899993896484,58773200,139.500747680664
2021-10-11,142.270004272461,144.809997558594,141.809997558594,142.809997558594,64452200,139.412887573242
2021-10-12,143.229995727539,143.25,141.039993286133,141.509994506836,73035900,138.143753051758
2021-10-13,141.240005493164,141.399993896484,139.199996948242,140.910003662109,78762700,137.558090209961
2021-10-14,142.110000610352,143.880004882812,141.509994506836,143.759994506836,69907100,140.340270996094
2021-10-15,143.770004272461,144.899993896484,143.509994506836,144.839996337891,67940300,141.394607543945
2021-10-18,143.449996948242,146.839996337891,143.160003662109,146.550003051758,85589200,143.063903808594
2021-10-19,147.009994506836,149.169998168945,146.550003051758,148.759994506836,76378900,145.221343994141
2021-10-20,148.699996948242,149.75,148.119995117188,149.259994506836,58418800,145.709442138672
2021-10-21,148.809997558594,149.639999389648,147.869995117188,149.479995727539,61421000,145.924224853516
2021-10-22,149.690002441406,150.179992675781,148.639999389648,148.690002441406,58883400,145.15299987793
2021-10-25,148.679992675781,149.369995117188,147.619995117188,148.639999389648,50720600,145.104232788086
2021-10-26,149.330001831055,150.839996337891,149.009994506836,149.320007324219,60893400,145.768005371094
2021-10-27,149.360000610352,149.729995727539,148.490005493164,148.850006103516,56094900,145.309219360352
2021-10-28,149.820007324219,153.169998168945,149.720001220703,152.570007324219,100077900,148.94075012207
2021-10-29,147.220001220703,149.940002441406,146.410003662109,149.800003051758,124953200,146.236618041992
2021-11-01,148.990005493164,149.699996948242,147.800003051758,148.960006713867,74588300,145.416625976562
2021-11-02,148.660003662109,151.570007324219,148.649993896484,150.020004272461,69122000,146.451354980469
2021-11-03,150.389999389648,151.970001220703,149.820007324219,151.490005493164,54511500,147.88639831543
2021-11-04,151.580001831055,152.429992675781,150.639999389648,150.960006713867,60394600,147.369033813477
2021-11-05,151.889999389648,152.199996948242,150.059997558594,151.279998779297,65463900,147.896911621094
2021-11-08,151.410003662109,151.570007324219,150.160003662109,150.440002441406,55020900,147.075698852539
2021-11-09,150.199996948242,151.429992675781,150.059997558594,150.809997558594,56787900,147.437423706055
2021-11-10,150.020004272461,150.130004882812,147.850006103516,147.919998168945,65187100,144.612075805664
2021-11-11,148.960006713867,149.429992675781,147.679992675781,147.869995117188,4.1e+07,144.563186645508
2021-11-12,148.429992675781,150.399993896484,147.479995727539,149.990005493164,63804000,146.635787963867
2021-11-15,150.369995117188,151.880004882812,149.429992675781,150,59222800,146.645584106445
2021-11-16,149.940002441406,151.490005493164,149.339996337891,151,59256200,147.623168945312
2021-11-17,151,155,150.990005493164,153.490005493164,88807000,150.057525634766
2021-11-18,153.710006713867,158.669998168945,153.050003051758,157.869995117188,137827700,154.339584350586
2021-11-19,157.649993896484,161.020004272461,156.529998779297,160.550003051758,117305600,156.95964050293
2021-11-22,161.679992675781,165.699996948242,161,161.020004272461,117467900,157.419143676758
2021-11-23,161.119995117188,161.800003051758,159.059997558594,161.410003662109,96041900,157.800399780273
2021-11-24,160.75,162.139999389648,159.639999389648,161.940002441406,69463600,158.31852722168
2021-11-26,159.570007324219,160.449996948242,156.360000610352,156.809997558594,76959800,153.303253173828
2021-11-29,159.369995117188,161.190002441406,158.789993286133,160.240005493164,88748200,156.656585693359
2021-11-30,159.990005493164,165.520004272461,159.919998168945,165.300003051758,174048100,161.603424072266
2021-12-01,167.479995727539,170.300003051758,164.529998779297,164.770004272461,152052500,161.085266113281
2021-12-02,158.740005493164,164.199996948242,157.800003051758,163.759994506836,136739200,160.097869873047
2021-12-03,164.020004272461,164.960006713867,159.720001220703,161.839996337891,118023100,158.220809936523
2021-12-06,164.289993286133,167.880004882812,164.279998779297,165.320007324219,107497000,161.622955322266
2021-12-07,169.080001831055,171.580001831055,168.339996337891,171.179992675781,120405400,167.35188293457
2021-12-08,172.130004882812,175.960006713867,170.699996948242,175.080001831055,116998900,171.16471862793
2021-12-09,174.910003662109,176.75,173.919998168945,174.559997558594,108923700,170.656326293945
2021-12-10,175.210006713867,179.630004882812,174.690002441406,179.449996948242,115402700,175.436981201172
2021-12-13,181.119995117188,182.130004882812,175.529998779297,175.740005493164,153237000,171.809967041016
2021-12-14,175.25,177.740005493164,172.210006713867,174.330001831055,139380400,170.431457519531
2021-12-15,175.110000610352,179.5,172.309997558594,179.300003051758,131063300,175.290328979492
2021-12-16,179.279998779297,181.139999389648,170.75,172.259994506836,150185800,168.407760620117
2021-12-17,169.929992675781,173.470001220703,169.690002441406,171.139999389648,195432700,167.312774658203
2021-12-20,168.279998779297,170.580001831055,167.460006713867,169.75,107499100,165.953903198242
2021-12-21,171.559997558594,173.199996948242,169.119995117188,172.990005493164,91185900,169.121429443359
2021-12-22,173.039993286133,175.860000610352,172.149993896484,175.639999389648,92135300,171.712158203125
2021-12-23,175.850006103516,176.850006103516,175.270004272461,176.279998779297,68356600,172.337860107422
2021-12-27,177.089996337891,180.419998168945,177.070007324219,180.330001831055,74919600,176.297302246094
2021-12-28,180.160003662109,181.330001831055,178.529998779297,179.289993286133,79144300,175.280563354492
2021-12-29,179.330001831055,180.630004882812,178.139999389648,179.380004882812,62348900,175.368545532227
2021-12-30,179.470001220703,180.570007324219,178.089996337891,178.199996948242,59773000,174.214904785156
2021-12-31,178.089996337891,179.229995727539,177.259994506836,177.570007324219,64062300,173.599014282227
2022-01-03,177.830001831055,182.880004882812,177.710006713867,182.009994506836,104487900,177.939727783203
2022-01-04,182.630004882812,182.940002441406,179.119995117188,179.699996948242,99310400,175.681396484375
2022-01-05,179.610000610352,180.169998168945,174.639999389648,174.919998168945,94537600,171.008285522461
2022-01-06,172.699996948242,175.300003051758,171.639999389648,172,96904000,168.153594970703
2022-01-07,172.889999389648,174.139999389648,171.029998779297,172.169998168945,86709100,168.319778442383
2022-01-10,169.080001831055,172.5,168.169998168945,172.190002441406,106765600,168.339324951172
2022-01-11,172.320007324219,175.179992675781,170.820007324219,175.080001831055,76138300,171.16471862793
2022-01-12,176.119995117188,177.179992675781,174.820007324219,175.529998779297,74805200,171.604614257812
2022-01-13,175.779998779297,176.619995117188,171.789993286133,172.190002441406,84505800,168.339324951172
2022-01-14,171.339996337891,173.779998779297,171.089996337891,173.070007324219,80440800,169.199645996094
2022-01-18,171.509994506836,172.539993286133,169.410003662109,169.800003051758,90956700,166.002746582031
2022-01-19,170,171.080001831055,165.940002441406,166.229995727539,94815000,162.512619018555
2022-01-20,166.979995727539,169.679992675781,164.179992675781,164.509994506836,91420500,160.831069946289
2022-01-21,164.419998168945,166.330001831055,162.300003051758,162.410003662109,122848900,158.778076171875
2022-01-24,160.020004272461,162.300003051758,154.699996948242,161.619995117188,162294600,158.005676269531
2022-01-25,158.979995727539,162.759994506836,157.020004272461,159.779998779297,115798400,156.206832885742
2022-01-26,163.5,164.389999389648,157.820007324219,159.690002441406,108275300,156.118850708008
2022-01-27,162.449996948242,163.839996337891,158.279998779297,159.220001220703,121954600,155.659378051758
2022-01-28,165.710006713867,170.350006103516,162.800003051758,170.330001831055,179935700,166.520919799805
2022-01-31,170.160003662109,175,169.509994506836,174.779998779297,115541600,170.87141418457
2022-02-01,174.009994506836,174.839996337891,172.309997558594,174.610000610352,86213900,170.705215454102
2022-02-02,174.75,175.880004882812,173.330001831055,175.839996337891,84914300,171.90771484375
2022-02-03,174.479995727539,176.240005493164,172.119995117188,172.899993896484,89418100,169.033462524414
2022-02-04,171.679992675781,174.100006103516,170.679992675781,172.389999389648,82465400,168.749588012695
2022-02-07,172.860000610352,173.949996948242,170.949996948242,171.660003662109,77251200,168.03498840332
2022-02-08,171.729995727539,175.350006103516,171.429992675781,174.830001831055,74829200,171.138046264648
2022-02-09,176.050003051758,176.649993896484,174.899993896484,176.279998779297,71285000,172.557434082031
2022-02-10,174.139999389648,175.479995727539,171.550003051758,172.119995117188,90865900,168.485275268555
2022-02-11,172.330001831055,173.080001831055,168.039993286133,168.639999389648,98670700,165.078750610352
2022-02-14,167.369995117188,169.580001831055,166.559997558594,168.880004882812,86185500,165.313705444336
2022-02-15,170.970001220703,172.949996948242,170.25,172.789993286133,62527400,169.141128540039
2022-02-16,171.850006103516,173.339996337891,170.050003051758,172.550003051758,61177400,168.906204223633
2022-02-17,171.029998779297,171.910003662109,168.470001220703,168.880004882812,69589300,165.313705444336
2022-02-18,169.820007324219,170.539993286133,166.190002441406,167.300003051758,82772700,163.767074584961
2022-02-22,164.979995727539,166.690002441406,162.149993896484,164.320007324219,91162800,160.850006103516
2022-02-23,165.539993286133,166.149993896484,159.75,160.070007324219,90009200,156.689743041992
2022-02-24,152.580001831055,162.850006103516,152,162.740005493164,141147500,159.303359985352
2022-02-25,163.839996337891,165.119995117188,160.869995117188,164.850006103516,91974200,161.368835449219
2022-02-28,163.059997558594,165.419998168945,162.429992675781,165.119995117188,95056600,161.633087158203
2022-03-01,164.699996948242,166.600006103516,161.970001220703,163.199996948242,83474400,159.753646850586
2022-03-02,164.389999389648,167.360000610352,162.949996948242,166.559997558594,79724800,163.042678833008
2022-03-03,168.470001220703,168.910003662109,165.550003051758,166.229995727539,76678400,162.719665527344
2022-03-04,164.490005493164,165.550003051758,162.100006103516,163.169998168945,83737200,159.724243164062
2022-03-07,163.360000610352,165.020004272461,159.039993286133,159.300003051758,96418800,155.936004638672
2022-03-08,158.820007324219,162.880004882812,155.800003051758,157.440002441406,131148300,154.115310668945
2022-03-09,161.479995727539,163.410003662109,159.410003662109,162.949996948242,91454900,159.508926391602
2022-03-10,160.199996948242,160.389999389648,155.979995727539,158.520004272461,105342000,155.172485351562
2022-03-11,158.929992675781,159.279998779297,154.5,154.729995727539,96970100,151.462478637695
2022-03-14,151.449996948242,154.119995117188,150.100006103516,150.619995117188,108732100,147.439270019531
2022-03-15,150.899993896484,155.570007324219,150.380004882812,155.089996337891,92964300,151.814910888672
2022-03-16,157.050003051758,160,154.460006713867,159.589996337891,102300200,156.219833374023
2022-03-17,158.610000610352,161,157.630004882812,160.619995117188,75615400,157.228103637695
2022-03-18,160.509994506836,164.479995727539,159.759994506836,163.979995727539,123511700,160.517181396484
2022-03-21,163.509994506836,166.350006103516,163.009994506836,165.380004882812,95811400,161.887649536133
2022-03-22,165.509994506836,169.419998168945,164.910003662109,168.820007324219,81532000,165.254974365234
2022-03-23,167.990005493164,172.639999389648,167.649993896484,170.210006713867,98062700,166.615631103516
2022-03-24,171.059997558594,174.139999389648,170.210006713867,174.070007324219,90131400,170.394104003906
2022-03-25,173.880004882812,175.279998779297,172.75,174.720001220703,80546200,171.030364990234
2022-03-28,172.169998168945,175.729995727539,172,175.600006103516,90371900,171.891784667969
2022-03-29,176.690002441406,179.009994506836,176.339996337891,178.960006713867,100589400,175.18083190918
2022-03-30,178.550003051758,179.610000610352,176.699996948242,177.770004272461,92633200,174.015991210938
2022-03-31,177.839996337891,178.029998779297,174.399993896484,174.610000610352,103049300,170.922698974609
2022-04-01,174.029998779297,174.880004882812,171.940002441406,174.309997558594,78751300,170.62907409668
2022-04-04,174.570007324219,178.490005493164,174.440002441406,178.440002441406,76468400,174.671813964844
2022-04-05,177.5,178.300003051758,174.419998168945,175.059997558594,73401800,171.363189697266
2022-04-06,172.360000610352,173.630004882812,170.130004882812,171.830001831055,89058800,168.201370239258
2022-04-07,171.160003662109,173.360000610352,169.850006103516,172.139999389648,77594700,168.504898071289
2022-04-08,171.779998779297,171.779998779297,169.199996948242,170.089996337891,76575500,166.498153686523
2022-04-11,168.710006713867,169.029998779297,165.5,165.75,72246700,162.249801635742
2022-04-12,168.020004272461,169.869995117188,166.639999389648,167.660003662109,79265200,164.11946105957
2022-04-13,167.389999389648,171.039993286133,166.770004272461,170.399993896484,70618900,166.801574707031
2022-04-14,170.619995117188,171.270004272461,165.039993286133,165.289993286133,75329400,161.79948425293
2022-04-18,163.919998168945,166.600006103516,163.570007324219,165.070007324219,69023900,161.584136962891
2022-04-19,165.020004272461,167.820007324219,163.910003662109,167.399993896484,67723800,163.864929199219
2022-04-20,168.759994506836,168.880004882812,166.100006103516,167.229995727539,67929800,163.698547363281
2022-04-21,168.910003662109,171.529998779297,165.910003662109,166.419998168945,87227800,162.905670166016
2022-04-22,166.460006713867,167.869995117188,161.5,161.789993286133,84882400,158.373428344727
2022-04-25,161.119995117188,163.169998168945,158.460006713867,162.880004882812,96046400,159.4404296875
2022-04-26,162.25,162.339996337891,156.720001220703,156.800003051758,95623200,153.488800048828
2022-04-27,155.910003662109,159.789993286133,155.380004882812,156.570007324219,88063200,153.263671875
2022-04-28,159.25,164.520004272461,158.929992675781,163.639999389648,130216800,160.184356689453
2022-04-29,161.839996337891,166.199996948242,157.25,157.649993896484,131747600,154.320861816406
2022-05-02,156.710006713867,158.229995727539,153.270004272461,157.960006713867,123055300,154.624298095703
2022-05-03,158.149993896484,160.710006713867,156.320007324219,159.479995727539,88966500,156.112167358398
2022-05-04,159.669998168945,166.479995727539,159.259994506836,166.020004272461,108256500,162.514099121094
2022-05-05,163.850006103516,164.080001831055,154.949996948242,156.770004272461,130525300,153.459442138672
2022-05-06,156.009994506836,159.440002441406,154.179992675781,157.279998779297,116124600,154.184844970703
2022-05-09,154.929992675781,155.830001831055,151.490005493164,152.059997558594,131577900,149.067596435547
2022-05-10,155.520004272461,156.740005493164,152.929992675781,154.509994506836,115366700,151.469375610352
2022-05-11,153.5,155.449996948242,145.809997558594,146.5,142689800,143.616989135742
2022-05-12,142.770004272461,146.199996948242,138.800003051758,142.559997558594,182602000,139.754531860352
2022-05-13,144.589996337891,148.100006103516,143.110000610352,147.110000610352,113990900,144.21501159668
2022-05-16,145.550003051758,147.520004272461,144.179992675781,145.539993286133,86643800,142.675918579102
2022-05-17,148.860000610352,149.770004272461,146.679992675781,149.240005493164,78336300,146.303070068359
2022-05-18,146.850006103516,147.360000610352,139.899993896484,140.820007324219,109742900,138.048797607422
2022-05-19,139.880004882812,141.660003662109,136.600006103516,137.350006103516,136095600,134.647109985352
2022-05-20,139.089996337891,140.699996948242,132.610000610352,137.589996337891,137426100,134.882339477539
2022-05-23,137.789993286133,143.259994506836,137.649993896484,143.110000610352,117726300,140.293731689453
2022-05-24,140.809997558594,141.970001220703,137.330001831055,140.360000610352,104132700,137.597854614258
2022-05-25,138.429992675781,141.789993286133,138.339996337891,140.520004272461,92482700,137.754684448242
2022-05-26,137.389999389648,144.339996337891,137.139999389648,143.779998779297,90601500,140.950531005859
2022-05-27,145.389999389648,149.679992675781,145.259994506836,149.639999389648,90978500,146.695175170898
2022-05-31,149.070007324219,150.660003662109,146.839996337891,148.839996337891,103718400,145.910949707031
2022-06-01,149.899993896484,151.740005493164,147.679992675781,148.710006713867,74286600,145.783538818359
2022-06-02,147.830001831055,151.270004272461,146.860000610352,151.210006713867,72348100,148.234329223633
2022-06-03,146.899993896484,147.970001220703,144.460006713867,145.380004882812,88570300,142.519073486328
2022-06-06,147.029998779297,148.570007324219,144.899993896484,146.139999389648,71598400,143.264083862305
2022-06-07,144.350006103516,149,144.100006103516,148.710006713867,67808200,145.783538818359
2022-06-08,148.580001831055,149.869995117188,147.460006713867,147.960006713867,53950200,145.048248291016
2022-06-09,147.080001831055,147.949996948242,142.529998779297,142.639999389648,69473000,139.832977294922
2022-06-10,140.279998779297,140.759994506836,137.059997558594,137.130004882812,91437900,134.431411743164
2022-06-13,132.869995117188,135.199996948242,131.440002441406,131.880004882812,122207100,129.284713745117
2022-06-14,133.130004882812,133.889999389648,131.479995727539,132.759994506836,84784300,130.147369384766
2022-06-15,134.289993286133,137.339996337891,132.160003662109,135.429992675781,91533000,132.764846801758
2022-06-16,132.080001831055,132.389999389648,129.039993286133,130.059997558594,108123900,127.500511169434
2022-06-17,130.070007324219,133.080001831055,129.809997558594,131.559997558594,134520300,128.97102355957
2022-06-21,133.419998168945,137.059997558594,133.320007324219,135.869995117188,81000500,133.196197509766
2022-06-22,134.789993286133,137.759994506836,133.910003662109,135.350006103516,73409200,132.686447143555
2022-06-23,136.820007324219,138.589996337891,135.630004882812,138.270004272461,72433800,135.548980712891
2022-06-24,139.899993896484,141.910003662109,139.770004272461,141.660003662109,89116800,138.872268676758
2022-06-27,142.699996948242,143.490005493164,140.970001220703,141.660003662109,70207900,138.872268676758
2022-06-28,142.130004882812,143.419998168945,137.320007324219,137.440002441406,67083400,134.735290527344
2022-06-29,137.460006713867,140.669998168945,136.669998168945,139.229995727539,66242400,136.490081787109
2022-06-30,137.25,138.369995117188,133.770004272461,136.720001220703,98964500,134.029495239258
2022-07-01,136.039993286133,139.039993286133,135.660003662109,138.929992675781,71051600,136.195999145508
2022-07-05,137.770004272461,141.610000610352,136.929992675781,141.559997558594,73353800,138.774230957031
2022-07-06,141.350006103516,144.119995117188,141.080001831055,142.919998168945,74064300,140.107452392578
2022-07-07,143.289993286133,146.550003051758,143.279998779297,146.350006103516,66253700,143.469940185547
2022-07-08,145.259994506836,147.550003051758,145,147.039993286133,64547800,144.146377563477
2022-07-11,145.669998168945,146.639999389648,143.779998779297,144.869995117188,63141600,142.019088745117
2022-07-12,145.759994506836,148.449996948242,145.050003051758,145.860000610352,77588800,142.989608764648
2022-07-13,142.990005493164,146.449996948242,142.119995117188,145.490005493164,71185600,142.626876831055
2022-07-14,144.080001831055,148.949996948242,143.25,148.470001220703,78140700,145.548263549805
2022-07-15,149.779998779297,150.860000610352,148.199996948242,150.169998168945,76259900,147.214782714844
2022-07-18,150.740005493164,151.570007324219,146.699996948242,147.070007324219,81420900,144.175811767578
2022-07-19,147.919998168945,151.229995727539,146.910003662109,151,82982400,148.028442382812
2022-07-20,151.119995117188,153.720001220703,150.369995117188,153.039993286133,64823400,150.0283203125
2022-07-21,154.5,155.570007324219,151.940002441406,155.350006103516,65086600,152.292831420898
2022-07-22,155.389999389648,156.279998779297,153.410003662109,154.089996337891,66675400,151.0576171875
2022-07-25,154.009994506836,155.039993286133,152.279998779297,152.949996948242,53623900,149.940093994141
2022-07-26,152.259994506836,153.089996337891,150.800003051758,151.600006103516,55138700,148.616653442383
2022-07-27,152.580001831055,157.330001831055,152.160003662109,156.789993286133,78620700,153.704513549805
2022-07-28,156.979995727539,157.639999389648,154.410003662109,157.350006103516,81378700,154.253479003906
2022-07-29,161.240005493164,163.630004882812,159.5,162.509994506836,101786900,159.311935424805
2022-08-01,161.009994506836,163.589996337891,160.889999389648,161.509994506836,67829400,158.331634521484
2022-08-02,160.100006103516,162.410003662109,159.630004882812,160.009994506836,59907000,156.861129760742
2022-08-03,160.839996337891,166.589996337891,160.75,166.130004882812,82507500,162.860702514648
2022-08-04,166.009994506836,167.190002441406,164.429992675781,165.809997558594,55474100,162.547027587891
2022-08-05,163.210006713867,165.850006103516,163,165.350006103516,56697000,162.321243286133
2022-08-08,166.369995117188,167.809997558594,164.199996948242,164.869995117188,60276900,161.849975585938
2022-08-09,164.020004272461,165.820007324219,163.25,164.919998168945,63135500,161.89909362793
2022-08-10,167.679992675781,169.339996337891,166.899993896484,169.240005493164,70170500,166.139984130859
2022-08-11,170.059997558594,170.990005493164,168.190002441406,168.490005493164,57149200,165.403717041016
2022-08-12,169.820007324219,172.169998168945,169.399993896484,172.100006103516,68039400,168.947555541992
2022-08-15,171.520004272461,173.389999389648,171.350006103516,173.190002441406,54091700,170.017593383789
2022-08-16,172.779998779297,173.710006713867,171.660003662109,173.029998779297,56377100,169.860565185547
2022-08-17,172.770004272461,176.149993896484,172.570007324219,174.550003051758,79542000,171.352722167969
2022-08-18,173.75,174.899993896484,173.119995117188,174.149993896484,62290100,170.960006713867
2022-08-19,173.029998779297,173.740005493164,171.309997558594,171.520004272461,70346300,168.378219604492
2022-08-22,169.690002441406,169.860000610352,167.139999389648,167.570007324219,69026800,164.500564575195
2022-08-23,167.080001831055,168.710006713867,166.649993896484,167.229995727539,54147100,164.166748046875
2022-08-24,167.320007324219,168.110000610352,166.25,167.529998779297,53841500,164.461288452148
2022-08-25,168.779998779297,170.139999389648,168.350006103516,170.029998779297,51218200,166.915496826172
2022-08-26,170.570007324219,171.050003051758,163.559997558594,163.619995117188,78961000,160.622924804688
2022-08-29,161.149993896484,162.899993896484,159.820007324219,161.380004882812,73314000,158.423950195312
2022-08-30,162.130004882812,162.559997558594,157.720001220703,158.910003662109,77906200,155.99919128418
2022-08-31,160.309997558594,160.580001831055,157.139999389648,157.220001220703,87991100,154.340148925781
2022-09-01,156.639999389648,158.419998168945,154.669998168945,157.960006713867,74229900,155.066558837891
2022-09-02,159.75,160.360000610352,154.970001220703,155.809997558594,76957800,152.955932617188
2022-09-06,156.470001220703,157.089996337891,153.690002441406,154.529998779297,73714800,151.699432373047
2022-09-07,154.820007324219,156.669998168945,153.610000610352,155.960006713867,87449600,153.103225708008
2022-09-08,154.639999389648,156.360000610352,152.679992675781,154.460006713867,84923800,151.630706787109
2022-09-09,155.470001220703,157.820007324219,154.75,157.369995117188,68028800,154.487365722656
2022-09-12,159.589996337891,164.259994506836,159.300003051758,163.429992675781,104956000,160.436386108398
2022-09-13,159.899993896484,160.539993286133,153.369995117188,153.839996337891,122656600,151.022018432617
2022-09-14,154.789993286133,157.100006103516,153.610000610352,155.309997558594,87965400,152.465148925781
2022-09-15,154.649993896484,155.240005493164,151.380004882812,152.369995117188,90481100,149.578979492188
2022-09-16,151.210006713867,151.350006103516,148.369995117188,150.699996948242,162278800,147.939559936523
2022-09-19,149.309997558594,154.559997558594,149.100006103516,154.479995727539,81474200,151.650314331055
2022-09-20,153.399993896484,158.080001831055,153.080001831055,156.899993896484,107689800,154.026016235352
2022-09-21,157.339996337891,158.740005493164,153.600006103516,153.720001220703,101696800,150.904251098633
2022-09-22,152.380004882812,154.470001220703,150.910003662109,152.740005493164,86652500,149.942199707031
2022-09-23,151.190002441406,151.470001220703,148.559997558594,150.429992675781,96029900,147.67448425293
2022-09-26,149.660003662109,153.770004272461,149.639999389648,150.770004272461,93339400,148.00830078125
2022-09-27,152.740005493164,154.720001220703,149.949996948242,151.759994506836,84442700,148.98014831543
2022-09-28,147.639999389648,150.639999389648,144.839996337891,149.839996337891,146691400,147.095306396484
2022-09-29,146.100006103516,146.720001220703,140.679992675781,142.479995727539,128138200,139.870132446289
2022-09-30,141.279998779297,143.100006103516,138,138.199996948242,124925300,135.668533325195
2022-10-03,138.210006713867,143.070007324219,137.690002441406,142.449996948242,114311700,139.840713500977
2022-10-04,145.029998779297,146.220001220703,144.259994506836,146.100006103516,87830100,143.423858642578
2022-10-05,144.070007324219,147.380004882812,143.009994506836,146.399993896484,79471000,143.718322753906
2022-10-06,145.809997558594,147.539993286133,145.220001220703,145.429992675781,68402200,142.76611328125
2022-10-07,142.539993286133,143.100006103516,139.449996948242,140.089996337891,85925600,137.523910522461
2022-10-10,140.419998168945,141.889999389648,138.570007324219,140.419998168945,74899000,137.847885131836
2022-10-11,139.899993896484,141.350006103516,138.220001220703,138.979995727539,77033700,136.43424987793
2022-10-12,139.130004882812,140.360000610352,138.160003662109,138.339996337891,70433700,135.80598449707
2022-10-13,134.990005493164,143.589996337891,134.369995117188,142.990005493164,113224000,140.37077331543
2022-10-14,144.309997558594,144.520004272461,138.190002441406,138.380004882812,88598000,135.845245361328
2022-10-17,141.070007324219,142.899993896484,140.270004272461,142.410003662109,85250900,139.801406860352
2022-10-18,145.490005493164,146.699996948242,140.610000610352,143.75,99136600,141.116912841797
2022-10-19,141.690002441406,144.949996948242,141.5,143.860000610352,61758300,141.224868774414
2022-10-20,143.020004272461,145.889999389648,142.649993896484,143.389999389648,64522000,140.763473510742
2022-10-21,142.869995117188,147.850006103516,142.649993896484,147.270004272461,86548600,144.572418212891
2022-10-24,147.190002441406,150.229995727539,146,149.449996948242,75981900,146.712463378906
2022-10-25,150.089996337891,152.490005493164,149.360000610352,152.339996337891,74732300,149.549514770508
2022-10-26,150.960006713867,151.990005493164,148.039993286133,149.350006103516,88194300,146.614303588867
2022-10-27,148.070007324219,149.050003051758,144.130004882812,144.800003051758,109180200,142.147644042969
2022-10-28,148.199996948242,157.5,147.820007324219,155.740005493164,164762400,152.887237548828
2022-10-31,153.160003662109,154.240005493164,151.919998168945,153.339996337891,97943200,150.531188964844
2022-11-01,155.080001831055,155.449996948242,149.130004882812,150.649993896484,80379300,147.890472412109
2022-11-02,148.949996948242,152.169998168945,145,145.029998779297,93604600,142.373428344727
2022-11-03,142.059997558594,142.800003051758,138.75,138.880004882812,97918500,136.336074829102
2022-11-04,142.089996337891,142.669998168945,134.380004882812,138.380004882812,140814800,136.070602416992
2022-11-07,137.110000610352,139.149993896484,135.669998168945,138.919998168945,83374600,136.601577758789
2022-11-08,140.410003662109,141.429992675781,137.490005493164,139.5,89908500,137.171920776367
2022-11-09,138.5,138.550003051758,134.589996337891,134.869995117188,74917800,132.619171142578
2022-11-10,141.240005493164,146.869995117188,139.5,146.869995117188,118854000,144.418884277344
2022-11-11,145.820007324219,150.009994506836,144.369995117188,149.699996948242,93979700,147.20166015625
2022-11-14,148.970001220703,150.279998779297,147.429992675781,148.279998779297,73374100,145.80534362793
2022-11-15,152.220001220703,153.589996337891,148.559997558594,150.039993286133,89868300,147.535995483398
2022-11-16,149.130004882812,149.869995117188,147.289993286133,148.789993286133,64218300,146.306854248047
2022-11-17,146.429992675781,151.479995727539,146.149993896484,150.720001220703,80389400,148.204635620117
2022-11-18,152.309997558594,152.699996948242,149.970001220703,151.289993286133,74829600,148.76513671875
2022-11-21,150.160003662109,150.369995117188,147.720001220703,148.009994506836,58724100,145.53987121582
2022-11-22,148.130004882812,150.419998168945,146.929992675781,150.179992675781,51804100,147.673675537109
2022-11-23,149.449996948242,151.830001831055,149.339996337891,151.070007324219,58301400,148.548812866211
2022-11-25,148.309997558594,148.880004882812,147.119995117188,148.110000610352,35195900,145.638229370117
2022-11-28,145.139999389648,146.639999389648,143.380004882812,144.220001220703,69246000,141.813125610352
2022-11-29,144.289993286133,144.809997558594,140.350006103516,141.169998168945,83763800,138.814025878906
2022-11-30,141.399993896484,148.720001220703,140.550003051758,148.029998779297,111380900,145.559539794922
2022-12-01,148.210006713867,149.130004882812,146.610000610352,148.309997558594,71250400,145.834869384766
2022-12-02,145.960006713867,148,145.649993896484,147.809997558594,65447400,145.343200683594
2022-12-05,147.770004272461,150.919998168945,145.770004272461,146.630004882812,68826400,144.182922363281
2022-12-06,147.070007324219,147.300003051758,141.919998168945,142.910003662109,64727200,140.525009155273
2022-12-07,142.190002441406,143.369995117188,140,140.940002441406,69721100,138.587890625
2022-12-08,142.360000610352,143.520004272461,141.100006103516,142.649993896484,62128300,140.269332885742
2022-12-09,142.339996337891,145.570007324219,140.899993896484,142.160003662109,76097000,139.787506103516
2022-12-12,142.699996948242,144.5,141.059997558594,144.490005493164,70462700,142.078628540039
2022-12-13,149.5,149.970001220703,144.240005493164,145.470001220703,93886200,143.042236328125
2022-12-14,145.350006103516,146.660003662109,141.160003662109,143.210006713867,82291200,140.81999206543
2022-12-15,141.110000610352,141.800003051758,136.029998779297,136.5,98931900,134.221969604492
2022-12-16,136.690002441406,137.649993896484,133.729995727539,134.509994506836,160156900,132.265167236328
2022-12-19,135.110000610352,135.199996948242,131.320007324219,132.369995117188,79592600,130.160888671875
2022-12-20,131.389999389648,133.25,129.889999389648,132.300003051758,77432800,130.092056274414
2022-12-21,132.979995727539,136.809997558594,132.75,135.449996948242,85928000,133.189468383789
2022-12-22,134.350006103516,134.559997558594,130.300003051758,132.229995727539,77852100,130.023223876953
2022-12-23,130.919998168945,132.419998168945,129.639999389648,131.860000610352,63814900,129.659408569336
2022-12-27,131.380004882812,131.410003662109,128.720001220703,130.029998779297,69007800,127.859924316406
2022-12-28,129.669998168945,131.029998779297,125.870002746582,126.040000915527,85438400,123.936515808105
2022-12-29,127.98999786377,130.479995727539,127.730003356934,129.610000610352,75703700,127.446952819824
2022-12-30,128.410003662109,129.949996948242,127.430000305176,129.929992675781,77034200,127.761596679688
2023-01-03,130.279998779297,130.899993896484,124.169998168945,125.069999694824,112117500,122.982711791992
2023-01-04,126.889999389648,128.660003662109,125.080001831055,126.360000610352,89113600,124.251197814941
2023-01-05,127.129997253418,127.769996643066,124.76000213623,125.019996643066,80962700,122.933540344238
2023-01-06,126.01000213623,130.289993286133,124.889999389648,129.619995117188,87754700,127.45677947998
2023-01-09,130.470001220703,133.410003662109,129.889999389648,130.149993896484,70790800,127.977928161621
2023-01-10,130.259994506836,131.259994506836,128.119995117188,130.729995727539,63896200,128.548233032227
2023-01-11,131.25,133.509994506836,130.460006713867,133.490005493164,69458900,131.262191772461
2023-01-12,133.880004882812,134.259994506836,131.440002441406,133.410003662109,71379600,131.183517456055
2023-01-13,132.029998779297,134.919998168945,131.660003662109,134.759994506836,57809700,132.511032104492
2023-01-17,134.830001831055,137.289993286133,134.130004882812,135.940002441406,63646600,133.671295166016
2023-01-18,136.820007324219,138.610000610352,135.029998779297,135.210006713867,69672800,132.953491210938
2023-01-19,134.080001831055,136.25,133.770004272461,135.270004272461,58280400,133.012466430664
2023-01-20,135.279998779297,138.020004272461,134.220001220703,137.869995117188,80223600,135.569076538086
2023-01-23,138.119995117188,143.320007324219,137.899993896484,141.110000610352,81760300,138.755020141602
2023-01-24,140.309997558594,143.160003662109,140.300003051758,142.529998779297,66435100,140.151336669922
2023-01-25,140.889999389648,142.429992675781,138.809997558594,141.860000610352,65799300,139.492523193359
2023-01-26,143.169998168945,144.25,141.899993896484,143.960006713867,54105100,141.557464599609
2023-01-27,143.160003662109,147.229995727539,143.080001831055,145.929992675781,70555800,143.494583129883
2023-01-30,144.960006713867,145.550003051758,142.850006103516,143,64015300,140.613464355469
2023-01-31,142.699996948242,144.339996337891,142.279998779297,144.289993286133,65874500,141.881927490234
2023-02-01,143.970001220703,146.610000610352,141.320007324219,145.429992675781,77663600,143.002944946289
2023-02-02,148.899993896484,151.179992675781,148.169998168945,150.820007324219,118339000,148.303009033203
2023-02-03,148.029998779297,157.380004882812,147.830001831055,154.5,154357300,151.921585083008
2023-02-06,152.570007324219,153.100006103516,150.779998779297,151.729995727539,69858300,149.197769165039
2023-02-07,150.639999389648,155.229995727539,150.639999389648,154.649993896484,83322600,152.069076538086
2023-02-08,153.880004882812,154.580001831055,151.169998168945,151.919998168945,64120100,149.384613037109
2023-02-09,153.779998779297,154.330001831055,150.419998168945,150.869995117188,56007100,148.352096557617
2023-02-10,149.460006713867,151.339996337891,149.220001220703,151.009994506836,57450700,148.716506958008
2023-02-13,150.949996948242,154.259994506836,150.919998168945,153.850006103516,62199000,151.513397216797
2023-02-14,152.119995117188,153.770004272461,150.860000610352,153.199996948242,61707600,150.873275756836
2023-02-15,153.110000610352,155.5,152.880004882812,155.330001831055,65573800,152.970916748047
2023-02-16,153.509994506836,156.330001831055,153.350006103516,153.710006713867,68167900,151.375549316406
2023-02-17,152.350006103516,153,150.850006103516,152.550003051758,59144100,150.233139038086
2023-02-21,150.199996948242,151.300003051758,148.410003662109,148.479995727539,58867200,146.22492980957
2023-02-22,148.869995117188,149.949996948242,147.160003662109,148.910003662109,51011300,146.648391723633
2023-02-23,150.089996337891,150.339996337891,147.240005493164,149.399993896484,48394200,147.130966186523
2023-02-24,147.110000610352,147.190002441406,145.720001220703,146.710006713867,55469600,144.481842041016
2023-02-27,147.710006713867,149.169998168945,147.449996948242,147.919998168945,44998500,145.673431396484
2023-02-28,147.050003051758,149.080001831055,146.830001831055,147.410003662109,50547000,145.171203613281
2023-03-01,146.830001831055,147.229995727539,145.009994506836,145.309997558594,55479000,143.103088378906
2023-03-02,144.380004882812,146.710006713867,143.899993896484,145.910003662109,52238100,143.693984985352
2023-03-03,148.039993286133,151.110000610352,147.330001831055,151.029998779297,70732300,148.736221313477
2023-03-06,153.789993286133,156.300003051758,153.460006713867,153.830001831055,87558000,151.493713378906
2023-03-07,153.699996948242,154.029998779297,151.130004882812,151.600006103516,56182000,149.297546386719
2023-03-08,152.809997558594,153.470001220703,151.830001831055,152.869995117188,47204800,150.548294067383
2023-03-09,153.559997558594,154.539993286133,150.229995727539,150.589996337891,53833600,148.302932739258
2023-03-10,150.210006713867,150.940002441406,147.610000610352,148.5,68572400,146.244644165039
2023-03-13,147.809997558594,153.139999389648,147.699996948242,150.470001220703,84457100,148.18473815918
2023-03-14,151.279998779297,153.399993896484,150.100006103516,152.589996337891,73695900,150.272521972656
2023-03-15,151.190002441406,153.25,149.919998168945,152.990005493164,77167900,150.666442871094
2023-03-16,152.160003662109,156.460006713867,151.639999389648,155.850006103516,76161100,153.483001708984
2023-03-17,156.080001831055,156.740005493164,154.279998779297,155,98944600,152.645935058594
2023-03-20,155.070007324219,157.820007324219,154.149993896484,157.399993896484,73641400,155.009475708008
2023-03-21,157.320007324219,159.399993896484,156.539993286133,159.279998779297,73938300,156.860931396484
2023-03-22,159.300003051758,162.139999389648,157.809997558594,157.830001831055,75701800,155.43293762207
2023-03-23,158.830001831055,161.550003051758,157.679992675781,158.929992675781,67622100,156.516235351562
2023-03-24,158.860000610352,160.339996337891,157.850006103516,160.25,59196500,157.816192626953
2023-03-27,159.940002441406,160.770004272461,157.869995117188,158.279998779297,52390300,155.876098632812
2023-03-28,157.970001220703,158.490005493164,155.979995727539,157.649993896484,45992200,155.255676269531
2023-03-29,159.369995117188,161.050003051758,159.350006103516,160.770004272461,51305700,158.328323364258
2023-03-30,161.529998779297,162.470001220703,161.270004272461,162.360000610352,49501700,159.894165039062
2023-03-31,162.440002441406,165,161.910003662109,164.899993896484,68749800,162.395584106445
2023-04-03,164.270004272461,166.289993286133,164.220001220703,166.169998168945,56976200,163.646286010742
2023-04-04,166.600006103516,166.839996337891,165.110000610352,165.630004882812,46278300,163.114501953125
2023-04-05,164.740005493164,165.050003051758,161.800003051758,163.759994506836,51511700,161.272888183594
2023-04-06,162.429992675781,164.960006713867,162,164.660003662109,45390100,162.159225463867
2023-04-10,161.419998168945,162.029998779297,160.080001831055,162.029998779297,47716900,159.569152832031
2023-04-11,162.350006103516,162.360000610352,160.509994506836,160.800003051758,47644200,158.357849121094
2023-04-12,161.220001220703,162.059997558594,159.779998779297,160.100006103516,50133100,157.668502807617
2023-04-13,161.630004882812,165.800003051758,161.419998168945,165.559997558594,68445600,163.045562744141
2023-04-14,164.589996337891,166.320007324219,163.820007324219,165.210006713867,49386500,162.700866699219
2023-04-17,165.089996337891,165.389999389648,164.029998779297,165.229995727539,41516200,162.720581054688
2023-04-18,166.100006103516,167.410003662109,165.649993896484,166.470001220703,49923000,163.94172668457
2023-04-19,165.800003051758,168.160003662109,165.539993286133,167.630004882812,47720200,165.084121704102
2023-04-20,166.089996337891,167.869995117188,165.559997558594,166.649993896484,52456400,164.11897277832
2023-04-21,165.050003051758,166.449996948242,164.490005493164,165.020004272461,58337300,162.513748168945
2023-04-24,165,165.600006103516,163.889999389648,165.330001831055,41949600,162.819030761719
2023-04-25,165.190002441406,166.309997558594,163.729995727539,163.770004272461,48714100,161.282730102539
2023-04-26,163.059997558594,165.279998779297,162.800003051758,163.759994506836,45498800,161.272888183594
2023-04-27,165.190002441406,168.559997558594,165.190002441406,168.410003662109,64902300,165.852279663086
2023-04-28,168.490005493164,169.850006103516,167.880004882812,169.679992675781,55275900,167.102966308594
2023-05-01,169.279998779297,170.449996948242,168.639999389648,169.589996337891,52472900,167.014343261719
2023-05-02,170.089996337891,170.350006103516,167.539993286133,168.539993286133,48425700,165.980285644531
2023-05-03,169.5,170.919998168945,167.160003662109,167.449996948242,65136000,164.906829833984
2023-05-04,164.889999389648,167.039993286133,164.309997558594,165.789993286133,81235400,163.272048950195
2023-05-05,170.979995727539,174.300003051758,170.759994506836,173.570007324219,113453200,170.933898925781
2023-05-08,172.479995727539,173.850006103516,172.110000610352,173.5,55962800,170.864944458008
2023-05-09,173.050003051758,173.539993286133,171.600006103516,171.770004272461,45326900,169.161239624023
2023-05-10,173.020004272461,174.029998779297,171.899993896484,173.559997558594,53724500,170.924026489258
2023-05-11,173.850006103516,174.589996337891,172.169998168945,173.75,49514700,171.111145019531
2023-05-12,173.619995117188,174.059997558594,171,172.570007324219,45533100,170.184188842773
2023-05-15,173.160003662109,173.210006713867,171.470001220703,172.070007324219,37266700,169.691101074219
2023-05-16,171.990005493164,173.139999389648,171.800003051758,172.070007324219,42110300,169.691101074219
2023-05-17,171.710006713867,172.929992675781,170.419998168945,172.690002441406,57951600,170.302490234375
2023-05-18,173,175.240005493164,172.580001831055,175.050003051758,65496700,172.629898071289
2023-05-19,176.389999389648,176.389999389648,174.940002441406,175.160003662109,55809500,172.738357543945
2023-05-22,173.979995727539,174.710006713867,173.449996948242,174.199996948242,43570900,171.791610717773
2023-05-23,173.130004882812,173.380004882812,171.279998779297,171.559997558594,50747300,169.188110351562
2023-05-24,171.089996337891,172.419998168945,170.520004272461,171.839996337891,45143500,169.464202880859
2023-05-25,172.410003662109,173.899993896484,171.690002441406,172.990005493164,56058300,170.59831237793
2023-05-26,173.320007324219,175.770004272461,173.110000610352,175.429992675781,54835000,173.004592895508
2023-05-30,176.960006713867,178.990005493164,176.570007324219,177.300003051758,55964400,174.848754882812
2023-05-31,177.330001831055,179.350006103516,176.759994506836,177.25,99625300,174.799453735352
2023-06-01,177.699996948242,180.119995117188,176.929992675781,180.089996337891,68901800,177.600189208984
2023-06-02,181.029998779297,181.779998779297,179.259994506836,180.949996948242,61996900,178.448303222656
2023-06-05,182.630004882812,184.949996948242,178.039993286133,179.580001831055,121946500,177.097259521484
2023-06-06,179.970001220703,180.119995117188,177.429992675781,179.210006713867,64848400,176.732360839844
2023-06-07,178.440002441406,181.210006713867,177.320007324219,177.820007324219,61944600,175.361587524414
2023-06-08,177.899993896484,180.839996337891,177.460006713867,180.570007324219,50214900,178.07356262207
2023-06-09,181.5,182.229995727539,180.630004882812,180.960006713867,48900000,178.458160400391
2023-06-12,181.270004272461,183.889999389648,180.970001220703,183.789993286133,54274900,181.2490234375
2023-06-13,182.800003051758,184.149993896484,182.440002441406,183.309997558594,54929100,180.775665283203
2023-06-14,183.369995117188,184.389999389648,182.020004272461,183.949996948242,57462900,181.406829833984
2023-06-15,183.960006713867,186.520004272461,183.779998779297,186.009994506836,65433200,183.438354492188
2023-06-16,186.729995727539,186.990005493164,184.270004272461,184.919998168945,101256200,182.363388061523
2023-06-20,184.410003662109,186.100006103516,184.410003662109,185.009994506836,49799100,182.452178955078
2023-06-21,184.899993896484,185.410003662109,182.589996337891,183.960006713867,49515700,181.41667175293
2023-06-22,183.740005493164,187.050003051758,183.669998168945,187,51245300,184.414642333984
2023-06-23,185.550003051758,187.559997558594,185.009994506836,186.679992675781,53117000,184.099105834961
2023-06-26,186.830001831055,188.050003051758,185.229995727539,185.270004272461,48088700,182.708587646484
2023-06-27,185.889999389648,188.389999389648,185.669998168945,188.059997558594,50730800,185.459991455078
2023-06-28,187.929992675781,189.899993896484,187.600006103516,189.25,51216800,186.633514404297
2023-06-29,189.080001831055,190.070007324219,188.940002441406,189.589996337891,46347300,186.968872070312
2023-06-30,191.630004882812,194.479995727539,191.259994506836,193.970001220703,85213200,191.288299560547
2023-07-03,193.779998779297,193.880004882812,191.759994506836,192.460006713867,31458200,189.799163818359
2023-07-05,191.570007324219,192.979995727539,190.619995117188,191.330001831055,46920300,188.684768676758
2023-07-06,189.839996337891,192.020004272461,189.199996948242,191.809997558594,45094300,189.158126831055
2023-07-07,191.410003662109,192.669998168945,190.240005493164,190.679992675781,46815000,188.043746948242
2023-07-10,189.259994506836,189.990005493164,187.039993286133,188.610000610352,59922200,186.002410888672
2023-07-11,189.160003662109,189.300003051758,186.600006103516,188.080001831055,46638100,185.479721069336
2023-07-12,189.679992675781,191.699996948242,188.470001220703,189.770004272461,60750200,187.146362304688
2023-07-13,190.5,191.190002441406,189.779998779297,190.539993286133,41342300,187.905685424805
2023-07-14,190.229995727539,191.179992675781,189.630004882812,190.690002441406,41616200,188.053665161133
2023-07-17,191.899993896484,194.320007324219,191.809997558594,193.990005493164,50520200,191.308029174805
2023-07-18,193.350006103516,194.330001831055,192.419998168945,193.729995727539,48288200,191.051620483398
2023-07-19,193.100006103516,198.229995727539,192.649993896484,195.100006103516,80507300,192.402679443359
2023-07-20,195.089996337891,196.470001220703,192.5,193.130004882812,59581200,190.459930419922
2023-07-21,194.100006103516,194.970001220703,191.229995727539,191.940002441406,71951700,189.286331176758
2023-07-24,193.410003662109,194.910003662109,192.25,192.75,45377800,190.085144042969
2023-07-25,193.330001831055,194.440002441406,192.919998168945,193.619995117188,37283200,190.943115234375
2023-07-26,193.669998168945,195.639999389648,193.320007324219,194.5,47471900,191.810958862305
2023-07-27,196.020004272461,197.199996948242,192.550003051758,193.220001220703,47460200,190.54866027832
2023-07-28,194.669998168945,196.630004882812,194.139999389648,195.830001831055,48291400,193.122573852539
2023-07-31,196.059997558594,196.490005493164,195.259994506836,196.449996948242,38824100,193.733978271484
2023-08-01,196.240005493164,196.729995727539,195.279998779297,195.610000610352,35175100,192.905609130859
2023-08-02,195.039993286133,195.179992675781,191.850006103516,192.580001831055,50389300,189.917510986328
2023-08-03,191.570007324219,192.369995117188,190.690002441406,191.169998168945,61235200,188.527008056641
2023-08-04,185.520004272461,187.380004882812,181.919998168945,181.990005493164,115956800,179.473892211914
2023-08-07,182.130004882812,183.130004882812,177.350006103516,178.850006103516,97576100,176.377349853516
2023-08-08,179.690002441406,180.270004272461,177.580001831055,179.800003051758,67823000,177.314193725586
2023-08-09,180.869995117188,180.929992675781,177.009994506836,178.190002441406,60378500,175.726455688477
2023-08-10,179.479995727539,180.75,177.600006103516,177.970001220703,54686900,175.509506225586
2023-08-11,177.320007324219,178.619995117188,176.550003051758,177.789993286133,52036700,175.568756103516
2023-08-14,177.970001220703,179.690002441406,177.309997558594,179.460006713867,43675600,177.217910766602
2023-08-15,178.880004882812,179.479995727539,177.050003051758,177.449996948242,43622600,175.232986450195
2023-08-16,177.130004882812,178.539993286133,176.5,176.570007324219,46964900,174.363998413086
2023-08-17,177.139999389648,177.509994506836,173.479995727539,174,66062900,171.826110839844
2023-08-18,172.300003051758,175.100006103516,171.960006713867,174.490005493164,61172200,172.309982299805
2023-08-21,175.070007324219,176.130004882812,173.740005493164,175.839996337891,46311900,173.643112182617
2023-08-22,177.059997558594,177.679992675781,176.25,177.229995727539,42038900,175.015747070312
2023-08-23,178.520004272461,181.550003051758,178.330001831055,181.119995117188,52722800,178.857162475586
2023-08-24,180.669998168945,181.100006103516,176.009994506836,176.380004882812,54945800,174.176376342773
2023-08-25,177.380004882812,179.149993896484,175.820007324219,178.610000610352,51449600,176.378509521484
2023-08-28,180.089996337891,180.589996337891,178.550003051758,180.190002441406,43820700,177.93879699707
2023-08-29,179.699996948242,184.899993896484,179.5,184.119995117188,53003900,181.819625854492
2023-08-30,184.940002441406,187.850006103516,184.740005493164,187.649993896484,60813900,185.305557250977
2023-08-31,187.839996337891,189.119995117188,187.479995727539,187.869995117188,60794500,185.52278137207
2023-09-01,189.490005493164,189.919998168945,188.279998779297,189.460006713867,45766500,187.092956542969
2023-09-05,188.279998779297,189.979995727539,187.610000610352,189.699996948242,45280000,187.329956054688
2023-09-06,188.399993896484,188.850006103516,181.470001220703,182.910003662109,81755800,180.624771118164
2023-09-07,175.179992675781,178.210006713867,173.539993286133,177.559997558594,112488800,175.341613769531
2023-09-08,178.350006103516,180.240005493164,177.789993286133,178.179992675781,65551300,175.953857421875
2023-09-11,180.070007324219,180.300003051758,177.339996337891,179.360000610352,58953100,177.119140625
2023-09-12,179.490005493164,180.130004882812,174.820007324219,176.300003051758,90370200,174.097366333008
2023-09-13,176.509994506836,177.300003051758,173.979995727539,174.210006713867,84267900,172.033477783203
2023-09-14,174,176.100006103516,173.580001831055,175.740005493164,60895800,173.544372558594
2023-09-15,176.479995727539,176.5,173.820007324219,175.009994506836,109259500,172.823471069336
2023-09-18,176.479995727539,179.380004882812,176.169998168945,177.970001220703,67257600,175.746505737305
2023-09-19,177.520004272461,179.630004882812,177.130004882812,179.070007324219,51826900,176.832748413086
2023-09-20,179.259994506836,179.699996948242,175.399993896484,175.490005493164,58436200,173.297515869141
2023-09-21,174.550003051758,176.300003051758,173.860000610352,173.929992675781,63149100,171.756958007812
2023-09-22,174.669998168945,177.080001831055,174.050003051758,174.789993286133,56725400,172.606231689453
2023-09-25,174.199996948242,176.970001220703,174.149993896484,176.080001831055,46172700,173.880126953125
2023-09-26,174.820007324219,175.199996948242,171.660003662109,171.960006713867,64588900,169.811584472656
2023-09-27,172.619995117188,173.039993286133,169.050003051758,170.429992675781,66921800,168.300689697266
2023-09-28,169.339996337891,172.029998779297,167.619995117188,170.690002441406,56294400,168.557479858398
2023-09-29,172.020004272461,173.070007324219,170.339996337891,171.210006713867,51861100,169.070953369141
2023-10-02,171.220001220703,174.300003051758,170.929992675781,173.75,52164500,171.579238891602
2023-10-03,172.259994506836,173.630004882812,170.820007324219,172.399993896484,49594600,170.246109008789
2023-10-04,171.089996337891,174.210006713867,170.970001220703,173.660003662109,53020300,171.490341186523
2023-10-05,173.789993286133,175.449996948242,172.679992675781,174.910003662109,48527900,172.724746704102
2023-10-06,173.800003051758,177.990005493164,173.179992675781,177.490005493164,57266700,175.272491455078
2023-10-09,176.809997558594,179.050003051758,175.800003051758,178.990005493164,42390800,176.753768920898
2023-10-10,178.100006103516,179.720001220703,177.949996948242,178.389999389648,43698000,176.161239624023
2023-10-11,178.199996948242,179.850006103516,177.600006103516,179.800003051758,47551100,177.553634643555
2023-10-12,180.070007324219,182.339996337891,179.039993286133,180.710006713867,56743100,178.452270507812
2023-10-13,181.419998168945,181.929992675781,178.139999389648,178.850006103516,51427100,176.615524291992
2023-10-16,176.75,179.080001831055,176.509994506836,178.720001220703,52517000,176.487106323242
2023-10-17,176.649993896484,178.419998168945,174.800003051758,177.149993896484,57549400,174.936752319336
2023-10-18,175.580001831055,177.580001831055,175.110000610352,175.839996337891,54764400,173.643112182617
2023-10-19,176.039993286133,177.839996337891,175.190002441406,175.460006713867,59302900,173.267868041992
2023-10-20,175.309997558594,175.419998168945,172.639999389648,172.880004882812,64244000,170.720092773438
2023-10-23,170.910003662109,174.009994506836,169.929992675781,173,55980100,170.838577270508
2023-10-24,173.050003051758,173.669998168945,171.449996948242,173.440002441406,43816600,171.273086547852
2023-10-25,171.880004882812,173.059997558594,170.649993896484,171.100006103516,57157000,168.962341308594
2023-10-26,170.369995117188,171.380004882812,165.669998168945,166.889999389648,70625300,164.804916381836
2023-10-27,166.910003662109,168.960006713867,166.830001831055,168.220001220703,58499100,166.118316650391
2023-10-30,169.020004272461,171.169998168945,168.869995117188,170.289993286133,51131000,168.162445068359
2023-10-31,169.350006103516,170.899993896484,167.899993896484,170.770004272461,44846000,168.636459350586
2023-11-01,171,174.229995727539,170.119995117188,173.970001220703,56934900,171.796463012695
2023-11-02,175.520004272461,177.779998779297,175.460006713867,177.570007324219,77334800,175.351501464844
2023-11-03,174.240005493164,176.820007324219,173.350006103516,176.649993896484,79829200,174.442977905273
2023-11-06,176.380004882812,179.429992675781,176.210006713867,179.229995727539,63841300,176.990737915039
2023-11-07,179.179992675781,182.440002441406,178.970001220703,181.820007324219,70530000,179.548400878906
2023-11-08,182.350006103516,183.449996948242,181.589996337891,182.889999389648,49340300,180.605026245117
2023-11-09,182.960006713867,184.119995117188,181.809997558594,182.410003662109,53763500,180.131011962891
2023-11-10,183.970001220703,186.570007324219,183.529998779297,186.399993896484,66133400,184.313659667969
2023-11-13,185.820007324219,186.029998779297,184.210006713867,184.800003051758,43627500,182.73161315918
2023-11-14,187.699996948242,188.110000610352,186.300003051758,187.440002441406,60108400,185.342056274414
2023-11-15,187.850006103516,189.5,187.779998779297,188.009994506836,53790500,185.905670166016
2023-11-16,189.570007324219,190.960006713867,188.649993896484,189.710006713867,54412900,187.586639404297
2023-11-17,190.25,190.380004882812,188.570007324219,189.690002441406,50922700,187.566864013672
2023-11-20,189.889999389648,191.910003662109,189.880004882812,191.449996948242,46505100,189.307144165039
2023-11-21,191.410003662109,191.520004272461,189.740005493164,190.639999389648,38134500,188.506225585938
2023-11-22,191.490005493164,192.929992675781,190.830001831055,191.309997558594,39617700,189.168716430664
2023-11-24,190.869995117188,190.899993896484,189.25,189.970001220703,24048300,187.84375
2023-11-27,189.919998168945,190.669998168945,188.899993896484,189.789993286133,40552600,187.665740966797
2023-11-28,189.779998779297,191.080001831055,189.399993896484,190.399993896484,38415400,188.268905639648
2023-11-29,190.899993896484,192.089996337891,188.970001220703,189.369995117188,43014200,187.250442504883
2023-11-30,189.839996337891,190.320007324219,188.190002441406,189.949996948242,48794400,187.823944091797
2023-12-01,190.330001831055,191.559997558594,189.229995727539,191.240005493164,45704800,189.099517822266
2023-12-04,189.979995727539,190.050003051758,187.449996948242,189.429992675781,43389500,187.309753417969
2023-12-05,190.210006713867,194.399993896484,190.179992675781,193.419998168945,66628400,191.255111694336
2023-12-06,194.449996948242,194.759994506836,192.110000610352,192.320007324219,41089700,190.167434692383
2023-12-07,193.630004882812,195,193.589996337891,194.270004272461,47477700,192.095596313477
2023-12-08,194.199996948242,195.990005493164,193.669998168945,195.710006713867,53406400,193.519485473633
2023-12-11,193.110000610352,193.490005493164,191.419998168945,193.179992675781,60943700,191.017791748047
2023-12-12,193.080001831055,194.720001220703,191.720001220703,194.710006713867,52696900,192.530685424805
2023-12-13,195.089996337891,198,194.850006103516,197.960006713867,70404200,195.74430847168
2023-12-14,198.020004272461,199.619995117188,196.160003662109,198.110000610352,66831600,195.892623901367
2023-12-15,197.529998779297,198.399993896484,197,197.570007324219,128538400,195.358673095703
2023-12-18,196.089996337891,196.630004882812,194.389999389648,195.889999389648,55751900,193.697463989258
2023-12-19,196.160003662109,196.949996948242,195.889999389648,196.940002441406,40714100,194.735702514648
2023-12-20,196.899993896484,197.679992675781,194.830001831055,194.830001831055,52242800,192.649337768555
2023-12-21,196.100006103516,197.080001831055,193.5,194.679992675781,46482500,192.5009765625
2023-12-22,195.179992675781,195.410003662109,192.970001220703,193.600006103516,37149600,191.433090209961
2023-12-26,193.610000610352,193.889999389648,192.830001831055,193.050003051758,28919300,190.889251708984
2023-12-27,192.490005493164,193.5,191.089996337891,193.149993896484,48087700,190.98811340332
2023-12-28,194.139999389648,194.660003662109,193.169998168945,193.580001831055,34049900,191.413330078125
2023-12-29,193.899993896484,194.399993896484,191.729995727539,192.529998779297,42672100,190.375076293945
2024-01-02,187.149993896484,188.440002441406,183.889999389648,185.639999389648,82488700,183.562164306641
2024-01-03,184.220001220703,185.880004882812,183.429992675781,184.25,58414500,182.187744140625
2024-01-04,182.149993896484,183.089996337891,180.880004882812,181.910003662109,71983600,179.873962402344
2024-01-05,181.990005493164,182.759994506836,180.169998168945,181.179992675781,62379700,179.152114868164
2024-01-08,182.089996337891,185.600006103516,181.5,185.559997558594,59144500,183.483062744141
2024-01-09,183.919998168945,185.149993896484,182.729995727539,185.139999389648,42841800,183.067764282227
2024-01-10,184.350006103516,186.399993896484,183.919998168945,186.190002441406,46792900,184.106033325195
2024-01-11,186.539993286133,187.050003051758,183.619995117188,185.589996337891,49128400,183.512725830078
2024-01-12,186.059997558594,186.740005493164,185.190002441406,185.919998168945,40477800,183.839050292969
2024-01-16,182.160003662109,184.259994506836,180.929992675781,183.630004882812,65603000,181.574691772461
2024-01-17,181.270004272461,182.929992675781,180.300003051758,182.679992675781,47317400,180.635314941406
2024-01-18,186.089996337891,189.139999389648,185.830001831055,188.630004882812,78005800,186.518737792969
2024-01-19,189.330001831055,191.949996948242,188.820007324219,191.559997558594,68903000,189.415924072266
2024-01-22,192.300003051758,195.330001831055,192.259994506836,193.889999389648,60133900,191.719818115234
2024-01-23,195.020004272461,195.75,193.830001831055,195.179992675781,42355600,192.99543762207
2024-01-24,195.419998168945,196.380004882812,194.339996337891,194.5,53631300,192.323013305664
2024-01-25,195.220001220703,196.270004272461,193.110000610352,194.169998168945,54822100,191.996734619141
2024-01-26,194.270004272461,194.759994506836,191.940002441406,192.419998168945,44594000,190.266296386719
2024-01-29,192.009994506836,192.199996948242,189.580001831055,191.729995727539,47145600,189.584014892578
2024-01-30,190.940002441406,191.800003051758,187.470001220703,188.039993286133,55859400,185.935317993164
2024-01-31,187.039993286133,187.100006103516,184.350006103516,184.399993896484,55467800,182.336074829102
2024-02-01,183.990005493164,186.949996948242,183.820007324219,186.860000610352,64885400,184.768539428711
2024-02-02,179.860000610352,187.330001831055,179.25,185.850006103516,102551700,183.769836425781
2024-02-05,188.149993896484,189.25,185.839996337891,187.679992675781,69668800,185.579330444336
2024-02-06,186.860000610352,189.309997558594,186.770004272461,189.300003051758,43490800,187.181228637695
2024-02-07,190.639999389648,191.050003051758,188.610000610352,189.410003662109,53439000,187.290008544922
2024-02-08,189.389999389648,189.539993286133,187.350006103516,188.320007324219,40962000,186.212203979492
2024-02-09,188.649993896484,189.990005493164,188,188.850006103516,45155200,186.974563598633
2024-02-12,188.419998168945,188.669998168945,186.789993286133,187.149993896484,41781900,185.291412353516
2024-02-13,185.770004272461,186.210006713867,183.509994506836,185.039993286133,56529500,183.202362060547
2024-02-14,185.320007324219,185.529998779297,182.440002441406,184.149993896484,54630500,182.321212768555
2024-02-15,183.550003051758,184.490005493164,181.350006103516,183.860000610352,65434500,182.034103393555
2024-02-16,183.419998168945,184.850006103516,181.669998168945,182.309997558594,49752500,180.499496459961
2024-02-20,181.789993286133,182.429992675781,180,181.559997558594,53665600,179.756927490234
2024-02-21,181.940002441406,182.889999389648,180.660003662109,182.320007324219,41371400,180.509399414062
2024-02-22,183.479995727539,184.960006713867,182.460006713867,184.369995117188,52292200,182.539031982422
2024-02-23,185.009994506836,185.039993286133,182.229995727539,182.520004272461,45119700,180.707427978516
2024-02-26,182.240005493164,182.759994506836,180.649993896484,181.160003662109,40867400,179.360916137695
2024-02-27,181.100006103516,183.919998168945,179.559997558594,182.630004882812,54318900,180.816329956055
2024-02-28,182.509994506836,183.119995117188,180.130004882812,181.419998168945,48953900,179.618316650391
2024-02-29,181.270004272461,182.570007324219,179.529998779297,180.75,136682600,178.954986572266
2024-03-01,179.550003051758,180.529998779297,177.380004882812,179.660003662109,73563100,177.875823974609
2024-03-04,176.149993896484,176.899993896484,173.789993286133,175.100006103516,81510100,173.361099243164
2024-03-05,170.759994506836,172.039993286133,169.619995117188,170.119995117188,95132400,168.430557250977
2024-03-06,171.059997558594,171.240005493164,168.679992675781,169.119995117188,68587700,167.440475463867
2024-03-07,169.149993896484,170.729995727539,168.490005493164,169,71765100,167.321670532227
2024-03-08,169,173.699996948242,168.940002441406,170.729995727539,76267000,169.034469604492
2024-03-11,172.940002441406,174.380004882812,172.050003051758,172.75,60139500,171.034423828125
2024-03-12,173.149993896484,174.029998779297,171.009994506836,173.229995727539,59825400,171.509643554688
2024-03-13,172.770004272461,173.190002441406,170.759994506836,171.130004882812,52488700,169.430511474609
2024-03-14,172.910003662109,174.309997558594,172.050003051758,173,72913500,171.281951904297
2024-03-15,171.169998168945,172.619995117188,170.289993286133,172.619995117188,121752700,170.905700683594
2024-03-18,175.570007324219,177.710006713867,173.520004272461,173.720001220703,75604200,171.994781494141
2024-03-19,174.339996337891,176.610000610352,173.029998779297,176.080001831055,55215200,174.331344604492
2024-03-20,175.720001220703,178.669998168945,175.089996337891,178.669998168945,53423100,176.895629882812
2024-03-21,177.050003051758,177.490005493164,170.839996337891,171.369995117188,106181300,169.668121337891
2024-03-22,171.759994506836,173.050003051758,170.059997558594,172.279998779297,71160100,170.569107055664
2024-03-25,170.570007324219,171.940002441406,169.449996948242,170.850006103516,54288300,169.1533203125
2024-03-26,170,171.419998168945,169.580001831055,169.710006713867,57388400,168.024612426758
2024-03-27,170.410003662109,173.600006103516,170.110000610352,173.309997558594,60273300,171.588851928711
2024-03-28,171.75,172.229995727539,170.509994506836,171.479995727539,65672700,169.777038574219
2024-04-01,171.190002441406,171.25,169.479995727539,170.029998779297,46240500,168.341430664062
2024-04-02,169.080001831055,169.339996337891,168.229995727539,168.839996337891,49329500,167.16325378418
2024-04-03,168.789993286133,170.679992675781,168.580001831055,169.649993896484,47691700,167.965209960938
2024-04-04,170.289993286133,171.919998168945,168.820007324219,168.820007324219,53704400,167.143463134766
2024-04-05,169.589996337891,170.389999389648,168.949996948242,169.580001831055,42104800,167.895904541016
2024-04-08,169.029998779297,169.199996948242,168.240005493164,168.449996948242,37425500,166.777130126953
2024-04-09,168.699996948242,170.080001831055,168.350006103516,169.669998168945,42373800,167.985000610352
2024-04-10,168.800003051758,169.089996337891,167.110000610352,167.779998779297,49709300,166.113784790039
2024-04-11,168.339996337891,175.460006713867,168.160003662109,175.039993286133,91070300,173.301681518555
2024-04-12,174.259994506836,178.360000610352,174.210006713867,176.550003051758,101670900,174.796691894531
2024-04-15,175.360000610352,176.630004882812,172.5,172.690002441406,73531800,170.975021362305
2024-04-16,171.75,173.759994506836,168.270004272461,169.380004882812,73711200,167.697906494141
2024-04-17,169.610000610352,170.649993896484,168,168,50901200,166.331604003906
2024-04-18,168.029998779297,168.639999389648,166.550003051758,167.039993286133,43122900,165.381118774414
2024-04-19,166.210006713867,166.399993896484,164.080001831055,165,68149400,163.361389160156
2024-04-22,165.520004272461,167.259994506836,164.770004272461,165.839996337891,48116400,164.193054199219
2024-04-23,165.350006103516,167.050003051758,164.919998168945,166.899993896484,49537800,165.242523193359
2024-04-24,166.539993286133,169.300003051758,166.210006713867,169.020004272461,48251800,167.34147644043
2024-04-25,169.529998779297,170.610000610352,168.149993896484,169.889999389648,50558300,168.202850341797
2024-04-26,169.880004882812,171.339996337891,169.179992675781,169.300003051758,44838400,167.618682861328
2024-04-29,173.369995117188,176.029998779297,173.100006103516,173.5,68169400,171.776947021484
2024-04-30,173.330001831055,174.990005493164,170,170.330001831055,65934800,168.638473510742
2024-05-01,169.580001831055,172.710006713867,169.110000610352,169.300003051758,50383100,167.618682861328
2024-05-02,172.509994506836,173.419998168945,170.889999389648,173.029998779297,94214900,171.311645507812
2024-05-03,186.649993896484,187,182.660003662109,183.380004882812,163224100,181.558868408203
2024-05-06,182.350006103516,184.199996948242,180.419998168945,181.710006713867,78569700,179.905456542969
2024-05-07,183.449996948242,184.899993896484,181.320007324219,182.399993896484,77305800,180.588577270508
2024-05-08,182.850006103516,183.070007324219,181.449996948242,182.740005493164,45057100,180.925216674805
2024-05-09,182.559997558594,184.660003662109,182.110000610352,184.570007324219,48983000,182.737045288086
2024-05-10,184.899993896484,185.089996337891,182.130004882812,183.050003051758,50759500,181.477966308594
2024-05-13,185.440002441406,187.100006103516,184.619995117188,186.279998779297,72044800,184.680206298828
2024-05-14,187.509994506836,188.300003051758,186.289993286133,187.429992675781,52393600,185.820327758789
2024-05-15,187.910003662109,190.649993896484,187.369995117188,189.720001220703,70400000,188.090682983398
2024-05-16,190.470001220703,191.100006103516,189.660003662109,189.839996337891,52845200,188.209625244141
2024-05-17,189.509994506836,190.809997558594,189.179992675781,189.869995117188,41282900,188.239379882812
2024-05-20,189.330001831055,191.919998168945,189.009994506836,191.039993286133,44361300,189.399337768555
2024-05-21,191.089996337891,192.729995727539,190.919998168945,192.350006103516,42309400,190.69807434082
2024-05-22,192.270004272461,192.820007324219,190.270004272461,190.899993896484,34648500,189.260543823242
2024-05-23,190.979995727539,191,186.630004882812,186.880004882812,51005900,185.275085449219
2024-05-24,188.820007324219,190.580001831055,188.039993286133,189.979995727539,36327000,188.348434448242
2024-05-28,191.509994506836,193,189.100006103516,189.990005493164,52280100,188.358367919922
2024-05-29,189.610000610352,192.25,189.509994506836,190.289993286133,53068000,188.655792236328
2024-05-30,190.759994506836,192.179992675781,190.630004882812,191.289993286133,49889100,189.647186279297
2024-05-31,191.440002441406,192.570007324219,189.910003662109,192.25,75158300,190.59895324707
2024-06-03,192.899993896484,194.990005493164,192.520004272461,194.029998779297,50080500,192.363647460938
2024-06-04,194.639999389648,195.320007324219,193.029998779297,194.350006103516,47471400,192.680923461914
2024-06-05,195.399993896484,196.899993896484,194.869995117188,195.869995117188,54156800,194.187850952148
2024-06-06,195.690002441406,196.5,194.169998168945,194.479995727539,41181800,192.809814453125
2024-06-07,194.649993896484,196.940002441406,194.139999389648,196.889999389648,53103900,195.199111938477
2024-06-10,196.899993896484,197.300003051758,192.149993896484,193.119995117188,97010200,191.461486816406
2024-06-11,193.649993896484,207.160003662109,193.630004882812,207.149993896484,172373300,205.370986938477
2024-06-12,207.369995117188,220.199996948242,206.899993896484,213.070007324219,198134300,211.240142822266
2024-06-13,214.740005493164,216.75,211.600006103516,214.240005493164,97862700,212.400100708008
2024-06-14,213.850006103516,215.169998168945,211.300003051758,212.490005493164,70122700,210.665130615234
2024-06-17,213.369995117188,218.949996948242,212.720001220703,216.669998168945,93728300,214.809234619141
2024-06-18,217.589996337891,218.630004882812,213,214.289993286133,79943300,212.449661254883
2024-06-20,213.929992675781,214.240005493164,208.850006103516,209.679992675781,86172500,207.879241943359
2024-06-21,210.389999389648,211.889999389648,207.110000610352,207.490005493164,241805100,205.708068847656
2024-06-24,207.720001220703,212.699996948242,206.589996337891,208.139999389648,80727000,206.352462768555
2024-06-25,209.149993896484,211.380004882812,208.610000610352,209.070007324219,55549700,207.274490356445
2024-06-26,211.5,214.860000610352,210.639999389648,213.25,66213200,211.418609619141
2024-06-27,214.690002441406,215.740005493164,212.350006103516,214.100006103516,49772700,212.261306762695
2024-06-28,215.770004272461,216.070007324219,210.300003051758,210.619995117188,82542700,208.811172485352
2024-07-01,212.089996337891,217.509994506836,211.919998168945,216.75,60402900,214.888534545898
2024-07-02,216.149993896484,220.380004882812,215.100006103516,220.270004272461,58046200,218.378311157227
2024-07-03,220,221.550003051758,219.029998779297,221.550003051758,37369800,219.647338867188
2024-07-05,221.649993896484,226.449996948242,221.649993896484,226.339996337891,60412400,224.39616394043
2024-07-08,227.089996337891,227.850006103516,223.25,227.820007324219,59085900,225.863479614258
2024-07-09,227.929992675781,229.399993896484,226.369995117188,228.679992675781,48076100,226.716049194336
2024-07-10,229.300003051758,233.080001831055,229.25,232.979995727539,62627700,230.979156494141
2024-07-11,231.389999389648,232.389999389648,225.770004272461,227.570007324219,64710600,225.615615844727
2024-07-12,228.919998168945,232.639999389648,228.679992675781,230.539993286133,53046500,228.560104370117
2024-07-15,236.479995727539,237.229995727539,233.089996337891,234.399993896484,62631300,232.386962890625
2024-07-16,235,236.270004272461,232.330001831055,234.820007324219,43234300,232.803359985352
2024-07-17,229.449996948242,231.460006713867,226.639999389648,228.880004882812,57345900,226.914352416992
2024-07-18,230.279998779297,230.440002441406,222.270004272461,224.179992675781,66034600,222.254699707031
2024-07-19,224.820007324219,226.800003051758,223.279998779297,224.309997558594,49151500,222.383636474609
2024-07-22,227.009994506836,227.779998779297,223.089996337891,223.960006713867,48201800,222.036636352539
2024-07-23,224.369995117188,226.940002441406,222.679992675781,225.009994506836,39960300,223.077606201172
2024-07-24,224,224.800003051758,217.130004882812,218.539993286133,61777600,216.663162231445
2024-07-25,218.929992675781,220.850006103516,214.619995117188,217.490005493164,51391200,215.622177124023
2024-07-26,218.699996948242,219.490005493164,216.009994506836,217.960006713867,41601300,216.088150024414
2024-07-29,216.960006713867,219.300003051758,215.75,218.240005493164,36311800,216.365737915039
2024-07-30,219.190002441406,220.330001831055,216.119995117188,218.800003051758,41643800,216.920928955078
2024-07-31,221.440002441406,223.820007324219,220.630004882812,222.080001831055,50036300,220.172760009766
2024-08-01,224.369995117188,224.479995727539,217.020004272461,218.360000610352,62501000,216.484710693359
2024-08-02,219.149993896484,225.600006103516,217.710006713867,219.860000610352,105568600,217.971832275391
2024-08-05,199.089996337891,213.5,196,209.270004272461,119548600,207.472793579102
2024-08-06,205.300003051758,209.990005493164,201.070007324219,207.229995727539,69660500,205.450302124023
2024-08-07,206.899993896484,213.639999389648,206.389999389648,209.820007324219,63516400,208.01806640625
2024-08-08,213.110000610352,214.199996948242,208.830001831055,213.309997558594,47161100,211.478073120117
2024-08-09,212.100006103516,216.779998779297,211.970001220703,216.240005493164,42201600,214.382919311523
2024-08-12,216.070007324219,219.509994506836,215.600006103516,217.529998779297,38028100,215.911468505859
2024-08-13,219.009994506836,221.889999389648,219.009994506836,221.270004272461,44155300,219.623672485352
2024-08-14,220.570007324219,223.029998779297,219.699996948242,221.720001220703,41960600,220.070281982422
2024-08-15,224.600006103516,225.350006103516,222.759994506836,224.720001220703,46414000,223.047958374023
2024-08-16,223.919998168945,226.830001831055,223.649993896484,226.050003051758,44340200,224.368072509766
2024-08-19,225.720001220703,225.990005493164,223.039993286133,225.889999389648,40687800,224.209259033203
2024-08-20,225.770004272461,227.169998168945,225.449996948242,226.509994506836,30299000,224.824661254883
2024-08-21,226.520004272461,227.979995727539,225.050003051758,226.399993896484,34765500,224.715484619141
2024-08-22,227.789993286133,228.339996337891,223.899993896484,224.529998779297,43695300,222.859359741211
2024-08-23,225.660003662109,228.220001220703,224.330001831055,226.839996337891,38677300,225.152191162109
2024-08-26,226.759994506836,227.279998779297,223.889999389648,227.179992675781,30602200,225.489654541016
2024-08-27,226,228.850006103516,224.889999389648,228.029998779297,35934600,226.333312988281
2024-08-28,227.919998168945,229.860000610352,225.679992675781,226.490005493164,38052200,224.804794311523
2024-08-29,230.100006103516,232.919998168945,228.880004882812,229.789993286133,51906300,228.08024597168
2024-08-30,230.190002441406,230.399993896484,227.479995727539,229,52990800,227.296127319336
2024-09-03,228.550003051758,229,221.169998168945,222.770004272461,50190600,221.112503051758
2024-09-04,221.660003662109,221.779998779297,217.479995727539,220.850006103516,43840200,219.206771850586
2024-09-05,221.630004882812,225.479995727539,221.520004272461,222.380004882812,36615400,220.725372314453
2024-09-06,223.949996948242,225.240005493164,219.770004272461,220.820007324219,48423000,219.177001953125
2024-09-09,220.820007324219,221.270004272461,216.710006713867,220.910003662109,67180000,219.266296386719
2024-09-10,218.919998168945,221.479995727539,216.729995727539,220.110000610352,51591000,218.472274780273
2024-09-11,221.460006713867,223.089996337891,217.889999389648,222.660003662109,44587100,221.003311157227
2024-09-12,222.5,223.550003051758,219.820007324219,222.770004272461,37455600,221.112503051758
2024-09-13,223.580001831055,224.039993286133,221.910003662109,222.5,36766600,220.844512939453
2024-09-16,216.539993286133,217.220001220703,213.919998168945,216.320007324219,59357400,214.710479736328
2024-09-17,215.75,216.899993896484,214.5,216.789993286133,45519300,215.176956176758
2024-09-18,217.550003051758,222.710006713867,217.539993286133,220.690002441406,59894900,219.047943115234
2024-09-19,224.990005493164,229.820007324219,224.630004882812,228.869995117188,66781300,227.167098999023
2024-09-20,229.970001220703,233.089996337891,227.619995117188,228.199996948242,318679900,226.502090454102
2024-09-23,227.339996337891,229.449996948242,225.809997558594,226.470001220703,54146000,224.784942626953
2024-09-24,228.649993896484,229.350006103516,225.729995727539,227.369995117188,43556100,225.678253173828
2024-09-25,224.929992675781,227.289993286133,224.020004272461,226.369995117188,42308700,224.685699462891
2024-09-26,227.300003051758,228.5,225.410003662109,227.520004272461,36636700,225.827133178711
2024-09-27,228.460006713867,229.520004272461,227.300003051758,227.789993286133,34026000,226.095123291016
2024-09-30,230.039993286133,233,229.649993896484,233,54541900,231.266372680664
2024-10-01,229.520004272461,229.649993896484,223.740005493164,226.210006713867,63285000,224.526885986328
2024-10-02,225.889999389648,227.369995117188,223.020004272461,226.779998779297,32880600,225.092651367188
2024-10-03,225.139999389648,226.809997558594,223.320007324219,225.669998168945,34044200,223.990905761719
2024-10-04,227.899993896484,228,224.130004882812,226.800003051758,37245100,225.11247253418
2024-10-07,224.5,225.690002441406,221.330001831055,221.690002441406,39505400,220.040512084961
2024-10-08,224.300003051758,225.979995727539,223.25,225.770004272461,31855700,224.09016418457
2024-10-09,225.229995727539,229.75,224.830001831055,229.539993286133,33591100,227.832107543945
2024-10-10,227.779998779297,229.5,227.169998168945,229.039993286133,28183500,227.335815429688
2024-10-11,229.300003051758,229.410003662109,227.339996337891,227.550003051758,31759200,225.856918334961
2024-10-14,228.699996948242,231.729995727539,228.600006103516,231.300003051758,39882100,229.579010009766
2024-10-15,233.610000610352,237.490005493164,232.369995117188,233.850006103516,64751400,232.110046386719
2024-10-16,231.600006103516,232.119995117188,229.839996337891,231.779998779297,34082200,230.055419921875
2024-10-17,233.429992675781,233.850006103516,230.520004272461,232.149993896484,32993800,230.42268371582
2024-10-18,236.179992675781,236.179992675781,234.009994506836,235,46431500,233.251495361328
2024-10-21,234.449996948242,236.850006103516,234.449996948242,236.479995727539,36254500,234.720458984375
2024-10-22,233.889999389648,236.220001220703,232.600006103516,235.860000610352,38846600,234.105087280273
2024-10-23,234.080001831055,235.139999389648,227.759994506836,230.759994506836,52287000,229.043029785156
2024-10-24,229.979995727539,230.820007324219,228.410003662109,230.570007324219,31109500,228.854431152344
2024-10-25,229.740005493164,233.220001220703,229.570007324219,231.410003662109,38802300,229.688201904297
2024-10-28,233.320007324219,234.729995727539,232.550003051758,233.399993896484,36087100,231.663375854492
2024-10-29,233.100006103516,234.330001831055,232.320007324219,233.669998168945,35417200,231.931381225586
2024-10-30,232.610000610352,233.470001220703,229.550003051758,230.100006103516,47070900,228.387954711914
2024-10-31,229.339996337891,229.830001831055,225.369995117188,225.910003662109,64370100,224.229110717773
2024-11-01,220.970001220703,225.350006103516,220.270004272461,222.910003662109,65276700,221.251449584961
2024-11-04,220.990005493164,222.789993286133,219.710006713867,222.009994506836,44944500,220.358123779297
2024-11-05,221.800003051758,223.949996948242,221.139999389648,223.449996948242,28111300,221.787414550781
2024-11-06,222.610000610352,226.070007324219,221.190002441406,222.720001220703,54561100,221.062850952148
2024-11-07,224.630004882812,227.880004882812,224.570007324219,227.479995727539,42137700,225.78742980957
2024-11-08,227.169998168945,228.660003662109,226.410003662109,226.960006713867,38328800,225.519165039062
2024-11-11,225,225.699996948242,221.5,224.229995727539,42005600,222.80647277832
2024-11-12,224.550003051758,225.589996337891,223.360000610352,224.229995727539,40398300,222.80647277832
2024-11-13,224.009994506836,226.649993896484,222.759994506836,225.119995117188,48566200,223.690841674805
2024-11-14,225.020004272461,228.869995117188,225,228.220001220703,44923900,226.771148681641
2024-11-15,226.399993896484,226.919998168945,224.270004272461,225,47923700,223.571578979492
2024-11-18,225.25,229.740005493164,225.169998168945,228.020004272461,44633700,226.572418212891
2024-11-19,226.979995727539,230.160003662109,226.660003662109,228.279998779297,36211800,226.830764770508
2024-11-20,228.059997558594,229.929992675781,225.889999389648,229,35169600,227.546203613281
2024-11-21,228.880004882812,230.160003662109,225.710006713867,228.520004272461,42108300,227.069244384766
2024-11-22,228.059997558594,230.720001220703,228.059997558594,229.869995117188,38168300,228.410675048828
2024-11-25,231.460006713867,233.25,229.740005493164,232.869995117188,90152800,231.391632080078
2024-11-26,233.330001831055,235.570007324219,233.330001831055,235.059997558594,45986200,233.567718505859
2024-11-27,234.470001220703,235.690002441406,233.809997558594,234.929992675781,33498400,233.438552856445
2024-11-29,234.809997558594,237.809997558594,233.970001220703,237.330001831055,28481400,235.823303222656
2024-12-02,237.270004272461,240.789993286133,237.160003662109,239.589996337891,48137100,238.068954467773
2024-12-03,239.809997558594,242.759994506836,238.899993896484,242.649993896484,38861000,241.109512329102
2024-12-04,242.869995117188,244.110000610352,241.25,243.009994506836,44383900,241.467254638672
2024-12-05,243.990005493164,244.539993286133,242.130004882812,243.039993286133,40033900,241.4970703125
2024-12-06,242.910003662109,244.630004882812,242.080001831055,242.839996337891,36870600,241.298324584961
2024-12-09,241.830001831055,247.240005493164,241.75,246.75,44649200,245.183517456055
2024-12-10,246.889999389648,248.210006713867,245.339996337891,247.770004272461,36914800,246.197052001953
2024-12-11,247.960006713867,250.800003051758,246.259994506836,246.490005493164,45205800,244.925155639648
2024-12-12,246.889999389648,248.740005493164,245.679992675781,247.960006713867,32777500,246.385818481445
2024-12-13,247.820007324219,249.289993286133,246.240005493164,248.130004882812,33155300,246.554748535156
2024-12-16,247.990005493164,251.380004882812,247.649993896484,251.039993286133,51694800,249.446273803711
2024-12-17,250.080001831055,253.830001831055,249.779998779297,253.479995727539,51356400,251.87077331543
2024-12-18,252.160003662109,254.279998779297,247.740005493164,248.050003051758,56774100,246.475250244141
2024-12-19,247.5,252,247.089996337891,249.789993286133,60882300,248.204193115234
2024-12-20,248.039993286133,255,245.690002441406,254.490005493164,147495300,252.874374389648
2024-12-23,254.770004272461,255.649993896484,253.449996948242,255.270004272461,40858800,253.649429321289
2024-12-24,255.490005493164,258.209991455078,255.289993286133,258.200012207031,23234700,256.560821533203
2024-12-26,258.190002441406,260.100006103516,257.630004882812,259.019989013672,27237100,257.375579833984
2024-12-27,257.829986572266,258.700012207031,253.059997558594,255.589996337891,42355300,253.967407226562
2024-12-30,252.229995727539,253.5,250.75,252.199996948242,35557500,250.598907470703
2024-12-31,252.440002441406,253.279998779297,249.429992675781,250.419998168945,39480700,248.830200195312
2025-01-02,248.929992675781,249.100006103516,241.820007324219,243.850006103516,55740700,242.30192565918
2025-01-03,243.360000610352,244.179992675781,241.889999389648,243.360000610352,40244100,241.815032958984
2025-01-06,244.309997558594,247.330001831055,243.199996948242,245,45045600,243.444641113281
2025-01-07,242.979995727539,245.550003051758,241.350006103516,242.210006713867,40856000,240.672332763672
2025-01-08,241.919998168945,243.710006713867,240.050003051758,242.699996948242,37628900,241.159210205078
2025-01-10,240.009994506836,240.160003662109,233,236.850006103516,61710900,235.346374511719
2025-01-13,233.529998779297,234.669998168945,229.720001220703,234.399993896484,49630700,232.911911010742
2025-01-14,234.75,236.119995117188,232.470001220703,233.279998779297,39435300,231.799026489258
2025-01-15,234.639999389648,238.960006713867,234.429992675781,237.869995117188,39832000,236.35986328125
2025-01-16,237.350006103516,238.009994506836,228.029998779297,228.259994506836,71759100,226.810897827148
2025-01-17,232.119995117188,232.289993286133,228.479995727539,229.979995727539,68488300,228.519973754883
2025-01-21,224,224.419998168945,219.380004882812,222.639999389648,98070400,221.226577758789
2025-01-22,219.789993286133,224.119995117188,219.789993286133,223.830001831055,64126500,222.408996582031
2025-01-23,224.740005493164,227.029998779297,222.300003051758,223.660003662109,60234800,222.240112304688
2025-01-24,224.779998779297,225.630004882812,221.410003662109,222.779998779297,54697900,221.365692138672
2025-01-27,224.020004272461,232.149993896484,223.979995727539,229.860000610352,94863400,228.400741577148
2025-01-28,230.850006103516,240.190002441406,230.809997558594,238.259994506836,75707600,236.74739074707
2025-01-29,234.119995117188,239.860000610352,234.009994506836,239.360000610352,45486100,237.840438842773
2025-01-30,238.669998168945,240.789993286133,237.210006713867,237.589996337891,55658300,236.081649780273
2025-01-31,247.190002441406,247.190002441406,233.440002441406,236,100959800,234.501770019531
2025-02-03,229.990005493164,231.830001831055,225.699996948242,228.009994506836,73063300,226.5625
2025-02-04,227.25,233.130004882812,226.649993896484,232.800003051758,45067300,231.322067260742
2025-02-05,228.529998779297,232.669998168945,228.270004272461,232.470001220703,39620300,230.994171142578
2025-02-06,231.289993286133,233.800003051758,230.429992675781,233.220001220703,29925300,231.739410400391
2025-02-07,232.600006103516,234,227.259994506836,227.630004882812,39707200,226.184906005859
2025-02-10,229.570007324219,230.589996337891,227.199996948242,227.649993896484,33115600,226.453460693359
2025-02-11,228.199996948242,235.229995727539,228.130004882812,232.619995117188,53718400,231.397338867188
2025-02-12,231.199996948242,236.960006713867,230.679992675781,236.869995117188,45243300,235.625
2025-02-13,236.910003662109,242.339996337891,235.570007324219,241.529998779297,53614100,240.260528564453
2025-02-14,241.25,245.550003051758,240.990005493164,244.600006103516,40896200,243.314392089844
2025-02-18,244.149993896484,245.179992675781,241.839996337891,244.470001220703,48822500,243.185089111328
2025-02-19,244.660003662109,246.009994506836,243.160003662109,244.869995117188,32204200,243.582946777344
2025-02-20,244.940002441406,246.779998779297,244.289993286133,245.830001831055,32316900,244.53791809082
2025-02-21,245.949996948242,248.690002441406,245.220001220703,245.550003051758,53197400,244.259399414062
2025-02-24,244.929992675781,248.860000610352,244.419998168945,247.100006103516,51326400,245.801254272461
2025-02-25,248,250,244.910003662109,247.039993286133,48013300,245.741561889648
2025-02-26,244.330001831055,244.979995727539,239.130004882812,240.360000610352,44433600,239.096664428711
2025-02-27,239.410003662109,242.460006713867,237.059997558594,237.300003051758,41153600,236.052749633789
2025-02-28,236.949996948242,242.089996337891,230.199996948242,241.839996337891,56833400,240.568878173828
2025-03-03,241.789993286133,244.029998779297,236.110000610352,238.029998779297,47184000,236.778900146484
2025-03-04,237.710006713867,240.070007324219,234.679992675781,235.929992675781,53798100,234.689971923828
2025-03-05,235.419998168945,236.550003051758,229.229995727539,235.740005493164,47227600,234.5009765625
2025-03-06,234.440002441406,237.860000610352,233.160003662109,235.330001831055,45170400,234.093124389648
2025-03-07,235.110000610352,241.369995117188,234.759994506836,239.070007324219,46273600,237.813446044922
2025-03-10,235.539993286133,236.160003662109,224.220001220703,227.479995727539,72071200,226.284362792969
2025-03-11,223.809997558594,225.839996337891,217.449996948242,220.839996337891,76137400,219.679260253906
2025-03-12,220.139999389648,221.75,214.910003662109,216.979995727539,62547500,215.839553833008
2025-03-13,215.949996948242,216.839996337891,208.419998168945,209.679992675781,61368300,208.577911376953
2025-03-14,211.25,213.949996948242,209.580001831055,213.490005493164,60107600,212.367904663086
2025-03-17,213.309997558594,215.220001220703,209.970001220703,214,48073400,212.875213623047
2025-03-18,214.160003662109,215.149993896484,211.490005493164,212.690002441406,42432400,211.57209777832
2025-03-19,214.220001220703,218.759994506836,213.75,215.240005493164,54385400,214.108703613281
2025-03-20,213.990005493164,217.490005493164,212.220001220703,214.100006103516,48862900,212.974716186523
2025-03-21,211.559997558594,218.839996337891,211.279998779297,218.270004272461,94127800,217.122772216797
2025-03-24,221,221.479995727539,218.580001831055,220.729995727539,44299500,219.569839477539
2025-03-25,220.770004272461,224.100006103516,220.080001831055,223.75,34493600,222.573974609375
2025-03-26,223.509994506836,225.020004272461,220.470001220703,221.529998779297,34466100,220.365631103516
2025-03-27,221.389999389648,224.990005493164,220.559997558594,223.850006103516,37094800,222.673446655273
2025-03-28,221.669998168945,223.809997558594,217.679992675781,217.899993896484,39818600,216.754699707031
2025-03-31,217.009994506836,225.619995117188,216.229995727539,222.130004882812,65299300,220.962493896484
2025-04-01,219.809997558594,223.679992675781,218.899993896484,223.190002441406,36412700,222.016906738281
2025-04-02,221.320007324219,225.190002441406,221.020004272461,223.889999389648,35905900,222.713226318359
2025-04-03,205.539993286133,207.490005493164,201.25,203.190002441406,103419000,202.122039794922
2025-04-04,193.889999389648,199.880004882812,187.339996337891,188.380004882812,125910900,187.389892578125
2025-04-07,177.199996948242,194.149993896484,174.619995117188,181.460006713867,160466300,180.506271362305
2025-04-08,186.699996948242,190.339996337891,169.210006713867,172.419998168945,120859500,171.513778686523
2025-04-09,171.949996948242,200.610000610352,171.889999389648,198.850006103516,184395900,197.804870605469
2025-04-10,189.070007324219,194.779998779297,183,190.419998168945,121880000,189.419143676758
2025-04-11,186.100006103516,199.539993286133,186.059997558594,198.149993896484,87435900,197.108505249023
2025-04-14,211.440002441406,212.940002441406,201.160003662109,202.520004272461,101352900,201.45556640625
2025-04-15,201.860000610352,203.509994506836,199.800003051758,202.139999389648,51343900,201.077545166016
2025-04-16,198.360000610352,200.699996948242,192.369995117188,194.270004272461,59732400,193.248916625977
2025-04-17,197.199996948242,198.830001831055,194.419998168945,196.979995727539,52164700,195.94465637207
2025-04-21,193.270004272461,193.800003051758,189.809997558594,193.160003662109,46742500,192.144760131836
2025-04-22,196.119995117188,201.589996337891,195.970001220703,199.740005493164,52976400,198.690170288086
2025-04-23,206,208,202.800003051758,204.600006103516,52929200,203.524642944336
2025-04-24,204.889999389648,208.830001831055,202.940002441406,208.369995117188,47311000,207.274795532227
2025-04-25,206.369995117188,209.75,206.199996948242,209.279998779297,38222300,208.180023193359
2025-04-28,210,211.5,207.460006713867,210.139999389648,38743100,209.035491943359
2025-04-29,208.690002441406,212.240005493164,208.369995117188,211.210006713867,36827600,210.099899291992
2025-04-30,209.300003051758,213.580001831055,206.669998168945,212.5,52286500,211.383102416992
2025-05-01,209.080001831055,214.559997558594,208.899993896484,213.320007324219,57365700,212.198791503906
2025-05-02,206.089996337891,206.990005493164,202.160003662109,205.350006103516,101010600,204.270690917969
2025-05-05,203.100006103516,204.100006103516,198.210006713867,198.889999389648,69018500,197.844635009766
2025-05-06,198.210006713867,200.649993896484,197.020004272461,198.509994506836,51216500,197.46662902832
2025-05-07,199.169998168945,199.440002441406,193.25,196.25,68536700,195.218505859375
2025-05-08,197.720001220703,200.050003051758,194.679992675781,197.490005493164,50478900,196.451995849609
2025-05-09,199,200.539993286133,197.539993286133,198.529998779297,36453900,197.486526489258
2025-05-12,210.970001220703,211.270004272461,206.75,210.789993286133,63775800,209.957046508789
2025-05-13,210.429992675781,213.399993896484,209,212.929992675781,51909300,212.088577270508
2025-05-14,212.429992675781,213.940002441406,210.580001831055,212.330001831055,49325800,211.490966796875
2025-05-15,210.949996948242,212.960006713867,209.539993286133,211.449996948242,45029500,210.614440917969
2025-05-16,212.360000610352,212.570007324219,209.770004272461,211.259994506836,54737900,210.425186157227
2025-05-19,207.910003662109,209.479995727539,204.259994506836,208.779998779297,46140500,207.955001831055
2025-05-20,207.669998168945,208.470001220703,205.029998779297,206.860000610352,42496600,206.042587280273
2025-05-21,205.169998168945,207.039993286133,200.710006713867,202.089996337891,59211800,201.291412353516
2025-05-22,200.710006713867,202.75,199.699996948242,201.360000610352,46742400,200.564331054688
2025-05-23,193.669998168945,197.699996948242,193.460006713867,195.270004272461,78432900,194.498382568359
2025-05-27,198.300003051758,200.740005493164,197.429992675781,200.210006713867,56288500,199.418869018555
2025-05-28,200.589996337891,202.729995727539,199.899993896484,200.419998168945,45339700,199.628021240234
2025-05-29,203.580001831055,203.809997558594,198.509994506836,199.949996948242,51396800,199.159881591797
2025-05-30,199.369995117188,201.960006713867,196.779998779297,200.850006103516,70819900,200.056335449219
2025-06-02,200.279998779297,202.130004882812,200.119995117188,201.699996948242,35423300,200.902969360352
2025-06-03,201.350006103516,203.770004272461,200.960006713867,203.270004272461,46381600,202.466781616211
2025-06-04,202.910003662109,206.240005493164,202.100006103516,202.820007324219,43604000,202.0185546875
2025-06-05,203.5,204.75,200.149993896484,200.630004882812,55126100,199.837203979492
2025-06-06,203,205.699996948242,202.050003051758,203.919998168945,46607700,203.114196777344
2025-06-09,204.389999389648,206,200.020004272461,201.449996948242,72862600,200.653961181641
2025-06-10,200.600006103516,204.350006103516,200.570007324219,202.669998168945,54672600,201.869155883789
2025-06-11,203.5,204.5,198.410003662109,198.779998779297,60989900,197.994522094727
2025-06-12,199.080001831055,199.679992675781,197.360000610352,199.199996948242,43904600,198.412857055664
2025-06-13,199.729995727539,200.369995117188,195.699996948242,196.449996948242,51447300,195.673706054688
2025-06-16,197.300003051758,198.690002441406,196.559997558594,198.419998168945,43020700,197.635925292969
2025-06-17,197.199996948242,198.389999389648,195.210006713867,195.639999389648,38856200,194.866912841797
2025-06-18,195.940002441406,197.570007324219,195.070007324219,196.580001831055,45394700,195.803207397461
2025-06-20,198.240005493164,201.699996948242,196.860000610352,201,96813500,200.205749511719
2025-06-23,201.630004882812,202.300003051758,198.960006713867,201.5,55814300,200.703765869141
2025-06-24,202.589996337891,203.440002441406,200.199996948242,200.300003051758,54064000,199.508514404297
2025-06-25,201.449996948242,203.669998168945,200.619995117188,201.559997558594,39525700,200.763534545898
2025-06-26,201.429992675781,202.639999389648,199.460006713867,201,50799100,200.205749511719
2025-06-27,201.889999389648,203.220001220703,200,201.080001831055,73188600,200.285415649414
2025-06-30,202.009994506836,207.389999389648,199.259994506836,205.169998168945,91912800,204.359252929688
2025-07-01,206.669998168945,210.190002441406,206.139999389648,207.820007324219,78788900,206.998794555664
2025-07-02,208.910003662109,213.339996337891,208.139999389648,212.440002441406,67941800,211.600540161133
2025-07-03,212.149993896484,214.649993896484,211.809997558594,213.550003051758,34955800,212.706146240234
2025-07-07,212.679992675781,216.229995727539,208.800003051758,209.949996948242,50229000,209.120376586914
2025-07-08,210.100006103516,211.429992675781,208.449996948242,210.009994506836,42848900,209.180130004883
2025-07-09,209.529998779297,211.330001831055,207.220001220703,211.139999389648,48749400,210.305679321289
2025-07-10,210.509994506836,213.479995727539,210.029998779297,212.410003662109,44443600,211.570663452148
2025-07-11,210.570007324219,212.130004882812,209.860000610352,211.160003662109,39765800,210.325607299805
2025-07-14,209.929992675781,210.910003662109,207.539993286133,208.619995117188,38840100,207.795623779297
2025-07-15,209.220001220703,211.889999389648,208.919998168945,209.110000610352,42296300,208.28369140625
2025-07-16,210.300003051758,212.399993896484,208.639999389648,210.160003662109,47490500,209.329559326172
2025-07-17,210.570007324219,211.800003051758,209.589996337891,210.020004272461,48068100,209.19010925293
2025-07-18,210.869995117188,211.789993286133,209.699996948242,211.179992675781,48974600,210.345504760742
2025-07-21,212.100006103516,215.779998779297,211.630004882812,212.479995727539,51377400,211.640380859375
2025-07-22,213.139999389648,214.949996948242,212.229995727539,214.399993896484,46404100,213.552780151367
2025-07-23,215,215.149993896484,212.410003662109,214.149993896484,46989300,213.303787231445
2025-07-24,213.899993896484,215.690002441406,213.529998779297,213.759994506836,46022600,212.915313720703
2025-07-25,214.699996948242,215.240005493164,213.399993896484,213.880004882812,40268800,213.034851074219
2025-07-28,214.029998779297,214.850006103516,213.059997558594,214.050003051758,37858000,213.204177856445
2025-07-29,214.179992675781,214.809997558594,210.820007324219,211.270004272461,51411700,210.435150146484
2025-07-30,211.899993896484,212.389999389648,207.720001220703,209.050003051758,45512500,208.223937988281
2025-07-31,208.490005493164,209.839996337891,207.160003662109,207.570007324219,80698400,206.749801635742
2025-08-01,210.869995117188,213.580001831055,201.5,202.380004882812,104434500,201.580291748047
2025-08-04,204.509994506836,207.880004882812,201.679992675781,203.350006103516,75109300,202.546463012695
2025-08-05,203.399993896484,205.339996337891,202.160003662109,202.919998168945,44155100,202.118148803711
2025-08-06,205.630004882812,215.380004882812,205.589996337891,213.25,108483100,212.407348632812
2025-08-07,218.880004882812,220.850006103516,216.580001831055,220.029998779297,90224800,219.160537719727
2025-08-08,220.830001831055,231,219.25,229.350006103516,113854000,228.443725585938
2025-08-11,227.919998168945,229.559997558594,224.759994506836,227.179992675781,61806100,226.539093017578
2025-08-12,228.009994506836,230.800003051758,227.070007324219,229.649993896484,55626200,229.002136230469
2025-08-13,231.070007324219,235,230.429992675781,233.330001831055,69878500,232.671752929688
2025-08-14,234.059997558594,235.119995117188,230.850006103516,232.779998779297,51916300,232.123306274414
2025-08-15,234,234.279998779297,229.339996337891,231.589996337891,56038700,230.936660766602
2025-08-18,231.699996948242,233.119995117188,230.110000610352,230.889999389648,37476200,230.238632202148
2025-08-19,231.279998779297,232.869995117188,229.350006103516,230.559997558594,39402600,229.909561157227
2025-08-20,229.979995727539,230.470001220703,225.770004272461,226.009994506836,42263900,225.37239074707
2025-08-21,226.270004272461,226.520004272461,223.779998779297,224.899993896484,30621200,224.265518188477
2025-08-22,226.169998168945,229.089996337891,225.410003662109,227.759994506836,42477800,227.117462158203
2025-08-25,226.479995727539,229.300003051758,226.229995727539,227.160003662109,30983100,226.519165039062
2025-08-26,226.869995117188,229.490005493164,224.690002441406,229.309997558594,54575100,228.6630859375
2025-08-27,228.610000610352,230.899993896484,228.259994506836,230.490005493164,31259500,229.839782714844
2025-08-28,230.820007324219,233.410003662109,229.339996337891,232.559997558594,38074700,231.903915405273
2025-08-29,232.509994506836,233.380004882812,231.369995117188,232.139999389648,39418400,231.485107421875
2025-09-02,229.25,230.850006103516,226.970001220703,229.720001220703,44075600,229.071929931641
2025-09-03,237.210006713867,238.850006103516,234.360000610352,238.470001220703,66427800,237.797256469727
2025-09-04,238.449996948242,239.899993896484,236.740005493164,239.779998779297,47549400,239.103530883789
2025-09-05,240,241.320007324219,238.490005493164,239.690002441406,54870400,239.013809204102
2025-09-08,239.300003051758,240.149993896484,236.339996337891,237.880004882812,48999500,237.208923339844
2025-09-09,237,238.779998779297,233.360000610352,234.350006103516,66313900,233.688888549805
2025-09-10,232.190002441406,232.419998168945,225.949996948242,226.789993286133,83440800,226.150192260742
2025-09-11,226.880004882812,230.449996948242,226.649993896484,230.029998779297,50208600,229.381072998047
2025-09-12,229.220001220703,234.509994506836,229.020004272461,234.070007324219,55824200,233.409683227539
2025-09-15,237,238.190002441406,235.029998779297,236.699996948242,42699500,236.032241821289
2025-09-16,237.179992675781,241.220001220703,236.320007324219,238.149993896484,63421100,237.478149414062
2025-09-17,238.970001220703,240.100006103516,237.729995727539,238.990005493164,46508000,238.315795898438
2025-09-18,239.970001220703,241.199996948242,236.649993896484,237.880004882812,44249600,237.208923339844
2025-09-19,241.229995727539,246.300003051758,240.210006713867,245.5,163741300,244.807418823242
2025-09-22,248.300003051758,256.640014648438,248.119995117188,256.079986572266,105517400,255.357559204102
2025-09-23,255.880004882812,257.339996337891,253.580001831055,254.429992675781,60275200,253.71223449707
2025-09-24,255.220001220703,255.740005493164,251.039993286133,252.309997558594,42303700,251.598205566406
2025-09-25,253.210006713867,257.170013427734,251.710006713867,256.869995117188,55202100,256.145324707031
2025-09-26,254.100006103516,257.600006103516,253.779998779297,255.460006713867,46076300,254.739334106445
2025-09-29,254.559997558594,255,253.009994506836,254.429992675781,40127700,253.71223449707
2025-09-30,254.860000610352,255.919998168945,253.110000610352,254.630004882812,37704300,253.911666870117
2025-10-01,255.039993286133,258.790008544922,254.929992675781,255.449996948242,48713900,254.729339599609
2025-10-02,256.579986572266,258.179992675781,254.149993896484,257.130004882812,42630200,256.404602050781
2025-10-03,254.669998168945,259.239990234375,253.949996948242,258.019989013672,49155600,257.292083740234
2025-10-06,257.989990234375,259.070007324219,255.050003051758,256.690002441406,44664100,255.965866088867
2025-10-07,256.809997558594,257.399993896484,255.429992675781,256.480010986328,31955800,255.756454467773
2025-10-08,256.519989013672,258.519989013672,256.109985351562,258.059997558594,36496900,257.331970214844
2025-10-09,257.809997558594,258,253.139999389648,254.039993286133,38322000,253.323303222656
2025-10-10,254.940002441406,256.380004882812,244,245.270004272461,61999100,244.578063964844
2025-10-13,249.380004882812,249.690002441406,245.559997558594,247.660003662109,38142900,246.961334228516
2025-10-14,246.600006103516,248.850006103516,244.699996948242,247.770004272461,35478000,247.071014404297
2025-10-15,249.490005493164,251.820007324219,247.470001220703,249.339996337891,33893600,248.636581420898
2025-10-16,248.25,249.039993286133,245.130004882812,247.449996948242,39777000,246.751907348633
2025-10-17,248.020004272461,253.380004882812,247.270004272461,252.289993286133,49147000,251.578247070312
2025-10-20,255.889999389648,264.380004882812,255.630004882812,262.239990234375,90483000,261.500183105469
2025-10-21,261.880004882812,265.290008544922,261.829986572266,262.769989013672,46695900,262.028686523438
2025-10-22,262.649993896484,262.850006103516,255.429992675781,258.450012207031,45015300,257.720916748047
2025-10-23,259.940002441406,260.619995117188,258.010009765625,259.579986572266,32754900,258.847686767578
2025-10-24,261.190002441406,264.130004882812,259.179992675781,262.820007324219,38253700,262.078552246094
2025-10-27,264.880004882812,269.119995117188,264.649993896484,268.809997558594,44888200,268.051635742188
2025-10-28,268.989990234375,269.890014648438,268.149993896484,269,41534800,268.241088867188
2025-10-29,269.279998779297,271.410003662109,267.109985351562,269.700012207031,51086700,268.939147949219
2025-10-30,271.989990234375,274.140014648438,268.480010986328,271.399993896484,69886500,270.634338378906
2025-10-31,276.989990234375,277.320007324219,269.160003662109,270.369995117188,86167100,269.607238769531
2025-11-03,270.420013427734,270.850006103516,266.25,269.049987792969,50194600,268.290985107422
2025-11-04,268.329986572266,271.489990234375,267.619995117188,270.040008544922,49274800,269.278198242188
2025-11-05,268.609985351562,271.700012207031,266.929992675781,270.140014648438,43683100,269.377899169922
2025-11-06,267.890014648438,273.399993896484,267.890014648438,269.769989013672,51204000,269.008941650391
2025-11-07,269.799987792969,272.290008544922,266.769989013672,268.470001220703,48227400,267.712615966797
2025-11-10,268.959991455078,273.730010986328,267.459991455078,269.429992675781,41312400,268.930328369141
2025-11-11,269.809997558594,275.910003662109,269.799987792969,275.25,46208300,274.739562988281
2025-11-12,275,275.730010986328,271.700012207031,273.470001220703,48398000,272.962890625
2025-11-13,274.109985351562,276.700012207031,272.089996337891,272.950012207031,49602800,272.443817138672
2025-11-14,271.049987792969,275.959991455078,269.600006103516,272.410003662109,47431300,271.904846191406
2025-11-17,268.820007324219,270.489990234375,265.730010986328,267.459991455078,45018300,266.963989257812
2025-11-18,269.989990234375,270.709991455078,265.320007324219,267.440002441406,45677300,266.944030761719
2025-11-19,265.529998779297,272.209991455078,265.5,268.559997558594,40424500,268.061981201172
2025-11-20,270.829986572266,275.429992675781,265.920013427734,266.25,45823600,265.756256103516
2025-11-21,265.950012207031,273.329986572266,265.670013427734,271.489990234375,59030800,270.986511230469
2025-11-24,270.899993896484,277,270.899993896484,275.920013427734,65585800,275.408355712891
2025-11-25,275.269989013672,280.380004882812,275.25,276.970001220703,46914200,276.456359863281
2025-11-26,276.959991455078,279.529998779297,276.630004882812,277.549987792969,33431400,277.035308837891
2025-11-28,277.260009765625,279,275.989990234375,278.850006103516,20135600,278.332885742188
2025-12-01,278.010009765625,283.420013427734,276.140014648438,283.100006103516,46587700,282.575012207031
2025-12-02,283,287.399993896484,282.630004882812,286.190002441406,53669500,285.659271240234
2025-12-03,286.200012207031,288.619995117188,283.299987792969,284.149993896484,43538700,283.623046875
2025-12-04,284.100006103516,284.730010986328,278.589996337891,280.700012207031,43989100,280.179443359375
2025-12-05,280.540008544922,281.140014648438,278.049987792969,278.779998779297,47265800,278.263000488281
2025-12-08,278.130004882812,279.670013427734,276.149993896484,277.890014648438,38211800,277.374664306641
2025-12-09,278.160003662109,280.029998779297,276.920013427734,277.179992675781,32193300,276.665985107422
2025-12-10,277.75,279.75,276.440002441406,278.779998779297,33038300,278.263000488281
2025-12-11,279.100006103516,279.589996337891,273.809997558594,278.029998779297,33248000,277.514404296875
2025-12-12,277.899993896484,279.220001220703,276.820007324219,278.279998779297,39532900,277.763916015625
2025-12-15,280.149993896484,280.149993896484,272.839996337891,274.109985351562,50409100,273.601654052734
2025-12-16,272.820007324219,275.5,271.790008544922,274.609985351562,37648600,274.100738525391
2025-12-17,275.010009765625,276.160003662109,271.640014648438,271.839996337891,50138700,271.335876464844
2025-12-18,273.609985351562,273.630004882812,266.950012207031,272.190002441406,51630700,271.685241699219
2025-12-19,272.149993896484,274.600006103516,269.899993896484,273.670013427734,144632000,273.162506103516
2025-12-22,272.859985351562,273.880004882812,270.510009765625,270.970001220703,36571800,270.467498779297
2025-12-23,270.839996337891,272.5,269.559997558594,272.359985351562,29642000,271.854919433594
2025-12-24,272.339996337891,275.429992675781,272.200012207031,273.809997558594,17910600,273.302215576172
2025-12-26,274.160003662109,275.369995117188,272.859985351562,273.399993896484,21521800,272.893005371094
2025-12-29,272.690002441406,274.359985351562,272.350006103516,273.760009765625,23715200,273.252349853516
2025-12-30,272.809997558594,274.079986572266,272.279998779297,273.079986572266,22139600,272.573547363281
