"Date","BAC.Open","BAC.High","BAC.Low","BAC.Close","BAC.Volume","BAC.Adjusted"
2021-01-04,30.4599990844727,30.5699996948242,29.75,30.0300006866455,51483900,26.4640464782715
2021-01-05,30.1700000762939,30.5400009155273,29.9099998474121,30.2600002288818,48507000,26.6667346954346
2021-01-06,31.8999996185303,32.6199989318848,31.3600006103516,32.1500015258789,107002800,28.3323040008545
2021-01-07,33.310001373291,33.6199989318848,32.8400001525879,32.8600006103516,74358500,28.9579963684082
2021-01-08,32.9199981689453,33,32.1100006103516,32.5299987792969,44641400,28.6671810150146
2021-01-11,32.0900001525879,33.1300010681152,31.8999996185303,33.0699996948242,51868200,29.1430587768555
2021-01-12,33.4199981689453,33.9700012207031,33.2000007629395,33.6599998474121,68166200,29.6630001068115
2021-01-13,33.4300003051758,33.6800003051758,33.0900001525879,33.4599990844727,43172800,29.4867420196533
2021-01-14,33.4799995422363,34.3699989318848,33.4199981689453,33.9900016784668,48483500,29.9538154602051
2021-01-15,33.2900009155273,33.6300010681152,32.7000007629395,33.0099983215332,57684300,29.0901832580566
2021-01-19,32.5,33.5999984741211,32.2000007629395,32.7700004577637,78130200,28.8786849975586
2021-01-20,32.7599983215332,32.7900009155273,32.1599998474121,32.3400001525879,53920000,28.4997386932373
2021-01-21,32.3400001525879,32.4799995422363,31.7299995422363,31.7700004577637,49626600,27.9974250793457
2021-01-22,31.3600006103516,31.75,31.25,31.5499992370605,45314500,27.8035488128662
2021-01-25,31.2700004577637,31.2999992370605,30.5699996948242,31.1599998474121,48078400,27.4598636627197
2021-01-26,31.3999996185303,31.4300003051758,30.9099998474121,30.9400005340576,36373000,27.2659873962402
2021-01-27,30.3099994659424,30.4300003051758,29.6700000762939,29.8299999237061,63809200,26.2877941131592
2021-01-28,30.4200000762939,30.75,29.9200000762939,30.3199996948242,51223300,26.719612121582
2021-01-29,30.3999996185303,30.5,29.5900001525879,29.6499996185303,64019100,26.12917137146
2021-02-01,29.8700008392334,30.0400009155273,29.5699996948242,29.9599990844727,40985300,26.4023551940918
2021-02-02,30.5799999237061,31.2000007629395,30.5400009155273,31.0300006866455,53527000,27.3452987670898
2021-02-03,30.9099998474121,31.7299995422363,30.8799991607666,31.5799999237061,49404900,27.8299865722656
2021-02-04,31.7999992370605,32.5299987792969,31.7800006866455,32.5,51751900,28.6407432556152
2021-02-05,32.8899993896484,32.9099998474121,32.3199996948242,32.3699989318848,42008800,28.5261821746826
2021-02-08,32.4300003051758,33.2799987792969,32.4000015258789,33.0900001525879,46014100,29.1606788635254
2021-02-09,32.9700012207031,33.0200004577637,32.5900001525879,32.9500007629395,35868600,29.0373077392578
2021-02-10,33.1199989318848,33.4199981689453,32.8600006103516,32.9799995422363,45031900,29.0637474060059
2021-02-11,32.9700012207031,33.310001373291,32.5499992370605,32.8800010681152,29479900,28.9756183624268
2021-02-12,33,33.4500007629395,32.9099998474121,33.3699989318848,37468300,29.4074325561523
2021-02-16,33.9799995422363,34.560001373291,33.7000007629395,34.2700004577637,52802600,30.2005634307861
2021-02-17,34.0400009155273,34.560001373291,33.7900009155273,34.4099998474121,45455300,30.3239402770996
2021-02-18,34.060001373291,34.6500015258789,34.0200004577637,34.189998626709,37541700,30.1300640106201
2021-02-19,34.2000007629395,34.7299995422363,34.1800003051758,34.5400009155273,54514100,30.4384937286377
2021-02-22,34.4500007629395,35.25,34.4099998474121,35.1500015258789,56783400,30.9760627746582
2021-02-23,35.4199981689453,35.8899993896484,35.1399993896484,35.5200004577637,67440700,31.302131652832
2021-02-24,35.7400016784668,36.5200004577637,35.5999984741211,36.3800010681152,58139500,32.0600128173828
2021-02-25,36.9599990844727,37.0299987792969,35.7599983215332,35.9300003051758,74762000,31.663444519043
2021-02-26,35.7299995422363,36.0299987792969,34.6800003051758,34.7099990844727,70933300,30.5883102416992
2021-03-01,35.5200004577637,36.0499992370605,35.2400016784668,35.7900009155273,45901700,31.5400657653809
2021-03-02,35.6500015258789,35.939998626709,35.5,35.5299987792969,41167400,31.310941696167
2021-03-03,35.9700012207031,36.9700012207031,35.8400001525879,36.4199981689453,66047000,32.0952568054199
2021-03-04,36.1399993896484,36.8699989318848,35.9199981689453,36.5,96512800,32.3255195617676
2021-03-05,37.0299987792969,37.5999984741211,36.1699981689453,36.9300003051758,74292300,32.7063407897949
2021-03-08,37.3800010681152,37.7299995422363,36.8199996948242,37.1300010681152,65335500,32.8834762573242
2021-03-09,36.5499992370605,37.1599998474121,35.810001373291,36.3199996948242,63946000,32.1661071777344
2021-03-10,36.5400009155273,37.5299987792969,36.3699989318848,37.3699989318848,53365600,33.096019744873
2021-03-11,37.2700004577637,37.7900009155273,36.8499984741211,37.2400016784668,45834000,32.9808883666992
2021-03-12,37.9199981689453,38.1800003051758,37.5800018310547,37.939998626709,46069600,33.6008224487305
2021-03-15,38.0299987792969,38.0699996948242,37.2200012207031,37.75,50131600,33.4325523376465
2021-03-16,37.4199981689453,37.7200012207031,36.9700012207031,37.6399993896484,50300400,33.3351440429688
2021-03-17,38,38.3600006103516,37.3300018310547,37.9500007629395,63796000,33.6096954345703
2021-03-18,38.5099983215332,39.9700012207031,38.4199981689453,38.939998626709,95439700,34.4864540100098
2021-03-19,38.2900009155273,38.9199981689453,37.5299987792969,38.5299987792969,106252700,34.1233520507812
2021-03-22,38.0800018310547,38.3800010681152,37.4000015258789,37.6599998474121,54701300,33.352855682373
2021-03-23,37.3600006103516,37.8199996948242,36.7799987792969,36.9000015258789,49838000,32.6797790527344
2021-03-24,37.2099990844727,37.7900009155273,36.8899993896484,36.9000015258789,43896800,32.6797790527344
2021-03-25,36.8699989318848,37.75,36.6300010681152,37.6599998474121,47517900,33.352855682373
2021-03-26,38.3499984741211,38.7599983215332,38.0800018310547,38.6800003051758,66846000,34.2561912536621
2021-03-29,38.0499992370605,38.6300010681152,37.8600006103516,38.310001373291,45680000,33.9285125732422
2021-03-30,38.6300010681152,39.4599990844727,38.6300010681152,38.9900016784668,56705900,34.5307388305664
2021-03-31,38.6199989318848,38.9900016784668,38.4599990844727,38.689998626709,49270000,34.2650527954102
2021-04-01,38.8300018310547,39.5200004577637,38.7200012207031,39.4900016784668,65587000,34.973560333252
2021-04-05,40,40.2799987792969,39.5999984741211,39.7999992370605,50328500,35.2480888366699
2021-04-06,39.5299987792969,40.1500015258789,39.4599990844727,39.689998626709,42590100,35.1506881713867
2021-04-07,39.7700004577637,40.1500015258789,39.5900001525879,40.0499992370605,43136400,35.4695091247559
2021-04-08,39.7999992370605,39.8499984741211,39.2200012207031,39.7000007629395,45285900,35.1595458984375
2021-04-09,39.9099998474121,40.1800003051758,39.5099983215332,39.9900016784668,45872900,35.4163703918457
2021-04-12,39.9900016784668,40.3800010681152,39.8499984741211,40.060001373291,45544600,35.4783706665039
2021-04-13,39.810001373291,39.8199996948242,39.2000007629395,39.3199996948242,46770400,34.822998046875
2021-04-14,38.9799995422363,40.3300018310547,38.9199981689453,39.8800010681152,52023800,35.3189430236816
2021-04-15,39.7299995422363,39.8400001525879,38.0499992370605,38.7400016784668,118128900,34.3093338012695
2021-04-16,39.310001373291,39.4199981689453,38.9099998474121,39.1500015258789,60633400,34.6724548339844
2021-04-19,39.3899993896484,39.4300003051758,39.0299987792969,39.1699981689453,42321100,34.6901359558105
2021-04-20,39,39,37.8899993896484,38.0800018310547,50834100,33.7248268127441
2021-04-21,37.75,38.7799987792969,37.4099998474121,38.7200012207031,37851800,34.2916221618652
2021-04-22,38.75,38.7700004577637,38.1699981689453,38.3600006103516,48093400,33.9727935791016
2021-04-23,38.3199996948242,39.3400001525879,38.2200012207031,39.1800003051758,48674100,34.6990203857422
2021-04-26,39.3499984741211,39.8499984741211,39.2799987792969,39.4099998474121,34699800,34.902702331543
2021-04-27,39.6699981689453,39.9199981689453,39.5099983215332,39.8800010681152,34304800,35.3189430236816
2021-04-28,39.9300003051758,40.2200012207031,39.8800010681152,40.0299987792969,34084400,35.4517936706543
2021-04-29,40.5499992370605,41.1300010681152,40.4599990844727,41.1100006103516,44008700,36.408275604248
2021-04-30,40.8400001525879,40.9000015258789,40.4700012207031,40.5299987792969,39203400,35.8946113586426
2021-05-03,40.8699989318848,41.0499992370605,40.4199981689453,40.560001373291,41940500,35.9211807250977
2021-05-04,40.2400016784668,41.0800018310547,39.7799987792969,41,53880000,36.3108711242676
2021-05-05,41.2000007629395,41.560001373291,40.7599983215332,41.3899993896484,37471100,36.6562538146973
2021-05-06,41.4799995422363,42.060001373291,41.2400016784668,42.0099983215332,39044400,37.2053451538086
2021-05-07,41.1300010681152,42.25,41.1100006103516,42.1800003051758,39249200,37.3559112548828
2021-05-10,42.5,42.939998626709,42.0299987792969,42.0499992370605,41271500,37.2407722473145
2021-05-11,41.5499992370605,42.3400001525879,41.3400001525879,41.5699996948242,42964700,36.8156776428223
2021-05-12,42.3800010681152,42.560001373291,41.0400009155273,41.1800003051758,47533000,36.470272064209
2021-05-13,40.8600006103516,42.0900001525879,40.7799987792969,41.8400001525879,42026100,37.0547904968262
2021-05-14,42.060001373291,42.4799995422363,41.9199981689453,42.3600006103516,30932600,37.5153198242188
2021-05-17,42.2400016784668,42.8499984741211,42.1599998474121,42.7400016784668,32656400,37.851863861084
2021-05-18,42.7000007629395,42.9500007629395,42.1399993896484,42.1599998474121,37880300,37.3381958007812
2021-05-19,41.6500015258789,42,41.310001373291,41.9700012207031,42672800,37.169921875
2021-05-20,41.9000015258789,42.1300010681152,41.4599990844727,41.8699989318848,36871100,37.0813598632812
2021-05-21,42.0200004577637,42.5999984741211,41.8899993896484,42.4000015258789,40243800,37.5507469177246
2021-05-24,42.5800018310547,42.7799987792969,42.25,42.6300010681152,31390800,37.7544403076172
2021-05-25,42.689998626709,43.2599983215332,41.9300003051758,42.0099983215332,52657700,37.2053451538086
2021-05-26,42.0200004577637,42.25,41.6599998474121,42.0400009155273,41332800,37.2319107055664
2021-05-27,42.4799995422363,42.8499984741211,42.1199989318848,42.5499992370605,52981100,37.6835823059082
2021-05-28,42.6599998474121,42.7099990844727,42.0499992370605,42.3899993896484,38509700,37.5418891906738
2021-06-01,42.9500007629395,43.2799987792969,42.7700004577637,42.9199981689453,42890700,38.0112762451172
2021-06-02,43.0999984741211,43.1699981689453,42.5999984741211,42.939998626709,34180500,38.0289764404297
2021-06-03,42.7700004577637,43.4900016784668,42.6800003051758,43.25,46981200,38.4647674560547
2021-06-04,43.2400016784668,43.3899993896484,42.8300018310547,43.2700004577637,37192600,38.482551574707
2021-06-07,43.2700004577637,43.3899993896484,43.060001373291,43.1199989318848,28401900,38.3491516113281
2021-06-08,42.8600006103516,43.2400016784668,42.4300003051758,42.8800010681152,41871400,38.1357078552246
2021-06-09,42.4700012207031,42.7299995422363,42.1100006103516,42.3199996948242,42366300,37.6376647949219
2021-06-10,42.7599983215332,42.9599990844727,41.6199989318848,41.689998626709,40123600,37.0773696899414
2021-06-11,41.810001373291,41.8899993896484,41.5099983215332,41.8600006103516,31203600,37.2285614013672
2021-06-14,41.8499984741211,41.9099998474121,41.060001373291,41.3600006103516,36050700,36.783878326416
2021-06-15,41.2799987792969,41.560001373291,40.9000015258789,41.3899993896484,39247900,36.8105621337891
2021-06-16,41.2799987792969,41.9900016784668,40.6699981689453,41.6199989318848,63859100,37.0151100158691
2021-06-17,42.0200004577637,42.0999984741211,39.7200012207031,39.7999992370605,80728200,35.3964805603027
2021-06-18,39.0099983215332,39.2999992370605,38.4900016784668,38.7799987792969,102774200,34.4893379211426
2021-06-21,39.1199989318848,39.7799987792969,39.0299987792969,39.75,48119400,35.3520164489746
2021-06-22,39.8800010681152,40.2599983215332,39.2799987792969,39.9700012207031,44113200,35.5476722717285
2021-06-23,40.1599998474121,40.4199981689453,40.0699996948242,40.2000007629395,32039900,35.7522239685059
2021-06-24,40.439998626709,41.0099983215332,40.1800003051758,40.8300018310547,37161800,36.3125190734863
2021-06-25,41.2700004577637,41.8300018310547,40.8400001525879,41.6199989318848,53178800,37.0151100158691
2021-06-28,41.4599990844727,41.5800018310547,41.0999984741211,41.560001373291,34416500,36.9617500305176
2021-06-29,41.6300010681152,41.9500007629395,40.75,40.8899993896484,38519600,36.3658752441406
2021-06-30,40.7599983215332,41.3600006103516,40.7200012207031,41.2299995422363,29159800,36.6682586669922
2021-07-01,41.560001373291,41.7000007629395,41.2099990844727,41.5400009155273,28045100,36.9439659118652
2021-07-02,41.3699989318848,41.4700012207031,41.0999984741211,41.1500015258789,28980800,36.597110748291
2021-07-06,40.810001373291,40.8800010681152,39.8699989318848,40.0699996948242,47578700,35.6366081237793
2021-07-07,39.5699996948242,40,39.3600006103516,39.75,43499900,35.3520164489746
2021-07-08,38.6199989318848,39.2400016784668,38.4799995422363,38.7799987792969,52793100,34.4893379211426
2021-07-09,39.6500015258789,40.2400016784668,39.4000015258789,40.0400009155273,43887200,35.609935760498
2021-07-12,39.7900009155273,40.810001373291,39.6399993896484,40.6300010681152,42624500,36.1346435546875
2021-07-13,40.4799995422363,40.4799995422363,39.5800018310547,39.8600006103516,54338100,35.4498443603516
2021-07-14,39.1100006103516,39.5499992370605,37.7900009155273,38.8600006103516,105651700,34.5604820251465
2021-07-15,38.3899993896484,39.3300018310547,38.3199996948242,38.8300018310547,54697300,34.5338096618652
2021-07-16,39.2200012207031,39.2900009155273,37.5900001525879,37.9199981689453,60469700,33.7244873046875
2021-07-19,36.75,37.25,36.5099983215332,36.9300003051758,83251500,32.8440208435059
2021-07-20,36.8600006103516,38.1199989318848,36.6100006103516,37.689998626709,59462900,33.5199241638184
2021-07-21,38.0499992370605,38.7700004577637,37.9799995422363,38.4599990844727,49907400,34.2047309875488
2021-07-22,38.3600006103516,38.4000015258789,37.6800003051758,37.9599990844727,52715600,33.7600555419922
2021-07-23,38.2000007629395,38.2700004577637,37.560001373291,37.7000007629395,48659400,33.5288276672363
2021-07-26,37.6599998474121,38.2400016784668,37.6599998474121,38.1300010681152,32258000,33.911247253418
2021-07-27,37.7200012207031,38.2400016784668,37.4599990844727,37.9799995422363,39121400,33.7778511047363
2021-07-28,38.189998626709,38.5,37.75,38.1300010681152,43331100,33.911247253418
2021-07-29,38.5499992370605,38.9799995422363,38.3699989318848,38.6800003051758,43039100,34.4004020690918
2021-07-30,38.5099983215332,38.8300018310547,38.0499992370605,38.3600006103516,46210100,34.1158027648926
2021-08-02,38.4000015258789,38.9500007629395,37.9099998474121,37.9599990844727,49894000,33.7600555419922
2021-08-03,38.060001373291,38.6300010681152,37.5499992370605,38.5499992370605,39680600,34.2847747802734
2021-08-04,38.0299987792969,38.7700004577637,37.8600006103516,38.2700004577637,42289800,34.0357666015625
2021-08-05,38.5699996948242,39.060001373291,38.5499992370605,39.0200004577637,34754500,34.7027854919434
2021-08-06,39.4700012207031,40.4099998474121,39.4700012207031,40.1500015258789,58022300,35.7077522277832
2021-08-09,40.0499992370605,40.9599990844727,39.7999992370605,40.6699981689453,56340100,36.1702270507812
2021-08-10,40.7099990844727,41.6199989318848,40.5800018310547,41.4300003051758,44987300,36.8461380004883
2021-08-11,41.5999984741211,42.189998626709,41.4799995422363,41.9500007629395,58458200,37.3085975646973
2021-08-12,42.2299995422363,42.2900009155273,41.7700004577637,42.1500015258789,37400100,37.4864768981934
2021-08-13,42.0900001525879,42.2299995422363,41.4300003051758,41.6300010681152,41344900,37.0240097045898
2021-08-16,41.1599998474121,41.2999992370605,40.6100006103516,41.2900009155273,38599100,36.7216300964355
2021-08-17,41.0499992370605,41.5699996948242,40.6199989318848,41.0900001525879,43526900,36.5437507629395
2021-08-18,40.7700004577637,41.5299987792969,40.6599998474121,40.7900009155273,50342500,36.2769432067871
2021-08-19,40.1199989318848,40.6699981689453,40.0099983215332,40.189998626709,51883900,35.7433242797852
2021-08-20,40.0900001525879,40.4700012207031,39.9099998474121,40.3699989318848,40415000,35.9034156799316
2021-08-23,40.6300010681152,41.0999984741211,40.5999984741211,40.9099998474121,35364500,36.3836669921875
2021-08-24,41.0999984741211,41.6800003051758,41.0400009155273,41.4799995422363,35579300,36.8905944824219
2021-08-25,41.6599998474121,42.4500007629395,41.5400009155273,42.1500015258789,51219900,37.4864768981934
2021-08-26,42.5,42.8400001525879,42.0200004577637,42.0400009155273,41184500,37.3886413574219
2021-08-27,42.1199989318848,42.6500015258789,41.939998626709,42.4900016784668,46468600,37.7888565063477
2021-08-30,42.6300010681152,42.6300010681152,41.6300010681152,41.6599998474121,44855600,37.0506858825684
2021-08-31,41.6699981689453,42.0699996948242,41.3600006103516,41.75,54654600,37.130729675293
2021-09-01,41.75,41.7799987792969,41.0299987792969,41.189998626709,52361900,36.6326904296875
2021-09-02,41.1100006103516,41.4900016784668,40.6399993896484,41.0200004577637,44538900,36.6684417724609
2021-09-03,41.0200004577637,41.189998626709,40.6800003051758,41.0499992370605,41812400,36.6952667236328
2021-09-07,41.25,41.8499984741211,41.1800003051758,41.3199996948242,43748600,36.9366226196289
2021-09-08,41.0800018310547,41.4900016784668,40.6800003051758,40.7799987792969,36064400,36.4539070129395
2021-09-09,40.6599998474121,41.3499984741211,40.560001373291,40.9300003051758,36266400,36.5879936218262
2021-09-10,41.2200012207031,41.3499984741211,40.2400016784668,40.2700004577637,40514700,35.9980125427246
2021-09-13,40.5999984741211,40.9599990844727,40.3499984741211,40.939998626709,42036300,36.5969352722168
2021-09-14,41.1300010681152,41.310001373291,39.6599998474121,39.8400001525879,53820400,35.6136245727539
2021-09-15,39.7299995422363,40.3400001525879,39.6699981689453,40.1399993896484,52358200,35.8818016052246
2021-09-16,40.4799995422363,40.810001373291,40.2000007629395,40.4500007629395,42922000,36.1589126586914
2021-09-17,40.3400001525879,40.6699981689453,40.0800018310547,40.5,92746000,36.2036170959473
2021-09-20,39.3800010681152,39.4599990844727,38.3600006103516,39.1100006103516,67566200,34.9610710144043
2021-09-21,39.2700004577637,39.5999984741211,38.939998626709,39.1300010681152,38271100,34.9789428710938
2021-09-22,39.75,40.5200004577637,39.75,40.1399993896484,46261400,35.8818016052246
2021-09-23,40.7599983215332,41.8800010681152,40.6500015258789,41.689998626709,49779800,37.2673721313477
2021-09-24,41.7200012207031,42.3400001525879,41.6500015258789,42.1399993896484,39042300,37.6696281433105
2021-09-27,42.6800003051758,43.4300003051758,42.6399993896484,43.2599983215332,49755400,38.6708183288574
2021-09-28,43.4300003051758,44.0400009155273,43.060001373291,43.1599998474121,60781200,38.581428527832
2021-09-29,43.1800003051758,43.3199996948242,42.7400016784668,43.0699996948242,44260200,38.5009727478027
2021-09-30,43.3499984741211,43.3499984741211,42.2299995422363,42.4500007629395,47410800,37.9467468261719
2021-10-01,42.4799995422363,43.4300003051758,42.3899993896484,43.0800018310547,40987100,38.5099105834961
2021-10-04,43.1100006103516,44.0699996948242,43.0699996948242,43.3400001525879,48273400,38.7423324584961
2021-10-05,43.7700004577637,44.75,43.6699981689453,44.2200012207031,54070700,39.5289916992188
2021-10-06,43.8499984741211,44.2900009155273,43.5499992370605,44.2400016784668,47031700,39.5468559265137
2021-10-07,44.7900009155273,44.8699989318848,44.0299987792969,44.1199989318848,46258800,39.439582824707
2021-10-08,44.0699996948242,44.810001373291,43.9199981689453,44.3400001525879,39389400,39.6362495422363
2021-10-11,44.5999984741211,44.810001373291,43.75,43.7799987792969,36283500,39.1356544494629
2021-10-12,43.6699981689453,44,43.2700004577637,43.5400009155273,36898300,38.9211158752441
2021-10-13,43.5499992370605,43.6399993896484,42.3300018310547,43.1399993896484,43908000,38.563549041748
2021-10-14,44.3699989318848,45.0999984741211,43.4799995422363,45.0699996948242,82201000,40.2888031005859
2021-10-15,45.7700004577637,46.6699981689453,45.3600006103516,46.3699989318848,64264900,41.4509010314941
2021-10-18,46.2900009155273,46.8899993896484,46.0299987792969,46.2799987792969,49542500,41.3704414367676
2021-10-19,46.5,46.6300010681152,46.2000007629395,46.4799995422363,32515500,41.5492286682129
2021-10-20,46.4900016784668,47.2400016784668,46.0499992370605,47.0900001525879,40411000,42.0945129394531
2021-10-21,47.0999984741211,47.4799995422363,46.6100006103516,46.8300018310547,36848600,41.8621139526367
2021-10-22,46.9900016784668,47.6199989318848,46.9900016784668,47.5699996948242,36225600,42.5236015319824
2021-10-25,47.7999992370605,47.9799995422363,47.2000007629395,47.5099983215332,31679500,42.4699554443359
2021-10-26,47.6599998474121,48.4300003051758,47.439998626709,47.9599990844727,35674800,42.8722267150879
2021-10-27,47.4799995422363,48.1699981689453,47.0299987792969,47.0400009155273,45790800,42.0498199462891
2021-10-28,47.5900001525879,48,47.2999992370605,47.7799987792969,37209600,42.7113151550293
2021-10-29,47.75,48.1300010681152,47.5200004577637,47.7799987792969,31756200,42.7113151550293
2021-11-01,48.0999984741211,48.1699981689453,47.2799987792969,47.8499984741211,36937200,42.7738876342773
2021-11-02,47.5699996948242,48.4199981689453,47.3499984741211,47.8800010681152,36283400,42.800708770752
2021-11-03,47.7999992370605,48.689998626709,47.6100006103516,48.3699989318848,42553000,43.2387313842773
2021-11-04,48.1500015258789,48.1500015258789,46.8800010681152,47.3300018310547,47646300,42.3090629577637
2021-11-05,47.5999984741211,47.8199996948242,46.8199996948242,46.9700012207031,38271200,41.987247467041
2021-11-08,47.3499984741211,47.7999992370605,47.25,47.3400001525879,33815500,42.3179931640625
2021-11-09,46.6500015258789,47.3600006103516,46.4099998474121,46.8800010681152,36900300,41.9068031311035
2021-11-10,46.75,47.5200004577637,46.6500015258789,47.2299995422363,39385600,42.2196578979492
2021-11-11,47.310001373291,47.8899993896484,47.0099983215332,47.4900016784668,31194800,42.4520835876465
2021-11-12,47.5099983215332,47.5299987792969,46.7599983215332,46.9099998474121,44268500,41.9336090087891
2021-11-15,47.2599983215332,47.3899993896484,46.9000015258789,47.0499992370605,35335500,42.058765411377
2021-11-16,47.1800003051758,47.2799987792969,46.689998626709,47.0800018310547,35120800,42.085578918457
2021-11-17,47.0800018310547,47.2000007629395,46.4500007629395,46.5099983215332,32963700,41.5760459899902
2021-11-18,46.7099990844727,46.810001373291,46.2099990844727,46.3199996948242,30639000,41.4062042236328
2021-11-19,45.7000007629395,45.7700004577637,44.8300018310547,45.4000015258789,48429500,40.583797454834
2021-11-22,46.7200012207031,46.8699989318848,45.9099998474121,46.2799987792969,53697100,41.3704414367676
2021-11-23,46.8699989318848,47.6500015258789,46.6699981689453,47.5,49362900,42.4610290527344
2021-11-24,47.4199981689453,47.9799995422363,47.2099990844727,47.6300010681152,40060000,42.5772323608398
2021-11-26,45.5200004577637,46.0400009155273,44.75,45.7599983215332,55110100,40.9056091308594
2021-11-29,46.4199981689453,46.7000007629395,45.1699981689453,45.5900001525879,50231100,40.7536392211914
2021-11-30,44.7599983215332,45.2200012207031,44.3600006103516,44.4700012207031,77193600,39.7524681091309
2021-12-01,45.2200012207031,45.7000007629395,43.810001373291,43.8400001525879,60601600,39.1892929077148
2021-12-02,44.3300018310547,45.5,44,44.8899993896484,57821400,40.3210411071777
2021-12-03,45,45.0699996948242,43.5999984741211,43.8699989318848,74605300,39.404857635498
2021-12-06,44.560001373291,44.8800010681152,43.9599990844727,44.1500015258789,48193100,39.6563568115234
2021-12-07,44.560001373291,44.9099998474121,44.4300003051758,44.7099990844727,40740800,40.1593627929688
2021-12-08,44.6800003051758,44.7999992370605,44.0900001525879,44.1599998474121,50560300,39.6653518676758
2021-12-09,43.9099998474121,44.7299995422363,43.6500015258789,44.4900016784668,37316700,39.9617576599121
2021-12-10,44.7099990844727,44.8300018310547,44.0699996948242,44.5200004577637,37700200,39.9887161254883
2021-12-13,44.2700004577637,44.4000015258789,43.3899993896484,43.5800018310547,38653900,39.1443786621094
2021-12-14,43.5900001525879,44.8199996948242,43.5299987792969,44.1300010681152,47099400,39.6383972167969
2021-12-15,44.3699989318848,44.4500007629395,43.6199989318848,43.939998626709,60057100,39.4677391052246
2021-12-16,44.7000007629395,45.3600006103516,44.0900001525879,45,69487200,40.419849395752
2021-12-17,44.5,44.7000007629395,43.6199989318848,43.8800010681152,124242400,39.4138450622559
2021-12-20,43.2700004577637,43.3600006103516,42.7000007629395,43.1599998474121,56455200,38.7671279907227
2021-12-21,43.5400009155273,44.4799995422363,43.5400009155273,44.189998626709,47845600,39.6922874450684
2021-12-22,44.0800018310547,44.5800018310547,43.8800010681152,44.2799987792969,35715700,39.7731323242188
2021-12-23,44.6800003051758,45.0699996948242,44.4000015258789,44.4199981689453,34053500,39.8988914489746
2021-12-27,44.5499992370605,44.8199996948242,44.310001373291,44.6399993896484,33879200,40.096492767334
2021-12-28,44.4700012207031,45.0800018310547,44.4199981689453,44.7000007629395,32492400,40.1503791809082
2021-12-29,44.8499984741211,45.1199989318848,44.5999984741211,44.6300010681152,25294900,40.0875129699707
2021-12-30,44.75,45.0999984741211,44.4799995422363,44.5299987792969,23852200,39.9976844787598
2021-12-31,44.5200004577637,44.7200012207031,44.2799987792969,44.4900016784668,24253900,39.9617576599121
2022-01-03,45.0900001525879,46.4900016784668,44.9799995422363,46.1800003051758,58587900,41.4797515869141
2022-01-04,47.060001373291,48.4300003051758,47.0400009155273,47.9900016784668,74606700,43.105525970459
2022-01-05,48.1399993896484,48.3699989318848,47.1599998474121,47.1800003051758,57791600,42.3779602050781
2022-01-06,47.9799995422363,48.1599998474121,47.189998626709,48.1300010681152,52040900,43.2312774658203
2022-01-07,48.1500015258789,49.310001373291,48.060001373291,49.1800003051758,59082600,44.1744079589844
2022-01-10,49.9099998474121,50.0800018310547,48.3400001525879,48.9300003051758,66839500,43.9498443603516
2022-01-11,48.9900016784668,49.25,48.6399993896484,49.2099990844727,40454400,44.2013511657715
2022-01-12,49.1699981689453,49.3800010681152,48.6800003051758,48.8600006103516,41378000,43.8869819641113
2022-01-13,48.9199981689453,49.4900016784668,48.6300010681152,48.7599983215332,46337500,43.7971496582031
2022-01-14,47.5200004577637,48.2299995422363,47.189998626709,47.9099998474121,72953300,43.0336608886719
2022-01-18,47.8499984741211,47.9199981689453,46.0499992370605,46.2599983215332,65877400,41.5516014099121
2022-01-19,48.3899993896484,48.5800018310547,46.3499984741211,46.439998626709,84451800,41.7132873535156
2022-01-20,46.689998626709,47.0499992370605,45.6599998474121,45.75,46265300,41.0935173034668
2022-01-21,45.5699996948242,46.0200004577637,44.6599998474121,44.9199981689453,71303600,40.3479881286621
2022-01-24,43.9000015258789,44.689998626709,42.5900001525879,44.5499992370605,90672700,40.0156517028809
2022-01-25,44.2900009155273,45.5699996948242,43.8300018310547,45.4300003051758,73555300,40.8060913085938
2022-01-26,45.7799987792969,46.4599990844727,45.2599983215332,45.9000015258789,63735800,41.2282447814941
2022-01-27,46.3699989318848,46.75,45.0900001525879,45.4700012207031,63402400,40.8420104980469
2022-01-28,45.3300018310547,45.8899993896484,44.4500007629395,45.8699989318848,51048300,41.2012977600098
2022-01-31,45.5200004577637,46.2700004577637,45.2200012207031,46.1399993896484,44793700,41.4438133239746
2022-02-01,46.2099990844727,47.0999984741211,45.9000015258789,46.939998626709,40326600,42.1623954772949
2022-02-02,46.7200012207031,46.9599990844727,46.2999992370605,46.8899993896484,41125600,42.1174774169922
2022-02-03,47.2200012207031,47.2900009155273,46.3499984741211,46.4300003051758,35879900,41.7043037414551
2022-02-04,47.0800018310547,48.689998626709,46.6800003051758,48.2799987792969,60297100,43.3660049438477
2022-02-07,48.560001373291,48.7599983215332,47.9900016784668,48.5099983215332,44824800,43.5725975036621
2022-02-08,49.1500015258789,50.0200004577637,48.939998626709,49.3800010681152,49560500,44.3540573120117
2022-02-09,49.2200012207031,49.7900009155273,49.0299987792969,49.2799987792969,33861100,44.2642250061035
2022-02-10,49.6800003051758,50.1100006103516,48.7599983215332,49.0499992370605,47082800,44.0576438903809
2022-02-11,48.6300010681152,49.439998626709,47.5,47.9199981689453,61056000,43.0426406860352
2022-02-14,48.0200004577637,48.189998626709,46.939998626709,47.4199981689453,44791900,42.5935325622559
2022-02-15,48,48.3699989318848,47.5699996948242,47.7900009155273,42397600,42.9258804321289
2022-02-16,47.439998626709,48.2400016784668,47.310001373291,47.6800003051758,36664600,42.8270721435547
2022-02-17,47,47.2900009155273,45.9500007629395,46.0699996948242,49442400,41.3809471130371
2022-02-18,46.0699996948242,46.5400009155273,45.7200012207031,45.9599990844727,37856500,41.2821350097656
2022-02-22,45.1699981689453,45.9799995422363,45.0400009155273,45.560001373291,51905600,40.9228477478027
2022-02-23,45.9500007629395,46.1100006103516,44.5699996948242,44.7799987792969,45704900,40.222240447998
2022-02-24,43,43.6800003051758,42.0499992370605,43.5999984741211,80484800,39.1623382568359
2022-02-25,43.810001373291,45.3499984741211,43.6300010681152,45.0200004577637,68530700,40.437816619873
2022-02-28,43.7200012207031,44.2599983215332,43.439998626709,44.2000007629395,69955300,39.7012748718262
2022-03-01,43.7099990844727,43.7400016784668,41.9300003051758,42.4700012207031,74895600,38.1473541259766
2022-03-02,42.7400016784668,43.5400009155273,42.6199989318848,43.1599998474121,70834600,38.7671279907227
2022-03-03,43.0900001525879,43.5,42.2099990844727,42.4900016784668,48733800,38.351921081543
2022-03-04,41.4300003051758,41.439998626709,40.3199996948242,40.9500007629395,75572800,36.9619140625
2022-03-07,39.9300003051758,40.1100006103516,38.2099990844727,38.3400001525879,109779000,34.6060905456543
2022-03-08,39.0699996948242,39.6599998474121,38.1699981689453,38.5900001525879,76553800,34.8317489624023
2022-03-09,40.310001373291,41.6100006103516,40.1599998474121,41.0400009155273,78207900,37.0431442260742
2022-03-10,40.2900009155273,41.4799995422363,40.1100006103516,40.6699981689453,48804400,36.7091751098633
2022-03-11,41.0400009155273,41.3800010681152,40.2900009155273,40.3300018310547,43946600,36.4022903442383
2022-03-14,40.9000015258789,42.1800003051758,40.9000015258789,41.2000007629395,54262400,37.1875495910645
2022-03-15,41.2599983215332,41.7799987792969,40.8699989318848,41.5,41395300,37.4583396911621
2022-03-16,42.2400016784668,43.0499992370605,41.9199981689453,42.7999992370605,59477600,38.6317329406738
2022-03-17,42.4099998474121,43.0400009155273,41.8300018310547,43.0299987792969,50260200,38.8393363952637
2022-03-18,42.7599983215332,42.9300003051758,42.2599983215332,42.9000015258789,74470600,38.7220001220703
2022-03-21,43.3499984741211,43.4300003051758,42.5099983215332,42.8400001525879,47106400,38.6678428649902
2022-03-22,43.8199996948242,44.6300010681152,43.7000007629395,44.1800003051758,52360600,39.8773345947266
2022-03-23,43.7200012207031,44.0099983215332,43.0299987792969,43.0900001525879,48539300,38.8934898376465
2022-03-24,43.3800010681152,43.4300003051758,42.8899993896484,43.0699996948242,30360800,38.8754272460938
2022-03-25,43.4799995422363,44.2599983215332,43.3300018310547,43.7299995422363,38968100,39.4711570739746
2022-03-28,43.7099990844727,43.75,42.8300018310547,43.5499992370605,37428600,39.3086929321289
2022-03-29,44.25,44.3899993896484,43.1100006103516,43.439998626709,46355800,39.209400177002
2022-03-30,43.439998626709,43.6500015258789,42.75,43,36601800,38.8122596740723
2022-03-31,42.8400001525879,42.8899993896484,41.2000007629395,41.2200012207031,67902500,37.2056198120117
2022-04-01,41.689998626709,41.7400016784668,40.3499984741211,40.9000015258789,61929200,36.9167747497559
2022-04-04,40.4799995422363,41.1399993896484,40.1599998474121,40.8300018310547,53761700,36.8535919189453
2022-04-05,40.439998626709,40.7599983215332,40.0400009155273,40.1399993896484,51781700,36.2307891845703
2022-04-06,39.7400016784668,40.0099983215332,39.3499984741211,39.7000007629395,54159800,35.8336448669434
2022-04-07,39.8899993896484,39.9799995422363,38.8499984741211,39.3899993896484,54585000,35.5538330078125
2022-04-08,39.4900016784668,40.0999984741211,39.3199996948242,39.6699981689453,41018900,35.8065605163574
2022-04-11,39.4799995422363,40.4000015258789,39.3899993896484,39.5900001525879,34198700,35.7343482971191
2022-04-12,39.5699996948242,40.0800018310547,38.8499984741211,39.1699981689453,42855300,35.3552513122559
2022-04-13,38.5,39.0099983215332,38.3600006103516,38.8199996948242,45484200,35.0393447875977
2022-04-14,38.4900016784668,38.9700012207031,37.4199981689453,37.5699996948242,79032000,33.9110832214355
2022-04-18,37.4199981689453,39.310001373291,37.2200012207031,38.8499984741211,80080300,35.0664138793945
2022-04-19,39.2099990844727,39.8800010681152,39.1100006103516,39.5699996948242,53714200,35.7163009643555
2022-04-20,40.1500015258789,40.3699989318848,39.6100006103516,39.6599998474121,47064300,35.7975387573242
2022-04-21,40,40.2099990844727,38.6199989318848,38.9099998474121,46245900,35.1205787658691
2022-04-22,38.810001373291,38.8499984741211,37.5,37.560001373291,50409800,33.9020576477051
2022-04-25,36.8899993896484,37.4000015258789,35.9300003051758,37.2900009155273,64301100,33.6583480834961
2022-04-26,36.8800010681152,37.5400009155273,36.4199981689453,36.4500007629395,44809900,32.9001541137695
2022-04-27,36.2700004577637,36.9099998474121,36.1699981689453,36.25,39824900,32.7196311950684
2022-04-28,36.7299995422363,36.9500007629395,36.1599998474121,36.810001373291,39567800,33.2250938415527
2022-04-29,36.75,37.1300010681152,35.5400009155273,35.6800003051758,47385200,32.2051429748535
2022-05-02,36.0299987792969,36.2799987792969,35.4000015258789,36.1399993896484,46652200,32.6203460693359
2022-05-03,36.3400001525879,37.6300010681152,36.3300018310547,37.1300010681152,48926000,33.5139312744141
2022-05-04,37.3699989318848,38.75,37.2799987792969,38.6199989318848,57860300,34.8588218688965
2022-05-05,38.0499992370605,38.2099990844727,36.8699989318848,37.5400009155273,48860600,33.8840065002441
2022-05-06,37.3699989318848,37.6199989318848,36.6100006103516,37.4500007629395,50440100,33.8027725219727
2022-05-09,36.8699989318848,37.060001373291,36.060001373291,36.3699989318848,51242000,32.8279457092285
2022-05-10,36.75,37.1300010681152,35.1800003051758,35.7599983215332,60235300,32.2773513793945
2022-05-11,35.9000015258789,36.9199981689453,35.5099983215332,35.5699996948242,54969300,32.1058578491211
2022-05-12,35.0099983215332,35.4300003051758,34.2599983215332,35.0699996948242,61231500,31.6545448303223
2022-05-13,35.5299987792969,35.7299995422363,34.7599983215332,35.1699981689453,49117900,31.7448177337646
2022-05-16,35,35.1699981689453,34.4099998474121,34.810001373291,39076500,31.4198799133301
2022-05-17,35.6199989318848,36.2200012207031,35.4300003051758,35.9900016784668,42635600,32.4849548339844
2022-05-18,35.6199989318848,35.689998626709,34.5999984741211,34.8800010681152,47396900,31.4830589294434
2022-05-19,34.2900009155273,34.8400001525879,34.25,34.4500007629395,47002700,31.0949401855469
2022-05-20,34.7999992370605,34.9799995422363,32.9599990844727,33.8600006103516,62406500,30.5623950958252
2022-05-23,34.7599983215332,36.2599983215332,34.6599998474121,35.8699989318848,69081900,32.3766403198242
2022-05-24,35.4700012207031,35.9599990844727,34.9599990844727,35.6500015258789,46146700,32.1780700683594
2022-05-25,35.5,36.2700004577637,35.2900009155273,35.8400001525879,49343400,32.3495635986328
2022-05-26,36.5,36.8400001525879,36.3400001525879,36.6699981689453,60201200,33.0987319946289
2022-05-27,36.8899993896484,37.0499992370605,36.5800018310547,37.0200004577637,43365600,33.4146423339844
2022-05-31,36.8199996948242,37.5299987792969,36.6100006103516,37.2000007629395,71609200,33.5771064758301
2022-06-01,37.4599990844727,37.4700012207031,36.1699981689453,36.6699981689453,35237900,33.0987319946289
2022-06-02,36.4099998474121,36.7099990844727,36.0699996948242,36.7000007629395,35341900,33.3166046142578
2022-06-03,36.4799995422363,36.6800003051758,36.1300010681152,36.189998626709,25235200,32.8536109924316
2022-06-06,36.7000007629395,37.2099990844727,36.0999984741211,36.1500015258789,40394000,32.8173141479492
2022-06-07,35.9000015258789,36.4099998474121,35.7400016784668,36.3499984741211,29152200,32.9988746643066
2022-06-08,35.9199981689453,36.1100006103516,35.5200004577637,35.8899993896484,33590600,32.5812835693359
2022-06-09,35.7400016784668,35.8400001525879,34.5,34.5099983215332,49419000,31.3284950256348
2022-06-10,33.6800003051758,34.0400009155273,33.0200004577637,33.1699981689453,49318200,30.1120376586914
2022-06-13,32.3899993896484,32.7700004577637,31.7399997711182,32.0200004577637,61216600,29.068058013916
2022-06-14,31.9200000762939,32.5999984741211,31.2299995422363,31.4599990844727,49349800,28.5596809387207
2022-06-15,31.9799995422363,32.4900016784668,31.4200000762939,32.0499992370605,51540100,29.0952911376953
2022-06-16,31.5,32,30.8600006103516,31.8500003814697,61363400,28.9137325286865
2022-06-17,32.0299987792969,32.5800018310547,31.6399993896484,31.9200000762939,80470300,28.9772777557373
2022-06-21,32.8899993896484,33.2900009155273,32.6199989318848,32.8499984741211,53537200,29.8215389251709
2022-06-22,32.3899993896484,32.939998626709,32.3199996948242,32.5999984741211,38305600,29.5945835113525
2022-06-23,32.3800010681152,32.4099998474121,31.2600002288818,32.0800018310547,44091500,29.1225261688232
2022-06-24,31.25,32.7700004577637,31.2299995422363,32.310001373291,79504700,29.3313236236572
2022-06-27,32.4199981689453,32.5999984741211,31.9099998474121,32.3499984741211,47900300,29.3676319122314
2022-06-28,32.8300018310547,33.5,32.189998626709,32.2599983215332,49863800,29.2859287261963
2022-06-29,32.2299995422363,32.439998626709,31.6599998474121,31.8600006103516,35149700,28.9228076934814
2022-06-30,31.1700000762939,31.5499992370605,30.6399993896484,31.1299991607666,46312300,28.2601051330566
2022-07-01,30.9799995422363,31.6700000762939,30.6299991607666,31.5599994659424,40236100,28.6504669189453
2022-07-05,30.7999992370605,31.2399997711182,30.4500007629395,31.2399997711182,47411800,28.3599681854248
2022-07-06,31.0100002288818,31.25,30.6399993896484,30.9799995422363,35933700,28.1239356994629
2022-07-07,31.5,32.0099983215332,31.4699993133545,31.8600006103516,40137900,28.9228076934814
2022-07-08,32.0099983215332,32.25,31.5599994659424,31.7900009155273,31153800,28.859260559082
2022-07-11,31.5499992370605,31.7900009155273,31.2900009155273,31.4599990844727,29311900,28.5596809387207
2022-07-12,31.0200004577637,32.0299987792969,30.9799995422363,31.3600006103516,39527000,28.4689025878906
2022-07-13,31.0699996948242,31.1499996185303,30.3999996185303,30.8400001525879,44153700,27.9968433380127
2022-07-14,30.0900001525879,30.2199993133545,29.6700000762939,30.1299991607666,51707800,27.3522987365723
2022-07-15,30.6499996185303,32.6300010681152,30.6100006103516,32.25,77801700,29.2768535614014
2022-07-18,33.0800018310547,33.3800010681152,32.0999984741211,32.2599983215332,56382900,29.2859287261963
2022-07-19,32.9000015258789,33.6199989318848,32.6800003051758,33.3499984741211,46874900,30.2754421234131
2022-07-20,33.1800003051758,33.4500007629395,32.9500007629395,33.3600006103516,35514900,30.2845191955566
2022-07-21,33.0900001525879,33.6699981689453,32.9500007629395,33.6500015258789,31244000,30.5477828979492
2022-07-22,33.5999984741211,33.939998626709,33.0900001525879,33.4300003051758,27115400,30.348072052002
2022-07-25,33.7799987792969,33.9799995422363,33.439998626709,33.7299995422363,30381000,30.6204071044922
2022-07-26,33.4099998474121,33.7799987792969,32.9599990844727,33.0499992370605,30645700,30.003101348877
2022-07-27,33.2400016784668,33.7700004577637,32.9500007629395,33.5900001525879,30344800,30.4933185577393
2022-07-28,33.5,33.75,32.9000015258789,33.3199996948242,40176500,30.2482089996338
2022-07-29,33.4700012207031,33.939998626709,33.3499984741211,33.810001373291,48152500,30.6930370330811
2022-08-01,33.6199989318848,33.8899993896484,33.2200012207031,33.7099990844727,32336700,30.6022510528564
2022-08-02,33.5999984741211,33.7200012207031,33,33.0400009155273,37884100,29.9940242767334
2022-08-03,33.4199981689453,33.75,33.1699981689453,33.6399993896484,30065800,30.5387096405029
2022-08-04,33.5200004577637,33.6699981689453,33.1699981689453,33.4000015258789,28404500,30.3208389282227
2022-08-05,33.2799987792969,34.3300018310547,33.2400016784668,33.9599990844727,35874500,30.8292140960693
2022-08-08,34.1699981689453,34.2900009155273,33.4500007629395,33.4900016784668,33454300,30.4025421142578
2022-08-09,33.6500015258789,33.9599990844727,33.4099998474121,33.9199981689453,40196900,30.7928943634033
2022-08-10,34.5,35.4300003051758,34.4500007629395,35.0699996948242,61415800,31.8368701934814
2022-08-11,35.7700004577637,36.060001373291,35.6500015258789,35.9099998474121,50420800,32.5994338989258
2022-08-12,36.1599998474121,36.310001373291,35.689998626709,36.2999992370605,31821700,32.9534797668457
2022-08-15,35.8400001525879,36.2999992370605,35.6699981689453,36.25,24908000,32.9080924987793
2022-08-16,36.189998626709,36.939998626709,36.0999984741211,36.6399993896484,31870200,33.2621307373047
2022-08-17,36.2000007629395,36.5900001525879,36.0800018310547,36.4099998474121,27125600,33.0533447265625
2022-08-18,36.25,36.4000015258789,36,36.2799987792969,23138300,32.9353218078613
2022-08-19,35.9599990844727,36.0299987792969,35.310001373291,35.4799995422363,36485400,32.2090721130371
2022-08-22,34.75,34.8199996948242,34.4500007629395,34.7200012207031,31210300,31.5191459655762
2022-08-23,34.6699981689453,34.9700012207031,34.3600006103516,34.4099998474121,26588000,31.237720489502
2022-08-24,34.25,34.7999992370605,34.0499992370605,34.5200004577637,31389400,31.3375797271729
2022-08-25,34.5999984741211,35.2799987792969,34.4500007629395,35.1399993896484,40576700,31.9004249572754
2022-08-26,35.439998626709,35.4799995422363,34.0200004577637,34.0299987792969,36152600,30.8927459716797
2022-08-29,33.8600006103516,34.1500015258789,33.6100006103516,33.9000015258789,34931000,30.7747421264648
2022-08-30,34.1800003051758,34.2799987792969,33.5400009155273,34.0900001525879,48194900,30.9472236633301
2022-08-31,34.1399993896484,34.3699989318848,33.5999984741211,33.6100006103516,44917600,30.5114765167236
2022-09-01,33.3400001525879,33.4900016784668,32.6599998474121,33.4700012207031,32848900,30.5845737457275
2022-09-02,33.9300003051758,34.4799995422363,33.2700004577637,33.4300003051758,44000800,30.5480289459229
2022-09-06,33.6399993896484,33.7299995422363,32.6100006103516,33.060001373291,40762400,30.209924697876
2022-09-07,32.810001373291,33.6699981689453,32.6300010681152,33.5699996948242,40742600,30.6759567260742
2022-09-08,33.4599990844727,34.7299995422363,33.2700004577637,34.6500015258789,44361800,31.6628494262695
2022-09-09,34.9799995422363,35.25,34.8400001525879,34.939998626709,37295100,31.9278411865234
2022-09-12,35.2000007629395,35.6300010681152,35.0299987792969,35.2700004577637,30534000,32.2294006347656
2022-09-13,34.5800018310547,34.7200012207031,33.810001373291,34,40959600,31.0688896179199
2022-09-14,34.2000007629395,34.4199981689453,33.5400009155273,33.8699989318848,32004400,30.9500885009766
2022-09-15,33.7900009155273,34.9000015258789,33.7000007629395,34.5099983215332,44863300,31.5349216461182
2022-09-16,34.189998626709,34.2299995422363,33.6599998474121,34.1199989318848,54281800,31.1785411834717
2022-09-19,33.7200012207031,34.8699989318848,33.6300010681152,34.689998626709,29782000,31.6993923187256
2022-09-20,34.5,34.7799987792969,33.8800010681152,34.1699981689453,33591100,31.2242317199707
2022-09-21,34.310001373291,34.4000015258789,33.1199989318848,33.1500015258789,51667800,30.2921676635742
2022-09-22,33.310001373291,33.4199981689453,32.3899993896484,32.5,47527500,29.6982021331787
2022-09-23,31.9300003051758,32.0900001525879,31.2099990844727,31.7299995422363,55316100,28.9945793151855
2022-09-26,31.3199996948242,31.8199996948242,30.6800003051758,31.0300006866455,40360200,28.3549251556396
2022-09-27,31.2700004577637,31.3700008392334,30.2999992370605,30.5699996948242,43396600,27.9345817565918
2022-09-28,30.5300006866455,31.3099994659424,30.3899993896484,31.0699996948242,38372900,28.3914775848389
2022-09-29,30.6900005340576,30.8999996185303,30.2099990844727,30.6599998474121,35220900,28.0168228149414
2022-09-30,30.7600002288818,31.1900005340576,30.1700000762939,30.2000007629395,42294100,27.5964832305908
2022-10-03,30.5900001525879,31.2800006866455,30.2000007629395,31.0900001525879,34591700,28.4097518920898
2022-10-04,31.7199993133545,32.5200004577637,31.6599998474121,32.3800010681152,39758700,29.5885486602783
2022-10-05,31.5400009155273,32.0299987792969,31.4500007629395,31.9200000762939,35791100,29.1682033538818
2022-10-06,31.6000003814697,31.8799991607666,31.3600006103516,31.4599990844727,40891900,28.7478542327881
2022-10-07,31.1700000762939,31.2399997711182,30.5300006866455,30.75,52304600,28.0990676879883
2022-10-10,30.8999996185303,31.0499992370605,30.3500003814697,30.6599998474121,37669100,28.0168228149414
2022-10-11,30.3700008392334,30.4699993133545,29.5699996948242,29.7700004577637,58124000,27.2035541534424
2022-10-12,29.6399993896484,30.3099994659424,29.4799995422363,29.8600006103516,36137900,27.2857971191406
2022-10-13,29.4099998474121,31.7700004577637,29.3099994659424,31.6900005340576,67671000,28.958028793335
2022-10-14,31.8099994659424,32.6300010681152,31.5699996948242,31.7000007629395,58108500,28.9671688079834
2022-10-17,33.3600006103516,33.8699989318848,32.8699989318848,33.6199989318848,88896800,30.7216396331787
2022-10-18,34.9799995422363,35.3600006103516,34.2799987792969,34.8800010681152,81937900,31.8730201721191
2022-10-19,34.5800018310547,34.8300018310547,33.7700004577637,33.9199981689453,43139900,30.9957847595215
2022-10-20,33.9799995422363,34.6300010681152,33.5900001525879,33.7000007629395,39549100,30.794750213623
2022-10-21,33.560001373291,35.0400009155273,33.560001373291,34.9500007629395,54870300,31.9369850158691
2022-10-24,35.1100006103516,35.2599983215332,34.7099990844727,35.0699996948242,33765600,32.0466384887695
2022-10-25,34.7400016784668,35.5800018310547,34.5299987792969,35.3899993896484,37132300,32.339054107666
2022-10-26,35.4199981689453,36.0900001525879,35.3499984741211,35.7000007629395,41104600,32.6223258972168
2022-10-27,36.1500015258789,36.3699989318848,35.7700004577637,35.8699989318848,35261900,32.7776756286621
2022-10-28,36.0400009155273,36.2999992370605,35.6399993896484,36.1800003051758,31659100,33.0609512329102
2022-10-31,36,36.3300018310547,35.810001373291,36.0400009155273,32565500,32.9330177307129
2022-11-01,36.439998626709,36.7599983215332,36.1100006103516,36.2000007629395,29913200,33.0792236328125
2022-11-02,36.0699996948242,37.2799987792969,35.9500007629395,36.0900001525879,57380600,32.9787101745605
2022-11-03,35.7000007629395,36.1399993896484,35.4099998474121,35.8899993896484,30046500,32.7959480285645
2022-11-04,36.5,37,36.2200012207031,36.7900009155273,39369400,33.6183624267578
2022-11-07,37.0099983215332,37.3400001525879,36.7299995422363,37.0099983215332,37533700,33.8193969726562
2022-11-08,37.0900001525879,37.4199981689453,36.75,37.1100006103516,32664300,33.9107780456543
2022-11-09,36.8800010681152,36.9599990844727,36.3899993896484,36.5200004577637,30164400,33.3716354370117
2022-11-10,37.2999992370605,38.2200012207031,37.1399993896484,38.1300010681152,45702800,34.842845916748
2022-11-11,38.189998626709,38.5999984741211,37.9700012207031,38.4099998474121,35688700,35.0987014770508
2022-11-14,38.0900001525879,38.2599983215332,37.75,37.7599983215332,35541400,34.5047302246094
2022-11-15,38.189998626709,38.2999992370605,37.2999992370605,37.7000007629395,46082800,34.4499168395996
2022-11-16,37.6100006103516,37.7400016784668,37.2000007629395,37.3600006103516,23813000,34.1392211914062
2022-11-17,36.8800010681152,37.2000007629395,36.560001373291,37.1699981689453,23689700,33.9655990600586
2022-11-18,37.7900009155273,37.8499984741211,36.9199981689453,37.189998626709,32041800,33.9838752746582
2022-11-21,37.0900001525879,37.5200004577637,37.060001373291,37.310001373291,27935700,34.0935325622559
2022-11-22,37.5900001525879,37.7999992370605,37.4300003051758,37.4900016784668,23499300,34.2580146789551
2022-11-23,37.4900016784668,37.6599998474121,37.3699989318848,37.6100006103516,18934700,34.3676795959473
2022-11-25,37.7200012207031,37.8699989318848,37.560001373291,37.7000007629395,16118500,34.4499168395996
2022-11-28,37.4000015258789,37.6599998474121,36.8300018310547,36.8600006103516,35428300,33.6823348999023
2022-11-29,36.9799995422363,37.1500015258789,36.7200012207031,37,27048800,33.8102531433105
2022-11-30,36.9000015258789,37.8499984741211,36.2000007629395,37.8499984741211,51747900,34.5869789123535
2022-12-01,37.5,37.689998626709,36.4000015258789,36.5499992370605,46213200,33.594310760498
2022-12-02,36.060001373291,36.2900009155273,35.810001373291,36.0800018310547,42295300,33.1623306274414
2022-12-05,35.810001373291,35.8899993896484,34.1399993896484,34.4700012207031,71386600,31.682523727417
2022-12-06,34.5699996948242,34.6800003051758,32.4099998474121,33,84085700,30.3313903808594
2022-12-07,32.5900001525879,32.9199981689453,32.3499984741211,32.7400016784668,49234100,30.0924224853516
2022-12-08,32.9700012207031,32.9900016784668,32.1800003051758,32.439998626709,45491100,29.8166770935059
2022-12-09,32.1100006103516,32.5999984741211,32.0800018310547,32.3800010681152,36985500,29.7615337371826
2022-12-12,32.310001373291,32.7799987792969,32.060001373291,32.7299995422363,41060500,30.0832252502441
2022-12-13,33.5499992370605,33.6699981689453,32.5699996948242,32.75,54804800,30.1016101837158
2022-12-14,32.7999992370605,33,32.1599998474121,32.2799987792969,48819500,29.6696166992188
2022-12-15,31.75,31.9899997711182,31.4899997711182,31.7700004577637,49027600,29.2008628845215
2022-12-16,31.6200008392334,31.9300003051758,31.3500003814697,31.7000007629395,61795200,29.1365222930908
2022-12-19,31.7600002288818,32.2299995422363,31.7299995422363,32.060001373291,38374100,29.4674129486084
2022-12-20,32.4000015258789,32.5800018310547,32.1399993896484,32.189998626709,35561100,29.5868949890137
2022-12-21,32.5200004577637,32.8699989318848,32.4099998474121,32.6800003051758,32544000,30.0372695922852
2022-12-22,32.5200004577637,32.5800018310547,31.8700008392334,32.3899993896484,30234400,29.7707195281982
2022-12-23,32.4000015258789,32.5800018310547,32.189998626709,32.4700012207031,21378600,29.8442573547363
2022-12-27,32.5,32.6699981689453,32.2799987792969,32.5299987792969,22776100,29.8994007110596
2022-12-28,32.5699996948242,32.9700012207031,32.5299987792969,32.7700004577637,30541000,30.1199932098389
2022-12-29,32.8899993896484,33.1599998474121,32.75,33.1399993896484,22252900,30.4600734710693
2022-12-30,33.0999984741211,33.2999992370605,32.8600006103516,33.1199989318848,28198900,30.4416942596436
2023-01-03,33.2299995422363,34.0900001525879,33.2099990844727,33.5099983215332,35221500,30.8001537322998
2023-01-04,33.9000015258789,34.8199996948242,33.8300018310547,34.1399993896484,41998500,31.3792018890381
2023-01-05,33.9199981689453,34.1399993896484,33.5800018310547,34.0699996948242,34177000,31.3148651123047
2023-01-06,34.0900001525879,34.5800018310547,33.5400009155273,34.4099998474121,34068700,31.6273708343506
2023-01-09,34.75,34.7599983215332,33.7099990844727,33.8899993896484,43818800,31.1494216918945
2023-01-10,33.7400016784668,34.2700004577637,33.6399993896484,34.1199989318848,35096000,31.3608245849609
2023-01-11,34.1199989318848,34.439998626709,34,34.3800010681152,36783700,31.5998020172119
2023-01-12,34.5999984741211,34.8699989318848,34.3600006103516,34.4700012207031,44230400,31.682523727417
2023-01-13,34.2000007629395,35.3899993896484,33.0900001525879,35.2299995422363,89667800,32.3810615539551
2023-01-17,34.689998626709,34.8300018310547,34.1500015258789,34.5200004577637,56458400,31.7284812927246
2023-01-18,34.3300018310547,34.3400001525879,33.5099983215332,33.7200012207031,54517800,30.9931774139404
2023-01-19,33.2799987792969,33.5499992370605,32.8899993896484,33.2299995422363,42707100,30.542797088623
2023-01-20,33.2999992370605,33.8899993896484,33.0900001525879,33.8499984741211,45004400,31.1126499176025
2023-01-23,33.810001373291,34.5099983215332,33.75,34.3199996948242,33683300,31.5446529388428
2023-01-24,34.2200012207031,34.7900009155273,33.9500007629395,34.5699996948242,26716700,31.7744369506836
2023-01-25,34.2999992370605,34.9599990844727,34.25,34.8699989318848,28859700,32.0501670837402
2023-01-26,35.0499992370605,35.3499984741211,34.7900009155273,35.3400001525879,30035500,32.4821624755859
2023-01-27,35.439998626709,35.7799987792969,35.2700004577637,35.4500007629395,29964900,32.5832748413086
2023-01-30,35.2099990844727,35.560001373291,35.1800003051758,35.2999992370605,27353500,32.4454002380371
2023-01-31,35.1699981689453,35.4799995422363,35,35.4799995422363,38917400,32.61083984375
2023-02-01,35.2000007629395,36.2599983215332,35.1100006103516,35.9199981689453,44438700,33.0152549743652
2023-02-02,36.0999984741211,36.3800010681152,35.439998626709,36.1300010681152,33729100,33.2082824707031
2023-02-03,36.0200004577637,36.7599983215332,35.9000015258789,36.4300003051758,37411700,33.4840240478516
2023-02-06,36.25,36.439998626709,35.9799995422363,36.3699989318848,29463200,33.4288711547852
2023-02-07,36.1699981689453,37,36.1300010681152,36.7700004577637,44100200,33.7965240478516
2023-02-08,36.4099998474121,36.8400001525879,36.3400001525879,36.5,28032800,33.5483627319336
2023-02-09,36.2700004577637,36.3499984741211,35.560001373291,35.7200012207031,35257100,32.8314361572266
2023-02-10,35.5499992370605,35.5900001525879,35.0299987792969,35.5800018310547,32898900,32.7027626037598
2023-02-13,35.4799995422363,35.7799987792969,35.3899993896484,35.6500015258789,29163900,32.7671051025391
2023-02-14,35.6300010681152,35.9900016784668,35.4599990844727,35.6199989318848,33625200,32.7395248413086
2023-02-15,35.3199996948242,35.6100006103516,35.1599998474121,35.560001373291,23500100,32.6843795776367
2023-02-16,35.4199981689453,35.6599998474121,35.2200012207031,35.2799987792969,22681100,32.4270133972168
2023-02-17,35.0800018310547,35.3899993896484,34.7400016784668,35.3499984741211,28562700,32.4913482666016
2023-02-21,34.9099998474121,35.0499992370605,34.2700004577637,34.5200004577637,37068900,31.7284812927246
2023-02-22,34.3600006103516,34.5499992370605,34.0699996948242,34.2900009155273,38550400,31.5170822143555
2023-02-23,34.4000015258789,34.5999984741211,33.8600006103516,34.2599983215332,28488000,31.489501953125
2023-02-24,33.8600006103516,34.2900009155273,33.8400001525879,34.2099990844727,27046600,31.4435424804688
2023-02-27,34.4500007629395,34.689998626709,34.1699981689453,34.2099990844727,30137500,31.4435424804688
2023-02-28,34.3499984741211,34.4900016784668,34.1800003051758,34.2999992370605,32620600,31.5262699127197
2023-03-01,34.1500015258789,34.4900016784668,33.9799995422363,34.1399993896484,29281600,31.3792018890381
2023-03-02,33.6599998474121,33.7000007629395,33,33.4900016784668,44607200,30.9814205169678
2023-03-03,33.6500015258789,34.2900009155273,33.6500015258789,34.1599998474121,39109100,31.6012306213379
2023-03-06,34.2400016784668,34.560001373291,33.9900016784668,34.0900001525879,36646700,31.5364723205566
2023-03-07,33.8499984741211,33.9000015258789,32.7999992370605,33,52855300,30.5281181335449
2023-03-08,32.6599998474121,32.9700012207031,32.439998626709,32.560001373291,40045600,30.1210784912109
2023-03-09,32.2799987792969,32.3899993896484,30.3099994659424,30.5400009155273,112457900,28.2523860931396
2023-03-10,30.3199996948242,31.0400009155273,28.9200000762939,30.2700004577637,165330900,28.0026092529297
2023-03-13,28.9200000762939,29.7199993133545,27.8700008392334,28.5100002288818,218403300,26.3744430541992
2023-03-14,29.9899997711182,30.0900001525879,28.4699993133545,28.7600002288818,154255800,26.6057186126709
2023-03-15,27.8799991607666,28.5599994659424,27.6800003051758,28.4899997711182,131104400,26.3559436798096
2023-03-16,28.3799991607666,29.4699993133545,28.1100006103516,28.9699993133545,108348800,26.7999897003174
2023-03-17,28.6599998474121,28.6599998474121,27.6200008392334,27.8199996948242,130665500,25.7361278533936
2023-03-20,28.2399997711182,28.4300003051758,27.6499996185303,27.75,81441200,25.6713714599609
2023-03-21,28.6299991607666,28.9799995422363,28.5100002288818,28.5900001525879,84854800,26.4484481811523
2023-03-22,28.7099990844727,28.7399997711182,27.6399993896484,27.6399993896484,76925900,25.5696105957031
2023-03-23,28,28.0900001525879,26.7900009155273,26.9699993133545,105335900,24.9497966766357
2023-03-24,26.6000003814697,27.2900009155273,26.3199996948242,27.1399993896484,96872700,25.1070652008057
2023-03-27,27.9300003051758,28.6499996185303,27.9099998474121,28.4899997711182,102469800,26.3559436798096
2023-03-28,28.3799991607666,28.6499996185303,27.9799995422363,28.1200008392334,63416500,26.0136566162109
2023-03-29,28.4899997711182,28.7700004577637,28.2399997711182,28.6700000762939,62666400,26.5224609375
2023-03-30,28.9200000762939,29.0599994659424,28.1100006103516,28.2999992370605,67427100,26.18017578125
2023-03-31,28.6200008392334,28.6800003051758,28.2600002288818,28.6000003814697,56482100,26.4577026367188
2023-04-03,28.6399993896484,28.9799995422363,28.3299999237061,28.5900001525879,51996800,26.4484481811523
2023-04-04,28.5499992370605,28.6499996185303,27.6599998474121,27.9799995422363,56233300,25.8841419219971
2023-04-05,27.6599998474121,27.9099998474121,27.4599990844727,27.6399993896484,47799400,25.5696105957031
2023-04-06,27.7199993133545,28.0100002288818,27.6200008392334,27.8400001525879,41216600,25.7546310424805
2023-04-10,27.6700000762939,28.1000003814697,27.6499996185303,27.9400005340576,40572700,25.8471431732178
2023-04-11,28.0200004577637,28.75,27.9599990844727,28.7099990844727,58761200,26.5594635009766
2023-04-12,28.6800003051758,29.0100002288818,28.3700008392334,28.4799995422363,44313300,26.3466930389404
2023-04-13,28.5599994659424,28.6399993896484,28.2399997711182,28.5599994659424,52261400,26.4206981658936
2023-04-14,29.2999992370605,29.8700008392334,29.25,29.5200004577637,81110800,27.3087882995605
2023-04-17,29.7700004577637,30.4099998474121,29.3999996185303,30.3700008392334,83704400,28.0951194763184
2023-04-18,30.7999992370605,30.9300003051758,29.7999992370605,30.5599994659424,114498800,28.2708854675293
2023-04-19,30.1299991607666,30.2000007629395,29.7900009155273,30.0599994659424,65594200,27.8083400726318
2023-04-20,29.8400001525879,30.2299995422363,29.7700004577637,29.8999996185303,43193800,27.6603240966797
2023-04-21,29.75,29.9799995422363,29.4099998474121,29.8700008392334,44759000,27.6325759887695
2023-04-24,29.7900009155273,29.8999996185303,29.5900001525879,29.7600002288818,28020300,27.5308151245117
2023-04-25,29.4500007629395,29.5300006866455,28.8199996948242,28.8400001525879,49718800,26.6797256469727
2023-04-26,28.7600002288818,28.9400005340576,28.2999992370605,28.4400005340576,45848400,26.3096885681152
2023-04-27,28.5200004577637,29.0799999237061,28.5200004577637,28.8899993896484,33060100,26.725980758667
2023-04-28,28.5300006866455,29.4300003051758,28.5100002288818,29.2800006866455,45592500,27.0867691040039
2023-05-01,29.5,29.5400009155273,29,29.0400009155273,34076800,26.8647422790527
2023-05-02,28.8500003814697,28.8600006103516,27.7099990844727,28.1599998474121,70797700,26.0506591796875
2023-05-03,28.1599998474121,28.5,27.8099994659424,27.8600006103516,51139500,25.7731342315674
2023-05-04,27.5799999237061,27.8099994659424,26.8299999237061,26.9899997711182,82173800,24.9683017730713
2023-05-05,27.6200008392334,27.8899993896484,27.4699993133545,27.7099990844727,50087100,25.6343669891357
2023-05-08,28.0799999237061,28.1499996185303,27.6599998474121,27.6900005340576,34245500,25.6158695220947
2023-05-09,27.4200000762939,27.8299999237061,27.2399997711182,27.6599998474121,32188800,25.5881156921387
2023-05-10,27.9599990844727,28,27.0200004577637,27.3199996948242,44446400,25.2735824584961
2023-05-11,27.0100002288818,27.4899997711182,26.8799991607666,27.3899993896484,34897300,25.3383369445801
2023-05-12,27.5200004577637,27.5499992370605,26.8799991607666,27.0900001525879,38142000,25.0608100891113
2023-05-15,27.1000003814697,27.8199996948242,27.0300006866455,27.6499996185303,38722800,25.5788612365723
2023-05-16,27.7800006866455,27.8999996185303,27.3299999237061,27.3600006103516,33347500,25.3105850219727
2023-05-17,27.7399997711182,28.6700000762939,27.7299995422363,28.5699996948242,61750400,26.4299468994141
2023-05-18,28.4400005340576,28.5,28,28.4699993133545,51146100,26.3374404907227
2023-05-19,28.4599990844727,28.6700000762939,28.0300006866455,28.1100006103516,50062500,26.0044097900391
2023-05-22,28.2999992370605,28.4500007629395,28.0100002288818,28.3400001525879,36473700,26.2171802520752
2023-05-23,28.3199996948242,29.0799999237061,28.2999992370605,28.5799999237061,51400400,26.4391994476318
2023-05-24,28.3299999237061,28.5100002288818,28,28.1000003814697,50606900,25.995153427124
2023-05-25,27.9899997711182,28.2399997711182,27.8799991607666,28.1700000762939,40517800,26.0599117279053
2023-05-26,28.2000007629395,28.3999996185303,27.7900009155273,28.3099994659424,57879100,26.1894226074219
2023-05-30,28.3199996948242,28.4899997711182,27.9500007629395,28.2600002288818,41819600,26.1431713104248
2023-05-31,28.1000003814697,28.1599998474121,27.4799995422363,27.7900009155273,61905200,25.7083759307861
2023-06-01,27.7600002288818,27.9799995422363,27.3400001525879,27.7800006866455,57426100,25.9041938781738
2023-06-02,28.1599998474121,28.9500007629395,28.1200008392334,28.7099990844727,66578100,26.7714004516602
2023-06-05,28.8199996948242,28.8199996948242,28.2999992370605,28.5400009155273,34757800,26.6128787994385
2023-06-06,28.4599990844727,29.4300003051758,28.4500007629395,29.2299995422363,46297900,27.256290435791
2023-06-07,29.2999992370605,29.6499996185303,29.0100002288818,29.4799995422363,44502600,27.4894065856934
2023-06-08,29.2800006866455,29.3799991607666,28.9899997711182,29.2299995422363,41483100,27.256290435791
2023-06-09,29.2000007629395,29.3999996185303,29.0799999237061,29.2700004577637,32692000,27.293586730957
2023-06-12,29.2999992370605,29.5599994659424,28.9099998474121,29.1299991607666,41011300,27.1630382537842
2023-06-13,29.1299991607666,29.7999992370605,29.0300006866455,29.3999996185303,42718800,27.4148063659668
2023-06-14,29.5699996948242,29.7299995422363,28.9899997711182,29.1200008392334,38322800,27.153715133667
2023-06-15,28.8999996185303,29.4699993133545,28.6900005340576,29.3700008392334,42044900,27.3868350982666
2023-06-16,29.5300006866455,29.6800003051758,29.1599998474121,29.1900005340576,53050200,27.2189903259277
2023-06-20,29.0100002288818,29.0400009155273,28.5799999237061,28.8700008392334,39040900,26.920597076416
2023-06-21,28.7800006866455,29,28.5400009155273,28.5699996948242,39553400,26.64084815979
2023-06-22,28.5,28.5300006866455,27.8999996185303,27.9599990844727,50742900,26.07204246521
2023-06-23,27.7399997711182,27.8899993896484,27.5900001525879,27.75,55181100,25.876220703125
2023-06-26,27.7999992370605,28.2800006866455,27.7900009155273,28.0900001525879,47519300,26.1932621002197
2023-06-27,28.1000003814697,28.3999996185303,27.9500007629395,28.2399997711182,39081800,26.3331336975098
2023-06-28,28.25,28.2700004577637,27.8999996185303,28.0699996948242,37803800,26.1746158599854
2023-06-29,28.5,29,28.3999996185303,28.6599998474121,68376400,26.7247753143311
2023-06-30,28.9400005340576,29.1100006103516,28.6700000762939,28.6900005340576,50479000,26.7527503967285
2023-07-03,28.7000007629395,29.3500003814697,28.6499996185303,29.2000007629395,30995800,27.2283153533936
2023-07-05,29.1399993896484,29.4200000762939,28.9500007629395,29.0799999237061,37492000,27.1164150238037
2023-07-06,28.7999992370605,28.8199996948242,28.1000003814697,28.2800006866455,52098000,26.3704376220703
2023-07-07,28.2999992370605,28.8199996948242,28.2900009155273,28.5300006866455,34288000,26.6035556793213
2023-07-10,28.5900001525879,28.8500003814697,28.4699993133545,28.6599998474121,36086000,26.7247753143311
2023-07-11,28.6599998474121,29.0799999237061,28.4200000762939,29.0200004577637,40978700,27.0604667663574
2023-07-12,29.5100002288818,29.8899993896484,29.2700004577637,29.3600006103516,41855500,27.3775081634521
2023-07-13,29.5200004577637,29.8700008392334,29.4099998474121,29.6700000762939,39589000,27.6665782928467
2023-07-14,30,30.1000003814697,29.0499992370605,29.1100006103516,58720300,27.1443901062012
2023-07-17,29.1499996185303,29.5599994659424,29.1200008392334,29.3999996185303,49477200,27.4148063659668
2023-07-18,30,30.8600006103516,29.9200000762939,30.7000007629395,98253800,28.6270275115967
2023-07-19,30.8899993896484,31.7000007629395,30.6900005340576,31.5300006866455,70619800,29.4009857177734
2023-07-20,31.3299999237061,31.7999992370605,31.2600002288818,31.6900005340576,42128800,29.550178527832
2023-07-21,31.8700008392334,32.1100006103516,31.4200000762939,31.9799995422363,70872400,29.8205986022949
2023-07-24,32,32.8499984741211,31.9799995422363,32.6500015258789,64548600,30.4453601837158
2023-07-25,32.7599983215332,32.7900009155273,32.0699996948242,32.1500015258789,51208800,29.9791221618652
2023-07-26,32.2400016784668,32.5400009155273,32.1500015258789,32.4099998474121,41814600,30.2215595245361
2023-07-27,32.4300003051758,32.7400016784668,31.8199996948242,31.9500007629395,45529500,29.7926216125488
2023-07-28,32.1500015258789,32.1599998474121,31.7099990844727,31.8999996185303,33296500,29.7459983825684
2023-07-31,31.8999996185303,32.25,31.7800006866455,32,29093400,29.8392448425293
2023-08-01,31.8400001525879,31.9400005340576,31.4200000762939,31.6200008392334,32712000,29.4849052429199
2023-08-02,31.1599998474121,31.2800006866455,30.7800006866455,31.1900005340576,38855100,29.0839424133301
2023-08-03,30.9400005340576,31.5499992370605,30.8799991607666,31.4099998474121,27933400,29.289083480835
2023-08-04,31.3600006103516,31.6700000762939,31.1700000762939,31.2999992370605,30768100,29.1865139007568
2023-08-07,31.4099998474121,31.8999996185303,31.4099998474121,31.8799991607666,31745200,29.7273483276367
2023-08-08,31.2999992370605,31.3099994659424,30.4799995422363,31.2700004577637,45951800,29.1585426330566
2023-08-09,31.2199993133545,31.2800006866455,30.8299999237061,30.8600006103516,30732100,28.7762222290039
2023-08-10,31.0100002288818,31.3199996948242,30.7999992370605,30.9400005340576,26062600,28.8508205413818
2023-08-11,30.7999992370605,31.3999996185303,30.75,31.2900009155273,35720700,29.177188873291
2023-08-14,31.0499992370605,31.1100006103516,30.75,30.9300003051758,32563700,28.8414974212646
2023-08-15,30.5,30.5499992370605,29.8400001525879,29.9400005340576,43406100,27.9183464050293
2023-08-16,29.75,29.8400001525879,29.2099990844727,29.2900009155273,47220400,27.31223487854
2023-08-17,29.4400005340576,29.5400009155273,29.1100006103516,29.2800006866455,37202200,27.3029117584229
2023-08-18,29.0400009155273,29.3500003814697,28.9799995422363,29.1100006103516,31430400,27.1443901062012
2023-08-21,29.2199993133545,29.2999992370605,28.7999992370605,29.1499996185303,34959000,27.1816883087158
2023-08-22,29.1299991607666,29.2399997711182,28.4200000762939,28.4400005340576,37564200,26.5196304321289
2023-08-23,28.4500007629395,28.5100002288818,28.1800003051758,28.4500007629395,44686600,26.5289573669434
2023-08-24,28.3999996185303,28.7900009155273,28.3700008392334,28.6200008392334,31934800,26.6874752044678
2023-08-25,28.6399993896484,28.7900009155273,28.2999992370605,28.5,34253200,26.5755786895752
2023-08-28,28.6900005340576,29,28.5699996948242,28.7600002288818,33075200,26.818021774292
2023-08-29,28.8899993896484,29.2600002288818,28.7199993133545,29.1700000762939,30428200,27.2003383636475
2023-08-30,29.2199993133545,29.2700004577637,28.9300003051758,29.0400009155273,33366400,27.0791149139404
2023-08-31,28.9300003051758,28.9699993133545,28.5300006866455,28.6700000762939,37243000,26.9568843841553
2023-09-01,28.7600002288818,29.1299991607666,28.7600002288818,28.9799995422363,35228600,27.2483596801758
2023-09-05,28.9400005340576,29.1200008392334,28.5,28.6499996185303,46543600,26.9380798339844
2023-09-06,28.3999996185303,28.5599994659424,28.1200008392334,28.3899993896484,45022600,26.6936187744141
2023-09-07,28.4099998474121,28.5499992370605,28.0599994659424,28.1299991607666,35023600,26.4491500854492
2023-09-08,28.1200008392334,28.3799991607666,27.9599990844727,28.3600006103516,36513900,26.6654071807861
2023-09-11,28.5100002288818,28.7600002288818,28.3999996185303,28.4799995422363,34168300,26.7782382965088
2023-09-12,28.4599990844727,29.1399993896484,28.3999996185303,28.9699993133545,42284000,27.2389583587646
2023-09-13,29.1200008392334,29.1900005340576,28.7000007629395,28.8799991607666,37215700,27.1543369293213
2023-09-14,29.1700000762939,29.4400005340576,29.1000003814697,29.2000007629395,44634800,27.4552192687988
2023-09-15,28.9500007629395,29.0900001525879,28.75,28.8400001525879,61661100,27.1167278289795
2023-09-18,28.7999992370605,28.7999992370605,28.4899997711182,28.7600002288818,25752300,27.0415058135986
2023-09-19,28.7600002288818,28.9400005340576,28.5100002288818,28.6499996185303,34888100,26.9380798339844
2023-09-20,28.8099994659424,28.9699993133545,28.5300006866455,28.5499992370605,26641100,26.8440570831299
2023-09-21,28.3600006103516,28.5900001525879,28.0200004577637,28.0499992370605,39906000,26.3739318847656
2023-09-22,28.0699996948242,28.1900005340576,27.6000003814697,27.6399993896484,41284400,25.9884281158447
2023-09-25,27.5,27.6200008392334,27.3500003814697,27.6000003814697,32749200,25.9508228302002
2023-09-26,27.3400001525879,27.5,27.0100002288818,27.1700000762939,42237400,25.5465126037598
2023-09-27,27.2299995422363,27.6100006103516,27.0699996948242,27.2700004577637,38296300,25.6405410766602
2023-09-28,27.1700000762939,27.6399993896484,27.1700000762939,27.5599994659424,36734300,25.9132118225098
2023-09-29,27.8899993896484,27.9899997711182,27.2700004577637,27.3799991607666,40645900,25.7439651489258
2023-10-02,27.2700004577637,27.3600006103516,26.5799999237061,26.7000007629395,50388600,25.1045970916748
2023-10-03,26.4899997711182,26.5200004577637,25.8199996948242,25.9099998474121,62144500,24.3618030548096
2023-10-04,25.8799991607666,26.0100002288818,25.5799999237061,25.9400005340576,55696400,24.3900089263916
2023-10-05,25.7800006866455,26.0900001525879,25.5599994659424,26.0599994659424,49044100,24.5028381347656
2023-10-06,25.7700004577637,26.2299995422363,25.4699993133545,26.0699996948242,58177300,24.5122394561768
2023-10-09,25.7600002288818,26.3600006103516,25.7199993133545,26.3099994659424,39953700,24.7378997802734
2023-10-10,26.6100006103516,27.2999992370605,26.5699996948242,27.0100002288818,51960100,25.3960762023926
2023-10-11,27.1700000762939,27.4400005340576,26.8999996185303,27.0200004577637,38508200,25.4054775238037
2023-10-12,26.9699993133545,27.0799999237061,26.6100006103516,26.8999996185303,44249800,25.2926464080811
2023-10-13,27.4300003051758,27.7199993133545,26.5200004577637,26.7600002288818,55089700,25.1610126495361
2023-10-16,27.1599998474121,27.1800003051758,26.7700004577637,26.9899997711182,56817500,25.3772716522217
2023-10-17,27.0499992370605,27.8700008392334,26.7199993133545,27.6200008392334,95344200,25.9696235656738
2023-10-18,27.5400009155273,28.0400009155273,27.2099990844727,27.3099994659424,68371100,25.6781463623047
2023-10-19,27.25,27.7800006866455,26.8799991607666,26.9599990844727,58611000,25.3490619659424
2023-10-20,26.7999992370605,26.9400005340576,26.2399997711182,26.3099994659424,62058400,24.7378997802734
2023-10-23,26.1299991607666,26.2099990844727,25.5200004577637,25.5699996948242,59857200,24.0421161651611
2023-10-24,25.7399997711182,25.8700008392334,25.3999996185303,25.4699993133545,55975700,23.9480953216553
2023-10-25,25.3799991607666,25.6499996185303,25.1800003051758,25.5499992370605,45522400,24.0233135223389
2023-10-26,25.4899997711182,26.3600006103516,25.4400005340576,26.1200008392334,60921000,24.5592575073242
2023-10-27,26.0699996948242,26.0699996948242,24.9599990844727,25.1700000762939,64709300,23.6660175323486
2023-10-30,25.3199996948242,25.7800006866455,25.2800006866455,25.6900005340576,41891900,24.1549491882324
2023-10-31,25.7399997711182,26.3799991607666,25.7199993133545,26.3400001525879,50106700,24.7661075592041
2023-11-01,26.4400005340576,26.6200008392334,26.1499996185303,26.3999996185303,44046300,24.8225231170654
2023-11-02,26.7099990844727,27.6599998474121,26.5900001525879,27.6200008392334,63278300,25.9696235656738
2023-11-03,28.1599998474121,28.9300003051758,28.1299991607666,28.4200000762939,62613600,26.7218227386475
2023-11-06,28.5599994659424,28.7700004577637,28.0200004577637,28.3299999237061,45548000,26.6372013092041
2023-11-07,28.0499992370605,28.2600002288818,27.9500007629395,28.1599998474121,33081900,26.4773578643799
2023-11-08,28.1599998474121,28.2000007629395,27.6700000762939,27.8899993896484,31896000,26.2234935760498
2023-11-09,28.0699996948242,28.0799999237061,27.3999996185303,27.5300006866455,32267900,25.8850059509277
2023-11-10,27.7600002288818,27.7700004577637,27.3400001525879,27.6800003051758,32858500,26.0260391235352
2023-11-13,27.5400009155273,27.8500003814697,27.4200000762939,27.7000007629395,28521800,26.0448474884033
2023-11-14,28.5,29.4099998474121,28.4699993133545,29.2199993133545,66676300,27.4740219116211
2023-11-15,29.2000007629395,29.7299995422363,29.2000007629395,29.6200008392334,46968900,27.8501205444336
2023-11-16,29.4300003051758,29.7000007629395,29.2199993133545,29.5400009155273,36952800,27.7748985290527
2023-11-17,29.7099990844727,30,29.5499992370605,29.9799995422363,38493300,28.1886081695557
2023-11-20,29.9799995422363,30.25,29.75,30.0100002288818,46783400,28.2168159484863
2023-11-21,29.9899997711182,29.9899997711182,29.5499992370605,29.6599998474121,41611900,27.8877296447754
2023-11-22,29.7399997711182,29.7900009155273,29.5200004577637,29.6299991607666,41422700,27.8595218658447
2023-11-24,29.4799995422363,29.8899993896484,29.4799995422363,29.7299995422363,15815600,27.9535465240479
2023-11-27,29.6000003814697,29.6900005340576,29.5100002288818,29.5599994659424,42039500,27.7937068939209
2023-11-28,29.5300006866455,29.6499996185303,29.3199996948242,29.5300006866455,29705800,27.7654972076416
2023-11-29,29.8799991607666,30.6100006103516,29.8099994659424,30.3099994659424,57954900,28.4988899230957
2023-11-30,30.2099990844727,30.5499992370605,30.0400009155273,30.4899997711182,52547700,28.8969478607178
2023-12-01,30.3999996185303,31.0499992370605,30.3500003814697,30.9599990844727,46133300,29.3423881530762
2023-12-04,30.5300006866455,31,30.5200004577637,30.8199996948242,37811300,29.2097015380859
2023-12-05,30.6800003051758,30.7900009155273,30.3299999237061,30.5799999237061,45723100,28.9822444915771
2023-12-06,30.7800006866455,31.5200004577637,30.4400005340576,30.5300006866455,49803100,28.9348564147949
2023-12-07,30.5900001525879,30.9300003051758,30.5400009155273,30.6599998474121,32699600,29.0580654144287
2023-12-08,30.6700000762939,31.1399993896484,30.6100006103516,30.9599990844727,34794300,29.3423881530762
2023-12-11,30.9200000762939,31.0799999237061,30.7099990844727,30.8500003814697,32254000,29.2381381988525
2023-12-12,30.7700004577637,30.8600006103516,30.4500007629395,30.7399997711182,34566700,29.1338844299316
2023-12-13,30.75,32.1300010681152,30.6299991607666,32.0400009155273,60311100,30.3659629821777
2023-12-14,32.6199989318848,34.0699996948242,32.5699996948242,33.939998626709,107190000,32.1666831970215
2023-12-15,33.8199996948242,34.0200004577637,33.2900009155273,33.5999984741211,83771800,31.8444499969482
2023-12-18,33.7099990844727,33.7900009155273,33.4099998474121,33.4300003051758,40694700,31.6833381652832
2023-12-19,33.0299987792969,33.6699981689453,32.7999992370605,33.5099983215332,44534800,31.7591552734375
2023-12-20,33.3800010681152,33.7099990844727,32.9500007629395,32.9799995422363,44711400,31.2568492889404
2023-12-21,33.2400016784668,33.4500007629395,32.8899993896484,33.2000007629395,32325700,31.4653549194336
2023-12-22,33.2099990844727,33.6699981689453,33.2000007629395,33.4300003051758,37265900,31.6833381652832
2023-12-26,33.4500007629395,33.9599990844727,33.3699989318848,33.8600006103516,24845400,32.0908622741699
2023-12-27,33.7999992370605,33.9500007629395,33.6599998474121,33.8400001525879,24498600,32.0719146728516
2023-12-28,33.8199996948242,33.9700012207031,33.7700004577637,33.8800010681152,21799600,32.1098289489746
2023-12-29,33.939998626709,33.9900016784668,33.5499992370605,33.6699981689453,28060700,31.9107933044434
2024-01-02,33.3899993896484,34.0699996948242,33.2700004577637,33.9000015258789,36668600,32.128776550293
2024-01-03,33.6500015258789,33.7700004577637,33.2400016784668,33.5299987792969,45988700,31.7781105041504
2024-01-04,33.5699996948242,34.310001373291,33.5400009155273,33.7999992370605,39834600,32.0340003967285
2024-01-05,33.7999992370605,34.689998626709,33.7099990844727,34.4300003051758,49242400,32.6310882568359
2024-01-08,34.2999992370605,34.2999992370605,33.6399993896484,34.1599998474121,40253900,32.3751945495605
2024-01-09,33.8199996948242,33.8400001525879,33.5099983215332,33.6300010681152,39268800,31.8728866577148
2024-01-10,33.5,33.6300010681152,33.2400016784668,33.5999984741211,34904000,31.8444499969482
2024-01-11,33.3600006103516,33.5,32.7799987792969,33.1500015258789,48790600,31.4179668426514
2024-01-12,32.25,33.189998626709,31.9599990844727,32.7999992370605,74344300,31.086254119873
2024-01-16,32.4099998474121,32.5099983215332,31.8199996948242,32.1199989318848,58420800,30.441780090332
2024-01-17,31.7199993133545,31.9899997711182,31.2700004577637,31.7999992370605,48811300,30.138500213623
2024-01-18,31.75,31.7700004577637,31.3999996185303,31.7299995422363,35484400,30.0721569061279
2024-01-19,31.7999992370605,32.2299995422363,31.5699996948242,32.2200012207031,49493600,30.5365562438965
2024-01-22,32.3600006103516,32.9900016784668,32.3199996948242,32.5499992370605,43903400,30.8493118286133
2024-01-23,32.5400009155273,32.8199996948242,32.3899993896484,32.7700004577637,30003400,31.0578193664551
2024-01-24,33.0299987792969,33.3400001525879,32.9099998474121,32.9799995422363,36403900,31.2568492889404
2024-01-25,33.2099990844727,33.4500007629395,32.8300018310547,33.3899993896484,46204000,31.6454257965088
2024-01-26,33.4000015258789,33.6699981689453,33.3199996948242,33.4300003051758,30839800,31.6833381652832
2024-01-29,33.4000015258789,33.6500015258789,33.2400016784668,33.6100006103516,30269300,31.853931427002
2024-01-30,33.9000015258789,34.8899993896484,33.8400001525879,34.7900009155273,60315700,32.9722785949707
2024-01-31,34.5699996948242,35.0999984741211,34,34.0099983215332,54716000,32.2330360412598
2024-02-01,33.9300003051758,34.25,32.9300003051758,33.5499992370605,57084800,31.7970657348633
2024-02-02,33.3699989318848,33.7099990844727,33.1699981689453,33.4700012207031,40416000,31.7212448120117
2024-02-05,33.1100006103516,33.2900009155273,32.8600006103516,32.9900016784668,43573000,31.2663249969482
2024-02-06,32.9199981689453,33.3600006103516,32.8800010681152,33.0400009155273,27188000,31.3137149810791
2024-02-07,33.060001373291,33.2599983215332,32.6300010681152,33.1800003051758,29660100,31.4463977813721
2024-02-08,33.0499992370605,33.2799987792969,32.7999992370605,33.1199989318848,36852200,31.3895301818848
2024-02-09,33.0999984741211,33.25,32.8400001525879,33.0699996948242,36176000,31.3421401977539
2024-02-12,33,33.9700012207031,32.9799995422363,33.6199989318848,34160400,31.863410949707
2024-02-13,33.1199989318848,33.310001373291,32.3499984741211,32.75,43801500,31.0388641357422
2024-02-14,32.9799995422363,33.1800003051758,32.8699989318848,33.1300010681152,27833900,31.3990077972412
2024-02-15,33.3199996948242,34.2400016784668,33.3199996948242,34.0699996948242,41683100,32.2898979187012
2024-02-16,33.9199981689453,34.1500015258789,32.4900016784668,34.0900001525879,33290700,32.3088531494141
2024-02-20,33.7799987792969,34.0900001525879,33.7700004577637,33.9599990844727,30372900,32.1856460571289
2024-02-21,33.3600006103516,33.7400016784668,33.1699981689453,33.7000007629395,37847100,31.93922996521
2024-02-22,33.3699989318848,34.0699996948242,33.3699989318848,33.6100006103516,42756900,31.853931427002
2024-02-23,33.7299995422363,34.0499992370605,33.4900016784668,33.9199981689453,30586000,32.1477279663086
2024-02-26,33.7900009155273,34.2200012207031,33.5299987792969,33.6100006103516,31129200,31.853931427002
2024-02-27,33.7299995422363,34.4300003051758,33.7099990844727,34.2799987792969,40536300,32.4889221191406
2024-02-28,34.2200012207031,34.5999984741211,34.1100006103516,34.310001373291,39548600,32.5173568725586
2024-02-29,34.3300018310547,34.6500015258789,34.1500015258789,34.5200004577637,43863400,32.9468460083008
2024-03-01,34.5299987792969,34.6500015258789,34.0299987792969,34.3499984741211,38432300,32.784595489502
2024-03-04,34.2900009155273,35.4199981689453,34.25,35.1500015258789,49136400,33.5481376647949
2024-03-05,34.9300003051758,35.7200012207031,34.8699989318848,35.3899993896484,47591600,33.7771987915039
2024-03-06,35.6500015258789,35.7900009155273,35.0699996948242,35.4199981689453,49149700,33.8058319091797
2024-03-07,35.5999984741211,35.9000015258789,35.25,35.6300010681152,35900700,34.0062637329102
2024-03-08,35.8699989318848,36.1300010681152,35.5,35.5999984741211,42769900,33.9776306152344
2024-03-11,35.3899993896484,35.9300003051758,35.2700004577637,35.8899993896484,34131500,34.2544136047363
2024-03-12,35.9000015258789,36.1500015258789,35.7799987792969,35.9599990844727,29260400,34.321216583252
2024-03-13,35.9599990844727,36.4500007629395,35.9599990844727,36.0800018310547,38289600,34.4357566833496
2024-03-14,35.9199981689453,36.2200012207031,35.4799995422363,35.689998626709,40178100,34.0635299682617
2024-03-15,35.2799987792969,36.0099983215332,35.2400016784668,35.4099998474121,69646400,33.7962875366211
2024-03-18,35.6599998474121,36.0900001525879,35.3899993896484,36.0099983215332,50617900,34.3689422607422
2024-03-19,35.8899993896484,36.3899993896484,35.8499984741211,36.0299987792969,46113800,34.3880348205566
2024-03-20,35.8400001525879,36.8800010681152,35.7299995422363,36.75,40519000,35.0752220153809
2024-03-21,36.9300003051758,37.5999984741211,36.8800010681152,37.5099983215332,43219500,35.8005905151367
2024-03-22,37.4099998474121,37.6100006103516,37,37.0499992370605,29001100,35.3615531921387
2024-03-25,37.0999984741211,37.2799987792969,36.8400001525879,36.8600006103516,30480200,35.1802062988281
2024-03-26,37,37.2400016784668,36.7999992370605,37.0900001525879,33673400,35.3997268676758
2024-03-27,37.25,37.8499984741211,37.2400016784668,37.810001373291,36350200,36.0869178771973
2024-03-28,37.7200012207031,38,37.4199981689453,37.9199981689453,42262500,36.1919021606445
2024-04-01,37.939998626709,38.3499984741211,37.439998626709,37.5200004577637,33908000,35.8101272583008
2024-04-02,37.189998626709,37.5800018310547,37.1599998474121,37.2999992370605,34806800,35.6001586914062
2024-04-03,37.4000015258789,38.0200004577637,37.2700004577637,37.439998626709,33338500,35.7337760925293
2024-04-04,37.7000007629395,37.9599990844727,36.8699989318848,36.9199981689453,42888200,35.237476348877
2024-04-05,36.810001373291,37.3400001525879,36.7299995422363,37.1100006103516,30823500,35.418815612793
2024-04-08,37.2000007629395,37.5800018310547,37.1300010681152,37.5,29470300,35.7910461425781
2024-04-09,37.5099983215332,37.7700004577637,37.2000007629395,37.7299995422363,30967300,36.0105667114258
2024-04-10,37.1800003051758,37.2299995422363,36.5499992370605,36.6500015258789,37610700,34.9797821044922
2024-04-11,36.75,36.75,36.0499992370605,36.3499984741211,38604000,34.6934471130371
2024-04-12,35.810001373291,36.0900001525879,35.5299987792969,35.7900009155273,47126100,34.1589736938477
2024-04-15,36.3300018310547,36.7599983215332,35.7599983215332,35.9500007629395,44392000,34.3116798400879
2024-04-16,36.0999984741211,36.1699981689453,34.1500015258789,34.6800003051758,95566100,33.099552154541
2024-04-17,34.8899993896484,35.75,34.75,35.2299995422363,65951400,33.6244888305664
2024-04-18,35.5400009155273,35.9900016784668,35.1800003051758,35.7700004577637,44506200,34.1398849487305
2024-04-19,36.0999984741211,37.1199989318848,36.060001373291,36.9700012207031,56273700,35.2851982116699
2024-04-22,37,37.9099998474121,36.8699989318848,37.7299995422363,43867100,36.0105667114258
2024-04-23,37.939998626709,38.4199981689453,37.8300018310547,38.3699989318848,39180300,36.621395111084
2024-04-24,38.0200004577637,38.4900016784668,38,38.3199996948242,28670600,36.573673248291
2024-04-25,37.9300003051758,38.2700004577637,37.3800010681152,37.9099998474121,41116000,36.1823539733887
2024-04-26,37.9300003051758,38.310001373291,37.7799987792969,37.8300018310547,28668700,36.1060028076172
2024-04-29,37.8400001525879,38.060001373291,37.4500007629395,37.5499992370605,26438800,35.8387680053711
2024-04-30,37.3499984741211,37.6699981689453,36.9799995422363,37.0099983215332,30283800,35.323371887207
2024-05-01,37.2099990844727,37.5099983215332,36.7700004577637,36.9500007629395,32272000,35.2661056518555
2024-05-02,37.3699989318848,37.4900016784668,36.6500015258789,36.8800010681152,34860300,35.1993026733398
2024-05-03,37.25,37.5299987792969,37.0800018310547,37.25,34082700,35.5524368286133
2024-05-06,37.6599998474121,37.7900009155273,37.3600006103516,37.689998626709,28422300,35.9723815917969
2024-05-07,37.7000007629395,38.1500015258789,37.7000007629395,37.8400001525879,29119500,36.115550994873
2024-05-08,37.7000007629395,37.8199996948242,37.5200004577637,37.7099990844727,32803300,35.9914741516113
2024-05-09,37.5299987792969,38.4199981689453,37.4599990844727,38.2799987792969,26855400,36.5354995727539
2024-05-10,38.4799995422363,38.7799987792969,38.3300018310547,38.4500007629395,27359100,36.6977500915527
2024-05-13,38.6199989318848,38.7799987792969,38.1800003051758,38.2099990844727,24060600,36.468692779541
2024-05-14,38.4000015258789,38.7900009155273,38.3699989318848,38.4900016784668,27594800,36.7359313964844
2024-05-15,38.7999992370605,39.2400016784668,38.7799987792969,38.9099998474121,34084400,37.1367797851562
2024-05-16,38.9199981689453,39.3600006103516,38.7099990844727,39.2200012207031,32554200,37.4326591491699
2024-05-17,39.4500007629395,39.4900016784668,39.1599998474121,39.2900009155273,25537300,37.4994697570801
2024-05-20,39.2599983215332,39.4700012207031,38.7900009155273,38.8199996948242,28369800,37.0508880615234
2024-05-21,38.7700004577637,39.75,38.7700004577637,39.6500015258789,31799200,37.8430671691895
2024-05-22,39.4099998474121,39.810001373291,39.3400001525879,39.7599983215332,42837600,37.9480438232422
2024-05-23,39.7700004577637,39.8400001525879,38.939998626709,39.1699981689453,39033900,37.384937286377
2024-05-24,39.1599998474121,39.7799987792969,39.0699996948242,39.7000007629395,22166300,37.8907814025879
2024-05-28,39.6500015258789,39.7400016784668,39.1100006103516,39.3199996948242,31217900,37.5281028747559
2024-05-29,38.8400001525879,38.9000015258789,38.560001373291,38.7200012207031,26677500,36.9554443359375
2024-05-30,38.7299995422363,39.1199989318848,37.5900001525879,38.6300010681152,50989100,36.8695487976074
2024-05-31,38.7000007629395,40.0800018310547,38.6599998474121,39.9900016784668,58188400,38.1675720214844
2024-06-03,40.0400009155273,40.189998626709,39.3600006103516,39.8800010681152,31898600,38.0625801086426
2024-06-04,39.6199989318848,40.1399993896484,39.4199981689453,39.6800003051758,26974200,37.8717002868652
2024-06-05,39.8199996948242,39.9900016784668,39.5200004577637,39.9599990844727,34140300,38.1389350891113
2024-06-06,39.9099998474121,40,39.4199981689453,39.7000007629395,38676400,37.8907814025879
2024-06-07,39.2799987792969,39.9599990844727,39.2799987792969,39.7799987792969,25928700,38.1980590820312
2024-06-10,39.5800018310547,39.8400001525879,39.2099990844727,39.6699981689453,37176200,38.0924377441406
2024-06-11,39.3300018310547,39.3499984741211,38.4599990844727,38.8600006103516,44629000,37.3146514892578
2024-06-12,39.7999992370605,39.8800010681152,39.0999984741211,39.4099998474121,38964700,37.8427734375
2024-06-13,39.2900009155273,39.3499984741211,38.9300003051758,39.2599983215332,40018700,37.6987380981445
2024-06-14,39.0999984741211,39.4799995422363,38.9099998474121,39.2400016784668,32347900,37.6795387268066
2024-06-17,39.0900001525879,39.5299987792969,38.9799995422363,39.5099983215332,26135400,37.9387969970703
2024-06-18,39.560001373291,40.0200004577637,39.4599990844727,39.9900016784668,30804500,38.3997116088867
2024-06-20,39.7799987792969,40.310001373291,39.75,39.9900016784668,29383300,38.3997116088867
2024-06-21,39.8499984741211,39.9099998474121,39.3699989318848,39.4900016784668,72244900,37.9195938110352
2024-06-24,39.7700004577637,40.3400001525879,39.6500015258789,40.0200004577637,31064900,38.4285163879395
2024-06-25,39.7799987792969,40.0699996948242,39.3499984741211,39.3800010681152,30596000,37.8139686584473
2024-06-26,39.1699981689453,39.3499984741211,38.4700012207031,39,44310200,37.4490776062012
2024-06-27,38.7000007629395,39.3499984741211,38.3400001525879,39.25,29464200,37.6891403198242
2024-06-28,39.7400016784668,40.060001373291,39.3199996948242,39.7700004577637,52028200,38.1884574890137
2024-07-01,39.9099998474121,40.3400001525879,39.6699981689453,40.0099983215332,26770500,38.4189109802246
2024-07-02,40,40.9599990844727,39.9599990844727,40.9300003051758,35626100,39.3023262023926
2024-07-03,41.0200004577637,41.2000007629395,40.75,40.9000015258789,17100700,39.2735176086426
2024-07-05,40.9300003051758,40.9599990844727,40.2900009155273,40.4099998474121,23489000,38.8030090332031
2024-07-08,40.5999984741211,41.0400009155273,40.4300003051758,40.6199989318848,26728500,39.0046539306641
2024-07-09,40.7599983215332,41.8300018310547,40.5999984741211,41.4199981689453,34697200,39.772834777832
2024-07-10,41.2799987792969,41.7599983215332,41.0699996948242,41.7400016784668,25333400,40.0801200866699
2024-07-11,41.7700004577637,41.9000015258789,41.3899993896484,41.810001373291,33824600,40.1473274230957
2024-07-12,41.4900016784668,41.9199981689453,41.0900001525879,41.5900001525879,31856600,39.9360885620117
2024-07-15,41.8499984741211,42.2299995422363,41.7000007629395,41.8899993896484,36648100,40.2241477966309
2024-07-16,42.5200004577637,44.4000015258789,42.2200012207031,44.1300010681152,75953300,42.3750762939453
2024-07-17,43.6500015258789,44.439998626709,43.6500015258789,43.9799995422363,65713600,42.2310409545898
2024-07-18,43.6199989318848,44.2400016784668,42.9300003051758,43.0099983215332,48549200,41.2996139526367
2024-07-19,42.8600006103516,43.560001373291,42.689998626709,42.9000015258789,43903000,41.1939849853516
2024-07-22,42.6399993896484,42.8699989318848,41.9599990844727,42.2999992370605,42838300,40.617847442627
2024-07-23,42.2200012207031,42.7799987792969,42.1500015258789,42.4099998474121,36705100,40.7234687805176
2024-07-24,42.2799987792969,42.75,42.0699996948242,42.189998626709,36567200,40.5122108459473
2024-07-25,42.0200004577637,42.2999992370605,41.6599998474121,41.6800003051758,41593900,40.0225028991699
2024-07-26,41.5800018310547,41.9599990844727,41.4099998474121,41.6699981689453,52049300,40.0128974914551
2024-07-29,41.7799987792969,41.8800010681152,40.9799995422363,41.0900001525879,37133100,39.4559593200684
2024-07-30,41.0499992370605,41.8899993896484,40.810001373291,41.2799987792969,44163200,39.6384048461914
2024-07-31,41.2299995422363,41.3800010681152,40.2200012207031,40.310001373291,50851600,38.7069816589355
2024-08-01,40.439998626709,40.4500007629395,38.9799995422363,39.5,60107800,37.9291877746582
2024-08-02,38,38.5299987792969,37.1800003051758,37.5800018310547,76728000,36.0855484008789
2024-08-05,35.6500015258789,36.9599990844727,35.1399993896484,36.6500015258789,76075200,35.1925315856934
2024-08-06,36.6500015258789,37.310001373291,36.5400009155273,36.9199981689453,40614100,35.451789855957
2024-08-07,38.0999984741211,38.5900001525879,37.2700004577637,37.2999992370605,44952400,35.8166770935059
2024-08-08,37.8199996948242,38.4199981689453,37.6599998474121,38.2099990844727,36557800,36.6904945373535
2024-08-09,38.1599998474121,38.4500007629395,37.9099998474121,38.2799987792969,26411200,36.7577056884766
2024-08-12,38.5,38.7299995422363,38.0099983215332,38.1699981689453,33040600,36.6520805358887
2024-08-13,38.3699989318848,38.4799995422363,38.1199989318848,38.4599990844727,21553500,36.930549621582
2024-08-14,38.5200004577637,38.9199981689453,38.4300003051758,38.810001373291,25658900,37.2666282653809
2024-08-15,39.4300003051758,39.6800003051758,38.9700012207031,39.0299987792969,37379800,37.4778823852539
2024-08-16,39,39.4199981689453,38.9900016784668,39.3400001525879,26886600,37.7755584716797
2024-08-19,39.4799995422363,39.7400016784668,39.4500007629395,39.6699981689453,27268900,38.0924377441406
2024-08-20,39.1199989318848,39.2400016784668,38.3400001525879,38.689998626709,44440800,37.1514015197754
2024-08-21,38.8699989318848,38.9900016784668,38.3899993896484,38.75,33751100,37.2090187072754
2024-08-22,38.7799987792969,39.2900009155273,38.5699996948242,39.2400016784668,35421600,37.6795387268066
2024-08-23,39.2700004577637,40.1699981689453,39.2700004577637,39.7700004577637,45616600,38.1884574890137
2024-08-26,40,40.2000007629395,39.6599998474121,39.9199981689453,44659500,38.3324928283691
2024-08-27,40,40.1300010681152,39.6100006103516,39.6699981689453,32323900,38.0924377441406
2024-08-28,39.3400001525879,40.2700004577637,39.3300018310547,39.9500007629395,40700500,38.3612976074219
2024-08-29,40.0499992370605,40.3400001525879,39.5299987792969,40.1699981689453,34810800,38.5725479125977
2024-08-30,40.1699981689453,40.8600006103516,40.1300010681152,40.75,49098200,39.1294860839844
2024-09-03,40.5800018310547,40.9000015258789,40.2299995422363,40.7000007629395,48489300,39.081470489502
2024-09-04,40.6599998474121,40.9500007629395,40.2799987792969,40.5,39629600,38.8894309997559
2024-09-05,40.7999992370605,40.939998626709,40.0099983215332,40.1399993896484,34214500,38.5437431335449
2024-09-06,39.7700004577637,39.8800010681152,38.560001373291,38.7599983215332,47007600,37.4612693786621
2024-09-09,39.25,39.7099990844727,39.0999984741211,39.4700012207031,37610200,38.1474800109863
2024-09-10,39.8400001525879,39.8400001525879,38.3300018310547,39.2799987792969,53983900,37.9638481140137
2024-09-11,38.9900016784668,39.0299987792969,38.0099983215332,39,41190000,37.693229675293
2024-09-12,39.0499992370605,39.3300018310547,38.5299987792969,38.7799987792969,39921600,37.4805946350098
2024-09-13,38.8800010681152,39.0900001525879,38.439998626709,38.6500015258789,31887300,37.3549575805664
2024-09-16,38.810001373291,39.2099990844727,38.7900009155273,39.0999984741211,26336400,37.7898788452148
2024-09-17,39.2799987792969,39.7999992370605,39.2099990844727,39.5499992370605,27769400,38.2248039245605
2024-09-18,39.6199989318848,40.1199989318848,39.4199981689453,39.6199989318848,42527800,38.2924537658691
2024-09-19,40.0400009155273,41.0499992370605,40.0099983215332,40.8699989318848,57977800,39.5005722045898
2024-09-20,40.6199989318848,40.7299995422363,40.2400016784668,40.2700004577637,70725000,38.9206771850586
2024-09-23,40.2099990844727,40.439998626709,39.75,39.8699989318848,31714800,38.5340766906738
2024-09-24,39.8499984741211,39.9799995422363,39.25,39.4500007629395,32534900,38.1281547546387
2024-09-25,39.25,39.4099998474121,38.939998626709,39.25,28866000,37.9348564147949
2024-09-26,39.3899993896484,39.7200012207031,39.1100006103516,39.5200004577637,39601400,38.1958084106445
2024-09-27,39.6500015258789,39.9000015258789,39.3499984741211,39.4000015258789,27861100,38.0798301696777
2024-09-30,39.2299995422363,39.7900009155273,39.0200004577637,39.6800003051758,35055200,38.3504409790039
2024-10-01,39.5099983215332,39.560001373291,38.939998626709,39.2200012207031,26291200,37.9058609008789
2024-10-02,39.25,39.5400009155273,39.0499992370605,39.2299995422363,23302700,37.9155235290527
2024-10-03,38.9799995422363,39.2700004577637,38.7299995422363,39.25,26030200,37.9348564147949
2024-10-04,39.9300003051758,40.25,39.6199989318848,40.1100006103516,34209900,38.7660369873047
2024-10-07,40.2099990844727,40.439998626709,39.7099990844727,39.9599990844727,27177500,38.6210632324219
2024-10-08,40.0499992370605,40.1500015258789,39.810001373291,39.9300003051758,26023600,38.5920715332031
2024-10-09,39.8699989318848,40.3899993896484,39.7200012207031,40.189998626709,27421000,38.8433609008789
2024-10-10,40.0099983215332,40.1300010681152,39.7700004577637,39.9700012207031,26182300,38.6307334899902
2024-10-11,40.5,42.1699981689453,40.4000015258789,41.9500007629395,50660700,40.5443840026855
2024-10-14,41.9599990844727,42.1800003051758,41.7200012207031,41.9099998474121,28098900,40.5057258605957
2024-10-15,43.2299995422363,43.3600006103516,42.0499992370605,42.1399993896484,61490000,40.7280158996582
2024-10-16,42.2099990844727,43.0999984741211,42.1500015258789,42.7999992370605,42437800,41.3659019470215
2024-10-17,42.8300018310547,43,42.4700012207031,42.5999984741211,31708600,41.1726036071777
2024-10-18,42.4300003051758,42.6500015258789,42.1100006103516,42.3199996948242,30593500,40.9019889831543
2024-10-21,42.25,42.4099998474121,41.7400016784668,41.7599983215332,26589500,40.3607482910156
2024-10-22,41.6500015258789,42.4099998474121,41.5699996948242,42.2999992370605,37104400,40.8826560974121
2024-10-23,42.2000007629395,42.4700012207031,42.0200004577637,42.3400001525879,28569400,40.921314239502
2024-10-24,42.3199996948242,42.6599998474121,41.9700012207031,42.6500015258789,28392000,41.2209320068359
2024-10-25,42.9199981689453,42.9799995422363,41.7900009155273,41.8899993896484,27466900,40.4863929748535
2024-10-28,42.0699996948242,42.75,42.0099983215332,42.6199989318848,24527600,41.1919364929199
2024-10-29,42.5900001525879,42.810001373291,42.4700012207031,42.5299987792969,22313500,41.1049461364746
2024-10-30,41.7099990844727,42.9000015258789,41.6399993896484,42.310001373291,38100500,40.8923225402832
2024-10-31,42.2900009155273,42.5499992370605,41.7999992370605,41.8199996948242,28138200,40.4187393188477
2024-11-01,42.1500015258789,42.4300003051758,41.75,41.7599983215332,31220000,40.3607482910156
2024-11-04,41.6100006103516,42.0200004577637,41.1100006103516,41.3300018310547,31110100,39.9451637268066
2024-11-05,41.5099983215332,42.0099983215332,41.3800010681152,41.8800010681152,30851400,40.4767303466797
2024-11-06,44.7999992370605,45.5499992370605,44,45.4099998474121,110086700,43.8884506225586
2024-11-07,45.0400009155273,45.2299995422363,44.5099983215332,44.7700004577637,48339700,43.2698974609375
2024-11-08,45.1399993896484,45.5,44.9500007629395,45.1300010681152,38331800,43.6178321838379
2024-11-11,45.5999984741211,46.5200004577637,45.5800018310547,46.0800018310547,43293500,44.536003112793
2024-11-12,46.1399993896484,46.4500007629395,45.8400001525879,45.8600006103516,38155900,44.3233757019043
2024-11-13,46.2000007629395,46.4799995422363,45.8300018310547,45.8699989318848,36903900,44.3330345153809
2024-11-14,45.9500007629395,46.1599998474121,45.7299995422363,45.9000015258789,35733100,44.3620300292969
2024-11-15,45.6199989318848,46.8400001525879,45.6199989318848,46.75,40488900,45.1835556030273
2024-11-18,46.75,47.0200004577637,46.4900016784668,46.7200012207031,32360300,45.1545600891113
2024-11-19,45.9900016784668,46.6199989318848,45.9500007629395,46.4099998474121,28534100,44.8549423217773
2024-11-20,46.5699996948242,46.6399993896484,45.9199981689453,46.060001373291,28021000,44.516674041748
2024-11-21,46.3899993896484,47.0499992370605,46.2999992370605,46.4599990844727,45336500,44.9032669067383
2024-11-22,46.3699989318848,47.2200012207031,46.2799987792969,47,37996200,45.425178527832
2024-11-25,47.2599983215332,47.7400016784668,47.1599998474121,47.5,42718600,45.9084243774414
2024-11-26,47.5099983215332,47.8400001525879,47.2099990844727,47.75,30301500,46.1500434875488
2024-11-27,47.8199996948242,47.9799995422363,47.6500015258789,47.7700004577637,23278400,46.1693801879883
2024-11-29,47.7999992370605,48.0800018310547,47.5,47.5099983215332,23262000,45.9180870056152
2024-12-02,47.7400016784668,47.8199996948242,46.8499984741211,47.0400009155273,35891500,45.4638328552246
2024-12-03,47.3699989318848,47.4799995422363,46.6500015258789,46.8199996948242,38123800,45.2512092590332
2024-12-04,46.689998626709,46.7799987792969,46.1300010681152,46.3699989318848,24941300,44.8162841796875
2024-12-05,46.560001373291,47.2400016784668,46.5,47,31572100,45.425178527832
2024-12-06,47.060001373291,47.060001373291,46.4000015258789,46.75,28931700,45.4348983764648
2024-12-09,46.560001373291,46.75,45.9000015258789,45.9099998474121,34660900,44.618522644043
2024-12-10,45.9099998474121,46.2900009155273,45.5900001525879,45.75,35665800,44.463020324707
2024-12-11,46,46.1599998474121,45.4700012207031,46.0800018310547,36790500,44.7837409973145
2024-12-12,46.1399993896484,46.4700012207031,45.9199981689453,46.0800018310547,24017300,44.7837409973145
2024-12-13,46.0900001525879,46.0999984741211,45.3800010681152,45.6699981689453,32902300,44.3852729797363
2024-12-16,45.5900001525879,45.6800003051758,45.1599998474121,45.4700012207031,27330400,44.1908988952637
2024-12-17,45.189998626709,45.189998626709,44.6199989318848,45.0499992370605,33054600,43.7827186584473
2024-12-18,45.1399993896484,45.4300003051758,43.3499984741211,43.5,41771900,42.2763214111328
2024-12-19,43.9700012207031,44.4799995422363,43.310001373291,43.3800010681152,38583600,42.1596984863281
2024-12-20,43.2000007629395,44.4000015258789,43.0999984741211,44.1699981689453,74222200,42.9274711608887
2024-12-23,43.9000015258789,44.1100006103516,42.7799987792969,43.8899993896484,35374800,42.655345916748
2024-12-24,43.9300003051758,44.4199981689453,43.9300003051758,44.3800010681152,12054400,43.1315612792969
2024-12-26,44.2099990844727,44.5800018310547,44.1100006103516,44.5499992370605,16077400,43.2967834472656
2024-12-27,44.2400016784668,44.7799987792969,44.060001373291,44.3400001525879,17972500,43.0926895141602
2024-12-30,43.8899993896484,44.1399993896484,43.5499992370605,43.9099998474121,16109800,42.6747894287109
2024-12-31,44.0400009155273,44.2299995422363,43.7099990844727,43.9500007629395,16110400,42.7136611938477
2025-01-02,44.1399993896484,44.5900001525879,43.7999992370605,44.2900009155273,25610600,43.0440940856934
2025-01-03,44.75,44.8499984741211,44.1500015258789,44.810001373291,23455700,43.5494689941406
2025-01-06,45.1599998474121,46.1500015258789,45.0999984741211,45.4000015258789,30518500,44.1228675842285
2025-01-07,46.2799987792969,46.6500015258789,45.6500015258789,46.0800018310547,41111200,44.7837409973145
2025-01-08,45.9000015258789,46.2599983215332,45.689998626709,46.2099990844727,40246000,44.910083770752
2025-01-10,46,46.0499992370605,44.7400016784668,45.1100006103516,40741300,43.8410263061523
2025-01-13,45.0999984741211,45.3400001525879,44.689998626709,45.060001373291,34353600,43.7924346923828
2025-01-14,45.5999984741211,45.9199981689453,45.2299995422363,45.7799987792969,36379000,44.4921760559082
2025-01-15,47.1199989318848,47.4599990844727,46.8400001525879,47.0999984741211,57154800,45.7750434875488
2025-01-16,47,47.5099983215332,45.8199996948242,46.6399993896484,56339300,45.3279876708984
2025-01-17,46.6100006103516,46.8800010681152,46.0800018310547,46.5299987792969,44486100,45.2210807800293
2025-01-21,46.6199989318848,47.1500015258789,46.5400009155273,46.6599998474121,52089100,45.3474235534668
2025-01-22,46.5999984741211,46.7299995422363,45.7599983215332,45.7900009155273,40296200,44.5018997192383
2025-01-23,46.0499992370605,46.8899993896484,46.0499992370605,46.3899993896484,35324100,45.0850143432617
2025-01-24,46.2299995422363,46.8600006103516,46.1500015258789,46.5200004577637,24655100,45.2113647460938
2025-01-27,46.5499992370605,47.1399993896484,46.3800010681152,47.0900001525879,44260000,45.7653312683105
2025-01-28,47.0800018310547,47.439998626709,46.7099990844727,46.8400001525879,27156600,45.5223617553711
2025-01-29,46.75,47.3899993896484,46.6399993896484,46.75,23681500,45.4348983764648
2025-01-30,47.1100006103516,47.1699981689453,46.4000015258789,46.7200012207031,31199900,45.4057388305664
2025-01-31,46.7000007629395,46.8300018310547,46.1599998474121,46.2999992370605,30388900,44.9975509643555
2025-02-03,45.4199981689453,46.4799995422363,45.1100006103516,46.2099990844727,36497700,44.910083770752
2025-02-04,46.3499984741211,47.1300010681152,46.2700004577637,46.7099990844727,32894000,45.3960189819336
2025-02-05,46.9799995422363,47.1300010681152,46.6399993896484,47.1100006103516,27696600,45.7847671508789
2025-02-06,47.439998626709,47.9799995422363,47.1699981689453,47.7400016784668,39793400,46.3970489501953
2025-02-07,47.8400001525879,47.9700012207031,47.3800010681152,47.4000015258789,26504700,46.0666084289551
2025-02-10,47.4799995422363,47.560001373291,46.4000015258789,46.6699981689453,26725200,45.3571434020996
2025-02-11,46.5499992370605,46.9300003051758,46.2799987792969,46.7900009155273,20314900,45.4737663269043
2025-02-12,46.5699996948242,46.5800018310547,45.939998626709,46.2099990844727,29777100,44.910083770752
2025-02-13,46.5200004577637,46.5699996948242,45.9700012207031,46.3300018310547,26815400,45.0267105102539
2025-02-14,46.4799995422363,47.0900001525879,46.4799995422363,46.9599990844727,25960500,45.6389846801758
2025-02-18,46.560001373291,46.6500015258789,46.1599998474121,46.5299987792969,37824100,45.2210807800293
2025-02-19,45.8800010681152,46.060001373291,45.4199981689453,46.0099983215332,38967800,44.7157096862793
2025-02-20,45.9000015258789,46.189998626709,45.0400009155273,45.2999992370605,40001100,44.0256805419922
2025-02-21,45.25,45.5099983215332,44.5400009155273,44.810001373291,43485900,43.5494689941406
2025-02-24,45.0299987792969,45.3899993896484,44.439998626709,44.4599990844727,35512200,43.2093124389648
2025-02-25,44.5299987792969,44.8400001525879,43.3499984741211,43.939998626709,38119000,42.7039413452148
2025-02-26,44.0400009155273,44.5499992370605,43.8600006103516,43.939998626709,32251700,42.7039413452148
2025-02-27,44.0900001525879,44.7799987792969,43.939998626709,44.1199989318848,28477700,42.8788757324219
2025-02-28,44.3199996948242,46.2000007629395,44.2000007629395,46.0999984741211,62621100,44.8031806945801
2025-03-03,46.2099990844727,46.9599990844727,45.2200012207031,45.560001373291,46946000,44.2783699035645
2025-03-04,44.7299995422363,44.8400001525879,42.0299987792969,42.6699981689453,78278100,41.4696617126465
2025-03-05,42.6500015258789,42.7299995422363,41.7099990844727,42.2900009155273,52588900,41.1003570556641
2025-03-06,41.5900001525879,41.8899993896484,40.9599990844727,41.4599990844727,58103500,40.2937049865723
2025-03-07,41.310001373291,41.7299995422363,40.6100006103516,41.4000015258789,50651400,40.4893112182617
2025-03-10,40.4000015258789,40.6199989318848,39.1800003051758,39.8300018310547,77498400,38.9538383483887
2025-03-11,39.7000007629395,40.6599998474121,39.2700004577637,39.6100006103516,50608400,38.7386817932129
2025-03-12,40.310001373291,40.5,39.2000007629395,39.9099998474121,42290700,39.0320816040039
2025-03-13,39.9700012207031,40.189998626709,39.3300018310547,39.6699981689453,37766100,38.79736328125
2025-03-14,40.2599983215332,41.0200004577637,40.1699981689453,40.8899993896484,35979900,39.9905242919922
2025-03-17,40.9199981689453,41.7700004577637,40.5900001525879,41.439998626709,37242800,40.5284271240234
2025-03-18,41.7200012207031,41.8300018310547,41.2900009155273,41.6500015258789,37644500,40.7338104248047
2025-03-19,41.7200012207031,42.7000007629395,41.2999992370605,42.2099990844727,42471100,41.2814903259277
2025-03-20,41.7599983215332,42.7200012207031,41.6500015258789,42.4799995422363,41018100,41.5455474853516
2025-03-21,42.1599998474121,42.6599998474121,41.8899993896484,42.4700012207031,65011000,41.5357704162598
2025-03-24,42.9300003051758,43.1500015258789,42.75,43.0699996948242,30646100,42.1225700378418
2025-03-25,43.3499984741211,43.5299987792969,43.0400009155273,43.2799987792969,25445300,42.3279495239258
2025-03-26,43.4599990844727,43.7200012207031,42.7299995422363,42.8199996948242,30012100,41.8780670166016
2025-03-27,42.8199996948242,43.0900001525879,42.5200004577637,42.560001373291,25619200,41.6237869262695
2025-03-28,42.439998626709,42.6199989318848,40.9900016784668,41.25,34253000,40.3426094055176
2025-03-31,40.7799987792969,41.9000015258789,40.5999984741211,41.7299995422363,36390000,40.8120460510254
2025-04-01,41.3199996948242,41.7000007629395,40.9700012207031,41.4900016784668,25578500,40.5773277282715
2025-04-02,40.8800010681152,41.9700012207031,40.8199996948242,41.8499984741211,28216100,40.9294052124023
2025-04-03,38.6300010681152,38.8400001525879,37.0200004577637,37.2200012207031,115497900,36.4012565612793
2025-04-04,35.2900009155273,35.7900009155273,33.6699981689453,34.3899993896484,107761200,33.6335067749023
2025-04-07,34.9700012207031,36.6300010681152,33.5400009155273,35.5800018310547,137329100,34.7973327636719
2025-04-08,36.8600006103516,37.3300018310547,34.3300018310547,35.0299987792969,79116300,34.2594299316406
2025-04-09,34.0499992370605,37.8499984741211,33.0699996948242,37.1500015258789,161173500,36.3327941894531
2025-04-10,36.3199996948242,36.4000015258789,34.6300010681152,35.8499984741211,90451800,35.0613861083984
2025-04-11,35.2000007629395,36.2299995422363,34.810001373291,35.9500007629395,63671900,35.1591949462891
2025-04-14,36.4900016784668,36.9900016784668,36.2700004577637,36.6699981689453,46830600,35.863353729248
2025-04-15,37.7999992370605,38.75,37.7999992370605,37.9900016784668,84677800,37.1543197631836
2025-04-16,37.8600006103516,38.1599998474121,36.9700012207031,37.3300018310547,52872700,36.5088348388672
2025-04-17,37.5099983215332,37.8699989318848,37.2400016784668,37.4099998474121,47144400,36.5870742797852
2025-04-21,37.0699996948242,37.2799987792969,36.4900016784668,36.9199981689453,34928300,36.107852935791
2025-04-22,37.5699996948242,38.4900016784668,37.4000015258789,38.3199996948242,42288900,37.4770545959473
2025-04-23,39.4099998474121,40.1300010681152,38.6699981689453,38.75,54428400,37.8975982666016
2025-04-24,38.6599998474121,39.7000007629395,38.5999984741211,39.5800018310547,42457100,38.7093467712402
2025-04-25,39.5400009155273,39.7900009155273,39.3199996948242,39.689998626709,32694200,38.8169174194336
2025-04-28,39.7999992370605,40.0800018310547,39.4599990844727,39.7799987792969,37428000,38.9049415588379
2025-04-29,39.6300010681152,40.1399993896484,39.4799995422363,39.9900016784668,33792500,39.1103210449219
2025-04-30,39.3600006103516,40,38.8199996948242,39.8800010681152,40994600,39.002742767334
2025-05-01,39.8199996948242,40.439998626709,39.5800018310547,40.1699981689453,33569100,39.2863578796387
2025-05-02,40.9099998474121,41.2299995422363,40.7000007629395,41.0699996948242,41613000,40.1665649414062
2025-05-05,40.8499984741211,41.4900016784668,40.6199989318848,41.1199989318848,32829200,40.215461730957
2025-05-06,40.6500015258789,41.2700004577637,40.560001373291,40.8400001525879,29541800,39.9416275024414
2025-05-07,41.0400009155273,41.3400001525879,40.8600006103516,40.9300003051758,30925900,40.0296440124512
2025-05-08,41.2900009155273,42.1500015258789,41.25,41.5999984741211,41861700,40.6849021911621
2025-05-09,41.7299995422363,41.9799995422363,41.689998626709,41.7900009155273,27222800,40.8707275390625
2025-05-12,43.3199996948242,43.9599990844727,42.939998626709,43.3600006103516,44875100,42.4061889648438
2025-05-13,43.4199981689453,44.4900016784668,43.4199981689453,44.2799987792969,43232500,43.3059577941895
2025-05-14,44.189998626709,44.9199981689453,44.1300010681152,44.7400016784668,42419500,43.7558364868164
2025-05-15,44.5999984741211,44.9799995422363,44.0099983215332,44.3800010681152,47379400,43.403751373291
2025-05-16,44.3400001525879,44.7900009155273,43.6599998474121,44.689998626709,49488100,43.7069282531738
2025-05-19,44.1100006103516,45.1399993896484,44.1100006103516,44.7700004577637,37915700,43.7851753234863
2025-05-20,44.5900001525879,44.9099998474121,44.4099998474121,44.689998626709,33424300,43.7069282531738
2025-05-21,44.3699989318848,44.4900016784668,43.1500015258789,43.25,55594100,42.2986106872559
2025-05-22,43.1800003051758,43.5699996948242,42.9599990844727,43.310001373291,29026200,42.357292175293
2025-05-23,42.4799995422363,43.4300003051758,42.3499984741211,43.2000007629395,34875100,42.2497138977051
2025-05-27,43.7900009155273,44.2200012207031,43.2999992370605,44.2200012207031,36322000,43.2472763061523
2025-05-28,44.2099990844727,44.439998626709,43.9599990844727,44.060001373291,35673800,43.0907974243164
2025-05-29,44.3699989318848,44.4599990844727,43.9000015258789,44.2400016784668,28545100,43.2668380737305
2025-05-30,44.189998626709,44.2999992370605,43.7200012207031,44.1300010681152,66537500,43.1592559814453
2025-06-02,43.8800010681152,44.1500015258789,43.3600006103516,44.0800018310547,28582600,43.1103515625
2025-06-03,44.0099983215332,44.7299995422363,43.939998626709,44.6500015258789,31320200,43.6678161621094
2025-06-04,44.5999984741211,45.0900001525879,44.3400001525879,44.3600006103516,30591700,43.3841934204102
2025-06-05,44.4500007629395,44.5800018310547,44.0099983215332,44.3800010681152,32020900,43.403751373291
2025-06-06,44.689998626709,45.1699981689453,44.6399993896484,44.9700012207031,37013000,44.2399559020996
2025-06-09,45.1100006103516,45.4000015258789,44.7799987792969,44.8699989318848,32414000,44.1415748596191
2025-06-10,44.7999992370605,45.2000007629395,44.75,45.0900001525879,32229100,44.3580055236816
2025-06-11,45.2000007629395,45.4099998474121,44.5499992370605,44.7299995422363,47873500,44.003849029541
2025-06-12,44.4000015258789,44.6500015258789,44.0200004577637,44.6199989318848,30165400,43.8956336975098
2025-06-13,44,44.4599990844727,43.6599998474121,44.0900001525879,43281700,43.3742446899414
2025-06-16,44.6399993896484,44.8899993896484,44.3499984741211,44.4099998474121,34103600,43.6890449523926
2025-06-17,44.2700004577637,44.6699981689453,44.060001373291,44.2299995422363,27489600,43.5119667053223
2025-06-18,44.2599983215332,45.2000007629395,44.2099990844727,45.060001373291,37684700,44.3284950256348
2025-06-20,45.310001373291,45.6500015258789,45.2700004577637,45.5,64591600,44.7613487243652
2025-06-23,45.4000015258789,46.3699989318848,45.1100006103516,46.2999992370605,42683600,45.5483627319336
2025-06-24,46.75,47.189998626709,46.5699996948242,46.6599998474121,45437600,45.902515411377
2025-06-25,46.5800018310547,46.9799995422363,46.4599990844727,46.8499984741211,33532400,46.0894317626953
2025-06-26,46.9500007629395,47.5800018310547,46.9000015258789,47.4599990844727,40127000,46.6895294189453
2025-06-27,47.4500007629395,47.6699981689453,46.9099998474121,47.1199989318848,56705000,46.355052947998
2025-06-30,47.6199989318848,47.6199989318848,47.0299987792969,47.3199996948242,47921200,46.5518035888672
2025-07-01,47.0200004577637,48.4199981689453,46.939998626709,48.1500015258789,48540900,47.3683280944824
2025-07-02,48.3600006103516,48.7299995422363,48.060001373291,48.7099990844727,48003600,47.9192352294922
2025-07-03,48.9500007629395,49.310001373291,48.810001373291,48.9300003051758,21620300,48.1356658935547
2025-07-07,48.7400016784668,49.2099990844727,48.3699989318848,48.6599998474121,35567900,47.8700485229492
2025-07-08,47.5,47.7900009155273,46.7599983215332,47.1500015258789,88086500,46.3845634460449
2025-07-09,47.1599998474121,47.4500007629395,46.7099990844727,46.8400001525879,46227900,46.0795936584473
2025-07-10,46.9000015258789,47.2200012207031,46.7799987792969,46.9700012207031,44225000,46.2074890136719
2025-07-11,46.6399993896484,46.810001373291,46.25,46.7299995422363,31653000,45.9713821411133
2025-07-14,46.810001373291,47.0699996948242,46.5499992370605,47.0699996948242,36381200,46.3058624267578
2025-07-15,46.8800010681152,47.0099983215332,45.9500007629395,46.1500015258789,55145000,45.4007987976074
2025-07-16,46.25,46.560001373291,45.0099983215332,46.0299987792969,61296600,45.2827453613281
2025-07-17,45.6399993896484,47.2200012207031,45.439998626709,47.0200004577637,56480700,46.2566757202148
2025-07-18,47.0099983215332,47.3800010681152,46.9000015258789,47.3199996948242,48314200,46.5518035888672
2025-07-21,47.5400009155273,48.0400009155273,47.2000007629395,47.4799995422363,32199700,46.7092056274414
2025-07-22,47.5999984741211,48.1699981689453,47.4599990844727,47.7700004577637,34749400,46.994499206543
2025-07-23,48.0099983215332,48.310001373291,47.810001373291,48.1399993896484,31380100,47.3584899902344
2025-07-24,48.4900016784668,49,48.2099990844727,48.3899993896484,42967600,47.6044311523438
2025-07-25,48.3899993896484,48.5499992370605,47.939998626709,48.4500007629395,24461200,47.663459777832
2025-07-28,48.4500007629395,48.5400009155273,48.0800018310547,48.2299995422363,20590400,47.4470291137695
2025-07-29,48.3899993896484,48.5099983215332,47.8899993896484,47.9500007629395,26216500,47.171573638916
2025-07-30,48.2599983215332,48.5,47.7400016784668,47.9599990844727,32265900,47.1814117431641
2025-07-31,47.7599983215332,48.0299987792969,47.189998626709,47.2700004577637,40016300,46.502613067627
2025-08-01,46.3600006103516,46.4099998474121,45.3199996948242,45.6599998474121,52310400,44.9187545776367
2025-08-04,45.9599990844727,46.1100006103516,45.6399993896484,45.8499984741211,31038900,45.1056671142578
2025-08-05,45.9500007629395,46,44.75,45.560001373291,36798300,44.8203773498535
2025-08-06,45.7099990844727,45.939998626709,45.3899993896484,45.4199981689453,27916800,44.6826477050781
2025-08-07,45.7099990844727,45.7599983215332,44.7799987792969,44.9199981689453,30609900,44.1907615661621
2025-08-08,45.1500015258789,46.2999992370605,44.9799995422363,46.0099983215332,37131600,45.2630653381348
2025-08-11,46.060001373291,46.5200004577637,45.810001373291,46.1599998474121,35559400,45.4106330871582
2025-08-12,46.4799995422363,47.6599998474121,46.3600006103516,47.5,35481200,46.7288856506348
2025-08-13,47.6800003051758,47.7599983215332,46.9900016784668,47.2400016784668,29465100,46.4731063842773
2025-08-14,47.0900001525879,47.7299995422363,46.8899993896484,47.7099990844727,21073800,46.9354705810547
2025-08-15,47.75,47.8199996948242,46.9000015258789,46.939998626709,26276900,46.1779708862305
2025-08-18,46.9199981689453,48.0400009155273,46.7900009155273,47.9199981689453,43125100,47.1420631408691
2025-08-19,47.8199996948242,48.1199989318848,47.6300010681152,48.0800018310547,33783400,47.2994651794434
2025-08-20,48.1699981689453,48.5,47.8699989318848,48.3499984741211,30822200,47.5650787353516
2025-08-21,48.2700004577637,48.4900016784668,47.810001373291,48.2599983215332,28713200,47.4765434265137
2025-08-22,48.5200004577637,49.6599998474121,48.4599990844727,49.4799995422363,45078900,48.6767387390137
2025-08-25,49.3899993896484,49.6599998474121,49.2099990844727,49.4799995422363,34715700,48.6767387390137
2025-08-26,49.25,50.2599983215332,49.25,50.25,40609300,49.4342384338379
2025-08-27,50.0299987792969,50.6300010681152,49.9900016784668,50.3800010681152,42428200,49.5621299743652
2025-08-28,50.5499992370605,50.6399993896484,50.2799987792969,50.4900016784668,32949400,49.670337677002
2025-08-29,50.5099983215332,50.9199981689453,50.5099983215332,50.7400016784668,32496500,49.9162826538086
2025-09-02,50.2200012207031,50.4700012207031,49.6699981689453,50.4199981689453,52719800,49.6014747619629
2025-09-03,50.4000015258789,50.5699996948242,49.7000007629395,50.060001373291,38344200,49.2473220825195
2025-09-04,50.2400016784668,50.8300018310547,50.1199989318848,50.6199989318848,34796900,49.7982292175293
2025-09-05,50.439998626709,50.7900009155273,49.2299995422363,49.7700004577637,40063300,49.2343635559082
2025-09-08,49.7999992370605,49.9099998474121,48.8800010681152,49.4599990844727,48033100,48.9277000427246
2025-09-09,49.5,50.560001373291,49.4599990844727,50.2900009155273,40060100,49.7487716674805
2025-09-10,50.3699989318848,50.6300010681152,49.9700012207031,50.1300010681152,31706300,49.5904922485352
2025-09-11,50.1399993896484,50.9599990844727,49.9900016784668,50.75,28055200,50.2038192749023
2025-09-12,50.7000007629395,50.9300003051758,50.4599990844727,50.5800018310547,27851100,50.0356521606445
2025-09-15,50.8499984741211,51.0900001525879,50.4599990844727,50.5900001525879,29043600,50.045539855957
2025-09-16,50.6399993896484,50.8800010681152,50.2099990844727,50.6599998474121,31624400,50.1147880554199
2025-09-17,50.8600006103516,51.6300010681152,50.7900009155273,51.4000015258789,38337900,50.8468246459961
2025-09-18,51.4900016784668,52.189998626709,51.2999992370605,52.1300010681152,35246900,51.5689697265625
2025-09-19,52.1500015258789,52.6599998474121,51.7599983215332,52.25,98970700,51.6876754760742
2025-09-22,51.7599983215332,52.3499984741211,51.7599983215332,51.9199981689453,27468000,51.3612251281738
2025-09-23,52,52.8800010681152,51.5200004577637,51.7000007629395,28278200,51.1435928344727
2025-09-24,51.8499984741211,52.25,51.4599990844727,51.7000007629395,27010400,51.1435928344727
2025-09-25,51.4799995422363,52.3300018310547,51.439998626709,51.8499984741211,22957900,51.2919769287109
2025-09-26,52.1100006103516,52.6199989318848,51.9799995422363,52.2099990844727,20025800,51.6481056213379
2025-09-29,52.3600006103516,52.5499992370605,52.1100006103516,52.4199981689453,23701000,51.855842590332
2025-09-30,52.4799995422363,52.5699996948242,51.0200004577637,51.5900001525879,29945000,51.0347785949707
2025-10-01,51.2999992370605,51.6800003051758,50.560001373291,50.6800003051758,27709100,50.1345710754395
2025-10-02,50.6500015258789,50.8499984741211,50.0699996948242,50.4799995422363,22757200,49.9367256164551
2025-10-03,50.6199989318848,51.1300010681152,50.5499992370605,50.6399993896484,24565700,50.0950012207031
2025-10-06,50.9300003051758,51.3199996948242,49.8899993896484,50.3899993896484,25386300,49.8476943969727
2025-10-07,50.5499992370605,50.9099998474121,50.1300010681152,50.2900009155273,24107300,49.7487716674805
2025-10-08,50.4000015258789,50.5099983215332,49.7799987792969,49.8400001525879,24014200,49.3036117553711
2025-10-09,50,50.2799987792969,49.6699981689453,49.7900009155273,21816900,49.254150390625
2025-10-10,49.9300003051758,50.1399993896484,48.5499992370605,48.6500015258789,31831900,48.1264228820801
2025-10-13,49.2000007629395,49.4000015258789,48.810001373291,48.8600006103516,34462800,48.3341598510742
2025-10-14,48.8499984741211,50.5,48.5299987792969,50.0900001525879,42462600,49.5509223937988
2025-10-15,51.5699996948242,52.8499984741211,51.2299995422363,52.2799987792969,69992200,51.7173538208008
2025-10-16,52.5999984741211,52.7599983215332,50,50.439998626709,49027700,49.8971519470215
2025-10-17,50.9500007629395,51.7700004577637,50.3300018310547,51.2799987792969,48915400,50.7281112670898
2025-10-20,51.439998626709,52.2799987792969,51.3699989318848,52.0400009155273,25786000,51.4799346923828
2025-10-21,52.0900001525879,52.3699989318848,51.439998626709,51.5200004577637,27303400,50.9655342102051
2025-10-22,51.5,51.5800018310547,50.439998626709,51.0999984741211,34955000,50.5500526428223
2025-10-23,51.4799995422363,51.7999992370605,51.1100006103516,51.7599983215332,26028800,51.2029495239258
2025-10-24,51.8499984741211,52.8199996948242,51.8499984741211,52.5699996948242,38923900,52.0042304992676
2025-10-27,52.7999992370605,53.0699996948242,52.5299987792969,53.0200004577637,27345800,52.449390411377
2025-10-28,53,53.2799987792969,52.3400001525879,52.8699989318848,29575200,52.3010025024414
2025-10-29,52.6599998474121,53.0099983215332,52.3199996948242,52.5800018310547,29158800,52.0141296386719
2025-10-30,52.6699981689453,53.439998626709,52.560001373291,53.0299987792969,37548600,52.4592781066895
2025-10-31,52.7900009155273,53.6399993896484,52.7700004577637,53.4500007629395,39295700,52.8747634887695
2025-11-03,53.2599983215332,53.6399993896484,52.7099990844727,53.560001373291,31252300,52.9835777282715
2025-11-04,53.0200004577637,54,52.7200012207031,53.5400009155273,47226600,52.963794708252
2025-11-05,52.9599990844727,53.0699996948242,51.7400016784668,52.4500007629395,54353600,51.8855247497559
2025-11-06,53.4199981689453,53.75,52.7700004577637,53.2900009155273,55296000,52.7164840698242
2025-11-07,53.1500015258789,53.5800018310547,52.7099990844727,53.2000007629395,40537700,52.6274528503418
2025-11-10,53.4099998474121,53.9900016784668,53.3400001525879,53.4199981689453,26094600,52.845085144043
2025-11-11,53.75,53.9799995422363,53.2799987792969,53.6300010681152,22244300,53.0528259277344
2025-11-12,53.8899993896484,54.689998626709,53.7700004577637,54.1100006103516,40536700,53.527660369873
2025-11-13,53.7900009155273,54.2099990844727,52.7700004577637,52.8699989318848,37716100,52.3010025024414
2025-11-14,52.8600006103516,52.9000015258789,52.0299987792969,52.6100006103516,32363100,52.0438003540039
2025-11-17,52.5800018310547,52.5800018310547,51.3899993896484,51.4799995422363,35546800,50.9259643554688
2025-11-18,51.2799987792969,52.1800003051758,51.1500015258789,51.6399993896484,35189500,51.0842399597168
2025-11-19,51.6699981689453,52.4900016784668,51.6699981689453,52.0200004577637,28112300,51.4601516723633
2025-11-20,52.5,52.9500007629395,50.9700012207031,51,36661600,50.4511299133301
2025-11-21,51.2900009155273,51.7799987792969,50.7000007629395,51.560001373291,43867200,51.0051040649414
2025-11-24,51.6500015258789,52.2400016784668,51.4000015258789,51.9300003051758,52852100,51.3711166381836
2025-11-25,52.25,52.8800010681152,51.8600006103516,52.4799995422363,41310100,51.9151992797852
2025-11-26,52.7000007629395,53.25,52.5499992370605,52.9900016784668,32045600,52.4197120666504
2025-11-28,53.1100006103516,53.939998626709,53.0499992370605,53.6500015258789,18920800,53.0726127624512
2025-12-01,53.5,53.9000015258789,53.2099990844727,53.2400016784668,30536500,52.6670227050781
2025-12-02,53.5299987792969,53.6399993896484,52.9700012207031,53.189998626709,46073500,52.6175575256348
2025-12-03,53.25,54.2400016784668,53.1800003051758,54.0900001525879,37134400,53.5078735351562
2025-12-04,54.2099990844727,54.689998626709,54,54.1599998474121,38529600,53.5771179199219
2025-12-05,53.9300003051758,54.8300018310547,53.7400016784668,53.9500007629395,33986500,53.646728515625
2025-12-08,53.9000015258789,54.2099990844727,53.4900016784668,53.9000015258789,34386600,53.5970077514648
2025-12-09,53.9700012207031,54.2799987792969,53.2700004577637,53.5400009155273,47189300,53.2390327453613
2025-12-10,53.5900001525879,54.5499992370605,53.3400001525879,54.0800018310547,54424400,53.7759971618652
2025-12-11,53.9500007629395,54.6500015258789,53.75,54.560001373291,35686900,54.2532997131348
2025-12-12,54.7799987792969,55.2999992370605,54.3499984741211,55.1399993896484,40539400,54.8300361633301
2025-12-15,55.4099998474121,56.0699996948242,55.0699996948242,55.3300018310547,32881300,55.018970489502
2025-12-16,55.1399993896484,55.3499984741211,54.689998626709,54.810001373291,32931900,54.5018920898438
2025-12-17,55.1199989318848,55.5699996948242,54.4599990844727,54.5499992370605,35304100,54.2433547973633
2025-12-18,54.7999992370605,55.1500015258789,53.7700004577637,54.2599983215332,87452700,53.9549827575684
2025-12-19,54.5200004577637,55.310001373291,54.3800010681152,55.2700004577637,73001900,54.9593086242676
2025-12-22,55.3699989318848,56.1100006103516,55.3400001525879,55.8800010681152,33408800,55.5658798217773
2025-12-23,55.810001373291,56.2200012207031,55.810001373291,55.9700012207031,22274600,55.6553726196289
2025-12-24,56.1300010681152,56.5,55.8899993896484,56.25,13634400,55.9337959289551
2025-12-26,56.2799987792969,56.5499992370605,56.0299987792969,56.1699981689453,15259400,55.8542442321777
2025-12-29,56.1100006103516,56.25,55.2700004577637,55.3499984741211,21040100,55.0388565063477
2025-12-30,55.4900016784668,55.6399993896484,55.1699981689453,55.2799987792969,17427600,54.9692497253418
