"Date","GOOGL.Open","GOOGL.High","GOOGL.Low","GOOGL.Close","GOOGL.Volume","GOOGL.Adjusted"
2021-01-04,88,88.1244964599609,85.3570022583008,86.3065032958984,37324000,85.5990295410156
2021-01-05,86.2545013427734,87.3414993286133,85.8450012207031,87.0025024414062,20360000,86.2893295288086
2021-01-06,85.0130004882812,87.1985015869141,84.8050003051758,86.1439971923828,46588000,85.4378509521484
2021-01-07,86.3379974365234,88.890998840332,86.3379974365234,88.7170028686523,41936000,87.9897842407227
2021-01-08,88.8580017089844,89.9680023193359,88.0609970092773,89.8915023803711,35484000,89.1546478271484
2021-01-11,88.8509979248047,89.2190017700195,87.6070022583008,87.8144989013672,34796000,87.0946655273438
2021-01-12,87.2679977416992,88.3949966430664,85.8190002441406,86.8714981079102,29528000,86.1593933105469
2021-01-13,86.3659973144531,87.8195037841797,86.3659973144531,87.3625030517578,23432000,86.6463775634766
2021-01-14,87.4434967041016,88.3775024414062,86.3034973144531,86.5459976196289,29212000,85.8365631103516
2021-01-15,86.4509963989258,87.3809967041016,85.5855026245117,86.3809967041016,31444000,85.6729202270508
2021-01-19,87.1500015258789,90.1920013427734,86.6415023803711,89.223503112793,41660000,88.4921188354492
2021-01-20,91.3184967041016,94.9860000610352,90.9755020141602,94.0035018920898,64152000,93.2329254150391
2021-01-21,94.682502746582,96.6039962768555,93.9704971313477,94.2074966430664,58634000,93.4352493286133
2021-01-22,94.572998046875,95.2194976806641,93.8249969482422,94.6279983520508,32744000,93.8523178100586
2021-01-25,95.6370010375977,96.0910034179688,92.9580001831055,94.713996887207,50586000,93.9375991821289
2021-01-26,94.2994995117188,95.7874984741211,93.8065032958984,95.3974990844727,31462000,94.6154937744141
2021-01-27,93.7454986572266,94.0234985351562,89.8639984130859,90.9469985961914,82512000,90.2014923095703
2021-01-28,91.5500030517578,94.3994979858398,91.5500030517578,92.6600036621094,55278000,91.9004516601562
2021-01-29,91.7009963989258,92.3769989013672,90.0780029296875,91.3679962158203,44530000,90.619026184082
2021-02-01,92.2294998168945,95.7770004272461,92.2294998168945,94.6535034179688,40252000,93.8776092529297
2021-02-02,95.6565017700195,97.4684982299805,95.3184967041016,95.9560012817383,66332000,95.16943359375
2021-02-03,103.280502319336,105.331001281738,100.67749786377,102.944000244141,97882000,102.100143432617
2021-02-04,103.03099822998,103.464996337891,101.754997253418,102.681503295898,48596000,101.839797973633
2021-02-05,102.977996826172,104.796997070312,102.5,104.441497802734,29866000,103.58536529541
2021-02-08,105,105.75,103.167503356934,104.225997924805,28828000,103.371627807617
2021-02-09,103.73999786377,104.925498962402,103.5,103.769500732422,21892000,102.918876647949
2021-02-10,104.156997680664,104.944000244141,102.611999511719,104.323997497559,25102000,103.468826293945
2021-02-11,104.550003051758,104.699996948242,103.443000793457,104.4375,20480000,103.581398010254
2021-02-12,103.988502502441,104.974998474121,103.678497314453,104.751502990723,18990000,103.89282989502
2021-02-16,104.587501525879,107.25700378418,104.587501525879,105.535003662109,31004000,104.669914245605
2021-02-17,104.698997497559,106.122001647949,104.417503356934,105.930999755859,20294000,105.062660217285
2021-02-18,105.25,106.099502563477,104.666496276855,105.290496826172,22546000,104.427406311035
2021-02-19,105.389503479004,105.929000854492,104.171501159668,104.440498352051,37938000,103.584365844727
2021-02-22,102.680000305176,104.016502380371,102.400001525879,102.712997436523,29466000,101.871032714844
2021-02-23,100.699501037598,103.625,99.5114974975586,103.005996704102,34658000,102.161628723145
2021-02-24,101.501998901367,104.416000366211,101.376502990723,104.190498352051,22608000,103.336418151855
2021-02-25,102.796501159668,104.150001525879,100.324501037598,100.797500610352,41548000,99.9712371826172
2021-02-26,101.497497558594,102.825996398926,100.050498962402,101.095497131348,40042000,100.266792297363
2021-03-01,102.400001525879,103.811500549316,101.721000671387,103.483001708984,26060000,102.634727478027
2021-03-02,103.241996765137,104.736999511719,102.833503723145,103.223999023438,25564000,102.377853393555
2021-03-03,102.597503662109,103.799499511719,99.6999969482422,100.570503234863,33892000,99.7461013793945
2021-03-04,100.743499755859,103.729499816895,100.271499633789,101.696502685547,49216000,100.862869262695
2021-03-05,103.057502746582,105.309997558594,101.388999938965,104.853500366211,53100000,103.993995666504
2021-03-08,104.203002929688,105.686996459961,100.259498596191,100.375,36868000,99.5522003173828
2021-03-09,102.487503051758,103.195999145508,101.779998779297,102.017997741699,33920000,101.181732177734
2021-03-10,103.069999694824,103.069999694824,100.966499328613,101.809501647949,27100000,100.974937438965
2021-03-11,102.911003112793,105.563499450684,102.82250213623,105.027000427246,27702000,104.166069030762
2021-03-12,103.820503234863,103.880500793457,101.621002197266,102.5,33818000,101.659790039062
2021-03-15,102.249000549316,102.749496459961,101.389503479004,102.72200012207,26168000,101.87996673584
2021-03-16,103.299499511719,105.68399810791,102.964500427246,104.19450378418,31900000,103.340393066406
2021-03-17,103.423500061035,104.949996948242,102.206001281738,104.111000061035,26382000,103.25757598877
2021-03-18,102.408996582031,103.4375,100.958999633789,101.067001342773,31700000,100.238540649414
2021-03-19,101.486503601074,101.851997375488,100.146499633789,101.347999572754,46072000,100.517219543457
2021-03-22,101.381500244141,102.416999816895,100.699996948242,101.53450012207,33536000,100.702217102051
2021-03-23,101.997497558594,103.205497741699,101.400001525879,102.066497802734,28510000,101.229835510254
2021-03-24,102.587997436523,103.379997253418,101.449996948242,101.626502990723,25218000,100.793449401855
2021-03-25,101.452499389648,102.281997680664,99.8044967651367,101.623001098633,35616000,100.789962768555
2021-03-26,101.589500427246,101.969497680664,100.192497253418,101.236503601074,27978000,100.406639099121
2021-03-29,101.108001708984,102.460502624512,100.272499084473,102.289497375488,26492000,101.450996398926
2021-03-30,102.649002075195,103.133499145508,101.807502746582,102.323501586914,27312000,101.484733581543
2021-03-31,102.720001220703,104.313003540039,102.349998474121,103.125999450684,42570000,102.280647277832
2021-04-01,104.612503051758,106.787498474121,104.571502685547,106.488998413086,39880000,105.616081237793
2021-04-05,107.357498168945,111.449501037598,107.260498046875,110.947998046875,48510000,110.038528442383
2021-04-06,110.545997619629,111.400001525879,110.089500427246,110.462997436523,35240000,109.557502746582
2021-04-07,110.654998779297,112.224998474121,110.654998779297,111.951499938965,24134000,111.033805847168
2021-04-08,113.199996948242,113.589500427246,112.150497436523,112.521499633789,28664000,111.599136352539
2021-04-09,112.272003173828,113.698501586914,111.862998962402,113.533500671387,26146000,112.602844238281
2021-04-12,112.706001281738,112.844497680664,111.390998840332,112.231002807617,25024000,111.311012268066
2021-04-13,112.549499511719,113.173500061035,112.152496337891,112.721496582031,25682000,111.797500610352
2021-04-14,113.37149810791,113.37149810791,111.801002502441,112.095497131348,21002000,111.176628112793
2021-04-15,113.097503662109,114.800003051758,112.558502197266,114.262496948242,29174000,113.325859069824
2021-04-16,114.46199798584,114.71199798584,113.545997619629,114.137496948242,26282000,113.201889038086
2021-04-19,113.509002685547,115.204498291016,113.509002685547,114.487998962402,30290000,113.549514770508
2021-04-20,114.874496459961,114.949996948242,112.856002807617,113.950500488281,22288000,113.016426086426
2021-04-21,113.602500915527,114,112.240997314453,113.917503356934,23204000,112.983703613281
2021-04-22,113.769996643066,114.444000244141,112.015998840332,112.625999450684,24146000,111.702774047852
2021-04-23,113.349998474121,115.305999755859,113.0625,114.99649810791,29066000,114.053840637207
2021-04-26,115.225997924805,116.226501464844,114.865997314453,115.49649810791,32038000,114.549743652344
2021-04-27,115.881500244141,115.922500610352,114.307998657227,114.549003601074,44386000,113.610015869141
2021-04-28,119.625,121.569000244141,117.661003112793,117.952003479004,81106000,116.985122680664
2021-04-29,119.461502075195,120.208000183105,118.692497253418,119.638000488281,41234000,118.657295227051
2021-04-30,118.401000976562,119.092498779297,117.328002929688,117.675003051758,44856000,116.710388183594
2021-05-03,118.245498657227,119.077499389648,116.775001525879,117.153999328613,28242000,116.193664550781
2021-05-04,115.67749786377,116.249496459961,112.833999633789,115.341499328613,44818000,114.396018981934
2021-05-05,116.431503295898,116.75,115.414001464844,115.738502502441,26636000,114.789764404297
2021-05-06,115.316497802734,116.867500305176,114.652000427246,116.867500305176,25190000,115.909507751465
2021-05-07,118.19450378418,118.5625,117.307998657227,117.596496582031,28898000,116.632530212402
2021-05-10,116.406997680664,116.550003051758,114.226997375488,114.587501525879,30914000,113.648193359375
2021-05-11,112.153503417969,114.013999938965,111.695999145508,113.502998352051,34186000,112.572593688965
2021-05-12,111.309501647949,112.399002075195,109.680999755859,110.012496948242,46376000,109.110702514648
2021-05-13,111.305999755859,111.97200012207,110.335998535156,111.452003479004,33204000,110.538391113281
2021-05-14,112.927001953125,114.236000061035,112.5,113.918998718262,31996000,112.985168457031
2021-05-17,113.178497314453,114.488998413086,112.775497436523,114.445999145508,21598000,113.507850646973
2021-05-18,115.117500305176,115.384002685547,113.109497070312,113.123497009277,22204000,112.196197509766
2021-05-19,111.421501159668,113.749496459961,111.272003173828,113.574996948242,23684000,112.643989562988
2021-05-20,114.550003051758,115.599998474121,114.176002502441,115.347503662109,32352000,114.401969909668
2021-05-21,115.870498657227,115.94450378418,114.464996337891,114.706497192383,40632000,113.766204833984
2021-05-24,115.744499206543,118.277496337891,115.597999572754,118.052001953125,31832000,117.084312438965
2021-05-25,118.599998474121,119.199996948242,117.75,118.143501281738,22440000,117.17505645752
2021-05-26,118.325996398926,119.449501037598,118.322998046875,119.015502929688,21572000,118.039909362793
2021-05-27,119.452499389648,119.452499389648,117.813003540039,118.134002685547,35224000,117.165634155273
2021-05-28,118.721000671387,118.803497314453,117.642501831055,117.842498779297,21482000,116.876518249512
2021-06-01,118.72200012207,119.285499572754,117.713996887207,119.05899810791,23354000,118.083045959473
2021-06-02,119.457496643066,119.681999206543,117.61799621582,118.529502868652,21158000,117.557884216309
2021-06-03,117.286499023438,117.850997924805,116.475997924805,117.378997802734,18696000,116.416816711426
2021-06-04,118.463500976562,119.951499938965,118.120498657227,119.678497314453,24458000,118.697463989258
2021-06-07,119.47200012207,120.22550201416,119.050003051758,120.11499786377,24120000,119.130393981934
2021-06-08,120.60050201416,120.975997924805,119.738998413086,119.921997070312,24240000,118.938972473145
2021-06-09,120.571502685547,120.643997192383,119.845001220703,120.397003173828,17942000,119.410079956055
2021-06-10,120.346000671387,121.800003051758,120.189002990723,121.756500244141,25904000,120.758430480957
2021-06-11,122,122.085998535156,120.947998046875,121.51000213623,21958000,120.513954162598
2021-06-14,121.612998962402,122.445999145508,120.900001525879,122.445503234863,22098000,121.441787719727
2021-06-15,122.449996948242,122.775497436523,121.055999755859,121.419502258301,21562000,120.424186706543
2021-06-16,121.571998596191,121.886001586914,119.470001220703,120.772499084473,26472000,119.782501220703
2021-06-17,120.69750213623,122.522499084473,120.5,121.743499755859,25842000,120.745544433594
2021-06-18,121.366996765137,121.602996826172,120.014999389648,120.111000061035,46116000,119.126411437988
2021-06-21,120.500503540039,122,119.898498535156,121.8125,27414000,120.813972473145
2021-06-22,121.75,122.400001525879,121.064002990723,122.330497741699,22390000,121.327735900879
2021-06-23,122.09349822998,123.095497131348,121.834503173828,122.126998901367,19148000,121.125885009766
2021-06-24,122.699996948242,123.05549621582,122.300003051758,122.5,21362000,121.495834350586
2021-06-25,122,122.633003234863,121.565002441406,122.508499145508,34594000,121.504257202148
2021-06-28,122.678497314453,122.785003662109,121.405502319336,122.536003112793,28526000,121.531547546387
2021-06-29,122.670501708984,123.021003723145,121.69100189209,122.272499084473,23108000,121.270210266113
2021-06-30,121.994499206543,122.25700378418,121.354499816895,122.089500427246,24474000,121.088706970215
2021-07-01,121.724998474121,122.58699798584,121.53150177002,122.44450378418,18110000,121.440803527832
2021-07-02,123.150001525879,125.403999328613,123.059501647949,125.257499694824,25982000,124.230735778809
2021-07-06,125.648498535156,126.428001403809,124.582496643066,126.190002441406,26404000,125.15559387207
2021-07-07,127.162002563477,127.283996582031,126.15299987793,126.473999023438,24060000,125.43726348877
2021-07-08,124.026000976562,125.595497131348,124.022003173828,125.043998718262,23790000,124.018989562988
2021-07-09,125.025001525879,125.734497070312,124.551498413086,125.518501281738,18632000,124.489593505859
2021-07-12,126.178001403809,127.06950378418,125.611000061035,126.97550201416,17668000,125.93465423584
2021-07-13,127.038497924805,128.057495117188,126.674499511719,127.341499328613,19240000,126.297660827637
2021-07-14,127.958000183105,129.326507568359,127.914497375488,128.236999511719,23742000,127.185813903809
2021-07-15,128.649002075195,128.699996948242,126.529998779297,127.004997253418,24218000,125.963912963867
2021-07-16,127.66300201416,127.811500549316,126.153503417969,126.970001220703,20424000,125.929191589355
2021-07-19,126.089500427246,126.205001831055,123.504997253418,124.578002929688,27968000,123.556800842285
2021-07-20,125.527496337891,127.042999267578,124.35050201416,126.209503173828,26312000,125.174934387207
2021-07-21,126.133499145508,127.596000671387,126.023498535156,127.549003601074,20746000,126.503463745117
2021-07-22,127.84400177002,128.483001708984,127.499000549316,128.421493530273,14302000,127.368789672852
2021-07-23,130.43049621582,133.399002075195,129.800506591797,133.014999389648,41506000,131.924652099609
2021-07-26,133.328506469727,134.236999511719,132.301498413086,134.035003662109,30572000,132.936294555664
2021-07-27,134.250503540039,134.399002075195,130.10400390625,131.899993896484,54710000,130.818771362305
2021-07-28,136.311996459961,138.296997070312,135.277496337891,136.093994140625,95130000,134.978363037109
2021-07-29,136.149993896484,136.660995483398,135.542999267578,135.777496337891,31716000,134.664505004883
2021-07-30,135.035003662109,135.304504394531,134.255004882812,134.726501464844,25576000,133.622116088867
2021-08-02,135.117004394531,135.336502075195,133.794006347656,134.854507446289,21634000,133.749069213867
2021-08-03,135.134994506836,135.731994628906,133.31950378418,135.630004882812,20762000,134.518218994141
2021-08-04,135.349502563477,135.649505615234,134.486999511719,135.125503540039,19676000,134.017852783203
2021-08-05,135.68049621582,136.350006103516,134.845993041992,136.251495361328,17870000,135.134613037109
2021-08-06,136.042007446289,136.472503662109,135.210006713867,135.738494873047,20488000,134.625823974609
2021-08-09,135.942504882812,137.184005737305,135.339492797852,136.912994384766,17760000,135.790710449219
2021-08-10,137.341995239258,137.772506713867,136.364501953125,136.807006835938,19414000,135.685577392578
2021-08-11,137.181503295898,137.682495117188,136.271499633789,136.279006958008,15352000,135.161911010742
2021-08-12,135.975494384766,137.300003051758,135.425506591797,137.194000244141,16506000,136.069396972656
2021-08-13,137.25,137.856506347656,137.033004760742,137.727493286133,15948000,136.598510742188
2021-08-16,137.524993896484,138.362503051758,135.29899597168,138.309494018555,22384000,137.175720214844
2021-08-17,137.75,138.265502929688,136.082000732422,136.661499023438,21716000,135.541244506836
2021-08-18,136.5,137.104507446289,135.321502685547,135.449005126953,19258000,134.33869934082
2021-08-19,134.435501098633,136.352493286133,134.25,135.679992675781,21782000,134.567794799805
2021-08-20,136,137.554000854492,135.25,137.429504394531,31194000,136.302947998047
2021-08-23,137.969497680664,140.874496459961,137.607498168945,140.04150390625,28454000,138.893569946289
2021-08-24,140.61149597168,142.080001831055,140.338500976562,141.261505126953,19268000,140.103546142578
2021-08-25,141.625,142.189498901367,141.376007080078,142.078994750977,15848000,140.914337158203
2021-08-26,141.75,142.417495727539,141.356994628906,141.440505981445,20610000,140.281097412109
2021-08-27,141.652496337891,144.512496948242,141.496994018555,144.003997802734,28780000,142.823547363281
2021-08-30,144.399993896484,145.970504760742,144.162994384766,144.59049987793,24434000,143.405258178711
2021-08-31,145.147003173828,145.171493530273,144.281005859375,144.697494506836,22448000,143.511367797852
2021-09-01,145,146.253997802734,144.883499145508,145.21549987793,21936000,144.025146484375
2021-09-02,145.216003417969,145.519500732422,143.184997558594,143.287002563477,32342000,142.112442016602
2021-09-03,143.080505371094,144.154998779297,142.400497436523,143.739501953125,19850000,142.561264038086
2021-09-07,143.834503173828,144.565002441406,143.619003295898,144.280502319336,20124000,143.097778320312
2021-09-08,144.100006103516,144.399993896484,143,143.690994262695,18344000,142.513122558594
2021-09-09,143.84049987793,144.310501098633,143.177505493164,143.541000366211,15314000,142.364364624023
2021-09-10,144.212493896484,144.718505859375,140.738006591797,140.876007080078,36840000,139.721206665039
2021-09-13,141.949493408203,142.949996948242,141.25,142.332504272461,22094000,141.165786743164
2021-09-14,142.995498657227,143.363006591797,141.75,142.544494628906,19674000,141.376007080078
2021-09-15,142.771499633789,144.450500488281,141.347503662109,144.429504394531,27408000,143.245574951172
2021-09-16,143.950500488281,144.300003051758,142.401504516602,143.610000610352,26190000,142.432800292969
2021-09-17,143.030502319336,143.449996948242,140.470001220703,140.800003051758,53384000,139.645843505859
2021-09-20,138.161499023438,139,136.322006225586,138.719497680664,46518000,137.582382202148
2021-09-21,139.749496459961,140.011505126953,138.27799987793,139.033004760742,25332000,137.893325805664
2021-09-22,139.304000854492,140.886993408203,138.551498413086,140.283493041992,25056000,139.133590698242
2021-09-23,140.987503051758,141.696502685547,140.401504516602,141.216003417969,20952000,140.058441162109
2021-09-24,140.538497924805,142.330505371094,140.240997314453,142.214996337891,22984000,141.049240112305
2021-09-27,140.804504394531,141.938507080078,140.067504882812,141.072006225586,21882000,139.915603637695
2021-09-28,138.654998779297,139.096496582031,135.360000610352,135.830001831055,45772000,134.716567993164
2021-09-29,136.979995727539,137.151000976562,133.865005493164,134.353500366211,30848000,133.252166748047
2021-09-30,134.261505126953,135.542495727539,133.555999755859,133.675994873047,37996000,132.580200195312
2021-10-01,134.447494506836,136.910507202148,134.072998046875,136.542999267578,35360000,135.423736572266
2021-10-04,135.960494995117,135.960494995117,131.050003051758,133.65950012207,51202000,132.563842773438
2021-10-05,134.041000366211,137.224502563477,134.041000366211,136.022994995117,32404000,134.907958984375
2021-10-06,134.75,137.75,134.550003051758,137.565002441406,24364000,136.437362670898
2021-10-07,138.891998291016,140.042007446289,138.651000976562,139.225006103516,25110000,138.083755493164
2021-10-08,139.576995849609,140.330993652344,139.217498779297,139.785507202148,26526000,138.6396484375
2021-10-11,139.292007446289,140.712005615234,138.858993530273,138.914001464844,17954000,137.775299072266
2021-10-12,139.479995727539,139.50700378418,135.759994506836,136.449005126953,36332000,135.330520629883
2021-10-13,137.402496337891,138,136.518997192383,137.582000732422,19654000,136.454223632812
2021-10-14,139.473999023438,141.337493896484,138.824996948242,141.151000976562,31894000,139.99397277832
2021-10-15,141.614501953125,141.718002319336,140.755004882812,141.36799621582,30274000,140.209167480469
2021-10-18,141.076507568359,142.796005249023,141.06950378418,142.77799987793,20396000,141.607635498047
2021-10-19,143.387496948242,143.662506103516,142.600006103516,143.236999511719,20164000,142.062866210938
2021-10-20,143.337997436523,143.546005249023,141.376495361328,141.768997192383,23288000,140.606872558594
2021-10-21,141.768997192383,142.156005859375,140.5,141.886001586914,26292000,140.722930908203
2021-10-22,139.149993896484,140.582992553711,136.055999755859,137.566497802734,50588000,136.438842773438
2021-10-25,137.550003051758,138,135.42399597168,137.447006225586,34412000,136.320343017578
2021-10-26,139.26350402832,140.082992553711,138.304504394531,139.308502197266,49236000,138.166564941406
2021-10-27,139.404998779297,148.649993896484,139.404998779297,146.217498779297,85782000,145.018920898438
2021-10-28,147.134506225586,147.158004760742,144.626998901367,145.848999023438,36206000,144.653457641602
2021-10-29,145.078002929688,148.242004394531,144.649505615234,148.046005249023,43320000,146.832412719727
2021-11-01,148.046005249023,148.046005249023,143.225494384766,143.496994018555,46924000,142.320724487305
2021-11-02,144.579498291016,146.608993530273,144.335494995117,145.432495117188,33482000,144.240356445312
2021-11-03,145.900497436523,146.669006347656,144.591003417969,146.598007202148,27494000,145.396301269531
2021-11-04,147.124496459961,149.733505249023,146.307998657227,148.267501831055,38412000,147.052124023438
2021-11-05,149.169494628906,150.327499389648,148.197006225586,148.852005004883,38354000,147.631820678711
2021-11-08,149.824996948242,150.615005493164,148.43049621582,149.031005859375,23052000,147.809356689453
2021-11-09,149.233001708984,149.834503173828,147.244995117188,148.918502807617,19530000,147.697784423828
2021-11-10,147.5,148.070007324219,144.537506103516,145.893493652344,29970000,144.697570800781
2021-11-11,146.489501953125,147.535507202148,145.600494384766,145.766494750977,16518000,144.57160949707
2021-11-12,146.615493774414,148.850006103516,145.410995483398,148.677993774414,22360000,147.459243774414
2021-11-15,148.900497436523,149.549499511719,147.574996948242,148.451995849609,23508000,147.235107421875
2021-11-16,148.149505615234,148.762496948242,147.3125,147.876007080078,18904000,146.663818359375
2021-11-17,148.027496337891,148.559494018555,147.240005493164,148.046997070312,19594000,146.833404541016
2021-11-18,148.241500854492,150.580505371094,147.884506225586,149.838500976562,35608000,148.610244750977
2021-11-19,149.975494384766,150.966506958008,148.899002075195,148.926498413086,33682000,147.705703735352
2021-11-22,149.332504272461,149.829498291016,146.147506713867,146.302001953125,30594000,145.102722167969
2021-11-23,146.15299987793,146.660003662109,144.115005493164,145.781997680664,27218000,144.586975097656
2021-11-24,145.473495483398,146.249496459961,144.373001098633,146.119995117188,18040000,144.922225952148
2021-11-26,144.348495483398,144.557495117188,141.842498779297,142.182998657227,30470000,141.017486572266
2021-11-29,144,146.297500610352,143.893493652344,145.530502319336,32596000,144.337539672852
2021-11-30,145.008499145508,146,141.601501464844,141.897506713867,42068000,140.734329223633
2021-12-01,144,145.950500488281,140.912002563477,141.051498413086,34020000,139.895248413086
2021-12-02,141.25,143.864501953125,140.214492797852,142.966003417969,29194000,141.794082641602
2021-12-03,143.680999755859,144.399993896484,140.300994873047,142.001495361328,41230000,140.837478637695
2021-12-06,143.040496826172,143.852493286133,140.149993896484,143.154998779297,30618000,141.981521606445
2021-12-07,145.596496582031,147.531005859375,145.227493286133,147.269500732422,32240000,146.062301635742
2021-12-08,147.596496582031,148.393005371094,146.406005859375,148.186492919922,24270000,146.971771240234
2021-12-09,147.591003417969,149.100006103516,147.115005493164,147.63850402832,23270000,146.428268432617
2021-12-10,148.699996948242,148.977493286133,146.703994750977,148.001495361328,24458000,146.788299560547
2021-12-13,147.781494140625,147.970001220703,145.517501831055,145.826507568359,27070000,144.631149291992
2021-12-14,143.968002319336,144.479995727539,141.214996337891,143.906997680664,38446000,142.727355957031
2021-12-15,143.408996582031,146.720993041992,141.677993774414,146.440994262695,36370000,145.240570068359
2021-12-16,147.170501708984,147.677001953125,143.606994628906,144.445007324219,33650000,143.260940551758
2021-12-17,142.5,143.834503173828,141.300003051758,141.725006103516,50416000,140.563232421875
2021-12-20,140,141.774505615234,139.320999145508,141.606994628906,27192000,140.446182250977
2021-12-21,142.053497314453,143.869003295898,140.502502441406,143.472503662109,28756000,142.296432495117
2021-12-22,143.067504882812,146.5,143.067504882812,146.414993286133,26322000,145.214797973633
2021-12-23,146.5,148.243499755859,146.451995849609,146.91650390625,26384000,145.712173461914
2021-12-27,147.255996704102,148.343994140625,147.169494628906,147.906494140625,15976000,146.694076538086
2021-12-28,148.235992431641,148.29899597168,146.054504394531,146.686996459961,18200000,145.484588623047
2021-12-29,146.644500732422,147.417007446289,145.647506713867,146.654998779297,17788000,145.452835083008
2021-12-30,146.694000244141,147.300003051758,145.994506835938,146.200500488281,15688000,145.002059936523
2021-12-31,146.050003051758,146.698501586914,144.852005004883,144.852005004883,18136000,143.664611816406
2022-01-03,145.054992675781,145.850997924805,143.712997436523,144.991500854492,28646000,143.802978515625
2022-01-04,145.39599609375,146.485000610352,143.716506958008,144.399505615234,28400000,143.215805053711
2022-01-05,144.419998168945,144.499496459961,137.688003540039,137.774993896484,54618000,136.645599365234
2022-01-06,136.998504638672,139.940002441406,136.558502197266,137.747497558594,37348000,136.618347167969
2022-01-07,138.145492553711,138.448501586914,135.766494750977,137.016998291016,29760000,135.893844604492
2022-01-10,135.078002929688,138.81950378418,133.164505004883,138.669494628906,44408000,137.532775878906
2022-01-11,138.00700378418,140.216003417969,136.692504882812,139.735992431641,28730000,138.590560913086
2022-01-12,141.149993896484,142.608001708984,140.69450378418,141.43049621582,26108000,140.27116394043
2022-01-13,141.539993286133,142.850006103516,138.408996582031,138.587005615234,31436000,137.450988769531
2022-01-14,137.078994750977,140.742004394531,136.998504638672,139.480499267578,29662000,138.337142944336
2022-01-18,136.175003051758,137.131500244141,135.438507080078,135.998001098633,34872000,134.883209228516
2022-01-19,136.523498535156,137.959503173828,135.015502929688,135.116500854492,28648000,134.008911132812
2022-01-20,136.25,137.626007080078,132.964492797852,133.307495117188,29908000,132.214736938477
2022-01-21,132.593505859375,134.865493774414,130.086502075195,130.351501464844,55652000,129.282974243164
2022-01-24,125.977996826172,131.203002929688,124.5,130.804000854492,76622000,129.731781005859
2022-01-25,128.740005493164,129.399002075195,126.500503540039,126.934997558594,46960000,125.894485473633
2022-01-26,131.119003295898,133,127.141998291016,129.233001708984,49130000,128.173675537109
2022-01-27,131.304000854492,132.652496337891,128.932495117188,129.005004882812,31950000,127.947525024414
2022-01-28,129.658996582031,133.356506347656,128.485000610352,133.350997924805,34362000,132.257873535156
2022-01-31,134.162002563477,135.473007202148,132.209503173828,135.303497314453,39986000,134.194396972656
2022-02-01,137.594497680664,137.792999267578,134.368499755859,137.643997192383,68644000,136.515686035156
2022-02-02,151.25,151.546493530273,145.522506713867,148,123200000,146.786804199219
2022-02-03,145.705505371094,149.675003051758,142.665496826172,143.089996337891,71518000,141.917022705078
2022-02-04,143.44450378418,144.875,140.514999389648,143.292999267578,57998000,142.118408203125
2022-02-07,144.25,144.25,138.899993896484,139.20100402832,54974000,138.059936523438
2022-02-08,139.026504516602,140,137.014007568359,139.399002075195,54284000,138.256332397461
2022-02-09,140.963500976562,142.524505615234,140.186996459961,141.591995239258,40144000,140.431335449219
2022-02-10,139.703506469727,141.484497070312,137.957000732422,138.619995117188,39330000,137.483688354492
2022-02-11,138.600006103516,139.156494140625,133.399993896484,134.282501220703,39958000,133.181777954102
2022-02-14,133.256500244141,136.300003051758,133.256500244141,135.526000976562,34302000,134.415069580078
2022-02-15,137.570495605469,138.108505249023,135.821502685547,136.608505249023,26680000,135.488693237305
2022-02-16,136.646499633789,138.085998535156,134.92399597168,137.738006591797,25022000,136.608932495117
2022-02-17,136.24299621582,137.113494873047,132.478500366211,132.539001464844,38950000,131.452545166016
2022-02-18,133.466995239258,134.070007324219,130.196502685547,130.40299987793,45620000,129.334045410156
2022-02-22,129.837997436523,132.18049621582,128.223495483398,129.813507080078,44990000,128.749389648438
2022-02-23,131.648498535156,132.050994873047,127.527496337891,127.587997436523,32786000,126.542137145996
2022-02-24,124.953498840332,133,124.953498840332,132.690994262695,54456000,131.603286743164
2022-02-25,133.552001953125,135.271499633789,131.751495361328,134.459503173828,36406000,133.357315063477
2022-02-28,133.050003051758,135.751495361328,132.592498779297,135.057006835938,38864000,133.949920654297
2022-03-01,134.878494262695,136.255493164062,133.218505859375,134.061492919922,26496000,132.962554931641
2022-03-02,134.628005981445,135.262496948242,133.071502685547,134.571502685547,23520000,133.468383789062
2022-03-03,136.009994506836,136.439498901367,133.025497436523,133.899505615234,24604000,132.801879882812
2022-03-04,132.927505493164,133.851501464844,130.337493896484,131.906494140625,30430000,130.825241088867
2022-03-07,131.488006591797,131.735000610352,126.294998168945,126.37850189209,45112000,125.342552185059
2022-03-08,126.25,131.25,125.674499511719,127.104499816895,40428000,126.06258392334
2022-03-09,131.25,133.735504150391,129.900497436523,133.419998168945,37026000,132.326293945312
2022-03-10,131.266006469727,133.272003173828,130.912506103516,132.429504394531,27102000,131.343948364258
2022-03-11,133.488494873047,133.795501708984,129.631500244141,129.870498657227,31526000,128.805923461914
2022-03-14,130.25,130.408996582031,125.275001525879,125.950996398926,38812000,124.91854095459
2022-03-15,126.975997924805,129.854507446289,125.720497131348,129.197998046875,30920000,128.138916015625
2022-03-16,130.733001708984,133.332992553711,128.734497070312,133.280502319336,35576000,132.187973022461
2022-03-17,133.149002075195,134.080505371094,132.184997558594,133.839004516602,28264000,132.741897583008
2022-03-18,133.424499511719,136.244003295898,132.258499145508,136.125503540039,44566000,135.009658813477
2022-03-21,136.163497924805,137.050003051758,134.092498779297,136.101501464844,26832000,134.985855102539
2022-03-22,136.101501464844,141.050003051758,136.101501464844,139.86799621582,35496000,138.721481323242
2022-03-23,138.702499389648,139.588500976562,137.835006713867,138.275497436523,25154000,137.142028808594
2022-03-24,139.199996948242,141.619003295898,137.750503540039,141.572006225586,26396000,140.411499023438
2022-03-25,141.916000366211,142.035003662109,139.737503051758,141.673004150391,24126000,140.511688232422
2022-03-28,140.900497436523,142.002502441406,139.811492919922,141.455505371094,35050000,140.295974731445
2022-03-29,142.647506713867,143.793502807617,142.038497924805,142.505493164062,34318000,141.337341308594
2022-03-30,142.460006713867,142.720504760742,141.600006103516,141.938507080078,19884000,140.774993896484
2022-03-31,142.052993774414,142.108001708984,139.024505615234,139.067504882812,37524000,137.927551269531
2022-04-01,139.5,140.470993041992,138.307495117188,140.150497436523,25942000,139.001663208008
2022-04-04,140.358505249023,143.712005615234,140.310501098633,142.971496582031,25942000,141.799530029297
2022-04-05,142.869003295898,142.990493774414,140.382507324219,140.591003417969,21418000,139.438552856445
2022-04-06,138.75,139.360504150391,135.516998291016,136.548004150391,32468000,135.428665161133
2022-04-07,136.009994506836,137.164505004883,134.227493286133,135.88850402832,26234000,134.774597167969
2022-04-08,135.58349609375,135.669998168945,132.96549987793,133.287506103516,25142000,132.194915771484
2022-04-11,131.823501586914,132.092498779297,128.668502807617,128.823501586914,36884000,127.76749420166
2022-04-12,131.600006103516,131.600006103516,126.789001464844,127.714500427246,32710000,126.667594909668
2022-04-13,128,130.333999633789,127.740997314453,129.893997192383,27928000,128.829223632812
2022-04-14,130.479507446289,130.479507446289,126.600997924805,126.730003356934,31598000,125.691162109375
2022-04-18,127,128.212493896484,126.181999206543,127.676498413086,20808000,126.629913330078
2022-04-19,127.691497802734,130.332992553711,126.999496459961,130.009002685547,26490000,128.943298339844
2022-04-20,130.891998291016,131.399002075195,127.5,128.039993286133,31696000,126.990409851074
2022-04-21,129.25,130.098495483398,124.526496887207,124.814498901367,36446000,123.791358947754
2022-04-22,125,125.402000427246,118.925003051758,119.635498046875,56884000,118.654815673828
2022-04-25,119.100997924805,123.277496337891,118.511001586914,123.073997497559,46128000,122.065124511719
2022-04-26,122.294502258301,122.51000213623,118.511001586914,118.650001525879,73054000,117.677391052246
2022-04-27,114.469497680664,117.241996765137,112.736503601074,114.294502258301,91820000,113.35758972168
2022-04-28,116.415000915527,119.64949798584,114.11499786377,118.522499084473,48884000,117.550933837891
2022-04-29,116.734497070312,117.919998168945,113.814498901367,114.109497070312,42676000,113.174118041992
2022-05-02,113.404998779297,116.745498657227,112.599998474121,116.583000183105,35534000,115.627334594727
2022-05-03,116.43049621582,118.442001342773,116.03450012207,117.333999633789,24968000,116.372192382812
2022-05-04,117.03150177002,122.854499816895,115.115997314453,122.261001586914,49916000,121.258796691895
2022-05-05,120.204002380371,121.039001464844,115.005500793457,116.505500793457,45840000,115.550483703613
2022-05-06,115.184501647949,117.571502685547,114.015502929688,115.74649810791,39710000,114.797698974609
2022-05-09,113.25,115.077003479004,112.000503540039,112.511001586914,40802000,111.588706970215
2022-05-10,115.507499694824,116.25,112.900497436523,114.394996643066,39900000,113.457275390625
2022-05-11,113.236503601074,116.364501953125,113.236503601074,113.602500915527,37534000,112.671272277832
2022-05-12,111.377502441406,114.294998168945,109.824501037598,112.84400177002,53836000,111.918991088867
2022-05-13,114.532997131348,117.875,113.605003356934,116.050498962402,35038000,115.09920501709
2022-05-16,114.955497741699,116.169998168945,113.889503479004,114.444999694824,25990000,113.506874084473
2022-05-17,116.84049987793,116.900001525879,114.870002746582,116.472999572754,23054000,115.51823425293
2022-05-18,115,115.400001525879,111.55549621582,111.89949798584,35126000,110.982231140137
2022-05-19,111.431503295898,113.01000213623,110,110.384002685547,34144000,109.479164123535
2022-05-20,111.950996398926,112.183502197266,105.796501159668,108.907997131348,48962000,108.015251159668
2022-05-23,109.587501525879,112.147499084473,108.740997314453,111.487998962402,37184000,110.574104309082
2022-05-24,105.772003173828,106.458503723145,101.884498596191,105.970001220703,76780000,105.101341247559
2022-05-25,104.985496520996,106.5,103.856498718262,105.805000305176,40258000,104.937698364258
2022-05-26,105.677001953125,108.64949798584,105.224998474121,107.792503356934,37948000,106.908905029297
2022-05-27,109.483001708984,112.318000793457,109.138496398926,112.316497802734,37914000,111.395820617676
2022-05-31,112.74649810791,115.735000610352,112.078498840332,113.762001037598,50012000,112.829460144043
2022-06-01,114.855003356934,117.101501464844,113.25,113.891998291016,36606000,112.958389282227
2022-06-02,114,117.89949798584,112.946502685547,117.622497558594,37992000,116.658309936523
2022-06-03,116.0625,116.321502685547,113.518501281738,114.541000366211,26136000,113.602073669434
2022-06-06,116.704498291016,119.34700012207,116.164001464844,116.820503234863,33542000,115.862899780273
2022-06-07,115.480499267578,117.69100189209,115.052001953125,117.14949798584,31590000,116.189186096191
2022-06-08,116.761497497559,118.570503234863,116.599998474121,117.194000244141,26108000,116.233337402344
2022-06-09,116.327499389648,118.299003601074,114.776000976562,114.835502624512,25798000,113.894165039062
2022-06-10,112.444999694824,113.278999328613,110.365997314453,111.161499023438,41452000,110.250282287598
2022-06-13,106.786499023438,108.791496276855,106.119003295898,106.392501831055,47252000,105.520378112793
2022-06-14,106.535003662109,107.924499511719,105.800003051758,106.71549987793,33706000,105.840721130371
2022-06-15,108.544998168945,111.423500061035,107.669502258301,109.764503479004,39698000,108.864738464355
2022-06-16,107.221000671387,108.648498535156,105.138000488281,106.033500671387,51684000,105.164321899414
2022-06-17,106.033500671387,108.699501037598,105.045997619629,107.143501281738,51376000,106.26522064209
2022-06-21,108.929496765137,112.489501953125,108.599998474121,111.543998718262,47416000,110.62964630127
2022-06-22,110.556503295898,113.346496582031,110.382499694824,111.487503051758,30774000,110.573608398438
2022-06-23,112.231498718262,112.742500305176,110.500503540039,112.241996765137,28362000,111.321929931641
2022-06-24,112.995002746582,118.079002380371,112.952499389648,117.974998474121,41164000,117.007926940918
2022-06-27,118.273002624512,118.579498291016,115.179496765137,115.833503723145,36420000,114.883987426758
2022-06-28,115.80249786377,117.309501647949,111.847999572754,112.007499694824,35792000,111.089347839355
2022-06-29,111.552001953125,113.160499572754,110.872497558594,111.701499938965,24716000,110.785850524902
2022-06-30,110,110.888000488281,106.75,108.962997436523,43170000,108.069793701172
2022-07-01,107.932998657227,109.25,106.730499267578,108.737503051758,35476000,107.846153259277
2022-07-05,107.10050201416,113.376998901367,105.731498718262,113.263000488281,39342000,112.334564208984
2022-07-06,113.302001953125,115.589500427246,111.475997924805,114.571998596191,37432000,113.632827758789
2022-07-07,115.080001831055,119.189498901367,114.833503723145,118.782997131348,40936000,117.809295654297
2022-07-08,117.25,119.684997558594,116.901496887207,119.353500366211,38238000,118.375129699707
2022-07-11,117.998001098633,117.998001098633,115.330497741699,115.676498413086,31196000,114.728271484375
2022-07-12,116.214996337891,116.973999023438,113.690002441406,114.020500183105,29960000,113.085845947266
2022-07-13,111.700996398926,114.195999145508,111.201499938965,111.353500366211,43722000,110.440696716309
2022-07-14,110.210502624512,111.093002319336,108.373001098633,110.367500305176,37004000,109.462791442871
2022-07-15,112.000503540039,113.140502929688,110.900001525879,111.777496337891,46770000,110.861228942871
2022-07-18,112.639999389648,113.680000305176,108.370002746582,109.029998779297,43164600,108.136245727539
2022-07-19,110.849998474121,114.019996643066,109.559997558594,113.809997558594,36530900,112.877067565918
2022-07-20,113.169998168945,115.400001525879,112.480003356934,113.900001525879,35600400,112.966339111328
2022-07-21,114.279998779297,114.550003051758,111.110000610352,114.339996337891,32676200,113.402725219727
2022-07-22,111,112.339996337891,106.5,107.900001525879,48901200,107.015518188477
2022-07-25,108.410003662109,109.870002746582,106.300003051758,107.51000213623,34690900,106.628715515137
2022-07-26,106.599998474121,107.199996948242,104.069999694824,105.019996643066,47991000,104.159126281738
2022-07-27,109.26000213623,113.910003662109,108.01000213623,113.059997558594,59858500,112.133209228516
2022-07-28,112.370002746582,114.339996337891,111.459999084473,114.220001220703,32816600,113.283706665039
2022-07-29,113.080001831055,116.709999084473,113.059997558594,116.319999694824,37223400,115.366493225098
2022-08-01,115.300003051758,116.720001220703,114.339996337891,114.860000610352,26034300,113.91845703125
2022-08-02,114,116.349998474121,113.720001220703,115.129997253418,20236000,114.186248779297
2022-08-03,115.709999084473,118.620002746582,115.480003356934,118.080001831055,28499000,117.112075805664
2022-08-04,117.480003356934,118.779998779297,116.889999389648,118.190002441406,21602900,117.221168518066
2022-08-05,116.230003356934,118.110000610352,116,117.470001220703,19159500,116.50707244873
2022-08-08,118.389999389648,120.150001525879,116.879997253418,117.300003051758,19138300,116.33846282959
2022-08-09,117.139999389648,117.319999694824,115.709999084473,116.629997253418,19086500,115.673942565918
2022-08-10,118.779998779297,120.919998168945,118.410003662109,119.699996948242,30930400,118.718788146973
2022-08-11,121.279998779297,121.48999786377,118.559997558594,118.839996337891,24293700,117.865837097168
2022-08-12,120.26000213623,121.680000305176,119.459999084473,121.680000305176,19096300,120.682556152344
2022-08-15,121.129997253418,122.300003051758,120.610000610352,122.080001831055,19494800,121.079277038574
2022-08-16,121.519996643066,122.430000305176,120.639999389648,121.699996948242,19041200,120.70240020752
2022-08-17,120.120002746582,121.290000915527,119.379997253418,119.550003051758,22847000,118.570014953613
2022-08-18,119.430000305176,120.819999694824,118.720001220703,120.169998168945,17987700,119.184936523438
2022-08-19,119.059997558594,119.150001525879,116.76000213623,117.209999084473,21809500,116.249206542969
2022-08-22,115.199996948242,115.629997253418,113.849998474121,114.23999786377,21456600,113.303550720215
2022-08-23,113.480003356934,115.01000213623,113.430000305176,113.860000610352,15870400,112.926666259766
2022-08-24,113.5,114.779998779297,112.870002746582,113.690002441406,17734600,112.75806427002
2022-08-25,114.23999786377,116.720001220703,114.110000610352,116.650001525879,16956800,115.693786621094
2022-08-26,114.720001220703,115.120002746582,110.190002441406,110.339996337891,37245700,109.435516357422
2022-08-29,109.98999786377,110.949996948242,108.800003051758,109.419998168945,21191200,108.523063659668
2022-08-30,110.169998168945,110.5,107.800003051758,108.940002441406,27513300,108.046997070312
2022-08-31,110.650001525879,110.849998474121,108.129997253418,108.220001220703,28627000,107.332908630371
2022-09-01,108.279998779297,110.449996948242,107.360000610352,109.73999786377,28360900,108.840438842773
2022-09-02,110.589996337891,110.73999786377,107.26000213623,107.849998474121,24160700,106.965927124023
2022-09-06,107.300003051758,108.029998779297,105.779998779297,106.809997558594,25068300,105.934448242188
2022-09-07,107.059997558594,109.980003356934,106.900001525879,109.449996948242,23167000,108.552795410156
2022-09-08,108.040000915527,109.599998474121,107.160003662109,108.379997253418,24238300,107.491584777832
2022-09-09,109.069999694824,110.98999786377,109.019996643066,110.650001525879,23197700,109.742980957031
2022-09-12,110.98999786377,111.620002746582,109.930000305176,110.860000610352,22966800,109.95125579834
2022-09-13,107.800003051758,108.300003051758,104.089996337891,104.319999694824,38172900,103.464851379395
2022-09-14,104.569999694824,105.279998779297,103.660003662109,105,26395100,104.139289855957
2022-09-15,104.029998779297,105.269996643066,102.349998474121,102.910003662109,34188300,102.066429138184
2022-09-16,102.069999694824,103.129997253418,100.940002441406,102.800003051758,42797200,101.957328796387
2022-09-19,101.75,103.330001831055,101.550003051758,103.069999694824,23036800,102.225112915039
2022-09-20,102.080001831055,102.370002746582,100.519996643066,101.139999389648,26517100,100.310935974121
2022-09-21,101.669998168945,102.879997253418,99.2699966430664,99.2799987792969,31487300,98.4661712646484
2022-09-22,98.8199996948242,101.23999786377,98.7900009155273,100.139999389648,34298600,99.3191299438477
2022-09-23,99.629997253418,99.6600036621094,97.4700012207031,98.7399978637695,31625400,97.9306106567383
2022-09-26,98.0999984741211,99.879997253418,97.8000030517578,98.1699981689453,27072700,97.3652725219727
2022-09-27,99.4300003051758,100,96.870002746582,97.5,30072800,96.7007751464844
2022-09-28,97.6500015258789,100.699996948242,97.1100006103516,100.050003051758,32466300,99.229866027832
2022-09-29,98.6399993896484,98.6399993896484,95.9599990844727,97.4199981689453,31047200,96.6214370727539
2022-09-30,97.0500030517578,98.9000015258789,95.5599975585938,95.6500015258789,32941500,94.8659286499023
2022-10-03,96.7600021362305,99.2900009155273,96.5199966430664,98.6399993896484,27982000,97.831428527832
2022-10-04,100.440002441406,101.839996337891,100.379997253418,101.639999389648,28850800,100.806838989258
2022-10-05,99.8300018310547,101.930000305176,98.8000030517578,101.430000305176,22176900,100.59854888916
2022-10-06,100.680000305176,102.930000305176,100.589996337891,101.419998168945,22324000,100.588645935059
2022-10-07,99.8499984741211,100.529998779297,98.3000030517578,98.6800003051758,27502800,97.8711013793945
2022-10-10,99,99.0999984741211,97.0100021362305,97.8600006103516,18225100,97.0578231811523
2022-10-11,97.4300003051758,99.25,96.3099975585938,97.1800003051758,26507100,96.3833923339844
2022-10-12,97.3000030517578,98.75,96.7399978637695,97.5599975585938,21876400,96.7602844238281
2022-10-13,95.1500015258789,99.7799987792969,94.379997253418,99.0599975585938,34574500,98.2479705810547
2022-10-14,99.9899978637695,100.690002441406,96.370002746582,96.5599975585938,25410700,95.7684707641602
2022-10-17,98.8600006103516,100.930000305176,98.8300018310547,99.9700012207031,28419200,99.1505279541016
2022-10-18,103.129997253418,103.470001220703,99.9700012207031,100.769996643066,24060700,99.943962097168
2022-10-19,100.01000213623,101.019996643066,98.9199981689453,99.629997253418,23811100,98.8133087158203
2022-10-20,100,102.319999694824,99.3899993896484,99.9700012207031,25323200,99.1505279541016
2022-10-21,97.8499984741211,101.309997558594,97.7200012207031,101.129997253418,32458700,100.301002502441
2022-10-24,101.800003051758,102.75,99.9800033569336,102.519996643066,27176400,101.679626464844
2022-10-25,102.900001525879,104.819999694824,102.720001220703,104.480003356934,40611400,103.623558044434
2022-10-26,96.4300003051758,98.3099975585938,94.6900024414062,94.9300003051758,88114100,94.1518325805664
2022-10-27,94.5199966430664,95.4300003051758,91.8000030517578,92.2200012207031,60710900,91.4640502929688
2022-10-28,92.2699966430664,96.5500030517578,92.129997253418,96.2900009155273,43697300,95.5006942749023
2022-10-31,95.4199981689453,96.0299987792969,93.9800033569336,94.5100021362305,31675000,93.7352752685547
2022-11-01,95.4499969482422,96.0299987792969,90.370002746582,90.4700012207031,47161400,89.7283935546875
2022-11-02,90.9400024414062,91.1800003051758,86.879997253418,86.9700012207031,57038300,86.2570724487305
2022-11-03,86.3199996948242,86.5199966430664,83.3399963378906,83.4300003051758,61288000,82.7461013793945
2022-11-04,85.4000015258789,86.6399993896484,83.7099990844727,86.5800018310547,51124900,85.8702850341797
2022-11-07,87.2799987792969,88.9000015258789,86.8499984741211,88.4899978637695,34078900,87.7646331787109
2022-11-08,88.9000015258789,90.3199996948242,87.5899963378906,88.9000015258789,30429000,88.1712646484375
2022-11-09,88.4499969482422,89.4400024414062,87.2799987792969,87.3199996948242,31769100,86.6042251586914
2022-11-10,92.25,94.3899993896484,91.6100006103516,93.9400024414062,51620100,93.1699600219727
2022-11-11,94.6900024414062,96.9300003051758,93.9199981689453,96.4100036621094,33090500,95.6197128295898
2022-11-14,95.0899963378906,96.7900009155273,94.5100021362305,95.6999969482422,30179500,94.9155120849609
2022-11-15,98.2600021362305,100.139999389648,96.7099990844727,98.4400024414062,41640800,97.6330718994141
2022-11-16,97.9000015258789,99.6399993896484,97.6399993896484,98.8499984741211,29105200,98.0397109985352
2022-11-17,96.9700012207031,99.2799987792969,96.7900009155273,98.3600006103516,26052600,97.5537185668945
2022-11-18,98.7699966430664,98.9000015258789,96.370002746582,97.4300003051758,28342300,96.6313400268555
2022-11-21,97.2900009155273,98.4000015258789,95.3600006103516,95.5999984741211,21647400,94.8163452148438
2022-11-22,95.9499969482422,97.2200012207031,94.0500030517578,97.0500030517578,23438500,96.2544631958008
2022-11-23,97.0899963378906,98.7600021362305,97.0899963378906,98.4599990844727,18868100,97.6528930664062
2022-11-25,98.2399978637695,98.6399993896484,97.4000015258789,97.4599990844727,9701400,96.6610946655273
2022-11-28,97.0400009155273,97.5800018310547,95.6100006103516,96.0500030517578,26237500,95.2626571655273
2022-11-29,95.7300033569336,96.120002746582,94.1100006103516,95.1900024414062,20061700,94.4097061157227
2022-11-30,94.8199996948242,101.040000915527,94.4199981689453,100.98999786377,43647500,100.162155151367
2022-12-01,101.019996643066,102.25,100.25,100.98999786377,28687100,100.162155151367
2022-12-02,99.0500030517578,100.769996643066,98.9000015258789,100.440002441406,21480700,99.6166610717773
2022-12-05,99.4000015258789,101.379997253418,99,99.4800033569336,24405100,98.6645355224609
2022-12-06,99.3000030517578,99.7799987792969,96.4199981689453,96.9800033569336,24910700,96.1850357055664
2022-12-07,96.4100036621094,96.879997253418,94.7200012207031,94.9400024414062,31045400,94.1617660522461
2022-12-08,95.379997253418,95.5800018310547,93.4499969482422,93.7099990844727,32213300,92.9418258666992
2022-12-09,93.7699966430664,94.2600021362305,92.75,92.8300018310547,28225400,92.0690536499023
2022-12-12,92.7099990844727,93.5599975585938,91.6100006103516,93.3099975585938,29420000,92.5451049804688
2022-12-13,97.7600021362305,99.5299987792969,95.0299987792969,95.629997253418,40593700,94.8460922241211
2022-12-14,95.1999969482422,96.870002746582,93.5999984741211,95.0699996948242,28733600,94.2906875610352
2022-12-15,93.129997253418,93.6399993896484,90.0100021362305,90.8600006103516,40107000,90.1152114868164
2022-12-16,90.7600021362305,91.3300018310547,89.5199966430664,90.2600021362305,58011800,89.5201187133789
2022-12-19,90.2600021362305,90.5599975585938,88.2099990844727,88.4400024414062,29493000,87.7150421142578
2022-12-20,88.1100006103516,89.1800003051758,87.4400024414062,89.0199966430664,23453800,88.2902755737305
2022-12-21,89.0800018310547,90.2200012207031,88.3199996948242,89.5800018310547,24745600,88.8456878662109
2022-12-22,88.1600036621094,88.5400009155273,86.3199996948242,87.7600021362305,27658300,87.0406112670898
2022-12-23,87.1100006103516,89.5500030517578,87.0699996948242,89.2300033569336,23003000,88.4985733032227
2022-12-27,88.8000030517578,88.9400024414062,87.0100021362305,87.3899993896484,20097300,86.6736373901367
2022-12-28,86.9800033569336,88.0400009155273,85.9400024414062,86.0199966430664,19523200,85.3148651123047
2022-12-29,86.620002746582,88.8499984741211,86.6100006103516,88.4499969482422,23333500,87.7249526977539
2022-12-30,86.9800033569336,88.3000030517578,86.5699996948242,88.2300033569336,23986300,87.5067672729492
2023-01-03,89.5899963378906,91.0500030517578,88.5199966430664,89.120002746582,28131200,88.3894653320312
2023-01-04,90.3499984741211,90.6500015258789,87.2699966430664,88.0800018310547,34854800,87.3579864501953
2023-01-05,87.4700012207031,87.5699996948242,85.9000015258789,86.1999969482422,27194400,85.4933929443359
2023-01-06,86.7900009155273,87.6900024414062,84.8600006103516,87.3399963378906,41381500,86.6240386962891
2023-01-09,88.3600006103516,90.0500030517578,87.8600006103516,88.0199966430664,29003900,87.2984771728516
2023-01-10,85.9800033569336,88.6699981689453,85.8300018310547,88.4199981689453,30467800,87.695198059082
2023-01-11,89.1800003051758,91.5999984741211,89.0100021362305,91.5199966430664,26862000,90.7697830200195
2023-01-12,91.4800033569336,91.870002746582,89.75,91.129997253418,30258100,90.3829879760742
2023-01-13,90.8499984741211,92.1900024414062,90.129997253418,92.120002746582,26329200,91.364875793457
2023-01-17,92.0599975585938,92.25,90.0500030517578,91.2900009155273,32602400,90.5416717529297
2023-01-18,92.1399993896484,92.8000030517578,90.6399993896484,91.120002746582,29116700,90.3730773925781
2023-01-19,90.7200012207031,93.6100006103516,90.629997253418,93.0500030517578,37000400,92.2872467041016
2023-01-20,95.0999984741211,98.3000030517578,95.0199966430664,98.0199966430664,63191100,97.2165069580078
2023-01-23,97.9499969482422,100.040000915527,97.5,99.7900009155273,40005100,98.9720001220703
2023-01-24,98.0999984741211,99.6100006103516,97.1999969482422,97.6999969482422,33078500,96.8991241455078
2023-01-25,95.5699996948242,96.1600036621094,93.7600021362305,95.2200012207031,42330000,94.4394607543945
2023-01-26,96.5,97.5699996948242,95.379997253418,97.5199966430664,30114000,96.7206039428711
2023-01-27,97.3099975585938,100.319999694824,97.3099975585938,99.370002746582,33879800,98.5554504394531
2023-01-30,97.4800033569336,98.2900009155273,96.4000015258789,96.9400024414062,27226200,96.1453552246094
2023-01-31,96.870002746582,98.879997253418,96.8199996948242,98.8399963378906,29870700,98.0297775268555
2023-02-01,98.7099990844727,101.190002441406,97.5800018310547,100.430000305176,35531100,99.6067581176758
2023-02-02,105.800003051758,107.849998474121,105.610000610352,107.73999786377,69883800,106.856819152832
2023-02-03,102.930000305176,107.809997558594,102.580001831055,104.779998779297,65309300,103.921096801758
2023-02-06,102.400001525879,104.360000610352,101.879997253418,102.900001525879,31999600,102.056495666504
2023-02-07,103.220001220703,108.180000305176,103.120002746582,107.639999389648,49010200,106.75764465332
2023-02-08,102.050003051758,103.139999389648,98.0400009155273,99.370002746582,94743500,98.5554504394531
2023-02-09,100,100.029998779297,93.629997253418,95.0100021362305,119455000,94.2311782836914
2023-02-10,95.4499969482422,96.75,94.25,94.5699996948242,54980700,93.7947769165039
2023-02-13,94.7399978637695,95.1999969482422,93.8399963378906,94.6100006103516,50076100,93.8344573974609
2023-02-14,94.4300003051758,94.8499984741211,92.2600021362305,94.6800003051758,54726100,93.9038925170898
2023-02-15,94.4899978637695,97.120002746582,94.1500015258789,96.9400024414062,50169000,96.1453552246094
2023-02-16,95.370002746582,97.6800003051758,94.7399978637695,95.5100021362305,42462600,94.7270736694336
2023-02-17,94.8499984741211,95.5599975585938,93.2099990844727,94.3499984741211,34284100,93.5765914916992
2023-02-21,93,93.0999984741211,91.7200012207031,91.7900009155273,33629300,91.0375671386719
2023-02-22,91.6999969482422,92.1100006103516,90.6100006103516,91.6500015258789,30884000,90.8987197875977
2023-02-23,91.9199981689453,91.9400024414062,89.7600021362305,90.8899993896484,41206400,90.1449432373047
2023-02-24,89.4400024414062,89.8899993896484,88.5800018310547,89.129997253418,36585100,88.3993835449219
2023-02-27,89.870002746582,90.1600036621094,89.3399963378906,89.870002746582,27502300,89.1333236694336
2023-02-28,89.3300018310547,91.2300033569336,89.3199996948242,90.0599975585938,30142000,89.3217544555664
2023-03-01,89.9800033569336,91.0299987792969,89.6699981689453,90.3600006103516,31111200,89.6193008422852
2023-03-02,89.6600036621094,92.2799987792969,89.5899963378906,92,32204400,91.2458648681641
2023-03-03,92.4800033569336,93.7300033569336,92.4499969482422,93.6500015258789,35160100,92.88232421875
2023-03-06,94.0199966430664,95.9700012207031,94,95.129997253418,32639300,94.3501892089844
2023-03-07,94.9800033569336,95.6699981689453,93.5299987792969,93.8600006103516,27835500,93.0906143188477
2023-03-08,94.120002746582,95.9599990844727,94,94.25,34103300,93.477409362793
2023-03-09,94.0500030517578,95.5299987792969,91.9000015258789,92.3199996948242,28813500,91.5632171630859
2023-03-10,92.1699981689453,92.7900009155273,90.4000015258789,90.629997253418,35941000,89.8870849609375
2023-03-13,90.0899963378906,92.5699996948242,89.4199981689453,91.1100006103516,37335600,90.363151550293
2023-03-14,92.5599975585938,94.3600006103516,92.4400024414062,93.9700012207031,36050200,93.19970703125
2023-03-15,93.2200012207031,96.9300003051758,92.6399993896484,96.1100006103516,50622100,95.3221740722656
2023-03-16,96.1999969482422,101.190002441406,95.5,100.319999694824,65492000,99.4976425170898
2023-03-17,100.26000213623,102.839996337891,100.099998474121,101.620002746582,61028500,100.787010192871
2023-03-20,100.120002746582,101.75,99.870002746582,101.220001220703,32960400,100.390281677246
2023-03-21,101.25,105.099998474121,101.220001220703,104.919998168945,42110300,104.059944152832
2023-03-22,104.269996643066,106.589996337891,103.330001831055,103.370002746582,43427400,102.522651672363
2023-03-23,105.059997558594,106.300003051758,104.459999084473,105.599998474121,40797800,104.734375
2023-03-24,104.98999786377,105.48999786377,103.839996337891,105.440002441406,30393300,104.57568359375
2023-03-27,104.620002746582,104.76000213623,101.930000305176,102.459999084473,31120900,101.620109558105
2023-03-28,102.440002441406,102.449996948242,99.7399978637695,101.029998779297,32057900,100.20182800293
2023-03-29,102.279998779297,102.48999786377,100.650001525879,101.389999389648,28779600,100.558876037598
2023-03-30,100.910003662109,101.160003662109,99.7799987792969,100.889999389648,33086200,100.062973022461
2023-03-31,101.300003051758,103.889999389648,101.040000915527,103.730003356934,36863400,102.87971496582
2023-04-03,102.389999389648,104.529998779297,101.930000305176,104.360000610352,25035400,103.504531860352
2023-04-04,104.330001831055,105.580001831055,104.040000915527,104.720001220703,24420100,103.861587524414
2023-04-05,105.779998779297,106.099998474121,103.660003662109,104.470001220703,28290500,103.613647460938
2023-04-06,105.26000213623,109.169998168945,104.330001831055,108.419998168945,48711500,107.531265258789
2023-04-10,106.980003356934,107.589996337891,105.120002746582,106.440002441406,27067400,105.567489624023
2023-04-11,106.550003051758,106.730003356934,104.680000305176,105.349998474121,26311800,104.486427307129
2023-04-12,106.580001831055,106.75,104.339996337891,104.639999389648,24370300,103.782241821289
2023-04-13,105.839996337891,107.48999786377,105.839996337891,107.430000305176,24843600,106.549369812012
2023-04-14,106.889999389648,108.940002441406,106.839996337891,108.870002746582,26578000,107.977561950684
2023-04-17,104.660003662109,106.160003662109,104.519996643066,105.970001220703,37571200,105.101341247559
2023-04-18,106.48999786377,106.540000915527,104.069999694824,104.5,26596400,103.643394470215
2023-04-19,103.580001831055,104.980003356934,103.069999694824,104.180000305176,20905700,103.325996398926
2023-04-20,103.910003662109,106.25,103.870002746582,105.290000915527,27820800,104.426918029785
2023-04-21,105.470001220703,106,104.779998779297,105.410003662109,25800100,104.545928955078
2023-04-24,105.48999786377,106.629997253418,104.699996948242,105.970001220703,23542800,105.101341247559
2023-04-25,105.830001831055,106.690002441406,103.839996337891,103.849998474121,46664100,102.998718261719
2023-04-26,104.919998168945,106.349998474121,102.629997253418,103.709999084473,53347600,102.85986328125
2023-04-27,104.449996948242,108.370002746582,103.540000915527,107.589996337891,50089200,106.708061218262
2023-04-28,107.040000915527,107.349998474121,105.089996337891,107.339996337891,36139800,106.460105895996
2023-05-01,106.839996337891,107.98999786377,106.819999694824,107.199996948242,26681700,106.321243286133
2023-05-02,107.139999389648,107.199996948242,103.709999084473,105.319999694824,30997200,104.456657409668
2023-05-03,105.529998779297,107.48999786377,104.959999084473,105.410003662109,21795400,104.545928955078
2023-05-04,105.48999786377,105.599998474121,103.970001220703,104.690002441406,23419500,103.831840515137
2023-05-05,104.819999694824,105.879997253418,104.110000610352,105.569999694824,26639300,104.704612731934
2023-05-08,105.180000305176,107.959999084473,105.160003662109,107.769996643066,26511400,106.886573791504
2023-05-09,108.389999389648,110.150001525879,107.190002441406,107.349998474121,36360100,106.470031738281
2023-05-10,107.970001220703,112.940002441406,107.930000305176,111.75,63153400,110.833953857422
2023-05-11,115.400001525879,117.919998168945,114.410003662109,116.569999694824,78900000,115.614440917969
2023-05-12,116.680000305176,118.029998779297,116.110000610352,117.51000213623,41102300,116.546737670898
2023-05-15,116.110000610352,118.480003356934,116.01000213623,116.51000213623,36266800,115.554931640625
2023-05-16,116.48999786377,120.75,116.430000305176,119.51000213623,45035600,118.530349731445
2023-05-17,119.610000610352,121.669998168945,118.889999389648,120.839996337891,33323600,119.84944152832
2023-05-18,120.949996948242,123.309997558594,120.830001831055,122.830001831055,35234200,121.823135375977
2023-05-19,123.550003051758,125.970001220703,122.150001525879,122.76000213623,41353400,121.753707885742
2023-05-22,122.940002441406,126.430000305176,122.73999786377,125.050003051758,35253000,124.024932861328
2023-05-23,124.160003662109,124.629997253418,122.209999084473,122.559997558594,34046300,121.555335998535
2023-05-24,121.120002746582,121.910003662109,119.860000610352,120.900001525879,34182600,119.908958435059
2023-05-25,124.519996643066,125.319999694824,121.959999084473,123.480003356934,42317000,122.467803955078
2023-05-26,123.169998168945,125.26000213623,122.449996948242,124.610000610352,35635900,123.588539123535
2023-05-30,125.639999389648,125.660003662109,122,123.669998168945,35076700,122.656242370605
2023-05-31,122.75,124.059997558594,122.5,122.870002746582,37325800,121.862808227539
2023-06-01,122.819999694824,124.419998168945,122.620002746582,123.720001220703,30772700,122.705841064453
2023-06-02,123.98999786377,126.150001525879,123.76000213623,124.669998168945,26980100,123.648048400879
2023-06-05,124.01000213623,127.430000305176,123.839996337891,126.01000213623,32305500,124.977058410645
2023-06-06,126.01000213623,128.289993286133,125.360000610352,127.309997558594,26638300,126.266403198242
2023-06-07,126.970001220703,129.039993286133,122.120002746582,122.5,52539000,121.495834350586
2023-06-08,122.230003356934,123.230003356934,121.23999786377,122.139999389648,29389200,121.138793945312
2023-06-09,122.25,123.76000213623,121.910003662109,122.230003356934,23778300,121.228057861328
2023-06-12,122.790000915527,124.050003051758,121.660003662109,123.639999389648,28306400,122.626487731934
2023-06-13,124.980003356934,125.160003662109,123.180000305176,123.830001831055,22278300,122.81494140625
2023-06-14,123.099998474121,124.050003051758,121.449996948242,123.669998168945,30592300,122.656242370605
2023-06-15,123.139999389648,125.459999084473,122.400001525879,125.089996337891,35246300,124.064598083496
2023-06-16,125.930000305176,126.110000610352,123.279998779297,123.529998779297,45535600,122.517395019531
2023-06-20,122.930000305176,124.569999694824,122.139999389648,123.099998474121,26097500,122.090911865234
2023-06-21,122.400001525879,122.660003662109,120.099998474121,120.550003051758,30306300,119.561828613281
2023-06-22,120,123.23999786377,118.830001831055,123.150001525879,26952200,122.140510559082
2023-06-23,121.379997253418,122.790000915527,121.059997558594,122.339996337891,34913600,121.337142944336
2023-06-26,120.76000213623,122,118.269996643066,118.339996337891,33969900,117.369934082031
2023-06-27,117.080001831055,119.080001831055,116.099998474121,118.330001831055,39535900,117.36003112793
2023-06-28,117.089996337891,120.389999389648,116.849998474121,120.180000305176,27091400,119.194847106934
2023-06-29,119.23999786377,120.059997558594,118.300003051758,119.099998474121,24090900,118.123710632324
2023-06-30,120.169998168945,121.080001831055,119.690002441406,119.699996948242,29532200,118.718788146973
2023-07-03,119.23999786377,120.190002441406,118.819999694824,119.900001525879,14467900,118.917152404785
2023-07-05,119.23999786377,122.610000610352,119.230003356934,121.75,27584800,120.751991271973
2023-07-06,119.800003051758,120.300003051758,118.400001525879,120.110000610352,24745200,119.125427246094
2023-07-07,120.099998474121,121.050003051758,119.400001525879,119.480003356934,21709500,118.500602722168
2023-07-10,118.300003051758,118.309997558594,116.139999389648,116.449996948242,35315200,115.495422363281
2023-07-11,116.290000915527,117.709999084473,115.349998474121,117.139999389648,23078800,116.179786682129
2023-07-12,118.800003051758,120.330001831055,118.410003662109,118.930000305176,30404400,117.955101013184
2023-07-13,120.930000305176,124.830001831055,120.449996948242,124.540000915527,44297900,123.519111633301
2023-07-14,124.800003051758,126.779998779297,123.48999786377,125.419998168945,33283100,124.391899108887
2023-07-17,125.940002441406,127.099998474121,124.199996948242,124.650001525879,25716200,123.628211975098
2023-07-18,124.599998474121,124.680000305176,122.959999084473,123.76000213623,26193600,122.745506286621
2023-07-19,124.599998474121,125.180000305176,121.800003051758,122.029998779297,37224000,121.029693603516
2023-07-20,121.419998168945,124.089996337891,118.220001220703,119.199996948242,37906800,118.222885131836
2023-07-21,120.620002746582,120.98999786377,118.730003356934,120.019996643066,72937900,119.036170959473
2023-07-24,121.660003662109,123,120.980003356934,121.529998779297,29686100,120.533790588379
2023-07-25,121.360000610352,123.150001525879,121.019996643066,122.209999084473,52509600,121.208213806152
2023-07-26,130.070007324219,130.979995727539,128.320007324219,129.270004272461,61682100,128.210342407227
2023-07-27,131.669998168945,133.240005493164,128.789993286133,129.399993896484,44952100,128.339263916016
2023-07-28,130.779998779297,133.740005493164,130.570007324219,132.580001831055,36591200,131.493209838867
2023-07-31,132.729995727539,133.529998779297,131.779998779297,132.720001220703,28055500,131.632049560547
2023-08-01,130.779998779297,132.630004882812,130.679992675781,131.550003051758,23166800,130.471649169922
2023-08-02,129.449996948242,130.089996337891,127.559997558594,128.380004882812,26273300,127.327651977539
2023-08-03,127.970001220703,129.389999389648,127.419998168945,128.449996948242,20089500,127.397064208984
2023-08-04,129.279998779297,131.509994506836,127.910003662109,128.110000610352,26147200,127.059852600098
2023-08-07,129.160003662109,131.610000610352,129.020004272461,131.529998779297,22746300,130.451797485352
2023-08-08,130.619995117188,131.509994506836,129.539993286133,131.399993896484,23535200,130.322875976562
2023-08-09,131.660003662109,132.039993286133,129,129.660003662109,24912900,128.59716796875
2023-08-10,131.320007324219,132.050003051758,129.449996948242,129.690002441406,20857800,128.626907348633
2023-08-11,128.660003662109,129.929992675781,128.169998168945,129.559997558594,19591100,128.497955322266
2023-08-14,129.389999389648,131.369995117188,128.960006713867,131.330001831055,24695600,130.253433227539
2023-08-15,131.100006103516,131.419998168945,129.279998779297,129.779998779297,19770700,128.716201782227
2023-08-16,128.699996948242,130.279998779297,127.870002746582,128.699996948242,25216100,127.64501953125
2023-08-17,129.800003051758,131.990005493164,129.289993286133,129.919998168945,33446300,128.854995727539
2023-08-18,128.509994506836,129.25,126.379997253418,127.459999084473,30504800,126.415184020996
2023-08-21,127.180000305176,128.729995727539,126.559997558594,128.369995117188,25248700,127.317718505859
2023-08-22,128.509994506836,130.279998779297,128.320007324219,129.080001831055,22054900,128.021881103516
2023-08-23,130.179992675781,133.410003662109,129.869995117188,132.369995117188,27819700,131.284942626953
2023-08-24,133.949996948242,134.25,129.570007324219,129.779998779297,28500700,128.716201782227
2023-08-25,129.539993286133,130.759994506836,127.25,129.880004882812,26762900,128.815338134766
2023-08-28,131.309997558594,132.539993286133,130.139999389648,131.009994506836,20543300,129.936065673828
2023-08-29,132.240005493164,136.570007324219,132.240005493164,134.570007324219,43075600,133.466888427734
2023-08-30,134.779998779297,136.279998779297,134.070007324219,135.880004882812,28315800,134.766174316406
2023-08-31,136.009994506836,138,135.789993286133,136.169998168945,30053800,135.053787231445
2023-09-01,137.460006713867,137.460006713867,134.850006103516,135.660003662109,21543700,134.547973632812
2023-09-05,135.440002441406,136.419998168945,134.580001831055,135.770004272461,19403100,134.657043457031
2023-09-06,136.020004272461,136.529998779297,133.669998168945,134.460006713867,18684500,133.357788085938
2023-09-07,133.589996337891,135.580001831055,132.949996948242,135.259994506836,18844300,134.151245117188
2023-09-08,134.910003662109,136.660003662109,134.850006103516,136.380004882812,23558300,135.262069702148
2023-09-11,136.539993286133,137.479995727539,135.789993286133,136.919998168945,20763400,135.797622680664
2023-09-12,136.259994506836,136.869995117188,135.190002441406,135.339996337891,18405500,134.230575561523
2023-09-13,135.089996337891,136.899993896484,134.149993896484,136.710006713867,20749500,135.58935546875
2023-09-14,137.600006103516,138.699996948242,136.240005493164,138.100006103516,24751000,136.967956542969
2023-09-15,137.979995727539,138.520004272461,136.479995727539,137.399993896484,38919600,136.273696899414
2023-09-18,136.610000610352,139.160003662109,136.610000610352,138.210006713867,21861300,137.077072143555
2023-09-19,137.419998168945,138.410003662109,136.619995117188,138.039993286133,20353700,136.908432006836
2023-09-20,138.080001831055,138.080001831055,133.619995117188,133.740005493164,29927500,132.643707275391
2023-09-21,131.440002441406,132.229995727539,130.070007324219,130.440002441406,31503900,129.370742797852
2023-09-22,130.759994506836,132.029998779297,129.600006103516,130.25,26397300,129.18229675293
2023-09-25,129.830001831055,131.169998168945,128.960006713867,131.110000610352,20094600,130.035263061523
2023-09-26,129.770004272461,130.360000610352,127.220001220703,128.570007324219,25718700,127.516075134277
2023-09-27,128.570007324219,130.899993896484,128.570007324219,130.539993286133,22746500,129.469940185547
2023-09-28,129.839996337891,133.300003051758,129.789993286133,132.309997558594,22513100,131.22541809082
2023-09-29,133.279998779297,134.050003051758,130.360000610352,130.860000610352,30859800,129.787307739258
2023-10-02,131.210006713867,134.419998168945,131.169998168945,134.169998168945,22288000,133.070190429688
2023-10-03,133.940002441406,134.259994506836,131.839996337891,132.429992675781,22989400,131.344436645508
2023-10-04,132.789993286133,135.570007324219,132.529998779297,135.240005493164,26752300,134.131408691406
2023-10-05,135.070007324219,135.490005493164,133.449996948242,135.070007324219,19832600,133.962799072266
2023-10-06,134.009994506836,138.160003662109,134.009994506836,137.580001831055,27597600,136.452224731445
2023-10-09,136.940002441406,138.940002441406,135.610000610352,138.419998168945,19278100,137.285339355469
2023-10-10,138.5,139.720001220703,137.330001831055,138.059997558594,27786600,136.928314208984
2023-10-11,138.580001831055,141.110000610352,138.580001831055,140.550003051758,25884300,139.397903442383
2023-10-12,141.050003051758,141.220001220703,138.259994506836,138.970001220703,24765500,137.830841064453
2023-10-13,139.380004882812,140,136.619995117188,137.360000610352,23420500,136.234024047852
2023-10-16,138.169998168945,139.630004882812,137.990005493164,139.100006103516,28501900,137.959762573242
2023-10-17,138.630004882812,139.899993896484,137.179992675781,139.720001220703,23515800,138.574676513672
2023-10-18,139.449996948242,140.720001220703,137.380004882812,137.960006713867,23375000,136.8291015625
2023-10-19,138.5,139.660003662109,137.380004882812,137.75,26066000,136.620819091797
2023-10-20,137.330001831055,137.869995117188,135.080001831055,135.600006103516,26335700,134.48844909668
2023-10-23,135.039993286133,137.660003662109,133.949996948242,136.5,26317900,135.381088256836
2023-10-24,137.830001831055,139.360000610352,137.419998168945,138.809997558594,44814300,137.672134399414
2023-10-25,128.160003662109,128.309997558594,125.069999694824,125.610000610352,84366200,124.580345153809
2023-10-26,123.269996643066,124.330001831055,121.269996643066,122.279998779297,57061100,121.277633666992
2023-10-27,122.879997253418,123.309997558594,120.209999084473,122.169998168945,44566500,121.16854095459
2023-10-30,123.209999084473,125.400001525879,122.75,124.459999084473,28940100,123.439781188965
2023-10-31,125.059997558594,125.370002746582,122.690002441406,124.080001831055,26292300,123.062896728516
2023-11-01,124.069999694824,126.48999786377,123.720001220703,126.449996948242,30082400,125.413459777832
2023-11-02,128.419998168945,128.979995727539,126.930000305176,127.48999786377,27124600,126.444931030273
2023-11-03,128.020004272461,129.529998779297,127.860000610352,129.100006103516,26393100,128.041748046875
2023-11-06,129.050003051758,130.339996337891,128.669998168945,130.25,19052700,129.18229675293
2023-11-07,130.710006713867,131.910003662109,129.880004882812,130.970001220703,29757300,129.896408081055
2023-11-08,130.970001220703,132.210006713867,130.779998779297,131.839996337891,26425800,130.759292602539
2023-11-09,131.960006713867,132.550003051758,130.070007324219,130.240005493164,23747800,129.172378540039
2023-11-10,130.100006103516,132.800003051758,129.410003662109,132.589996337891,26913300,131.503128051758
2023-11-13,131.779998779297,132.589996337891,131.25,132.089996337891,18324800,131.007217407227
2023-11-14,134.190002441406,135.699996948242,133.320007324219,133.619995117188,32395200,132.524673461914
2023-11-15,134.869995117188,135.029998779297,133.570007324219,134.619995117188,23861500,133.516479492188
2023-11-16,135.190002441406,137.220001220703,134.320007324219,136.929992675781,28013200,135.807571411133
2023-11-17,136,136.059997558594,133.649993896484,135.309997558594,37240600,134.200820922852
2023-11-20,133.690002441406,136.660003662109,133.619995117188,136.25,27815500,135.13313293457
2023-11-21,136.289993286133,137.179992675781,135.960006713867,136.970001220703,22635300,135.847244262695
2023-11-22,137.470001220703,139.419998168945,137.470001220703,138.490005493164,17813900,137.354766845703
2023-11-24,138.029998779297,138.130004882812,135.990005493164,136.690002441406,12514300,135.569549560547
2023-11-27,136.029998779297,138.419998168945,136,136.410003662109,23436500,135.291839599609
2023-11-28,136.080001831055,137.25,135.419998168945,137.199996948242,18730000,136.075317382812
2023-11-29,137.570007324219,138.289993286133,134.839996337891,134.990005493164,23967200,133.883453369141
2023-11-30,135.050003051758,135.550003051758,131.279998779297,132.529998779297,38988300,131.443603515625
2023-12-01,131.860000610352,132.110000610352,130.669998168945,131.860000610352,31442300,130.779113769531
2023-12-04,129.880004882812,130.029998779297,127.900001525879,129.270004272461,36669900,128.210342407227
2023-12-05,128.949996948242,132.139999389648,128.25,130.990005493164,27384800,129.916244506836
2023-12-06,131.440002441406,131.839996337891,129.880004882812,130.020004272461,23576200,128.954223632812
2023-12-07,135.039993286133,138.559997558594,134.699996948242,136.929992675781,56767100,135.807571411133
2023-12-08,134.199996948242,136.399993896484,134.029998779297,134.990005493164,32260100,133.883453369141
2023-12-11,132.380004882812,133.339996337891,131.360000610352,133.289993286133,31138000,132.197372436523
2023-12-12,131.809997558594,133,131.259994506836,132.520004272461,29032800,131.433715820312
2023-12-13,133.380004882812,133.5,131.570007324219,132.570007324219,30104800,131.483306884766
2023-12-14,133.380004882812,133.720001220703,129.690002441406,131.940002441406,38722400,130.858444213867
2023-12-15,131.619995117188,133.509994506836,131.179992675781,132.600006103516,50847100,131.513046264648
2023-12-18,132.630004882812,137.149993896484,132.429992675781,135.800003051758,32258000,134.686813354492
2023-12-19,136.839996337891,137.470001220703,136.080001831055,136.649993896484,25476800,135.529861450195
2023-12-20,138.970001220703,141.699996948242,138.070007324219,138.339996337891,49107200,137.205978393555
2023-12-21,139.490005493164,140.690002441406,139.179992675781,140.419998168945,27488300,139.268920898438
2023-12-22,140.770004272461,141.990005493164,140.710006713867,141.490005493164,26532200,140.330169677734
2023-12-26,141.589996337891,142.679992675781,141.190002441406,141.520004272461,16780300,140.359939575195
2023-12-27,141.589996337891,142.080001831055,139.889999389648,140.369995117188,19628600,139.219345092773
2023-12-28,140.779998779297,141.139999389648,139.75,140.229995727539,16045700,139.080505371094
2023-12-29,139.630004882812,140.360000610352,138.779998779297,139.690002441406,18733000,138.544937133789
2024-01-02,138.550003051758,139.449996948242,136.479995727539,138.169998168945,23711200,137.037384033203
2024-01-03,137.25,139.630004882812,137.080001831055,138.919998168945,24212100,137.78125
2024-01-04,138.419998168945,139.160003662109,136.350006103516,136.389999389648,27137700,135.27197265625
2024-01-05,136.75,137.160003662109,135.149993896484,135.729995727539,22513900,134.617401123047
2024-01-08,136.289993286133,139.009994506836,136.259994506836,138.839996337891,21404000,137.701889038086
2024-01-09,138.5,141.490005493164,138.149993896484,140.949996948242,24759600,139.79460144043
2024-01-10,141,143,140.910003662109,142.279998779297,21320200,141.113708496094
2024-01-11,143.490005493164,145.220001220703,140.639999389648,142.080001831055,24008700,140.915328979492
2024-01-12,142.669998168945,143.199996948242,141.820007324219,142.649993896484,18785500,141.480651855469
2024-01-16,142,144.350006103516,141.449996948242,142.490005493164,22670500,141.321975708008
2024-01-17,141.350006103516,141.839996337891,138.899993896484,141.470001220703,20968600,140.310348510742
2024-01-18,142.050003051758,144.210006713867,141.990005493164,143.479995727539,25746400,142.303863525391
2024-01-19,144.740005493164,146.449996948242,144.380004882812,146.380004882812,34271900,145.180099487305
2024-01-22,147.100006103516,148.389999389648,145.839996337891,145.990005493164,32200400,144.79328918457
2024-01-23,145.889999389648,147.179992675781,145.5,147.039993286133,21636100,145.834671020508
2024-01-24,148.539993286133,149.850006103516,148.100006103516,148.699996948242,25233500,147.481063842773
2024-01-25,150.070007324219,153.050003051758,149.539993286133,151.869995117188,29149100,150.625061035156
2024-01-26,151.100006103516,152.539993286133,151.009994506836,152.190002441406,26115500,150.942443847656
2024-01-29,152.059997558594,153.779998779297,151.429992675781,153.509994506836,27784300,152.25163269043
2024-01-30,152.800003051758,153.619995117188,151.190002441406,151.460006713867,36331800,150.218444824219
2024-01-31,143.619995117188,144,139.869995117188,140.100006103516,71910000,138.951553344727
2024-02-01,142.119995117188,143.059997558594,140.789993286133,141.160003662109,40466500,140.002883911133
2024-02-02,139.259994506836,142.619995117188,136.5,142.380004882812,62499600,141.212875366211
2024-02-05,142.820007324219,145.470001220703,142.779998779297,143.679992675781,38505400,142.502197265625
2024-02-06,144.649993896484,145.360000610352,143.190002441406,144.100006103516,29128200,142.918792724609
2024-02-07,144.759994506836,145.619995117188,143.929992675781,145.539993286133,25208900,144.34700012207
2024-02-08,145.830001831055,146.330001831055,145.100006103516,145.910003662109,22563800,144.713943481445
2024-02-09,146.679992675781,149.440002441406,146.179992675781,149,26829500,147.778610229492
2024-02-12,148.419998168945,149.339996337891,147.369995117188,147.529998779297,21564100,146.320648193359
2024-02-13,144.919998168945,146.669998168945,143.690002441406,145.139999389648,27837700,143.950256347656
2024-02-14,146.080001831055,146.520004272461,144.089996337891,145.940002441406,22704200,144.743698120117
2024-02-15,143.139999389648,143.520004272461,140.460006713867,142.770004272461,37590700,141.599670410156
2024-02-16,142.990005493164,143.190002441406,140.139999389648,140.520004272461,31468900,139.368133544922
2024-02-20,139.660003662109,142.080001831055,139.490005493164,141.119995117188,25144700,139.963195800781
2024-02-21,141.449996948242,142.690002441406,140.679992675781,142.550003051758,23223300,141.381484985352
2024-02-22,144.929992675781,145,142.800003051758,144.089996337891,27191900,142.90885925293
2024-02-23,143.669998168945,144.679992675781,143.429992675781,143.960006713867,19493800,142.779907226562
2024-02-26,142.139999389648,142.440002441406,137.389999389648,137.570007324219,53641800,136.442321777344
2024-02-27,138.020004272461,139.25,137.089996337891,138.880004882812,33099200,137.741592407227
2024-02-28,137.899993896484,138.009994506836,135.410003662109,136.380004882812,37328600,135.262069702148
2024-02-29,137.279998779297,138.860000610352,136.399993896484,138.460006713867,42133000,137.325012207031
2024-03-01,138.429992675781,138.869995117188,136.919998168945,137.139999389648,31151100,136.015823364258
2024-03-04,135.660003662109,135.660003662109,131.910003662109,133.350006103516,55999400,132.256896972656
2024-03-05,131.880004882812,133.240005493164,130.669998168945,132.669998168945,40194800,131.582458496094
2024-03-06,133.119995117188,133.580001831055,130.850006103516,131.399993896484,35318600,130.322875976562
2024-03-07,132.789993286133,134.940002441406,131.610000610352,134.380004882812,37738200,133.278427124023
2024-03-08,134.210006713867,138.089996337891,134,135.410003662109,39370400,134.300018310547
2024-03-11,136.130004882812,139.100006103516,136.130004882812,137.669998168945,32437800,136.541473388672
2024-03-12,137.029998779297,139.380004882812,137.029998779297,138.5,27563400,137.364700317383
2024-03-13,139,141.089996337891,138.990005493164,139.789993286133,23347200,138.644088745117
2024-03-14,141.190002441406,143.589996337891,140.460006713867,143.100006103516,42753400,141.926971435547
2024-03-15,142.5,143.179992675781,140.029998779297,141.179992675781,49475400,140.022689819336
2024-03-18,148.610000610352,152.149993896484,147.169998168945,147.679992675781,69273700,146.469436645508
2024-03-19,148.160003662109,148.789993286133,146.080001831055,147.029998779297,24070400,145.824768066406
2024-03-20,148,148.860000610352,146.740005493164,148.740005493164,21311500,147.520751953125
2024-03-21,149.470001220703,150.369995117188,146.899993896484,147.600006103516,24755600,146.390090942383
2024-03-22,149.119995117188,151.580001831055,148.979995727539,150.770004272461,29211800,149.534118652344
2024-03-25,149.940002441406,150.380004882812,147.820007324219,150.070007324219,19229300,148.83984375
2024-03-26,150.220001220703,152.259994506836,149.979995727539,150.669998168945,22149100,149.434906005859
2024-03-27,151.179992675781,151.639999389648,148.899993896484,150.869995117188,22879200,149.633270263672
2024-03-28,150.850006103516,151.429992675781,150.169998168945,150.929992675781,24485400,149.692794799805
2024-04-01,150.690002441406,155.740005493164,150.610000610352,155.490005493164,31730800,154.215408325195
2024-04-02,153.5,154.699996948242,152.149993896484,154.559997558594,24586000,153.293045043945
2024-04-03,153.600006103516,155.080001831055,152.729995727539,154.919998168945,24705000,153.650100708008
2024-04-04,153.5,154.770004272461,150.449996948242,150.529998779297,34724700,149.296081542969
2024-04-05,150.029998779297,153.419998168945,149.600006103516,152.5,23459200,151.249938964844
2024-04-08,152.779998779297,155.270004272461,152.610000610352,154.850006103516,20702000,153.580673217773
2024-04-09,156.089996337891,158.559997558594,155.190002441406,156.600006103516,31079500,155.316329956055
2024-04-10,156.210006713867,156.610000610352,154.679992675781,156.139999389648,22838600,154.860061645508
2024-04-11,156.910003662109,159.679992675781,156.460006713867,159.410003662109,27166400,158.103302001953
2024-04-12,157.960006713867,160.220001220703,157.139999389648,157.729995727539,25353700,156.437057495117
2024-04-15,158.860000610352,159.240005493164,154.589996337891,154.860000610352,27136500,153.590576171875
2024-04-16,154.190002441406,155.649993896484,153.429992675781,154.399993896484,20779500,153.134353637695
2024-04-17,155.619995117188,157.080001831055,154.580001831055,155.470001220703,21763100,154.195587158203
2024-04-18,155.339996337891,156.940002441406,154.619995117188,156.009994506836,19883000,154.731140136719
2024-04-19,156.199996948242,156.360000610352,152.300003051758,154.089996337891,32615600,152.826858520508
2024-04-22,154.309997558594,157.639999389648,154.059997558594,156.279998779297,26446200,154.998931884766
2024-04-23,156.960006713867,158.970001220703,156.279998779297,158.259994506836,21151600,156.962707519531
2024-04-24,157.490005493164,159.570007324219,157.169998168945,159.130004882812,22779100,157.825592041016
2024-04-25,151.330001831055,156.490005493164,150.869995117188,156,57109700,154.721237182617
2024-04-26,174.369995117188,174.710006713867,169.649993896484,171.949996948242,64665300,170.540481567383
2024-04-29,169.059997558594,169.550003051758,165.210006713867,166.149993896484,45610000,164.788009643555
2024-04-30,165.610000610352,168.100006103516,162.600006103516,162.779998779297,33562900,161.445663452148
2024-05-01,164.300003051758,167.119995117188,163.089996337891,163.860000610352,33493200,162.516799926758
2024-05-02,164.789993286133,166.729995727539,163.889999389648,166.619995117188,24294500,165.254150390625
2024-05-03,167.559997558594,167.960006713867,163.050003051758,167.240005493164,34662400,165.869094848633
2024-05-06,167.460006713867,168.139999389648,166.029998779297,168.100006103516,21871300,166.722045898438
2024-05-07,168.5,171.759994506836,168.389999389648,171.25,28039700,169.846206665039
2024-05-08,169,170.149993896484,168.740005493164,169.380004882812,19569100,167.991546630859
2024-05-09,169.389999389648,170.690002441406,168.179992675781,169.960006713867,15346700,168.566802978516
2024-05-10,168.029998779297,169.850006103516,166.190002441406,168.649993896484,29799900,167.267547607422
2024-05-13,164.259994506836,169.279998779297,164,169.139999389648,31327600,167.753509521484
2024-05-14,169.770004272461,171.25,168.800003051758,170.339996337891,25127100,168.94367980957
2024-05-15,170.630004882812,172.649993896484,170.509994506836,172.509994506836,26948400,171.095901489258
2024-05-16,173.289993286133,175.119995117188,172.690002441406,174.179992675781,27867900,172.752182006836
2024-05-17,174.179992675781,176.270004272461,173.690002441406,176.059997558594,24479300,174.616790771484
2024-05-20,176.190002441406,178.770004272461,176.080001831055,176.919998168945,22554400,175.4697265625
2024-05-21,176.899993896484,178.149993896484,175.809997558594,177.850006103516,16989400,176.392120361328
2024-05-22,176.639999389648,177.149993896484,175.210006713867,176.380004882812,17880000,174.934173583984
2024-05-23,177.070007324219,178.25,172.949996948242,173.550003051758,21024900,172.127365112305
2024-05-24,174.979995727539,175.770004272461,173.649993896484,174.990005493164,16579400,173.555572509766
2024-05-28,174.449996948242,177.270004272461,174.369995117188,176.399993896484,20572200,174.953979492188
2024-05-29,175.429992675781,176.839996337891,174.720001220703,175.899993896484,23388700,174.458099365234
2024-05-30,175.199996948242,175.220001220703,171.789993286133,172.110000610352,22931500,170.699172973633
2024-05-31,171.860000610352,173.059997558594,169.440002441406,172.5,37638900,171.085983276367
2024-06-03,172.539993286133,174.529998779297,171.160003662109,173.169998168945,27459100,171.75048828125
2024-06-04,173.279998779297,173.850006103516,171.889999389648,173.789993286133,26879600,172.365386962891
2024-06-05,175.199996948242,176.649993896484,173.929992675781,175.410003662109,22068500,173.972137451172
2024-06-06,175.899993896484,177.149993896484,175.75,176.729995727539,23251000,175.281265258789
2024-06-07,177.050003051758,177.869995117188,174.300003051758,174.460006713867,19661400,173.029907226562
2024-06-10,174.970001220703,177.059997558594,172.759994506836,175.009994506836,23726700,173.774597167969
2024-06-11,176.220001220703,176.839996337891,173.770004272461,176.619995117188,21540600,175.37321472168
2024-06-12,178.25,180.410003662109,176.110000610352,177.789993286133,27864700,176.535003662109
2024-06-13,176.110000610352,176.740005493164,174.880004882812,175.160003662109,20913300,173.923583984375
2024-06-14,174.220001220703,177.059997558594,174.149993896484,176.789993286133,18063600,175.542053222656
2024-06-17,175.460006713867,178.360000610352,174.809997558594,177.240005493164,19618500,175.988876342773
2024-06-18,177.139999389648,177.389999389648,174.100006103516,175.089996337891,21869900,173.854049682617
2024-06-20,175.369995117188,177.289993286133,174.990005493164,176.300003051758,20160100,175.05549621582
2024-06-21,177,180.850006103516,176.610000610352,179.630004882812,57759000,178.362014770508
2024-06-24,180.160003662109,180.889999389648,178.669998168945,179.220001220703,18298000,177.954879760742
2024-06-25,179.619995117188,184.289993286133,179.419998168945,184.029998779297,23130200,182.730941772461
2024-06-26,182.630004882812,184.509994506836,182.479995727539,183.880004882812,19839000,182.582015991211
2024-06-27,184.179992675781,186.050003051758,184.020004272461,185.410003662109,18848900,184.101211547852
2024-06-28,184.320007324219,185.130004882812,181.960006713867,182.149993896484,29156600,180.864196777344
2024-07-01,183.029998779297,183.880004882812,181.300003051758,182.990005493164,16006100,181.698287963867
2024-07-02,182.050003051758,185.570007324219,181.559997558594,185.240005493164,17372500,183.932403564453
2024-07-03,184.850006103516,186.089996337891,184,185.820007324219,10242100,184.50830078125
2024-07-05,185.860000610352,190.860000610352,185.800003051758,190.600006103516,20967500,189.254577636719
2024-07-08,189.899993896484,190.169998168945,187.779998779297,189.029998779297,21035900,187.695648193359
2024-07-09,190.309997558594,191.360000610352,188.720001220703,188.979995727539,15121400,187.64599609375
2024-07-10,189.149993896484,191.75,189.029998779297,191.179992675781,15952500,189.830444335938
2024-07-11,189.850006103516,190.860000610352,185.080001831055,185.570007324219,25625800,184.260101318359
2024-07-12,185.080001831055,187.110000610352,184.490005493164,185.070007324219,22898400,183.763610839844
2024-07-15,184.919998168945,188.240005493164,184.919998168945,186.529998779297,16474000,185.213317871094
2024-07-16,187.360000610352,188.679992675781,183.369995117188,183.919998168945,18290700,182.621719360352
2024-07-17,182.970001220703,183.550003051758,179.899993896484,181.020004272461,20734100,179.7421875
2024-07-18,181.929992675781,182.5,176.470001220703,177.690002441406,25315700,176.435699462891
2024-07-19,178.880004882812,180.289993286133,177.130004882812,177.660003662109,18881900,176.405914306641
2024-07-22,180.589996337891,182.699996948242,180.229995727539,181.669998168945,24100300,180.387588500977
2024-07-23,182.050003051758,183.610000610352,181.539993286133,181.789993286133,36352700,180.506744384766
2024-07-24,173.600006103516,176.190002441406,171.820007324219,172.630004882812,49585200,171.411422729492
2024-07-25,172.520004272461,173.419998168945,167.190002441406,167.279998779297,44852000,166.099182128906
2024-07-26,167.149993896484,168.089996337891,164.059997558594,167,41336900,165.821151733398
2024-07-29,168.830001831055,170.429992675781,167.990005493164,169.529998779297,20293800,168.333282470703
2024-07-30,170.240005493164,171.229995727539,168.440002441406,170.289993286133,18959700,169.087936401367
2024-07-31,173.240005493164,174.25,170.009994506836,171.539993286133,25729100,170.3291015625
2024-08-01,170.25,174.050003051758,168.880004882812,170.759994506836,24531400,169.554611206055
2024-08-02,166.440002441406,168.509994506836,164.669998168945,166.660003662109,29130100,165.48356628418
2024-08-05,155.5,164.429992675781,154.929992675781,159.25,53630700,158.125869750977
2024-08-06,159.330001831055,160.570007324219,156.410003662109,158.289993286133,49004600,157.172637939453
2024-08-07,161.25,162.979995727539,158.470001220703,158.940002441406,25138600,157.818069458008
2024-08-08,160.509994506836,163.690002441406,160.210006713867,162.029998779297,25578800,160.886245727539
2024-08-09,160.009994506836,163.789993286133,159.059997558594,163.669998168945,28602300,162.5146484375
2024-08-12,164.350006103516,164.899993896484,161.839996337891,162.289993286133,15895300,161.144393920898
2024-08-13,163.410003662109,164.729995727539,162.970001220703,164.160003662109,18551700,163.001220703125
2024-08-14,162.399993896484,163.220001220703,157.710006713867,160.369995117188,40591100,159.237930297852
2024-08-15,160.5,161.639999389648,159.610000610352,161.300003051758,31524300,160.161392211914
2024-08-16,161.470001220703,165.059997558594,161.130004882812,162.960006713867,24208600,161.809677124023
2024-08-19,165.279998779297,166.690002441406,164.259994506836,166.669998168945,22416200,165.49348449707
2024-08-20,166.899993896484,168.639999389648,166.820007324219,167.179992675781,18341500,165.999893188477
2024-08-21,165.149993896484,166.850006103516,164.669998168945,165.850006103516,22902000,164.679275512695
2024-08-22,167.259994506836,167.589996337891,163.309997558594,163.800003051758,22493300,162.643753051758
2024-08-23,164.720001220703,166.179992675781,163.830001831055,165.619995117188,13955700,164.450897216797
2024-08-26,166.380004882812,167.550003051758,164.460006713867,166.160003662109,14190400,164.987091064453
2024-08-27,165.839996337891,166.440002441406,164.460006713867,164.679992675781,11821900,163.517532348633
2024-08-28,165.039993286133,165.600006103516,161.529998779297,162.850006103516,16407400,161.700439453125
2024-08-29,164.309997558594,165.970001220703,160.25,161.779998779297,19699800,160.638000488281
2024-08-30,162.619995117188,163.660003662109,161.690002441406,163.380004882812,22123800,162.226715087891
2024-09-03,161.720001220703,161.850006103516,156.479995727539,157.360000610352,38945300,156.24919128418
2024-09-04,156.660003662109,159,155.960006713867,156.449996948242,19353800,155.345626831055
2024-09-05,156.300003051758,159.449996948242,155.979995727539,157.240005493164,18688700,156.13005065918
2024-09-06,157.300003051758,157.830001831055,150.550003051758,150.919998168945,37912100,149.854644775391
2024-09-09,152.509994506836,153.399993896484,147.220001220703,148.710006713867,39260500,147.856201171875
2024-09-10,150.449996948242,151.270004272461,148.339996337891,148.660003662109,31118800,147.806503295898
2024-09-11,149.919998168945,151.5,147.520004272461,151.160003662109,29607700,150.292129516602
2024-09-12,153.800003051758,154.820007324219,152.649993896484,154.690002441406,29621500,153.801879882812
2024-09-13,155.429992675781,158.380004882812,155.210006713867,157.460006713867,29591200,156.55598449707
2024-09-16,157.309997558594,158.25,156.600006103516,158.059997558594,18379800,157.152526855469
2024-09-17,159.020004272461,160.550003051758,158.380004882812,159.320007324219,20715600,158.405288696289
2024-09-18,159.860000610352,160.5,158.600006103516,159.809997558594,23677300,158.892486572266
2024-09-19,163.710006713867,163.789993286133,161.339996337891,162.139999389648,26587700,161.209091186523
2024-09-20,163.5,163.729995727539,162.059997558594,163.589996337891,40896400,162.650772094727
2024-09-23,164.350006103516,165.490005493164,161.669998168945,161.850006103516,24150900,160.920761108398
2024-09-24,163.029998779297,163.220001220703,160.690002441406,162.289993286133,23332100,161.35823059082
2024-09-25,161.470001220703,162.809997558594,161.300003051758,161.490005493164,18869200,160.562835693359
2024-09-26,163.639999389648,164.080001831055,162.279998779297,162.729995727539,20319300,161.795684814453
2024-09-27,162.809997558594,165.699996948242,162.630004882812,163.949996948242,21101300,163.008697509766
2024-09-30,163.320007324219,166.149993896484,163.259994506836,165.850006103516,20413900,164.897796630859
2024-10-01,167.690002441406,169.160003662109,164.580001831055,166.990005493164,28338100,166.03125
2024-10-02,166.419998168945,167.520004272461,164.729995727539,165.860000610352,17760200,164.907730102539
2024-10-03,164.410003662109,166.639999389648,163.919998168945,165.860000610352,15073100,164.907730102539
2024-10-04,168.059997558594,168.229995727539,165.479995727539,167.059997558594,19047400,166.100830078125
2024-10-07,167.720001220703,168.479995727539,162.75,162.979995727539,22463100,162.044281005859
2024-10-08,163.940002441406,164.729995727539,162.869995117188,164.380004882812,23072700,163.436233520508
2024-10-09,163.449996948242,164.839996337891,159.740005493164,161.860000610352,31181800,160.930709838867
2024-10-10,160.869995117188,163.070007324219,160.399993896484,162.080001831055,14144100,161.149429321289
2024-10-11,162.130004882812,163.899993896484,161.240005493164,163.240005493164,15344300,162.302764892578
2024-10-14,163.639999389648,166.229995727539,163.399993896484,164.960006713867,19016100,164.012908935547
2024-10-15,165.789993286133,167.679992675781,164.630004882812,165.460006713867,20247200,164.510055541992
2024-10-16,164.529998779297,165.800003051758,163.740005493164,165.160003662109,16406000,164.211761474609
2024-10-17,165.729995727539,166.369995117188,162.759994506836,162.929992675781,21453400,161.994552612305
2024-10-18,163.190002441406,164.710006713867,163.080001831055,163.419998168945,19757700,162.481750488281
2024-10-21,162.949996948242,164.5,162.619995117188,164.070007324219,20946500,163.128036499023
2024-10-22,162.979995727539,165.770004272461,162.979995727539,165.139999389648,16568100,164.191879272461
2024-10-23,164.759994506836,165.820007324219,161.929992675781,162.779998779297,18280500,161.845413208008
2024-10-24,162.830001831055,163.330001831055,161.009994506836,162.720001220703,22412500,161.785781860352
2024-10-25,163.669998168945,165.589996337891,163.419998168945,165.270004272461,19828900,164.321136474609
2024-10-28,168.75,168.75,163.949996948242,166.720001220703,32138600,165.762802124023
2024-10-29,167.729995727539,170.380004882812,167.089996337891,169.679992675781,42169000,168.705795288086
2024-10-30,180.679992675781,182.020004272461,174.059997558594,174.460006713867,68890800,173.458358764648
2024-10-31,173.130004882812,176.820007324219,171,171.110000610352,44769000,170.12760925293
2024-11-01,170.070007324219,172.320007324219,168.880004882812,171.289993286133,31796500,170.306549072266
2024-11-04,169.929992675781,170.729995727539,168.009994506836,169.240005493164,21492700,168.268341064453
2024-11-05,169.429992675781,170.529998779297,168.839996337891,169.740005493164,18242100,168.765472412109
2024-11-06,173.800003051758,176.940002441406,173.5,176.509994506836,33695500,175.496597290039
2024-11-07,177.410003662109,181.080001831055,177.190002441406,180.75,25352900,179.712249755859
2024-11-08,180.649993896484,180.899993896484,178.080001831055,178.350006103516,22006200,177.326034545898
2024-11-11,178.580001831055,180.550003051758,178.470001220703,180.350006103516,17450400,179.314559936523
2024-11-12,179.820007324219,182.490005493164,179.389999389648,181.619995117188,25134900,180.577239990234
2024-11-13,180.460006713867,180.960006713867,178.539993286133,178.880004882812,23184000,177.852981567383
2024-11-14,178.279998779297,178.820007324219,174.320007324219,175.580001831055,31007500,174.571929931641
2024-11-15,173.729995727539,174.139999389648,171.220001220703,172.490005493164,32504600,171.49967956543
2024-11-18,173.419998168945,175.440002441406,172.899993896484,175.300003051758,20135300,174.293548583984
2024-11-19,173.720001220703,178.869995117188,173.559997558594,178.119995117188,23434900,177.09733581543
2024-11-20,177.339996337891,177.679992675781,173.779998779297,175.979995727539,18997100,174.969635009766
2024-11-21,173.899993896484,174.130004882812,163.699996948242,167.630004882812,59734400,166.667572021484
2024-11-22,165.850006103516,166.460006713867,163.899993896484,164.759994506836,38604600,163.814056396484
2024-11-25,166.089996337891,168.630004882812,165.610000610352,167.649993896484,33135300,166.687454223633
2024-11-26,167.630004882812,169.820007324219,167.580001831055,169.119995117188,20486700,168.149017333984
2024-11-27,169,169.479995727539,168.020004272461,169.229995727539,19266500,168.258392333984
2024-11-29,168.5,169.429992675781,167.160003662109,168.949996948242,14257200,167.979995727539
2024-12-02,168.770004272461,172.080001831055,168.570007324219,171.490005493164,23789100,170.505416870117
2024-12-03,171.490005493164,172.679992675781,170.850006103516,171.339996337891,22248700,170.35627746582
2024-12-04,171.149993896484,174.910003662109,171.059997558594,174.369995117188,31615100,173.368865966797
2024-12-05,175.360000610352,176.059997558594,172.330001831055,172.639999389648,21356200,171.648803710938
2024-12-06,172.029998779297,175.080001831055,171.860000610352,174.710006713867,21462400,173.706939697266
2024-12-09,173.960006713867,176.259994506836,173.649993896484,175.369995117188,25389600,174.562957763672
2024-12-10,182.850006103516,186.360000610352,181.050003051758,185.169998168945,54813000,184.31787109375
2024-12-11,185.309997558594,195.610000610352,184.850006103516,195.399993896484,67894100,194.50080871582
2024-12-12,195,195.179992675781,191.710006713867,191.960006713867,34817500,191.076629638672
2024-12-13,191.009994506836,192.729995727539,189.639999389648,189.820007324219,25143500,188.946487426758
2024-12-16,192.869995117188,199,192.619995117188,196.660003662109,44934900,195.755004882812
2024-12-17,197.25,201.419998168945,194.979995727539,195.419998168945,43504000,194.520706176758
2024-12-18,195.220001220703,197,187.740005493164,188.399993896484,34166100,187.532989501953
2024-12-19,191.630004882812,193.029998779297,188.380004882812,188.509994506836,32265200,187.642486572266
2024-12-20,185.779998779297,192.889999389648,185.220001220703,191.410003662109,63462900,190.529159545898
2024-12-23,192.619995117188,195.100006103516,190.149993896484,194.630004882812,25675000,193.734329223633
2024-12-24,194.839996337891,196.110000610352,193.779998779297,196.110000610352,10403300,195.20751953125
2024-12-26,195.149993896484,196.75,194.380004882812,195.600006103516,12046600,194.699890136719
2024-12-27,194.949996948242,195.320007324219,190.649993896484,192.759994506836,18891400,191.872924804688
2024-12-30,189.800003051758,192.550003051758,189.119995117188,191.240005493164,14264700,190.359939575195
2024-12-31,191.080001831055,191.960006713867,188.509994506836,189.300003051758,17466900,188.428863525391
2025-01-02,190.649993896484,192,187.5,189.429992675781,20370800,188.55827331543
2025-01-03,191.369995117188,193.210006713867,189.979995727539,191.789993286133,18596200,190.907409667969
2025-01-06,193.979995727539,198.220001220703,193.850006103516,196.869995117188,29563600,195.96403503418
2025-01-07,197.110000610352,201,194.600006103516,195.490005493164,26487200,194.590408325195
2025-01-08,192.570007324219,196.289993286133,192.380004882812,193.949996948242,24864800,193.057495117188
2025-01-10,194.300003051758,196.520004272461,190.309997558594,192.039993286133,26665200,191.15625
2025-01-13,190.070007324219,191.179992675781,187.360000610352,191.009994506836,21823700,190.130981445312
2025-01-14,191.240005493164,191.979995727539,188.309997558594,189.660003662109,17174900,188.787200927734
2025-01-15,193.089996337891,196.360000610352,191.860000610352,195.550003051758,21776000,194.650100708008
2025-01-16,194.139999389648,195.479995727539,192.809997558594,192.910003662109,17815400,192.022262573242
2025-01-17,196.529998779297,197.229995727539,193.75,196,27735100,195.098022460938
2025-01-21,199.070007324219,202.289993286133,197.869995117188,198.050003051758,29971300,197.138595581055
2025-01-22,199.059997558594,200.479995727539,197.529998779297,198.369995117188,26200600,197.457122802734
2025-01-23,198.139999389648,200.300003051758,195.199996948242,197.979995727539,26951400,197.068923950195
2025-01-24,198.100006103516,200.899993896484,198,200.210006713867,23877500,199.288665771484
2025-01-27,192.410003662109,196.880004882812,190.729995727539,191.809997558594,41728900,190.927307128906
2025-01-28,192.75,195.479995727539,190.679992675781,195.300003051758,24157900,194.401260375977
2025-01-29,195.559997558594,196.789993286133,193.429992675781,195.410003662109,18218300,194.5107421875
2025-01-30,198,201.399993896484,197.669998168945,200.869995117188,24354700,199.94563293457
2025-01-31,202,205.479995727539,201.800003051758,204.020004272461,32001100,203.081115722656
2025-02-03,200.690002441406,203.75,200.100006103516,201.229995727539,27838300,200.303970336914
2025-02-04,203.389999389648,207.050003051758,202.809997558594,206.380004882812,43856400,205.430282592773
2025-02-05,191.070007324219,192.75,188.029998779297,191.330001831055,70373900,190.449508666992
2025-02-06,189.5,192.100006103516,188.720001220703,191.600006103516,29297400,190.718292236328
2025-02-07,191.050003051758,191.179992675781,183.240005493164,185.339996337891,49315000,184.487091064453
2025-02-10,187.350006103516,188.199996948242,185.860000610352,186.470001220703,23105600,185.611877441406
2025-02-11,185.029998779297,186.940002441406,184.279998779297,185.320007324219,21239500,184.467178344727
2025-02-12,183.220001220703,185.110000610352,181.830001831055,183.610000610352,22072600,182.765045166016
2025-02-13,184.320007324219,186.279998779297,183.139999389648,186.139999389648,21402500,185.283401489258
2025-02-14,185.059997558594,186.399993896484,184.320007324219,185.229995727539,20448400,184.377593994141
2025-02-18,185.600006103516,185.960006713867,181.740005493164,183.770004272461,29916700,182.92431640625
2025-02-19,184.070007324219,185.460006713867,183.589996337891,185.270004272461,19549400,184.417419433594
2025-02-20,184.800003051758,185.309997558594,182.720001220703,184.559997558594,20441500,183.710662841797
2025-02-21,185.149993896484,185.339996337891,179.080001831055,179.660003662109,35199200,178.833221435547
2025-02-24,181.990005493164,183.119995117188,178.889999389648,179.25,29854200,178.425109863281
2025-02-25,178.039993286133,178.740005493164,174.690002441406,175.419998168945,41913400,174.612747192383
2025-02-26,175.070007324219,176.080001831055,171.580001831055,172.729995727539,35431300,171.935119628906
2025-02-27,173.990005493164,174.559997558594,167.940002441406,168.5,39991000,167.724594116211
2025-02-28,168.679992675781,170.610000610352,166.770004272461,170.279998779297,48130600,169.496398925781
2025-03-03,171.929992675781,173.369995117188,165.929992675781,167.009994506836,40770500,166.241439819336
2025-03-04,166.240005493164,173.289993286133,165.800003051758,170.919998168945,45388000,170.133438110352
2025-03-05,170.520004272461,173.779998779297,169.059997558594,173.020004272461,30954900,172.22380065918
2025-03-06,170.529998779297,174.809997558594,170.5,172.350006103516,28302000,171.556854248047
2025-03-07,171.259994506836,174.970001220703,170.270004272461,173.860000610352,27385800,173.059936523438
2025-03-10,168.259994506836,168.460006713867,163.690002441406,165.869995117188,43604000,165.296829223633
2025-03-11,164.910003662109,166.75,161.369995117188,164.039993286133,39587400,163.47314453125
2025-03-12,166.580001831055,167.639999389648,163.529998779297,167.110000610352,28372400,166.53254699707
2025-03-13,166.039993286133,166.130004882812,162.110000610352,162.759994506836,31756200,162.197601318359
2025-03-14,163.270004272461,166.490005493164,162.449996948242,165.490005493164,31995900,164.918151855469
2025-03-17,165.029998779297,166.300003051758,163.669998168945,164.289993286133,31184300,163.722290039062
2025-03-18,163.679992675781,164.25,156.720001220703,160.669998168945,42074800,160.114807128906
2025-03-19,161.759994506836,165.869995117188,161,163.889999389648,34275600,163.323684692383
2025-03-20,161.570007324219,164.889999389648,160.960006713867,162.800003051758,28138500,162.237442016602
2025-03-21,161.210006713867,164.240005493164,160.889999389648,163.990005493164,36625800,163.42333984375
2025-03-24,167.070007324219,168.320007324219,165.139999389648,167.679992675781,30879100,167.1005859375
2025-03-25,168.979995727539,170.630004882812,168.320007324219,170.559997558594,24174400,169.970642089844
2025-03-26,169,169.610000610352,164.839996337891,165.059997558594,28901600,164.489624023438
2025-03-27,164.630004882812,165.419998168945,162,162.240005493164,24508300,161.679382324219
2025-03-28,160.490005493164,161.820007324219,153.630004882812,154.330001831055,48669300,153.79670715332
2025-03-31,153.110000610352,155.539993286133,150.660003662109,154.639999389648,54603500,154.105651855469
2025-04-01,153.619995117188,158.100006103516,153.619995117188,157.070007324219,30672900,156.527252197266
2025-04-02,155.149993896484,158.410003662109,154.699996948242,157.039993286133,25041700,156.497344970703
2025-04-03,151.110000610352,152.779998779297,150.389999389648,150.720001220703,46883400,150.199188232422
2025-04-04,148.009994506836,151.070007324219,145.380004882812,145.600006103516,62259500,145.096893310547
2025-04-07,141.550003051758,152.850006103516,140.529998779297,146.75,76794100,146.242904663086
2025-04-08,151.220001220703,152.240005493164,143.029998779297,144.699996948242,52200200,144.199981689453
2025-04-09,144.419998168945,159.550003051758,143.910003662109,158.710006713867,70406200,158.161575317383
2025-04-10,156.539993286133,157.720001220703,149.929992675781,152.820007324219,48022000,152.291961669922
2025-04-11,152.899993896484,157.669998168945,152.820007324219,157.139999389648,33636200,156.597015380859
2025-04-14,160,161.720001220703,157.559997558594,159.070007324219,30333000,158.520355224609
2025-04-15,159.130004882812,159.649993896484,155.210006713867,156.309997558594,27551500,155.769866943359
2025-04-16,153.100006103516,155.889999389648,151.509994506836,153.330001831055,28187400,152.800170898438
2025-04-17,154.289993286133,154.679992675781,148.5,151.160003662109,33046600,150.637664794922
2025-04-21,148.880004882812,148.949996948242,146.100006103516,147.669998168945,26049100,147.159744262695
2025-04-22,148.889999389648,152.190002441406,148.539993286133,151.470001220703,26971800,150.946594238281
2025-04-23,155.610000610352,157.529998779297,153.809997558594,155.350006103516,31128800,154.813186645508
2025-04-24,156.149993896484,159.589996337891,155.789993286133,159.279998779297,45894000,158.729614257812
2025-04-25,165.070007324219,166.100006103516,161.039993286133,161.960006713867,56034000,161.400344848633
2025-04-28,162.429992675781,163.149993896484,158.600006103516,160.610000610352,29745800,160.055023193359
2025-04-29,160.320007324219,160.740005493164,157.520004272461,160.160003662109,26809000,159.606567382812
2025-04-30,157.979995727539,159.270004272461,155.399993896484,158.800003051758,34981100,158.251266479492
2025-05-01,160.449996948242,161.949996948242,158.910003662109,161.300003051758,30203200,160.742630004883
2025-05-02,163.410003662109,164.970001220703,161.869995117188,164.029998779297,25715000,163.463195800781
2025-05-05,163,165.389999389648,162.720001220703,164.210006713867,21341800,163.642593383789
2025-05-06,162.169998168945,164.800003051758,161.190002441406,163.229995727539,21277200,162.665954589844
2025-05-07,164.080001831055,165,147.839996337891,151.380004882812,127490100,150.856918334961
2025-05-08,155,155.929992675781,152.899993896484,154.279998779297,57498700,153.746871948242
2025-05-09,154.169998168945,155.050003051758,152.199996948242,152.75,32435300,152.222183227539
2025-05-12,157.490005493164,159.100006103516,156.25,158.460006713867,44138800,157.912460327148
2025-05-13,158.789993286133,160.570007324219,156.160003662109,159.529998779297,42382100,158.978729248047
2025-05-14,159.960006713867,167,159.610000610352,165.369995117188,48755900,164.798553466797
2025-05-15,165.839996337891,166.210006713867,162.369995117188,163.960006713867,33146700,163.393447875977
2025-05-16,167.729995727539,169.350006103516,165.619995117188,166.190002441406,42846900,165.61572265625
2025-05-19,164.509994506836,166.639999389648,164.220001220703,166.539993286133,30426100,165.964508056641
2025-05-20,166.429992675781,168.5,162.899993896484,163.979995727539,46607700,163.413360595703
2025-05-21,163.690002441406,173.139999389648,163.559997558594,168.559997558594,73416000,167.9775390625
2025-05-22,171.850006103516,176.770004272461,170.710006713867,170.869995117188,74864400,170.279556274414
2025-05-23,169.059997558594,169.960006713867,167.889999389648,168.470001220703,35211400,167.887847900391
2025-05-27,170.160003662109,173.169998168945,170,172.899993896484,37995700,172.302551269531
2025-05-28,173.160003662109,175.270004272461,171.910003662109,172.360000610352,34784000,171.764404296875
2025-05-29,174,174.419998168945,170.630004882812,171.860000610352,29317300,171.266143798828
2025-05-30,171.350006103516,172.210006713867,167.440002441406,171.740005493164,52639900,171.146575927734
2025-06-02,167.839996337891,169.869995117188,167.389999389648,169.029998779297,38612300,168.445907592773
2025-06-03,167.490005493164,168.479995727539,165.279998779297,166.179992675781,45084900,165.605773925781
2025-06-04,166.740005493164,168.220001220703,166.360000610352,168.050003051758,26900800,167.469314575195
2025-06-05,170.339996337891,170.929992675781,167.589996337891,168.210006713867,36379100,167.628753662109
2025-06-06,170.830001831055,174.5,170.830001831055,173.679992675781,35731800,173.079833984375
2025-06-09,174.539993286133,176.470001220703,174.369995117188,176.089996337891,28935900,175.693954467773
2025-06-10,176.199996948242,181.110000610352,174.910003662109,178.600006103516,61766100,178.198318481445
2025-06-11,179.770004272461,180.369995117188,176.75,177.350006103516,31646800,176.951126098633
2025-06-12,176.179992675781,176.720001220703,174.75,175.699996948242,20941900,175.304840087891
2025-06-13,172.440002441406,177.130004882812,172.389999389648,174.669998168945,27663100,174.277145385742
2025-06-16,174.729995727539,176.940002441406,174.649993896484,176.770004272461,27389200,176.372436523438
2025-06-17,175.699996948242,177.360000610352,174.580001831055,175.949996948242,24973000,175.554260253906
2025-06-18,176.009994506836,176.559997558594,173.199996948242,173.320007324219,28707500,172.930206298828
2025-06-20,173.949996948242,174.339996337891,165.460006713867,166.639999389648,75659900,166.265228271484
2025-06-23,166.270004272461,167.339996337891,162,165.190002441406,57671000,164.818481445312
2025-06-24,166.919998168945,168.220001220703,166.130004882812,166.770004272461,40524300,166.394927978516
2025-06-25,167.630004882812,172.360000610352,167.550003051758,170.679992675781,35479000,170.296127319336
2025-06-26,172.429992675781,173.690002441406,169.940002441406,173.539993286133,31796700,173.149688720703
2025-06-27,173.539993286133,178.679992675781,171.729995727539,178.529998779297,108140200,178.128463745117
2025-06-30,180.779998779297,181.229995727539,174.580001831055,176.229995727539,63378900,175.833648681641
2025-07-01,175.740005493164,176.089996337891,173.529998779297,175.839996337891,35904500,175.444534301758
2025-07-02,175.539993286133,178.860000610352,175.070007324219,178.639999389648,29128900,178.238220214844
2025-07-03,178.5,179.669998168945,177.050003051758,179.529998779297,21689700,179.126220703125
2025-07-07,179.059997558594,179.300003051758,175.679992675781,176.789993286133,34175600,176.392379760742
2025-07-08,177.850006103516,177.949996948242,172.809997558594,174.360000610352,40442500,173.967849731445
2025-07-09,175.25,179.440002441406,172.770004272461,176.619995117188,43025600,176.222778320312
2025-07-10,175.630004882812,178.429992675781,174.380004882812,177.619995117188,29252400,177.220504760742
2025-07-11,176.789993286133,181.429992675781,176.479995727539,180.190002441406,34282900,179.784744262695
2025-07-14,181.009994506836,183.669998168945,179.679992675781,181.559997558594,32536600,181.151657104492
2025-07-15,182.809997558594,184.220001220703,181.600006103516,182,33448300,181.590682983398
2025-07-16,183.240005493164,184.330001831055,182.029998779297,182.970001220703,33104200,182.558486938477
2025-07-17,182.139999389648,184.059997558594,180.479995727539,183.580001831055,31992600,183.167129516602
2025-07-18,185.399993896484,186.419998168945,183.710006713867,185.059997558594,34014500,184.643783569336
2025-07-21,186.25,190.289993286133,186.149993896484,190.100006103516,45803100,189.672454833984
2025-07-22,191.5,191.649993896484,187.460006713867,191.339996337891,44660200,190.90966796875
2025-07-23,191.5,192.529998779297,189.179992675781,190.229995727539,58681900,189.802154541016
2025-07-24,197.029998779297,197.949996948242,191,192.169998168945,74881700,191.737808227539
2025-07-25,191.979995727539,194.330001831055,191.259994506836,193.179992675781,39785900,192.745513916016
2025-07-28,193.649993896484,194.050003051758,190.839996337891,192.580001831055,38139500,192.146881103516
2025-07-29,192.429992675781,195.919998168945,192.080001831055,195.75,41389200,195.30973815918
2025-07-30,195.600006103516,197.600006103516,194.690002441406,196.529998779297,32445400,196.087997436523
2025-07-31,195.710006713867,195.990005493164,191.089996337891,191.899993896484,51329200,191.468399047852
2025-08-01,189.029998779297,190.830001831055,187.820007324219,189.130004882812,34832200,188.704650878906
2025-08-04,190.289993286133,195.270004272461,190.119995117188,195.039993286133,31547400,194.601333618164
2025-08-05,194.710006713867,197.860000610352,193.889999389648,194.669998168945,31602300,194.232177734375
2025-08-06,194.5,196.630004882812,193.669998168945,196.089996337891,21562900,195.648986816406
2025-08-07,197.059997558594,197.539993286133,194.330001831055,196.520004272461,26321800,196.078018188477
2025-08-08,197.220001220703,202.610000610352,197.169998168945,201.419998168945,39161800,200.966995239258
2025-08-11,200.940002441406,201.479995727539,199.070007324219,201,25832400,200.547943115234
2025-08-12,201.369995117188,204.5,200.589996337891,203.339996337891,30397900,202.882675170898
2025-08-13,204.130004882812,204.529998779297,197.509994506836,201.960006713867,28342900,201.505783081055
2025-08-14,201.5,204.440002441406,201.229995727539,202.940002441406,25230400,202.483581542969
2025-08-15,203.850006103516,206.440002441406,201.279998779297,203.899993896484,34931400,203.441421508789
2025-08-18,204.199996948242,205.270004272461,202.490005493164,203.5,18526600,203.04231262207
2025-08-19,203.029998779297,203.440002441406,199.960006713867,201.570007324219,24240200,201.116668701172
2025-08-20,200.729995727539,201.279998779297,196.600006103516,199.320007324219,28955500,198.871734619141
2025-08-21,199.75,202.479995727539,199.429992675781,199.75,19774600,199.300735473633
2025-08-22,202.729995727539,208.539993286133,201.300003051758,206.089996337891,42827000,205.626480102539
2025-08-25,206.429992675781,210.520004272461,205.279998779297,208.490005493164,29928900,208.021102905273
2025-08-26,207.509994506836,207.850006103516,205.699996948242,207.139999389648,28464100,206.674133300781
2025-08-27,205.699996948242,208.910003662109,205.649993896484,207.479995727539,23022900,207.013366699219
2025-08-28,207.25,212.220001220703,206.899993896484,211.639999389648,32339300,211.164016723633
2025-08-29,210.509994506836,214.649993896484,210.199996948242,212.910003662109,39728400,212.431167602539
2025-09-02,208.440002441406,211.679992675781,206.199996948242,211.350006103516,47523000,210.874664306641
2025-09-03,226.210006713867,231.309997558594,224.789993286133,230.660003662109,103336100,230.141220092773
2025-09-04,229.649993896484,232.369995117188,226.110000610352,232.300003051758,51684200,231.777557373047
2025-09-05,232.199996948242,235.759994506836,231.899993896484,235,46588900,234.471466064453
2025-09-08,235.470001220703,238.130004882812,233.669998168945,234.039993286133,32474700,233.722473144531
2025-09-09,234.169998168945,240.470001220703,233.229995727539,239.630004882812,38061000,239.304916381836
2025-09-10,238.899993896484,241.660003662109,237.850006103516,239.169998168945,35141100,238.845520019531
2025-09-11,239.880004882812,242.25,236.25,240.369995117188,30599300,240.043899536133
2025-09-12,240.369995117188,242.080001831055,238,240.800003051758,26771600,240.47331237793
2025-09-15,244.660003662109,252.410003662109,244.660003662109,251.610000610352,58383800,251.268646240234
2025-09-16,252.080001831055,253.039993286133,249.470001220703,251.160003662109,34109700,250.819259643555
2025-09-17,251.220001220703,251.600006103516,246.279998779297,249.529998779297,34108000,249.191467285156
2025-09-18,251.679992675781,253.990005493164,249.800003051758,252.029998779297,31239500,251.688079833984
2025-09-19,253.25,256,251.809997558594,254.720001220703,55571400,254.374435424805
2025-09-22,254.429992675781,255.779998779297,250.300003051758,252.529998779297,32290500,252.187393188477
2025-09-23,253.039993286133,254.360000610352,250.479995727539,251.660003662109,26628000,251.318588256836
2025-09-24,251.660003662109,252.350006103516,246.440002441406,247.139999389648,28201000,246.804702758789
2025-09-25,244.399993896484,246.490005493164,240.740005493164,245.789993286133,31020400,245.45654296875
2025-09-26,247.070007324219,249.419998168945,245.970001220703,246.539993286133,18503200,246.205520629883
2025-09-29,247.850006103516,251.149993896484,242.770004272461,244.050003051758,32505800,243.718902587891
2025-09-30,242.809997558594,243.289993286133,239.25,243.100006103516,34724300,242.770202636719
2025-10-01,240.75,246.300003051758,238.610000610352,244.899993896484,31658200,244.567749023438
2025-10-02,245.149993896484,246.809997558594,242.300003051758,245.690002441406,25483300,245.356674194336
2025-10-03,244.490005493164,246.300003051758,241.660003662109,245.350006103516,30249600,245.017150878906
2025-10-06,244.779998779297,251.320007324219,244.580001831055,250.429992675781,28894700,250.090240478516
2025-10-07,248.270004272461,250.440002441406,245.520004272461,245.759994506836,23181300,245.426574707031
2025-10-08,244.960006713867,246.009994506836,243.820007324219,244.619995117188,21307100,244.288131713867
2025-10-09,244.470001220703,244.759994506836,239.149993896484,241.529998779297,27892100,241.20231628418
2025-10-10,241.429992675781,244.089996337891,235.839996337891,236.570007324219,33180300,236.249069213867
2025-10-13,240.210006713867,244.5,239.710006713867,244.149993896484,24995000,243.818756103516
2025-10-14,241.229995727539,247.119995117188,240.509994506836,245.449996948242,22111600,245.116989135742
2025-10-15,247.25,252.110000610352,245.990005493164,251.029998779297,27007700,250.689422607422
2025-10-16,251.770004272461,256.959991455078,250.100006103516,251.460006713867,27997200,251.118850708008
2025-10-17,250.759994506836,254.220001220703,247.809997558594,253.300003051758,29671600,252.956344604492
2025-10-20,254.690002441406,257.329986572266,254.229995727539,256.549987792969,22350200,256.201934814453
2025-10-21,254.740005493164,254.880004882812,244.149993896484,250.460006713867,47312100,250.120208740234
2025-10-22,254.369995117188,256.359985351562,249.289993286133,251.690002441406,35029400,251.348541259766
2025-10-23,252.979995727539,255.039993286133,251.850006103516,253.080001831055,19901400,252.736663818359
2025-10-24,256.579986572266,261.679992675781,255.320007324219,259.920013427734,28655100,259.5673828125
2025-10-27,264.820007324219,270.140014648438,264.279998779297,269.269989013672,35235200,268.904663085938
2025-10-28,269.690002441406,270.730010986328,266.5,267.470001220703,29738600,267.107147216797
2025-10-29,267.75,275.339996337891,267.670013427734,274.570007324219,43580300,274.197509765625
2025-10-30,291.589996337891,291.589996337891,280.059997558594,281.480010986328,74876000,281.09814453125
2025-10-31,283.209991455078,286,277.029998779297,281.190002441406,39267900,280.808502197266
2025-11-03,282.179992675781,285.529998779297,279.799987792969,283.720001220703,29786000,283.335083007812
2025-11-04,276.75,281.269989013672,276.260009765625,277.540008544922,30078400,277.163452148438
2025-11-05,278.869995117188,286.420013427734,277.339996337891,284.309997558594,31010300,283.924255371094
2025-11-06,285.329986572266,288.350006103516,281.140014648438,284.75,37173600,284.363677978516
2025-11-07,283.209991455078,283.779998779297,275.190002441406,278.829986572266,34479600,278.451721191406
2025-11-10,284.420013427734,290.799987792969,282.859985351562,290.100006103516,29557300,289.706420898438
2025-11-11,287.75,291.920013427734,287.320007324219,291.309997558594,19842100,290.914794921875
2025-11-12,291.679992675781,292.010009765625,283.690002441406,286.709991455078,24829900,286.321014404297
2025-11-13,282.339996337891,282.839996337891,277.239990234375,278.570007324219,29494000,278.192077636719
2025-11-14,271.410003662109,278.559997558594,270.700012207031,276.410003662109,31647200,276.035003662109
2025-11-17,285.779998779297,293.950012207031,283.570007324219,285.019989013672,52670200,284.63330078125
2025-11-18,287.920013427734,288.799987792969,278.200012207031,284.279998779297,49158700,283.894317626953
2025-11-19,287.160003662109,303.809997558594,286.630004882812,292.809997558594,68198900,292.412750244141
2025-11-20,304.540008544922,306.420013427734,288.670013427734,289.450012207031,62025200,289.057312011719
2025-11-21,296.420013427734,303.920013427734,293.850006103516,299.660003662109,74137700,299.253479003906
2025-11-24,311.130004882812,319.480010986328,309.600006103516,318.579986572266,85165100,318.147766113281
2025-11-25,326.209991455078,328.829986572266,317.649993896484,323.440002441406,88632100,323.001190185547
2025-11-26,320.679992675781,324.5,316.790008544922,319.950012207031,51373400,319.515960693359
2025-11-28,323.369995117188,326.850006103516,316.790008544922,320.179992675781,26018600,319.745635986328
2025-12-01,317.700012207031,319.850006103516,313.890014648438,314.890014648438,41183000,314.462829589844
2025-12-02,316.739990234375,318.380004882812,313.910003662109,315.809997558594,35854700,315.381530761719
2025-12-03,315.890014648438,321.579986572266,314.100006103516,319.630004882812,41838300,319.196350097656
2025-12-04,322.230010986328,322.359985351562,314.700012207031,317.619995117188,31240900,317.189086914062
2025-12-05,319.489990234375,323.160003662109,319.170013427734,321.269989013672,28851700,320.834106445312
2025-12-08,320.049987792969,320.440002441406,311.220001220703,313.720001220703,33909400,313.499328613281
2025-12-09,312.369995117188,317.989990234375,311.899993896484,317.079986572266,30194000,316.85693359375
2025-12-10,315.829986572266,321.309997558594,314.679992675781,320.209991455078,33428900,319.984741210938
2025-12-11,320.079986572266,321.119995117188,308.600006103516,312.429992675781,42353700,312.210205078125
2025-12-12,313.700012207031,314.869995117188,305.559997558594,309.290008544922,35940200,309.072448730469
2025-12-15,311.320007324219,311.420013427734,304.880004882812,308.220001220703,29151900,308.003173828125
2025-12-16,304.950012207031,310.769989013672,302.589996337891,306.570007324219,30585000,306.354339599609
2025-12-17,308.010009765625,308.089996337891,296.119995117188,296.720001220703,43930400,296.511260986328
2025-12-18,301.720001220703,303.959991455078,299.230010986328,302.459991455078,33518000,302.247222900391
2025-12-19,301.730010986328,307.25,300.970001220703,307.160003662109,59943200,306.943939208984
2025-12-22,309.880004882812,310.130004882812,305.299987792969,309.779998779297,26429900,309.562072753906
2025-12-23,309.630004882812,314.940002441406,309.320007324219,314.350006103516,25478700,314.128875732422
2025-12-24,314.769989013672,315.079986572266,311.920013427734,314.089996337891,10097400,313.869049072266
2025-12-26,314.480010986328,315.089996337891,312.279998779297,313.510009765625,10899000,313.289459228516
2025-12-29,311.369995117188,314.019989013672,310.619995117188,313.559997558594,19621800,313.339416503906
2025-12-30,312.5,316.950012207031,312.459991455078,313.850006103516,17380900,313.629241943359
