"Date","HD.Open","HD.High","HD.Low","HD.Close","HD.Volume","HD.Adjusted"
2021-01-04,266.010009765625,266.440002441406,261.059997558594,263.920013427734,5002000,232.104827880859
2021-01-05,262.660003662109,266.529998779297,262.260009765625,266.049987792969,3822600,233.978012084961
2021-01-06,264.059997558594,269.769989013672,261.869995117188,267.570007324219,3949200,235.314819335938
2021-01-07,266.950012207031,268.779998779297,266.170013427734,266.260009765625,3833200,234.162704467773
2021-01-08,267.350006103516,270.730010986328,267,269.089996337891,3757700,236.651580810547
2021-01-11,267.470001220703,273.369995117188,267.260009765625,271.230010986328,3764400,238.533569335938
2021-01-12,271.109985351562,277.940002441406,270.649993896484,276.329986572266,4030900,243.018829345703
2021-01-13,278.309997558594,280.480010986328,273.940002441406,274.049987792969,3921400,241.013610839844
2021-01-14,274.5,274.899993896484,267.670013427734,268.339996337891,4641400,235.991943359375
2021-01-15,268.630004882812,276.390014648438,268,275.589996337891,5131700,242.367980957031
2021-01-19,278,278,273.019989013672,273.190002441406,3615800,240.257293701172
2021-01-20,273.25,277.209991455078,271.5,274.299987792969,3498400,241.233474731445
2021-01-21,276.220001220703,280.700012207031,275.670013427734,279.049987792969,4397900,245.410888671875
2021-01-22,279.260009765625,285.079986572266,277.869995117188,284,4501900,249.764144897461
2021-01-25,283.850006103516,285.769989013672,281.420013427734,285.079986572266,4025900,250.713989257812
2021-01-26,285.420013427734,285.649993896484,281.700012207031,282.600006103516,2472200,248.532928466797
2021-01-27,279.989990234375,280.809997558594,273.079986572266,274.049987792969,4337000,241.013610839844
2021-01-28,276.170013427734,282.959991455078,274.929992675781,278.049987792969,3463000,244.531448364258
2021-01-29,275.809997558594,277.059997558594,270.029998779297,270.820007324219,4079500,238.17301940918
2021-02-01,271.230010986328,272.649993896484,267.25,270.070007324219,3707800,237.513412475586
2021-02-02,270,275.690002441406,269.989990234375,272.160003662109,4111800,239.3515625
2021-02-03,271.890014648438,275.720001220703,270.709991455078,274.170013427734,2802700,241.119155883789
2021-02-04,274.25,279.440002441406,274.25,278.820007324219,2976000,245.208679199219
2021-02-05,280.290008544922,281.760009765625,277.809997558594,278.859985351562,2389900,245.243789672852
2021-02-08,279.690002441406,280.420013427734,276.890014648438,280.029998779297,3475600,246.272766113281
2021-02-09,279.660003662109,280.200012207031,276.619995117188,276.769989013672,2507800,243.405715942383
2021-02-10,278.029998779297,278.929992675781,276.25,278.690002441406,2410600,245.094253540039
2021-02-11,277.929992675781,280.25,276.010009765625,277.059997558594,2595300,243.660797119141
2021-02-12,277.119995117188,278.709991455078,276.579986572266,277.510009765625,2392200,244.056610107422
2021-02-16,277.010009765625,278.630004882812,274.880004882812,275.390014648438,2873500,242.192123413086
2021-02-17,275.540008544922,281.790008544922,275.399993896484,280.920013427734,3536400,247.055526733398
2021-02-18,280.799987792969,284.679992675781,279.829986572266,283.049987792969,3532000,248.9287109375
2021-02-19,282.869995117188,283.910003662109,279.440002441406,279.640014648438,4079900,245.929809570312
2021-02-22,278.209991455078,278.489990234375,273.630004882812,275.850006103516,3995500,242.596633911133
2021-02-23,269.380004882812,269.670013427734,257.579986572266,267.239990234375,12111000,235.024612426758
2021-02-24,263.230010986328,266.989990234375,254.029998779297,259.970001220703,14512700,228.630981445312
2021-02-25,259.75,260.899993896484,254.710006713867,255.25,6545400,224.47998046875
2021-02-26,257.769989013672,260.239990234375,256.109985351562,258.339996337891,7871200,227.197448730469
2021-03-01,258.809997558594,262.480010986328,258.470001220703,261.619995117188,4528900,230.082092285156
2021-03-02,261.679992675781,263.109985351562,259.769989013672,260.290008544922,3740300,228.912414550781
2021-03-03,259.279998779297,260.5,256.010009765625,257.359985351562,4257500,226.335601806641
2021-03-04,256,256.859985351562,247.100006103516,250.929992675781,7154900,220.680755615234
2021-03-05,252.259994506836,254.199996948242,246.589996337891,253.520004272461,6351800,222.958511352539
2021-03-08,254.229995727539,263.230010986328,252.520004272461,259.029998779297,5037400,227.804260253906
2021-03-09,262.730010986328,267.570007324219,261.790008544922,264.959991455078,6625300,233.019424438477
2021-03-10,265.920013427734,268.75,264.079986572266,266.239990234375,3798400,235.612380981445
2021-03-11,268.600006103516,270.779998779297,267.200012207031,268.850006103516,4371300,237.922149658203
2021-03-12,267.450012207031,273.809997558594,266.760009765625,273.100006103516,4190500,241.683227539062
2021-03-15,274.5,279.649993896484,274.339996337891,278.540008544922,4355200,246.497375488281
2021-03-16,278.540008544922,282.519989013672,277.649993896484,282.079986572266,4458900,249.630249023438
2021-03-17,281.140014648438,283.880004882812,279.25,280.029998779297,5908400,247.815994262695
2021-03-18,279.029998779297,285.470001220703,277.760009765625,283.160003662109,4808100,250.585922241211
2021-03-19,283.640014648438,289.100006103516,282.429992675781,289.100006103516,13729200,255.842620849609
2021-03-22,286.5,290.329986572266,284.200012207031,288.940002441406,5564700,255.701095581055
2021-03-23,289.609985351562,293.429992675781,288.940002441406,289.980010986328,4801200,256.621429443359
2021-03-24,289.260009765625,296.779998779297,288.989990234375,292.75,4842000,259.072723388672
2021-03-25,293.029998779297,297.880004882812,292.459991455078,297.179992675781,5373500,262.993133544922
2021-03-26,297.339996337891,304,296.029998779297,303.809997558594,5865900,268.860412597656
2021-03-29,303.299987792969,305.549987792969,299.929992675781,302.200012207031,4642900,267.435668945312
2021-03-30,301.649993896484,305.679992675781,300.040008544922,304.820007324219,5045400,269.754211425781
2021-03-31,305.5,308.019989013672,304.140014648438,305.25,4744100,270.134765625
2021-04-01,306.880004882812,308.549987792969,303.890014648438,307.75,3923900,272.347198486328
2021-04-05,309.839996337891,315.850006103516,309.739990234375,315.399993896484,4697200,279.117156982422
2021-04-06,313.609985351562,315.940002441406,313.130004882812,313.779998779297,3988600,277.683471679688
2021-04-07,312.839996337891,315.140014648438,310.929992675781,312.470001220703,3799300,276.524139404297
2021-04-08,312.700012207031,315.25,310.589996337891,314.429992675781,4035600,278.258697509766
2021-04-09,315.369995117188,319.320007324219,314.75,319.230010986328,4607800,282.506561279297
2021-04-12,317.720001220703,321.309997558594,317.309997558594,320.790008544922,3556800,283.887084960938
2021-04-13,320.529998779297,320.899993896484,317,320.399993896484,3635100,283.541900634766
2021-04-14,319.709991455078,322.700012207031,319.290008544922,320.019989013672,3440600,283.205657958984
2021-04-15,320.209991455078,323.399993896484,320.049987792969,322.739990234375,3508200,285.612670898438
2021-04-16,324.839996337891,328.670013427734,323.940002441406,328.079986572266,6213100,290.338470458984
2021-04-19,326.489990234375,328.829986572266,325.440002441406,326.850006103516,4494300,289.25
2021-04-20,326,327.690002441406,322.160003662109,323.959991455078,4462900,286.692443847656
2021-04-21,324.959991455078,327.910003662109,323.890014648438,325.950012207031,3740100,288.453521728516
2021-04-22,326.200012207031,326.429992675781,318.839996337891,321.459991455078,4875000,284.47998046875
2021-04-23,322.190002441406,325.529998779297,319.579986572266,323.890014648438,3405700,286.630432128906
2021-04-26,323.679992675781,324,319.320007324219,319.989990234375,2848500,283.179107666016
2021-04-27,320.5,322.470001220703,320.380004882812,320.589996337891,3335800,283.710083007812
2021-04-28,321.950012207031,322.959991455078,319.299987792969,319.709991455078,2713400,282.931304931641
2021-04-29,321.709991455078,325.790008544922,321.079986572266,325.339996337891,3261900,287.913696289062
2021-04-30,325.049987792969,325.829986572266,321.609985351562,323.670013427734,3118700,286.435760498047
2021-05-03,326.279998779297,331.619995117188,325.679992675781,330.269989013672,3683700,292.276550292969
2021-05-04,329.119995117188,333.230010986328,328.880004882812,332.769989013672,3954400,294.488922119141
2021-05-05,334.25,334.25,331.160003662109,332.049987792969,3227200,293.851684570312
2021-05-06,333.670013427734,337.809997558594,333.230010986328,337.579986572266,3539600,298.745544433594
2021-05-07,336.679992675781,339.809997558594,335.529998779297,339.25,2998100,300.223449707031
2021-05-10,340.450012207031,345.690002441406,339.540008544922,341.119995117188,4840600,301.878356933594
2021-05-11,337.549987792969,338,328.209991455078,330.660003662109,5500900,292.621673583984
2021-05-12,326.519989013672,328.799987792969,316.269989013672,317,5822000,280.533050537109
2021-05-13,319,327.420013427734,318.690002441406,325.420013427734,5159800,287.984527587891
2021-05-14,326.290008544922,327.320007324219,321.859985351562,323.630004882812,3998000,286.400329589844
2021-05-17,321,322.829986572266,315.309997558594,320.010009765625,4388000,283.19677734375
2021-05-18,320,324.559997558594,314.779998779297,316.75,7010300,280.311798095703
2021-05-19,312,314.75,309.070007324219,314.450012207031,5242100,278.276428222656
2021-05-20,314.890014648438,319.709991455078,314.890014648438,315.899993896484,3854700,279.559600830078
2021-05-21,317,319.279998779297,314.450012207031,315.769989013672,3920600,279.444580078125
2021-05-24,316.839996337891,318.739990234375,314.589996337891,314.839996337891,2930600,278.621490478516
2021-05-25,315.529998779297,317.100006103516,314.25,316.75,3523300,280.311798095703
2021-05-26,317.809997558594,321.380004882812,316.679992675781,317.329986572266,2881600,280.825103759766
2021-05-27,317.299987792969,320.410003662109,317.299987792969,318.769989013672,3734800,282.099487304688
2021-05-28,320.369995117188,321.510009765625,318.850006103516,318.910003662109,3194000,282.223388671875
2021-06-01,320.660003662109,321.260009765625,315.170013427734,316.309997558594,3549800,279.922515869141
2021-06-02,315.480010986328,316.980010986328,312.410003662109,313.230010986328,3380100,278.650329589844
2021-06-03,311,312.929992675781,309.690002441406,311.429992675781,2652500,277.049041748047
2021-06-04,312.109985351562,313.450012207031,309.350006103516,311.010009765625,2638700,276.675415039062
2021-06-07,311.119995117188,312.329986572266,307.880004882812,309.959991455078,3974800,275.741333007812
2021-06-08,311.269989013672,312.290008544922,308.980010986328,310.899993896484,2913500,276.577575683594
2021-06-09,311.450012207031,312.980010986328,306.899993896484,307.339996337891,3603700,273.410491943359
2021-06-10,307.649993896484,309.649993896484,306.140014648438,308.309997558594,3286300,274.273406982422
2021-06-11,309.269989013672,311.239990234375,308.350006103516,310.769989013672,2785100,276.461853027344
2021-06-14,308.929992675781,310.059997558594,306.220001220703,309.320007324219,3393500,275.171997070312
2021-06-15,308.75,308.950012207031,303.489990234375,306.450012207031,5270600,272.618804931641
2021-06-16,306.690002441406,307.350006103516,301.170013427734,302.779998779297,4492500,269.353942871094
2021-06-17,303.049987792969,305.209991455078,300.029998779297,303.119995117188,4481100,269.656433105469
2021-06-18,299.25,303.829986572266,298.399993896484,302.609985351562,8792700,269.202667236328
2021-06-21,305.25,308.720001220703,304.869995117188,307.600006103516,3774200,273.641845703125
2021-06-22,309.130004882812,314.910003662109,308.299987792969,312.709991455078,4418400,278.187713623047
2021-06-23,312.019989013672,313.660003662109,310.630004882812,311.670013427734,2564500,277.262542724609
2021-06-24,313.119995117188,314.839996337891,311.670013427734,311.839996337891,2649200,277.413787841797
2021-06-25,312.239990234375,315.459991455078,311.549987792969,313.630004882812,11733500,279.006225585938
2021-06-28,313.660003662109,315.269989013672,311.369995117188,314.279998779297,2635400,279.584411621094
2021-06-29,315.790008544922,320.299987792969,315.559997558594,318.239990234375,3150100,283.107269287109
2021-06-30,317.940002441406,320.290008544922,317.690002441406,318.890014648438,3061500,283.685516357422
2021-07-01,319.910003662109,321.690002441406,318.5,321.540008544922,2578000,286.042907714844
2021-07-02,322.529998779297,323.119995117188,321.350006103516,322.700012207031,2201600,287.074859619141
2021-07-06,322.829986572266,323.829986572266,316.799987792969,319.260009765625,3109500,284.014587402344
2021-07-07,318.489990234375,324.420013427734,318.25,323.480010986328,2939900,287.768768310547
2021-07-08,319.070007324219,320.329986572266,314.799987792969,318.540008544922,3663000,283.374176025391
2021-07-09,320.540008544922,323.309997558594,320.179992675781,322.089996337891,2587400,286.532196044922
2021-07-12,321.070007324219,324,320.529998779297,321.739990234375,2521800,286.220794677734
2021-07-13,322.440002441406,323.290008544922,316.829986572266,317.049987792969,3213800,282.048614501953
2021-07-14,318.75,320.059997558594,318.010009765625,319.220001220703,3381600,283.97900390625
2021-07-15,317.380004882812,322.959991455078,317.359985351562,322.709991455078,2603900,287.083770751953
2021-07-16,324,326.279998779297,321.399993896484,321.540008544922,3623700,286.042907714844
2021-07-19,317.989990234375,319,314.910003662109,318.869995117188,3752600,283.667602539062
2021-07-20,318.5,326.130004882812,318.269989013672,325.350006103516,4251700,289.432342529297
2021-07-21,327.600006103516,328.470001220703,324.970001220703,326.359985351562,2832600,290.330718994141
2021-07-22,327.940002441406,327.970001220703,325.329986572266,326.660003662109,2208100,290.597747802734
2021-07-23,329.470001220703,333.450012207031,327.940002441406,332.839996337891,2786400,296.095458984375
2021-07-26,330.070007324219,331.559997558594,326.880004882812,331.179992675781,2752000,294.618682861328
2021-07-27,331.790008544922,331.880004882812,326.059997558594,327.260009765625,2910300,291.131439208984
2021-07-28,326.420013427734,329.329986572266,324.709991455078,325.519989013672,2376200,289.58349609375
2021-07-29,326.489990234375,328.559997558594,325.440002441406,327.429992675781,2172400,291.282684326172
2021-07-30,326.850006103516,330.109985351562,326.339996337891,328.190002441406,2381200,291.958770751953
2021-08-02,330,330,326.420013427734,327.220001220703,2016400,291.095886230469
2021-08-03,328.350006103516,333.010009765625,328.029998779297,331.940002441406,2405900,295.294830322266
2021-08-04,330.690002441406,331.920013427734,329.390014648438,330.309997558594,1783700,293.844696044922
2021-08-05,331.959991455078,336,331.089996337891,333.109985351562,2284000,296.335601806641
2021-08-06,334.690002441406,335.709991455078,329.119995117188,329.839996337891,2656600,293.426483154297
2021-08-09,329.230010986328,331.070007324219,327.320007324219,328.760009765625,1995300,292.465850830078
2021-08-10,328.670013427734,333.239990234375,327.149993896484,331.480010986328,1868100,294.885528564453
2021-08-11,333.799987792969,338.549987792969,333.399993896484,337,3258600,299.796203613281
2021-08-12,337.350006103516,338.170013427734,332.279998779297,334.019989013672,2554200,297.145111083984
2021-08-13,333.859985351562,335.799987792969,330.980010986328,331.320007324219,2217000,294.743255615234
2021-08-16,330.709991455078,335.630004882812,327.970001220703,335.049987792969,3496300,298.061401367188
2021-08-17,321,323.589996337891,316.609985351562,320.75,9322800,285.340179443359
2021-08-18,319.339996337891,327.859985351562,319,321.549987792969,4880600,286.051818847656
2021-08-19,318.790008544922,325.190002441406,317.799987792969,322.899993896484,2974700,287.252807617188
2021-08-20,322.640014648438,329.679992675781,322.470001220703,329.239990234375,2929900,292.892883300781
2021-08-23,330,330.529998779297,327.380004882812,327.739990234375,2792700,291.558441162109
2021-08-24,328.760009765625,328.839996337891,324.510009765625,324.899993896484,2359500,289.031951904297
2021-08-25,324.149993896484,326.559997558594,323.109985351562,323.880004882812,2586900,288.124572753906
2021-08-26,323.209991455078,324.989990234375,321,321.480010986328,2952300,285.989532470703
2021-08-27,320.880004882812,324.049987792969,319.649993896484,323.380004882812,2985400,287.679779052734
2021-08-30,325.910003662109,329.5,325.209991455078,327.100006103516,2926900,290.989074707031
2021-08-31,327,328.269989013672,323.619995117188,326.179992675781,4183100,290.170654296875
2021-09-01,325.559997558594,325.779998779297,320.279998779297,323.640014648438,3339100,289.374877929688
2021-09-02,325.029998779297,328.179992675781,323.700012207031,327.739990234375,3109000,293.040832519531
2021-09-03,325.329986572266,330.899993896484,325.160003662109,330.339996337891,2774800,295.365478515625
2021-09-07,331.029998779297,332.559997558594,326.899993896484,328.950012207031,2555200,294.122680664062
2021-09-08,328.950012207031,331.929992675781,327.630004882812,331.579986572266,2219500,296.474304199219
2021-09-09,332.450012207031,333.730010986328,330.869995117188,331.769989013672,3011900,296.644195556641
2021-09-10,334,335.230010986328,331.450012207031,331.950012207031,3178600,296.80517578125
2021-09-13,334.950012207031,337.149993896484,332.75,335.450012207031,3908700,299.934539794922
2021-09-14,336.029998779297,337.489990234375,332.420013427734,333.119995117188,2857200,297.851165771484
2021-09-15,333.359985351562,334.670013427734,330.100006103516,333.369995117188,2875500,298.074737548828
2021-09-16,334.720001220703,337.839996337891,334.170013427734,336.390014648438,3043800,300.775054931641
2021-09-17,334.950012207031,339.649993896484,334.950012207031,335.670013427734,7098400,300.131225585938
2021-09-20,331.829986572266,335.390014648438,328.429992675781,331.209991455078,4036600,296.143524169922
2021-09-21,333.029998779297,336.970001220703,332,334.220001220703,3171100,298.834716796875
2021-09-22,335.850006103516,339,333.459991455078,335.929992675781,2872800,300.363708496094
2021-09-23,337.839996337891,339.519989013672,335.600006103516,335.910003662109,2426600,300.345794677734
2021-09-24,336.779998779297,337.839996337891,335.549987792969,337.489990234375,2004900,301.758544921875
2021-09-27,336.869995117188,343.739990234375,336.869995117188,341.410003662109,2966100,305.263519287109
2021-09-28,341.369995117188,341.369995117188,332.459991455078,333.799987792969,3304100,298.459197998047
2021-09-29,333.359985351562,338.880004882812,333.359985351562,336.929992675781,2424000,301.257751464844
2021-09-30,338.239990234375,338.709991455078,327.630004882812,328.260009765625,4255000,293.505737304688
2021-10-01,328.149993896484,332.730010986328,324.579986572266,329.859985351562,2814200,294.936340332031
2021-10-04,328.5,330.609985351562,324.160003662109,326.470001220703,2919900,291.905303955078
2021-10-05,326.899993896484,332.190002441406,326.329986572266,329.480010986328,2514300,294.596649169922
2021-10-06,328.160003662109,330.649993896484,325.399993896484,330.359985351562,2226800,295.383422851562
2021-10-07,333.5,339.220001220703,332.859985351562,337.480010986328,2789500,301.749572753906
2021-10-08,333,335.410003662109,330.880004882812,334.339996337891,2912200,298.941986083984
2021-10-11,335.600006103516,340.859985351562,334.600006103516,336.970001220703,2589100,301.293579101562
2021-10-12,339.140014648438,341.049987792969,337.399993896484,337.799987792969,2960300,302.035705566406
2021-10-13,337.320007324219,340.239990234375,336.549987792969,338.279998779297,2477400,302.464904785156
2021-10-14,340.529998779297,344.369995117188,340.100006103516,344.049987792969,2824300,307.623992919922
2021-10-15,346.540008544922,350.950012207031,345.75,350.410003662109,3473500,313.310699462891
2021-10-18,349,355.950012207031,349,355.010009765625,3487500,317.423583984375
2021-10-19,356.940002441406,358.089996337891,354.420013427734,357.989990234375,2375600,320.088165283203
2021-10-20,357.739990234375,359.570007324219,356.209991455078,358.230010986328,2574800,320.302673339844
2021-10-21,358.200012207031,364.850006103516,358.119995117188,364.619995117188,2885400,326.016174316406
2021-10-22,365,367.029998779297,362.149993896484,365.989990234375,2734700,327.241088867188
2021-10-25,367.200012207031,371.660003662109,365.989990234375,371.260009765625,2923400,331.953216552734
2021-10-26,373.390014648438,374.049987792969,369.079986572266,369.200012207031,2989500,330.111297607422
2021-10-27,369.869995117188,375.149993896484,369.309997558594,372.320007324219,2840300,332.900970458984
2021-10-28,373,373.940002441406,370.890014648438,371.570007324219,2553500,332.230346679688
2021-10-29,370.329986572266,375.149993896484,370.029998779297,371.739990234375,3820200,332.382354736328
2021-11-01,373,373.570007324219,364.700012207031,366.480010986328,3380500,327.679260253906
2021-11-02,366.200012207031,368.890014648438,364.940002441406,367.290008544922,2367100,328.403472900391
2021-11-03,366.630004882812,369.359985351562,365.25,368.970001220703,2378800,329.905639648438
2021-11-04,370.779998779297,373.230010986328,369.410003662109,372.179992675781,3210000,332.775726318359
2021-11-05,373.809997558594,374.410003662109,367.570007324219,368.399993896484,3090200,329.395965576172
2021-11-08,370.220001220703,372.910003662109,367.850006103516,368.589996337891,2357200,329.565826416016
2021-11-09,369.670013427734,373.880004882812,368.709991455078,370.649993896484,2183300,331.407745361328
2021-11-10,368.25,371.209991455078,367.720001220703,368.579986572266,2161400,329.556884765625
2021-11-11,371,372,365.829986572266,367.630004882812,2387300,328.707550048828
2021-11-12,369.119995117188,373.5,366.700012207031,372.630004882812,2793300,333.178070068359
2021-11-15,374.390014648438,374.869995117188,369.290008544922,371.079986572266,3650600,331.792205810547
2021-11-16,382,394.380004882812,379,392.329986572266,8648200,350.792388916016
2021-11-17,392.829986572266,399.429992675781,390.809997558594,394.850006103516,4647000,353.045654296875
2021-11-18,398,406.540008544922,396.089996337891,405.850006103516,4503700,362.880950927734
2021-11-19,407.630004882812,410.100006103516,404.109985351562,408.690002441406,3542000,365.420318603516
2021-11-22,409.799987792969,416.559997558594,408.700012207031,408.790008544922,4006400,365.509704589844
2021-11-23,405.670013427734,409.679992675781,403.010009765625,408.369995117188,3557000,365.134216308594
2021-11-24,403.660003662109,412.75,402.880004882812,412.109985351562,2676300,368.478240966797
2021-11-26,407.260009765625,414.140014648438,402.25,402.700012207031,3007800,360.064514160156
2021-11-29,406.899993896484,410.809997558594,406.040008544922,406.820007324219,3725500,363.748260498047
2021-11-30,403.589996337891,408.429992675781,400.25,400.609985351562,7773500,358.195770263672
2021-12-01,402.079986572266,410.25,400.220001220703,400.420013427734,3516200,359.506622314453
2021-12-02,401.809997558594,410.700012207031,401,407.769989013672,3705000,366.105560302734
2021-12-03,409.850006103516,415.929992675781,404.450012207031,407.809997558594,5237500,366.141479492188
2021-12-06,413.519989013672,420.609985351562,411.220001220703,415.700012207031,4624500,373.225341796875
2021-12-07,417,418.559997558594,413.019989013672,416.179992675781,4204500,373.656280517578
2021-12-08,416.179992675781,419.850006103516,408.279998779297,411.25,4079400,369.230072021484
2021-12-09,410.799987792969,415.25,408.290008544922,411.339996337891,3822900,369.310852050781
2021-12-10,412.190002441406,415.609985351562,410.260009765625,415.399993896484,2625200,372.955963134766
2021-12-13,415.399993896484,416.5,404.510009765625,405.239990234375,3766400,363.834106445312
2021-12-14,403.450012207031,405.679992675781,398.079986572266,402.200012207031,4662800,361.104736328125
2021-12-15,400.619995117188,407.929992675781,399.390014648438,407.809997558594,4421400,366.141479492188
2021-12-16,408.399993896484,408.869995117188,398.119995117188,399.529998779297,4632800,358.70751953125
2021-12-17,396.970001220703,397.980010986328,387.420013427734,387.980010986328,11097500,348.337677001953
2021-12-20,384.290008544922,390.170013427734,380.899993896484,389.399993896484,4294800,349.612548828125
2021-12-21,391.630004882812,393.760009765625,383.239990234375,390.470001220703,3038200,350.573272705078
2021-12-22,391,395.769989013672,388.859985351562,395.640014648438,3267800,355.214996337891
2021-12-23,398.290008544922,399.839996337891,394.619995117188,397.070007324219,2743900,356.498962402344
2021-12-27,399.040008544922,404.450012207031,398.209991455078,404.089996337891,2228300,362.801544189453
2021-12-28,404.989990234375,407.019989013672,403,406.220001220703,2521400,364.713958740234
2021-12-29,406.380004882812,412.369995117188,406.309997558594,410.839996337891,2209300,368.861846923828
2021-12-30,411.850006103516,413.440002441406,408.399993896484,409.940002441406,1804400,368.053863525391
2021-12-31,409.989990234375,416.529998779297,409.890014648438,415.010009765625,2386100,372.605834960938
2022-01-03,416.570007324219,417.839996337891,403.260009765625,408.640014648438,3715700,366.886810302734
2022-01-04,408.640014648438,413.609985351562,408.190002441406,412.839996337891,3266500,370.657562255859
2022-01-05,414,414.220001220703,406.809997558594,407.239990234375,4443200,365.629760742188
2022-01-06,408.559997558594,409.070007324219,403.019989013672,405.760009765625,3315100,364.300964355469
2022-01-07,403.359985351562,404.089996337891,392.880004882812,393.609985351562,4520700,353.392333984375
2022-01-10,387.399993896484,387.589996337891,380.910003662109,387.459991455078,6440000,347.870788574219
2022-01-11,388.070007324219,391.839996337891,384.320007324219,386.670013427734,4385400,347.161499023438
2022-01-12,388.290008544922,393.450012207031,386.380004882812,389.399993896484,3623300,349.612548828125
2022-01-13,392.510009765625,394.309997558594,385.859985351562,386.980010986328,3466300,347.439849853516
2022-01-14,381.329986572266,382.010009765625,371.5,372,6336200,333.990478515625
2022-01-18,366.100006103516,368.089996337891,360.029998779297,366.720001220703,6435200,329.249938964844
2022-01-19,367.179992675781,368.700012207031,359.410003662109,359.690002441406,5175100,322.938171386719
2022-01-20,361.329986572266,361.850006103516,349.019989013672,349.579986572266,5440600,313.861206054688
2022-01-21,351.720001220703,360.089996337891,347.179992675781,349.100006103516,7718400,313.430267333984
2022-01-24,343.779998779297,364.380004882812,343.609985351562,363.809997558594,8584300,326.637298583984
2022-01-25,358.140014648438,361.519989013672,352.190002441406,358.980010986328,5536700,322.300750732422
2022-01-26,360,365.899993896484,354.450012207031,357.279998779297,6103300,320.774505615234
2022-01-27,360.429992675781,364.119995117188,353.910003662109,356.429992675781,3941000,320.011322021484
2022-01-28,360.170013427734,366.720001220703,352.839996337891,366.540008544922,4551300,329.088317871094
2022-01-31,364.809997558594,367.410003662109,362.209991455078,366.980010986328,4084600,329.483367919922
2022-02-01,369.470001220703,370.690002441406,362.369995117188,368.700012207031,3406800,331.027557373047
2022-02-02,368.380004882812,374.670013427734,367.760009765625,373.730010986328,3839300,335.543670654297
2022-02-03,370.190002441406,372.119995117188,363.200012207031,364.809997558594,4009700,327.535095214844
2022-02-04,363.5,364.670013427734,354.25,359.670013427734,3728100,322.920257568359
2022-02-07,360.260009765625,361.799987792969,355.440002441406,357.350006103516,2809300,320.837310791016
2022-02-08,357.350006103516,362.980010986328,354.799987792969,361.440002441406,3225100,324.509399414062
2022-02-09,365.309997558594,367.459991455078,363,364.369995117188,2777500,327.140014648438
2022-02-10,358.839996337891,363,352.869995117188,355.089996337891,4291800,318.808227539062
2022-02-11,354.690002441406,357.339996337891,348.559997558594,350.290008544922,3308700,314.498657226562
2022-02-14,348,352.910003662109,346.829986572266,351.559997558594,3654300,315.638916015625
2022-02-15,355.559997558594,357.420013427734,351.380004882812,353.260009765625,3552500,317.165191650391
2022-02-16,351.5,352.859985351562,345.720001220703,350.089996337891,3594900,314.319122314453
2022-02-17,348.989990234375,352.309997558594,347.390014648438,347.940002441406,3927000,312.388793945312
2022-02-18,348.390014648438,350.600006103516,344.100006103516,346.869995117188,5526100,311.428131103516
2022-02-22,335.089996337891,336.690002441406,312.350006103516,316.170013427734,19752800,283.864959716797
2022-02-23,319.320007324219,320.399993896484,307.100006103516,308.450012207031,11026000,276.933776855469
2022-02-24,300,313.440002441406,299.290008544922,313.239990234375,8416700,281.234313964844
2022-02-25,313.179992675781,317.440002441406,307.570007324219,316.649993896484,6510600,284.295776367188
2022-02-28,312.970001220703,316.079986572266,310.480010986328,315.829986572266,5735100,283.559661865234
2022-03-01,314.589996337891,322.429992675781,313.760009765625,320.25,5640900,287.528076171875
2022-03-02,321.059997558594,331.190002441406,319.679992675781,327.369995117188,5645600,293.920593261719
2022-03-03,329.190002441406,330.679992675781,322.829986572266,324.359985351562,3858400,291.218109130859
2022-03-04,322.209991455078,326.660003662109,319.510009765625,324.260009765625,3630900,291.128356933594
2022-03-07,324.260009765625,329.600006103516,320.109985351562,322.769989013672,4670000,289.790557861328
2022-03-08,319.75,328.489990234375,315.950012207031,316.739990234375,5092500,284.376708984375
2022-03-09,320,322.459991455078,316.920013427734,317.200012207031,4443600,286.50830078125
2022-03-10,314.359985351562,318.260009765625,308.75,317.940002441406,3895200,287.1767578125
2022-03-11,319.279998779297,321.790008544922,316.230010986328,316.790008544922,2973300,286.138061523438
2022-03-14,322.910003662109,324,316.209991455078,318.359985351562,3604200,287.55615234375
2022-03-15,320.350006103516,330.179992675781,320.329986572266,328.540008544922,3775300,296.751068115234
2022-03-16,331.579986572266,333.950012207031,324.230010986328,330.910003662109,3942400,298.891754150391
2022-03-17,329.140014648438,336.359985351562,327.839996337891,336.359985351562,3123200,303.814422607422
2022-03-18,333.630004882812,340.739990234375,332.309997558594,340.739990234375,9409600,307.770599365234
2022-03-21,338.040008544922,340.690002441406,327.079986572266,329.369995117188,4521200,297.500823974609
2022-03-22,329.320007324219,331.299987792969,324.010009765625,329.730010986328,4852800,297.825927734375
2022-03-23,326.899993896484,328.190002441406,315.850006103516,317.049987792969,5207700,286.372833251953
2022-03-24,317.149993896484,319.399993896484,314.299987792969,315.779998779297,4599900,285.225738525391
2022-03-25,318.480010986328,318.799987792969,308.299987792969,310.679992675781,5176500,280.619232177734
2022-03-28,311,314.350006103516,309.230010986328,314.279998779297,3936600,283.870910644531
2022-03-29,316.910003662109,321,312.920013427734,317.709991455078,5306100,286.968933105469
2022-03-30,313.109985351562,315.239990234375,306.100006103516,308.459991455078,7223800,278.613983154297
2022-03-31,306.209991455078,307.959991455078,298.890014648438,299.329986572266,11044600,270.367370605469
2022-04-01,300.5,303.369995117188,298.899993896484,301.890014648438,5554600,272.679748535156
2022-04-04,301.489990234375,306.480010986328,299.570007324219,305.579986572266,4659500,276.0126953125
2022-04-05,306.260009765625,309.100006103516,302.209991455078,304.859985351562,4376100,275.362274169922
2022-04-06,298.089996337891,300.660003662109,294.989990234375,298.540008544922,6499900,269.653869628906
2022-04-07,296.790008544922,304.589996337891,293.589996337891,302.75,5241000,273.456512451172
2022-04-08,301.459991455078,312.290008544922,301.279998779297,311.109985351562,5741900,281.007568359375
2022-04-11,307.809997558594,314.170013427734,305.929992675781,306.720001220703,4100600,277.042449951172
2022-04-12,309.440002441406,313.290008544922,305.100006103516,306.290008544922,4122600,276.653930664062
2022-04-13,306.109985351562,311.700012207031,305.720001220703,310.420013427734,3185300,280.384368896484
2022-04-14,310.829986572266,312.25,304.329986572266,304.519989013672,4569200,275.055206298828
2022-04-18,303,306.290008544922,298.720001220703,300.209991455078,3192400,271.162261962891
2022-04-19,300.609985351562,308.130004882812,299.809997558594,307.799987792969,3389700,278.017883300781
2022-04-20,311,316.100006103516,309.75,315.140014648438,4720800,284.647644042969
2022-04-21,317,318.399993896484,309.739990234375,310.359985351562,3014200,280.330200195312
2022-04-22,309.820007324219,309.820007324219,299.779998779297,300.109985351562,4043200,271.071899414062
2022-04-25,300,305.160003662109,296.269989013672,304.940002441406,4396900,275.434631347656
2022-04-26,302.25,307.559997558594,299.720001220703,299.959991455078,3415200,270.936492919922
2022-04-27,301.299987792969,306.420013427734,299.119995117188,301.600006103516,3446200,272.417785644531
2022-04-28,304.75,314.540008544922,303.010009765625,311.760009765625,4149500,281.594757080078
2022-04-29,308.149993896484,311.720001220703,299.709991455078,300.399993896484,4878200,271.333892822266
2022-05-02,301.989990234375,308.790008544922,299.910003662109,306.970001220703,4233900,277.268157958984
2022-05-03,305.690002441406,309,303.019989013672,304.959991455078,3336600,275.452697753906
2022-05-04,304.079986572266,315.75,302.929992675781,315.309997558594,4021300,284.801239013672
2022-05-05,311,311.359985351562,293.709991455078,299.109985351562,4959600,270.168640136719
2022-05-06,296.299987792969,296.75,289.410003662109,294.309997558594,4325300,265.833190917969
2022-05-09,290.279998779297,300.739990234375,288.5,297.029998779297,5243600,268.2900390625
2022-05-10,298.459991455078,301.070007324219,287.660003662109,291.160003662109,4392900,262.987945556641
2022-05-11,291.450012207031,293.329986572266,282.570007324219,282.959991455078,3880500,255.581298828125
2022-05-12,281.570007324219,293.179992675781,280.630004882812,289.690002441406,4447700,261.66015625
2022-05-13,289.950012207031,299.420013427734,288.450012207031,296.029998779297,3949100,267.38671875
2022-05-16,294.079986572266,299.570007324219,289.790008544922,295.989990234375,4267900,267.3505859375
2022-05-17,306.5,310.940002441406,290.899993896484,300.950012207031,12425900,271.830688476562
2022-05-18,293,295.440002441406,281.179992675781,285.179992675781,7799500,257.586547851562
2022-05-19,285.5,292.5,284.959991455078,287.760009765625,5211500,259.916900634766
2022-05-20,289.820007324219,290.5,279.589996337891,287.190002441406,5621800,259.402038574219
2022-05-23,289.089996337891,290.339996337891,280.320007324219,286.029998779297,4305600,258.354248046875
2022-05-24,284,289.320007324219,280.649993896484,287.920013427734,4241900,260.061462402344
2022-05-25,285.809997558594,295.489990234375,285.660003662109,293.570007324219,4612900,265.164733886719
2022-05-26,297.320007324219,305.630004882812,297,302.809997558594,4170800,273.510650634766
2022-05-27,303.540008544922,308.5,301.600006103516,308.459991455078,3899300,278.613983154297
2022-05-31,306.600006103516,307.869995117188,300.829986572266,302.75,5966600,273.456512451172
2022-06-01,301.739990234375,302.980010986328,297.029998779297,297.190002441406,3080800,270.129760742188
2022-06-02,298.809997558594,306.029998779297,295.890014648438,305.869995117188,4086400,278.019378662109
2022-06-03,303.329986572266,308.459991455078,301.899993896484,305.079986572266,2956600,277.301300048828
2022-06-06,305.559997558594,307.609985351562,303.25,303.890014648438,2562000,276.2197265625
2022-06-07,295.059997558594,302.380004882812,292.600006103516,301.769989013672,3547800,274.292755126953
2022-06-08,299.779998779297,300.579986572266,295.679992675781,297.529998779297,3003100,270.438751220703
2022-06-09,297.760009765625,306.880004882812,297.350006103516,299.859985351562,4168400,272.556671142578
2022-06-10,291.5,296.5,288.640014648438,289.239990234375,4623900,262.903656005859
2022-06-13,284.359985351562,286.820007324219,281.279998779297,283.160003662109,4704600,257.377258300781
2022-06-14,283.209991455078,286.380004882812,276.589996337891,278.670013427734,3987000,253.296081542969
2022-06-15,281,283.589996337891,275.470001220703,279.730010986328,4050400,254.259567260742
2022-06-16,274.920013427734,276.109985351562,269.730010986328,273.459991455078,6181000,248.560485839844
2022-06-17,271,276.619995117188,270.390014648438,270.730010986328,10775600,246.079055786133
2022-06-21,273.690002441406,273.920013427734,267.420013427734,269.200012207031,5498400,244.688339233398
2022-06-22,266.390014648438,271.769989013672,264.510009765625,268.980010986328,4678400,244.488403320312
2022-06-23,270,275.589996337891,269.890014648438,275.420013427734,3747500,250.342010498047
2022-06-24,277.470001220703,283.459991455078,273.920013427734,283,10310700,257.231811523438
2022-06-27,284.459991455078,285,281.489990234375,282.690002441406,2538600,256.950012207031
2022-06-28,283.779998779297,285.600006103516,269.820007324219,270.149993896484,4052100,245.551895141602
2022-06-29,271.579986572266,276.160003662109,268.809997558594,273.869995117188,2460500,248.933135986328
2022-06-30,270.730010986328,277.040008544922,268.040008544922,274.269989013672,4058000,249.29670715332
2022-07-01,275.730010986328,280.75,274.549987792969,279.079986572266,2818300,253.668746948242
2022-07-05,275.5,283.730010986328,275.029998779297,283.730010986328,3241300,257.895355224609
2022-07-06,284.989990234375,285.920013427734,280.519989013672,283.579986572266,2206100,257.759063720703
2022-07-07,282.839996337891,286.970001220703,281.450012207031,286.690002441406,3133900,260.585906982422
2022-07-08,285.989990234375,287.989990234375,283.910003662109,286.470001220703,1891000,260.385833740234
2022-07-11,285.179992675781,289.589996337891,285.140014648438,286.390014648438,2453200,260.313201904297
2022-07-12,288.970001220703,293.640014648438,283.410003662109,285.119995117188,2696100,259.158752441406
2022-07-13,281.630004882812,289.790008544922,279.760009765625,287.179992675781,2941600,261.03125
2022-07-14,281.850006103516,290.290008544922,281.649993896484,289.480010986328,2822200,263.121826171875
2022-07-15,294.809997558594,295.450012207031,290.950012207031,292.410003662109,2647200,265.784973144531
2022-07-18,297.25,298.489990234375,292,293.049987792969,2664000,266.366821289062
2022-07-19,295.440002441406,300.010009765625,293.309997558594,299.829986572266,2614900,272.529388427734
2022-07-20,300.929992675781,303.690002441406,298.279998779297,302.299987792969,2533400,274.774475097656
2022-07-21,302.850006103516,305.25,298.869995117188,305,1965000,277.228637695312
2022-07-22,307.660003662109,310.670013427734,304.359985351562,306.589996337891,2391500,278.673950195312
2022-07-25,306.799987792969,307.429992675781,303.829986572266,306.149993896484,1910500,278.273956298828
2022-07-26,297,300.640014648438,295.910003662109,298.179992675781,2690200,271.029602050781
2022-07-27,298.209991455078,300.309997558594,291.790008544922,298.910003662109,3233700,271.693176269531
2022-07-28,295,301.239990234375,293.170013427734,299.630004882812,3992100,272.347595214844
2022-07-29,300,301.440002441406,297.429992675781,300.940002441406,3236000,273.538330078125
2022-08-01,300.640014648438,308.450012207031,300.010009765625,305.820007324219,3303900,277.973999023438
2022-08-02,305.399993896484,305.609985351562,300.010009765625,300.709991455078,3091000,273.329223632812
2022-08-03,303.350006103516,308.070007324219,300.339996337891,306.369995117188,3329400,278.473907470703
2022-08-04,304.540008544922,309.970001220703,304.440002441406,307.170013427734,2718400,279.201049804688
2022-08-05,305.380004882812,309.779998779297,304.5,309.690002441406,2029100,281.491577148438
2022-08-08,311.859985351562,315.799987792969,310.440002441406,311.970001220703,2505100,283.563934326172
2022-08-09,308.890014648438,309.959991455078,303.309997558594,305.209991455078,2607000,277.419494628906
2022-08-10,309.5,312.980010986328,309.049987792969,311.579986572266,3863400,283.209533691406
2022-08-11,313.839996337891,314.619995117188,309.579986572266,310.690002441406,2444100,282.400573730469
2022-08-12,312.609985351562,314.929992675781,310.179992675781,314.890014648438,2273800,286.218078613281
2022-08-15,312.040008544922,315.760009765625,310.149993896484,314.609985351562,3917300,285.963562011719
2022-08-16,312.980010986328,332.980010986328,312.880004882812,327.380004882812,10089800,297.570922851562
2022-08-17,328.089996337891,329.5,324.070007324219,325.760009765625,3162600,296.098419189453
2022-08-18,324.959991455078,327.940002441406,322.220001220703,325.209991455078,2899600,295.598419189453
2022-08-19,324.970001220703,326.320007324219,319.769989013672,321.320007324219,3489100,292.062683105469
2022-08-22,318.089996337891,319.739990234375,311.709991455078,312.209991455078,3144200,283.782165527344
2022-08-23,311.209991455078,311.519989013672,305.640014648438,306.899993896484,3317500,278.955657958984
2022-08-24,305.049987792969,309.980010986328,303.549987792969,308.109985351562,2495600,280.055480957031
2022-08-25,308.640014648438,309.959991455078,305.829986572266,309.779998779297,2529700,281.573394775391
2022-08-26,310.299987792969,311.510009765625,298.019989013672,298.100006103516,3315500,270.956909179688
2022-08-29,296.570007324219,299.709991455078,294.290008544922,296.320007324219,2711800,269.338989257812
2022-08-30,298.559997558594,299.899993896484,291.670013427734,293.100006103516,2892400,266.412261962891
2022-08-31,292.010009765625,292.470001220703,288.279998779297,288.420013427734,4376200,263.868835449219
2022-09-01,288.399993896484,293.579986572266,286.720001220703,293.369995117188,3742500,268.3974609375
2022-09-02,296.109985351562,296.799987792969,290.119995117188,291.899993896484,2753600,267.052551269531
2022-09-06,293.220001220703,294.5,287.260009765625,289.540008544922,4110000,264.893463134766
2022-09-07,290.440002441406,297.700012207031,290.299987792969,297.470001220703,3016000,272.148498535156
2022-09-08,296,300.190002441406,294.540008544922,299.899993896484,2703200,274.37158203125
2022-09-09,299.480010986328,302.489990234375,298.329986572266,299.769989013672,2769200,274.252685546875
2022-09-12,300.799987792969,302.829986572266,296.350006103516,297.540008544922,3632900,272.212463378906
2022-09-13,292.010009765625,294.079986572266,277.320007324219,277.929992675781,4797200,254.271789550781
2022-09-14,279.399993896484,279.540008544922,273.170013427734,276.339996337891,4194400,252.817077636719
2022-09-15,277.890014648438,278.010009765625,270.540008544922,271.540008544922,3896100,248.425720214844
2022-09-16,269.049987792969,276.559997558594,268.899993896484,275.970001220703,9535100,252.478622436523
2022-09-19,273.579986572266,281.230010986328,273.510009765625,280.420013427734,3047200,256.5498046875
2022-09-20,276.880004882812,278.779998779297,271.369995117188,274.170013427734,2940700,250.831787109375
2022-09-21,276,280.130004882812,271.510009765625,271.570007324219,3173500,248.453140258789
2022-09-22,271.220001220703,271.220001220703,267.850006103516,269.140014648438,3515800,246.230026245117
2022-09-23,267.890014648438,271.299987792969,266.320007324219,270.940002441406,3527900,247.876754760742
2022-09-26,271.429992675781,273.559997558594,265.609985351562,266.579986572266,4181800,243.887908935547
2022-09-27,269.359985351562,273.690002441406,266.980010986328,268.690002441406,3701000,245.818283081055
2022-09-28,275.220001220703,283.5,272.709991455078,282.190002441406,5816600,258.169097900391
2022-09-29,278.510009765625,278.760009765625,274.730010986328,278.329986572266,4518600,254.6376953125
2022-09-30,277.820007324219,281.790008544922,274.760009765625,275.940002441406,4789100,252.451156616211
2022-10-03,281,286.059997558594,279.549987792969,283.700012207031,3580000,259.550567626953
2022-10-04,287.5,291.309997558594,286.559997558594,289.559997558594,3641300,264.911743164062
2022-10-05,286.25,292.109985351562,285.369995117188,289.850006103516,2728000,265.177093505859
2022-10-06,289.559997558594,292.970001220703,287.769989013672,290.390014648438,2641500,265.671112060547
2022-10-07,287.529998779297,288.630004882812,282.420013427734,284.320007324219,2406000,260.117889404297
2022-10-10,283.559997558594,284.859985351562,280.220001220703,282.459991455078,2115400,258.416137695312
2022-10-11,281.100006103516,286.200012207031,280.899993896484,282.890014648438,2771900,258.809631347656
2022-10-12,284.420013427734,284.640014648438,280.489990234375,280.519989013672,2258200,256.641296386719
2022-10-13,274.660003662109,284.829986572266,268.730010986328,282.829986572266,3881600,258.754638671875
2022-10-14,286.640014648438,286.640014648438,275.950012207031,276.429992675781,2783100,252.8994140625
2022-10-17,279.600006103516,283.869995117188,279.339996337891,281.260009765625,3426700,257.318328857422
2022-10-18,287.950012207031,289.859985351562,283.230010986328,285.059997558594,3166500,260.794860839844
2022-10-19,282.470001220703,282.769989013672,273.019989013672,275.489990234375,4323000,252.03938293457
2022-10-20,274.940002441406,278,267.869995117188,269.459991455078,3959500,246.522720336914
2022-10-21,268.339996337891,275.709991455078,268,275.529998779297,3429100,252.076065063477
2022-10-24,276.970001220703,284.470001220703,276.970001220703,283.260009765625,2937100,259.148010253906
2022-10-25,285.510009765625,292.130004882812,285.510009765625,290.260009765625,2791600,265.55224609375
2022-10-26,290.600006103516,291.869995117188,286.170013427734,290.149993896484,2615000,265.451568603516
2022-10-27,291.850006103516,294.269989013672,289.450012207031,291.059997558594,3041500,266.284088134766
2022-10-28,290,299.160003662109,290,298.649993896484,3243100,273.227996826172
2022-10-31,294.410003662109,299.279998779297,292.549987792969,296.130004882812,4210900,270.922515869141
2022-11-01,300.369995117188,302.209991455078,293.350006103516,296.059997558594,3309100,270.858459472656
2022-11-02,295.200012207031,300.170013427734,288.519989013672,288.730010986328,4426400,264.152374267578
2022-11-03,283.570007324219,285.950012207031,280.510009765625,281.5,4823900,257.537902832031
2022-11-04,285.890014648438,288.839996337891,277.5,284.029998779297,4401600,259.8525390625
2022-11-07,286.5,291.700012207031,282.839996337891,290.269989013672,3260200,265.561340332031
2022-11-08,292.429992675781,293.339996337891,287.630004882812,291.140014648438,3371800,266.357360839844
2022-11-09,289,292.5,286.260009765625,286.75,3071400,262.341003417969
2022-11-10,297.739990234375,314.739990234375,297.079986572266,311.700012207031,7794000,285.167175292969
2022-11-11,312,317.679992675781,310.239990234375,314.940002441406,4945400,288.131378173828
2022-11-14,314.359985351562,315.980010986328,306.339996337891,306.920013427734,6394800,280.794097900391
2022-11-15,304.059997558594,316.630004882812,303.25,311.929992675781,9290400,285.377593994141
2022-11-16,305.859985351562,316.410003662109,304.510009765625,314.910003662109,5249500,288.103912353516
2022-11-17,312,313.679992675781,306.149993896484,311.440002441406,3642100,284.929260253906
2022-11-18,314.140014648438,316,310.260009765625,313.179992675781,3559300,286.521118164062
2022-11-21,316.959991455078,318.839996337891,314.200012207031,316.779998779297,4069000,289.814758300781
2022-11-22,320,326.820007324219,319.380004882812,324.880004882812,6054700,297.225250244141
2022-11-23,326.760009765625,327.820007324219,320.440002441406,321.510009765625,4243400,294.142150878906
2022-11-25,322.890014648438,329.079986572266,321.899993896484,326.380004882812,3393500,298.597564697266
2022-11-28,325.059997558594,328.799987792969,317.850006103516,318.920013427734,4733700,291.772613525391
2022-11-29,316,320,315.619995117188,315.959991455078,3505600,289.064514160156
2022-11-30,312.929992675781,324.190002441406,311.5,323.989990234375,15106500,298.204193115234
2022-12-01,326.309997558594,329.670013427734,324.440002441406,327.070007324219,3830100,301.039123535156
2022-12-02,321.079986572266,328.480010986328,320.329986572266,327.989990234375,3644100,301.885833740234
2022-12-05,325.149993896484,325.519989013672,319.540008544922,320.079986572266,5057300,294.605407714844
2022-12-06,319.640014648438,321.649993896484,314.540008544922,317.450012207031,3341500,292.184692382812
2022-12-07,315.959991455078,322.880004882812,314.440002441406,320.149993896484,4038200,294.669799804688
2022-12-08,318.549987792969,324.519989013672,318.549987792969,324.089996337891,3483600,298.296264648438
2022-12-09,321.480010986328,324.440002441406,319.929992675781,320.480010986328,3738800,294.973510742188
2022-12-12,323,328.339996337891,321.290008544922,327.980010986328,4900200,301.876678466797
2022-12-13,344.350006103516,347.25,329.959991455078,332.890014648438,5787700,306.395935058594
2022-12-14,330.529998779297,339.059997558594,329.010009765625,333.429992675781,4546000,306.892883300781
2022-12-15,329.440002441406,330.019989013672,323.369995117188,327.600006103516,5056900,301.526885986328
2022-12-16,323.429992675781,327.940002441406,319.239990234375,323.339996337891,9615000,297.60595703125
2022-12-19,319.5,321.910003662109,316.019989013672,317.329986572266,3000600,292.074279785156
2022-12-20,313.320007324219,316.890014648438,310.829986572266,314.839996337891,2632200,289.782409667969
2022-12-21,318.049987792969,319.589996337891,314.739990234375,319.359985351562,2610400,293.942687988281
2022-12-22,316.399993896484,316.399993896484,310.730010986328,316.119995117188,3064400,290.960601806641
2022-12-23,314.149993896484,319.100006103516,313.059997558594,318.730010986328,2064900,293.362854003906
2022-12-27,318.410003662109,321.549987792969,317.510009765625,319.549987792969,1610200,294.117553710938
2022-12-28,320.549987792969,321.429992675781,315.5,315.730010986328,1568200,290.601593017578
2022-12-29,318.649993896484,321.829986572266,317.589996337891,320.410003662109,1559100,294.9091796875
2022-12-30,317.489990234375,318.170013427734,313.019989013672,315.859985351562,2581600,290.721221923828
2023-01-03,317.420013427734,319.220001220703,311.779998779297,315.910003662109,2822400,290.767303466797
2023-01-04,321.070007324219,322.510009765625,316.380004882812,319.730010986328,3560900,294.283233642578
2023-01-05,317.829986572266,318.079986572266,313.230010986328,315.470001220703,2935100,290.362335205078
2023-01-06,316.290008544922,318.850006103516,309,317.529998779297,4022500,292.258361816406
2023-01-09,320,322.549987792969,317.059997558594,317.809997558594,3466300,292.516082763672
2023-01-10,316.299987792969,320.730010986328,313.959991455078,320.630004882812,2111300,295.111633300781
2023-01-11,322.549987792969,329.040008544922,322.119995117188,329,2864800,302.815460205078
2023-01-12,332.209991455078,332.209991455078,326.709991455078,329.869995117188,2481800,303.6162109375
2023-01-13,326.489990234375,332.390014648438,326,331.209991455078,2798600,304.849578857422
2023-01-17,330.329986572266,335.160003662109,327.100006103516,327.529998779297,3988900,301.462524414062
2023-01-18,330,334.519989013672,322.929992675781,323.690002441406,2952200,297.928100585938
2023-01-19,320.339996337891,321.339996337891,310.630004882812,310.880004882812,5359300,286.137603759766
2023-01-20,310.010009765625,315.239990234375,307.390014648438,315,3725100,289.929656982422
2023-01-23,313.540008544922,317.529998779297,311.089996337891,315.480010986328,3237900,290.371490478516
2023-01-24,315.119995117188,318.100006103516,312.630004882812,317.690002441406,2127900,292.405670166016
2023-01-25,315.329986572266,318.119995117188,311.549987792969,317.260009765625,2060400,292.009887695312
2023-01-26,314.149993896484,319.260009765625,312.529998779297,313.809997558594,3555300,288.834411621094
2023-01-27,312.019989013672,318.239990234375,311.329986572266,316.690002441406,2761200,291.485137939453
2023-01-30,315.829986572266,318.140014648438,313.690002441406,314.239990234375,2643100,289.230224609375
2023-01-31,315.989990234375,324.350006103516,315.100006103516,324.170013427734,3526800,298.369873046875
2023-02-01,322.390014648438,330.549987792969,317.640014648438,328.089996337891,3076500,301.977905273438
2023-02-02,333.450012207031,341.470001220703,332.690002441406,339.790008544922,4776600,312.746673583984
2023-02-03,332.529998779297,334.709991455078,330.329986572266,331.5,3389700,305.116485595703
2023-02-06,328.989990234375,331.010009765625,327.459991455078,329.269989013672,2229700,303.06396484375
2023-02-07,324,327,320.720001220703,325.200012207031,3865500,299.317901611328
2023-02-08,322.940002441406,323.989990234375,319.570007324219,320.790008544922,2777200,295.258880615234
2023-02-09,323.100006103516,323.890014648438,314.829986572266,315.549987792969,3063300,290.435913085938
2023-02-10,313.850006103516,317.200012207031,312.75,316.540008544922,2768800,291.34716796875
2023-02-13,317.339996337891,323.690002441406,315.609985351562,323.529998779297,2432500,297.780792236328
2023-02-14,320.609985351562,322.959991455078,315.670013427734,318.429992675781,3380800,293.086761474609
2023-02-15,315.880004882812,321.529998779297,315.790008544922,320.690002441406,2585500,295.166839599609
2023-02-16,315,323.739990234375,314.929992675781,321.239990234375,3169200,295.673065185547
2023-02-17,318.679992675781,320.600006103516,312.950012207031,317.950012207031,4985500,292.644958496094
2023-02-21,305.549987792969,308.010009765625,295.029998779297,295.5,10891800,271.981658935547
2023-02-22,297.549987792969,300.399993896484,295.089996337891,296.299987792969,5922100,272.718017578125
2023-02-23,296.790008544922,299.880004882812,294.619995117188,299.309997558594,4354500,275.488464355469
2023-02-24,292.399993896484,298.329986572266,292,296.660003662109,3713300,273.049377441406
2023-02-27,299.359985351562,300.489990234375,295.040008544922,296.010009765625,3238300,272.451141357422
2023-02-28,295,298.700012207031,294.309997558594,296.540008544922,3949500,272.938903808594
2023-03-01,291.920013427734,293.720001220703,288.660003662109,290.790008544922,5905100,267.646606445312
2023-03-02,288.459991455078,294.109985351562,287.269989013672,293.019989013672,4103700,269.699005126953
2023-03-03,294.640014648438,298.609985351562,293.760009765625,298.450012207031,4036700,274.696929931641
2023-03-06,298,300.109985351562,296.980010986328,298.209991455078,3763200,274.475982666016
2023-03-07,299.059997558594,299.059997558594,290.420013427734,290.700012207031,4512400,267.563720703125
2023-03-08,289.440002441406,292.459991455078,288.269989013672,291.489990234375,4680300,270.233642578125
2023-03-09,293.049987792969,294.369995117188,287.75,288,3248000,266.998168945312
2023-03-10,288.559997558594,293.160003662109,284.100006103516,286.309997558594,4730900,265.431457519531
2023-03-13,283.989990234375,292.339996337891,282.600006103516,286.519989013672,3892100,265.626068115234
2023-03-14,289.299987792969,289.799987792969,281.390014648438,285.570007324219,5116000,264.745361328125
2023-03-15,283.950012207031,289.160003662109,282.670013427734,287.970001220703,4835500,266.970367431641
2023-03-16,287,288.029998779297,285,286.730010986328,4400200,265.820709228516
2023-03-17,287.820007324219,291.950012207031,286.260009765625,288.390014648438,8342000,267.359802246094
2023-03-20,287.429992675781,289.829986572266,286.609985351562,289.260009765625,3677800,268.166259765625
2023-03-21,291.429992675781,292.890014648438,287.600006103516,289.429992675781,4788200,268.323913574219
2023-03-22,290.089996337891,291.209991455078,282.450012207031,282.609985351562,3723400,262.001220703125
2023-03-23,285.260009765625,286.109985351562,280.220001220703,283.910003662109,6005800,263.206481933594
2023-03-24,282.559997558594,284.929992675781,280.829986572266,283.019989013672,3851000,262.38134765625
2023-03-27,283.75,284.940002441406,280.910003662109,281.269989013672,4269700,260.758941650391
2023-03-28,280.799987792969,283.290008544922,279.929992675781,280.820007324219,3633300,260.341827392578
2023-03-29,281.25,283.989990234375,281.25,283.359985351562,3607500,262.696533203125
2023-03-30,285.359985351562,286.100006103516,283.850006103516,285.359985351562,3432800,264.550720214844
2023-03-31,286.989990234375,295.549987792969,286.760009765625,295.119995117188,5800600,273.598999023438
2023-04-03,294.869995117188,297.970001220703,294.739990234375,297.730010986328,4007600,276.018615722656
2023-04-04,297.5,299.799987792969,294.399993896484,294.959991455078,2965700,273.45068359375
2023-04-05,295,295.709991455078,288.480010986328,288.670013427734,4002400,267.619293212891
2023-04-06,287.25,289.790008544922,284.239990234375,288.609985351562,3193400,267.563690185547
2023-04-10,286.130004882812,292.640014648438,285.660003662109,291.170013427734,2799900,269.937042236328
2023-04-11,292.690002441406,295.100006103516,291.760009765625,293.769989013672,2497000,272.347412109375
2023-04-12,296.200012207031,298.440002441406,289.579986572266,290.440002441406,3341400,269.26025390625
2023-04-13,290.890014648438,292.470001220703,286.369995117188,292.149993896484,3505800,270.845520019531
2023-04-14,292.149993896484,296.200012207031,291.380004882812,292.190002441406,2653200,270.882659912109
2023-04-17,291.700012207031,295.5,291.549987792969,295.399993896484,2621900,273.858551025391
2023-04-18,296.320007324219,299.239990234375,295.920013427734,298.950012207031,2847800,277.149719238281
2023-04-19,296.450012207031,298.290008544922,295.049987792969,296.910003662109,2889300,275.258422851562
2023-04-20,295.970001220703,301.309997558594,295.5,298.570007324219,3371800,276.797424316406
2023-04-21,301.619995117188,303.200012207031,299.350006103516,300.040008544922,3506700,278.160186767578
2023-04-24,300,301.899993896484,299.220001220703,301.640014648438,2515400,279.643524169922
2023-04-25,301.5,302.690002441406,296.130004882812,296.329986572266,4529500,274.720733642578
2023-04-26,295.429992675781,295.970001220703,287.079986572266,288.070007324219,4037400,267.063049316406
2023-04-27,288,294.709991455078,287.799987792969,293.929992675781,3133600,272.495758056641
2023-04-28,293.769989013672,300.820007324219,293.380004882812,300.540008544922,4063400,278.623809814453
2023-05-01,298.980010986328,299.559997558594,297.369995117188,297.700012207031,2970000,275.990844726562
2023-05-02,298.440002441406,298.670013427734,291.049987792969,294.279998779297,3413200,272.820220947266
2023-05-03,294.559997558594,298.760009765625,292.5,293.079986572266,2743400,271.707733154297
2023-05-04,292.720001220703,294.589996337891,285.329986572266,285.75,4422500,264.912231445312
2023-05-05,287.170013427734,290.869995117188,286.100006103516,289.619995117188,3806600,268.5
2023-05-08,289,289.839996337891,284.440002441406,287.929992675781,3736500,266.933288574219
2023-05-09,286.170013427734,291.059997558594,285.760009765625,290.579986572266,2570000,269.390014648438
2023-05-10,291.709991455078,293.570007324219,285.920013427734,289.029998779297,3571000,267.953002929688
2023-05-11,288.739990234375,289.450012207031,285.019989013672,287.690002441406,3859700,266.710784912109
2023-05-12,288,290.970001220703,287.450012207031,290.470001220703,3438300,269.288024902344
2023-05-15,289.920013427734,290.920013427734,286.940002441406,288.540008544922,5353600,267.498870849609
2023-05-16,281.75,286.089996337891,277.089996337891,282.329986572266,12362100,261.741607666016
2023-05-17,282.149993896484,294.049987792969,281.209991455078,292.390014648438,7956900,271.068084716797
2023-05-18,292.649993896484,295.929992675781,291.600006103516,295.160003662109,4547000,273.636016845703
2023-05-19,295.760009765625,295.760009765625,289.950012207031,290.880004882812,4470600,269.668212890625
2023-05-22,290.730010986328,292.989990234375,288.079986572266,290.660003662109,3736200,269.464233398438
2023-05-23,289.279998779297,297.769989013672,289.279998779297,294.940002441406,5352200,273.432098388672
2023-05-24,297.369995117188,297.519989013672,290.179992675781,291.100006103516,4978200,269.872161865234
2023-05-25,291.790008544922,291.790008544922,286.059997558594,286.75,5355900,265.839324951172
2023-05-26,287,293.299987792969,285.690002441406,292.829986572266,4626100,271.475921630859
2023-05-30,293.279998779297,294.450012207031,288.950012207031,292.399993896484,5193300,271.077301025391
2023-05-31,289.589996337891,290,281.959991455078,283.450012207031,18288800,264.671783447266
2023-06-01,284.049987792969,289.220001220703,279.980010986328,288.390014648438,4305100,269.284576416016
2023-06-02,290.649993896484,296.209991455078,289.720001220703,295.940002441406,4515600,276.334381103516
2023-06-05,295.619995117188,295.720001220703,291.369995117188,293.100006103516,3028800,273.682464599609
2023-06-06,291.820007324219,296.920013427734,291.649993896484,296,2855400,276.390350341797
2023-06-07,297.309997558594,302.200012207031,297.109985351562,301.700012207031,4842700,281.712799072266
2023-06-08,302.160003662109,305.450012207031,300.790008544922,301.089996337891,3757300,281.143218994141
2023-06-09,300.980010986328,301.429992675781,296.100006103516,297.350006103516,3485800,277.650939941406
2023-06-12,298.399993896484,302.609985351562,297.649993896484,300.859985351562,4456600,280.928405761719
2023-06-13,302.399993896484,304.119995117188,298.670013427734,300.079986572266,4043400,280.200012207031
2023-06-14,300.989990234375,302.549987792969,295.630004882812,299.709991455078,4176000,279.854583740234
2023-06-15,300.839996337891,303.429992675781,299.579986572266,302.019989013672,4109700,282.011566162109
2023-06-16,304.339996337891,305.980010986328,300.140014648438,300.380004882812,10809300,280.480163574219
2023-06-20,299.769989013672,302.75,298.230010986328,301.410003662109,3371100,281.441925048828
2023-06-21,302.869995117188,303.570007324219,300.179992675781,300.700012207031,2713300,280.779022216797
2023-06-22,301.5,302.829986572266,299.600006103516,301.179992675781,3052000,281.227203369141
2023-06-23,300.320007324219,302.320007324219,299.100006103516,300.809997558594,8525900,280.881713867188
2023-06-26,302.670013427734,309.209991455078,301.980010986328,307.890014648438,4440100,287.49267578125
2023-06-27,308.149993896484,315.459991455078,307.890014648438,313.739990234375,5342500,292.955108642578
2023-06-28,312,312.940002441406,306.059997558594,306.510009765625,4025600,286.2041015625
2023-06-29,306.779998779297,308.130004882812,304.029998779297,307.820007324219,3279700,287.427307128906
2023-06-30,309.579986572266,311.429992675781,308.299987792969,310.640014648438,3230700,290.060455322266
2023-07-03,309.779998779297,311.399993896484,308.899993896484,310.019989013672,1483300,289.481567382812
2023-07-05,310.5,312.299987792969,309.989990234375,310.799987792969,2496000,290.209838867188
2023-07-06,306.839996337891,307.980010986328,301.540008544922,302.019989013672,4828300,282.011566162109
2023-07-07,301.989990234375,305.630004882812,300.890014648438,302.809997558594,2951900,282.749237060547
2023-07-10,303.200012207031,310.529998779297,303.200012207031,310.279998779297,3246700,289.724304199219
2023-07-11,312.910003662109,314.570007324219,310.739990234375,313.660003662109,2913800,292.880401611328
2023-07-12,316.309997558594,321.260009765625,316.010009765625,317.519989013672,5300500,296.484680175781
2023-07-13,318.100006103516,318.420013427734,313.470001220703,314.600006103516,3235600,293.758178710938
2023-07-14,314.839996337891,316.899993896484,314.220001220703,316.5,2942100,295.532287597656
2023-07-17,315.720001220703,317.820007324219,314.149993896484,316.049987792969,2002500,295.112060546875
2023-07-18,314.529998779297,318.320007324219,312.130004882812,316.760009765625,2315600,295.775054931641
2023-07-19,317,319.940002441406,316.690002441406,319.480010986328,2361400,298.314880371094
2023-07-20,320.339996337891,321.450012207031,317.880004882812,319.089996337891,2101900,297.950653076172
2023-07-21,321.070007324219,321.890014648438,319.489990234375,320.470001220703,3673400,299.239227294922
2023-07-24,320.970001220703,325.660003662109,320.950012207031,325.109985351562,2621900,303.571838378906
2023-07-25,325.070007324219,326.899993896484,323.829986572266,325.130004882812,2890800,303.590545654297
2023-07-26,324.690002441406,330.959991455078,324.239990234375,329.589996337891,3448100,307.755065917969
2023-07-27,331.709991455078,333.440002441406,328.929992675781,329.709991455078,2608600,307.867095947266
2023-07-28,332,333,329.5,331.369995117188,2268200,309.417144775391
2023-07-31,331.649993896484,334.070007324219,331.480010986328,333.839996337891,2690000,311.723510742188
2023-08-01,331.760009765625,334.970001220703,330.880004882812,332.070007324219,2547200,310.070770263672
2023-08-02,330.029998779297,332.529998779297,327.920013427734,328.5,2752600,306.7373046875
2023-08-03,327.679992675781,332.100006103516,327.640014648438,329.850006103516,2451300,307.997833251953
2023-08-04,328.160003662109,329.519989013672,325.329986572266,326.429992675781,3591600,304.804412841797
2023-08-07,327.209991455078,329.410003662109,326.589996337891,329.170013427734,2111000,307.362884521484
2023-08-08,326.579986572266,328.529998779297,323.390014648438,327.809997558594,3272600,306.092956542969
2023-08-09,327.350006103516,330.920013427734,326.760009765625,328.209991455078,2698900,306.466491699219
2023-08-10,330.660003662109,332.899993896484,328.940002441406,329.399993896484,3075100,307.577606201172
2023-08-11,328.519989013672,331.589996337891,328.350006103516,331.109985351562,3108400,309.174346923828
2023-08-14,331.459991455078,333.790008544922,328.429992675781,329.950012207031,3974800,308.091156005859
2023-08-15,331.760009765625,338.170013427734,328.519989013672,332.140014648438,5860900,310.136138916016
2023-08-16,332.619995117188,337.809997558594,331.679992675781,333.029998779297,3753900,310.967163085938
2023-08-17,333.769989013672,335.649993896484,327.059997558594,327.279998779297,3885100,305.598052978516
2023-08-18,325.059997558594,328.890014648438,324.429992675781,327.369995117188,3472000,305.682159423828
2023-08-21,326.609985351562,327.869995117188,323.5,324.059997558594,3109700,302.591400146484
2023-08-22,325.269989013672,326.309997558594,322.029998779297,324.480010986328,2582200,302.983612060547
2023-08-23,324.519989013672,326.929992675781,324.079986572266,326.089996337891,2728000,304.486938476562
2023-08-24,325.119995117188,329,322.309997558594,322.589996337891,2490000,301.218780517578
2023-08-25,323.429992675781,326.339996337891,321.200012207031,322.859985351562,2418100,301.470947265625
2023-08-28,323.200012207031,327.440002441406,322.869995117188,325.910003662109,2099900,304.318878173828
2023-08-29,326.790008544922,329.839996337891,326.769989013672,329.380004882812,2628200,307.558990478516
2023-08-30,328,331.619995117188,327.869995117188,330.630004882812,2256200,310.697662353516
2023-08-31,331.200012207031,332.600006103516,329.679992675781,330.299987792969,2914700,310.387481689453
2023-09-01,332,333.450012207031,331.140014648438,333.079986572266,2317400,312.999908447266
2023-09-05,331.839996337891,332.299987792969,327.369995117188,327.779998779297,3141400,308.019439697266
2023-09-06,327.529998779297,328.609985351562,325.559997558594,326,3199700,306.346740722656
2023-09-07,325.029998779297,329.920013427734,324.299987792969,328.420013427734,2454000,308.620849609375
2023-09-08,327.5,329.489990234375,326.679992675781,328.709991455078,2210300,308.893402099609
2023-09-11,329.290008544922,329.880004882812,327.570007324219,328.369995117188,2087800,308.573852539062
2023-09-12,326.829986572266,328.769989013672,325.890014648438,326.279998779297,2190500,306.60986328125
2023-09-13,326.040008544922,327.959991455078,325,325.880004882812,2564300,306.233978271484
2023-09-14,327.390014648438,330.299987792969,325.269989013672,329.630004882812,2707600,309.757934570312
2023-09-15,327.320007324219,329.170013427734,320.329986572266,321.399993896484,7117800,302.024017333984
2023-09-18,320.160003662109,321.649993896484,316.910003662109,317.260009765625,2740400,298.133697509766
2023-09-19,315.950012207031,316.929992675781,312.339996337891,314.609985351562,2776500,295.643432617188
2023-09-20,315,316.350006103516,310.799987792969,310.859985351562,2320000,292.119476318359
2023-09-21,309.399993896484,310.230010986328,306.359985351562,306.760009765625,2766500,288.266662597656
2023-09-22,306.160003662109,307.649993896484,305.459991455078,305.730010986328,2289200,287.298767089844
2023-09-25,304.510009765625,307.290008544922,304.510009765625,306.489990234375,1882300,288.012908935547
2023-09-26,304.519989013672,305.809997558594,301.630004882812,302.540008544922,2655500,284.301055908203
2023-09-27,303,304.220001220703,299.899993896484,301.820007324219,2513900,283.624542236328
2023-09-28,301.670013427734,304.869995117188,300.75,303.489990234375,2369600,285.193786621094
2023-09-29,304.950012207031,305.670013427734,299.820007324219,302.160003662109,3502600,283.943939208984
2023-10-02,300.519989013672,303.450012207031,298.459991455078,299.829986572266,2806800,281.754425048828
2023-10-03,297.910003662109,298.299987792969,290.070007324219,291.940002441406,3609200,274.340087890625
2023-10-04,293.359985351562,294.209991455078,290.359985351562,292.390014648438,2956300,274.763000488281
2023-10-05,292,292.670013427734,290.239990234375,291.700012207031,2469300,274.114593505859
2023-10-06,290.760009765625,294.540008544922,287.390014648438,292.820007324219,2922500,275.167053222656
2023-10-09,290.299987792969,295.529998779297,289.679992675781,295.359985351562,1929900,277.553894042969
2023-10-10,296.690002441406,300.670013427734,295.170013427734,299.220001220703,3116300,281.181182861328
2023-10-11,299.739990234375,300.850006103516,295.899993896484,298.049987792969,2292800,280.081726074219
2023-10-12,297.700012207031,297.700012207031,290.769989013672,293.019989013672,2546400,275.355010986328
2023-10-13,292.940002441406,294.730010986328,290.890014648438,291.920013427734,2092700,274.321319580078
2023-10-16,294.429992675781,298.369995117188,293.579986572266,297.329986572266,2567000,279.405151367188
2023-10-17,296.690002441406,298.359985351562,294.5,295.940002441406,2139700,278.098999023438
2023-10-18,293,293.329986572266,289.579986572266,290.239990234375,2720100,272.742553710938
2023-10-19,291,291.339996337891,286.420013427734,286.769989013672,3028600,269.481781005859
2023-10-20,285.859985351562,287.179992675781,283.609985351562,286.410003662109,2885300,269.143432617188
2023-10-23,285.820007324219,288.25,284.329986572266,285.070007324219,2590900,267.88427734375
2023-10-24,286.739990234375,287.910003662109,282.029998779297,283.309997558594,2705200,266.230346679688
2023-10-25,281.75,283.230010986328,279.200012207031,280.929992675781,2962800,263.993835449219
2023-10-26,280.529998779297,283.239990234375,277.75,278,3108200,261.240509033203
2023-10-27,278.980010986328,279.670013427734,274.260009765625,276.459991455078,2907300,259.793334960938
2023-10-30,277.470001220703,282.320007324219,276.959991455078,281.480010986328,3074400,264.510681152344
2023-10-31,282.589996337891,285.399993896484,281.619995117188,284.690002441406,3036000,267.527191162109
2023-11-01,285.589996337891,286.829986572266,282.019989013672,286.630004882812,2747300,269.350250244141
2023-11-02,290.25,294.660003662109,290,294.529998779297,3628000,276.773956298828
2023-11-03,294.179992675781,297.809997558594,294.170013427734,295.609985351562,3071900,277.788818359375
2023-11-06,294.75,296.440002441406,293.220001220703,294.570007324219,2890300,276.8115234375
2023-11-07,294.609985351562,296,293.559997558594,294.769989013672,2629000,276.999450683594
2023-11-08,295.029998779297,298.010009765625,294.109985351562,295.920013427734,2454900,278.080139160156
2023-11-09,291.950012207031,292.739990234375,287.679992675781,287.869995117188,4059100,270.515472412109
2023-11-10,289.230010986328,291.589996337891,286.790008544922,291.589996337891,3653500,274.011169433594
2023-11-13,287.790008544922,289.929992675781,287.239990234375,288.070007324219,4586700,270.703399658203
2023-11-14,300.890014648438,308.239990234375,300.140014648438,303.630004882812,7952800,285.325317382812
2023-11-15,304.100006103516,308.929992675781,304.010009765625,308.190002441406,3985900,289.610473632812
2023-11-16,305.880004882812,307.950012207031,304.329986572266,306.440002441406,3114000,287.965911865234
2023-11-17,308.5,308.709991455078,305.450012207031,307.269989013672,2770300,288.745941162109
2023-11-20,307.190002441406,309.670013427734,305.739990234375,308.190002441406,3459000,289.610473632812
2023-11-21,305.570007324219,306.070007324219,302.339996337891,305.339996337891,2977200,286.932281494141
2023-11-22,307.390014648438,309.859985351562,306.480010986328,309.200012207031,2873500,290.559539794922
2023-11-24,309.179992675781,311.380004882812,308.309997558594,310.700012207031,1259900,291.969177246094
2023-11-27,310.690002441406,312.890014648438,309.75,310.920013427734,2992600,292.175872802734
2023-11-28,310.709991455078,314.579986572266,309.390014648438,313.339996337891,3116900,294.449981689453
2023-11-29,314.059997558594,314.059997558594,310.910003662109,311.019989013672,3083800,294.232391357422
2023-11-30,312.540008544922,313.760009765625,308.589996337891,313.489990234375,4493700,296.569030761719
2023-12-01,313.829986572266,320.100006103516,313,319.619995117188,3613600,302.3681640625
2023-12-04,319.619995117188,325.079986572266,318.959991455078,324.019989013672,3827900,306.530639648438
2023-12-05,322,323.920013427734,320.010009765625,323.5,3269800,306.038787841797
2023-12-06,325,328.309997558594,324.209991455078,326.109985351562,3030800,308.507873535156
2023-12-07,326.109985351562,327.410003662109,324.679992675781,326.170013427734,2742300,308.564697265625
2023-12-08,326,327.279998779297,325.059997558594,326.470001220703,2889300,308.848419189453
2023-12-11,329.809997558594,332.089996337891,328.809997558594,331.329986572266,3520700,313.446105957031
2023-12-12,330.440002441406,334.519989013672,330.320007324219,333.200012207031,2893400,315.215148925781
2023-12-13,334.899993896484,343.839996337891,331.910003662109,343.399993896484,5822700,324.864654541016
2023-12-14,349.739990234375,353.070007324219,348,351.809997558594,7594800,332.820709228516
2023-12-15,348.220001220703,354.380004882812,346.75,354,11212800,334.892486572266
2023-12-18,353.709991455078,354.920013427734,350.320007324219,350.809997558594,4420500,331.874694824219
2023-12-19,351.459991455078,352.959991455078,350.399993896484,352.070007324219,4654700,333.066650390625
2023-12-20,351,354.769989013672,348.309997558594,348.660003662109,3259500,329.840759277344
2023-12-21,351.869995117188,352.25,347,348.970001220703,2794200,330.134002685547
2023-12-22,349.040008544922,351.339996337891,346.690002441406,348.589996337891,2029900,329.774475097656
2023-12-26,348.429992675781,350.089996337891,348.160003662109,349.309997558594,1585500,330.455627441406
2023-12-27,349.910003662109,350,347.179992675781,348.529998779297,2764300,329.717712402344
2023-12-28,348.5,349.040008544922,345.799987792969,347.359985351562,2859400,328.61083984375
2023-12-29,345.829986572266,347.549987792969,343.019989013672,346.549987792969,10325700,327.844604492188
2024-01-02,344.209991455078,347.299987792969,343.220001220703,345.079986572266,2833600,326.453918457031
2024-01-03,342.480010986328,342.700012207031,336.589996337891,338.260009765625,3309600,320.002044677734
2024-01-04,339.929992675781,342.920013427734,338.540008544922,338.589996337891,3652400,320.314239501953
2024-01-05,337.869995117188,343.829986572266,337.820007324219,342.940002441406,2664300,324.429473876953
2024-01-08,343.429992675781,348.459991455078,343.25,347.929992675781,2736200,329.150115966797
2024-01-09,345.809997558594,349.109985351562,345.25,346.190002441406,2338100,327.504058837891
2024-01-10,350.619995117188,356.859985351562,350.309997558594,356.799987792969,4109300,337.541351318359
2024-01-11,357.089996337891,361,353.260009765625,356.529998779297,3530400,337.285919189453
2024-01-12,358.529998779297,358.529998779297,353.429992675781,355.709991455078,1956100,336.510192871094
2024-01-16,358.059997558594,359.649993896484,356.209991455078,358.429992675781,3669400,339.083343505859
2024-01-17,356.630004882812,359.760009765625,354.049987792969,355.700012207031,2646100,336.500732421875
2024-01-18,356.119995117188,358.709991455078,354.029998779297,357.899993896484,2510700,338.581970214844
2024-01-19,358.809997558594,362.959991455078,356.279998779297,362.410003662109,3234600,342.848602294922
2024-01-22,359.359985351562,361.459991455078,355.690002441406,356.690002441406,4003700,337.437316894531
2024-01-23,355.850006103516,355.880004882812,349.059997558594,350.779998779297,3878400,331.846282958984
2024-01-24,351.940002441406,352.869995117188,347.070007324219,347.269989013672,3474400,328.525726318359
2024-01-25,352.589996337891,352.880004882812,348.260009765625,350.970001220703,3064200,332.026031494141
2024-01-26,351.470001220703,357.049987792969,351.019989013672,355.299987792969,3177700,336.122314453125
2024-01-29,355.149993896484,356.369995117188,353.010009765625,355.700012207031,2732000,336.500732421875
2024-01-30,354.5,358.929992675781,354.040008544922,357.100006103516,2336500,337.825164794922
2024-01-31,357.920013427734,358.980010986328,352.350006103516,352.959991455078,3377900,333.908660888672
2024-02-01,353.399993896484,360.140014648438,352.320007324219,360.070007324219,2439100,340.634887695312
2024-02-02,354.179992675781,359.549987792969,350.019989013672,357.230010986328,3697600,337.948181152344
2024-02-05,353.660003662109,356.070007324219,350.760009765625,355.140014648438,2653800,335.970977783203
2024-02-06,354.850006103516,358,354.299987792969,356.25,2045300,337.02099609375
2024-02-07,358.480010986328,363.730010986328,357.720001220703,362.690002441406,3272200,343.113464355469
2024-02-08,362.859985351562,365.649993896484,361.649993896484,363.720001220703,2521900,344.087829589844
2024-02-09,364.130004882812,364.429992675781,360.799987792969,363.149993896484,2389900,343.548553466797
2024-02-12,364.220001220703,368.720001220703,364.049987792969,365.450012207031,3119700,345.724426269531
2024-02-13,358.470001220703,359.429992675781,353.880004882812,357.589996337891,3106500,338.288757324219
2024-02-14,357.170013427734,358.980010986328,353.980010986328,358.230010986328,2998900,338.894226074219
2024-02-15,358.899993896484,361.640014648438,356.850006103516,361.079986572266,2662800,341.59033203125
2024-02-16,360.679992675781,363.989990234375,359.149993896484,362.350006103516,3899600,342.791809082031
2024-02-20,355.309997558594,365.25,354.559997558594,362.570007324219,4830000,342.999908447266
2024-02-21,360.589996337891,365.109985351562,358.950012207031,364.130004882812,3277800,344.475738525391
2024-02-22,367.440002441406,372.959991455078,367.149993896484,371.339996337891,3387500,351.296539306641
2024-02-23,372.079986572266,374.25,370.25,371.959991455078,3398200,351.883117675781
2024-02-26,373.510009765625,374.880004882812,370.720001220703,371.600006103516,2461000,351.542541503906
2024-02-27,372.660003662109,375.799987792969,370.609985351562,375.559997558594,2802900,355.288757324219
2024-02-28,375.559997558594,379.839996337891,375.059997558594,377.609985351562,2282500,357.228088378906
2024-02-29,378.790008544922,381.779998779297,378.149993896484,380.609985351562,4382800,360.066162109375
2024-03-01,380.359985351562,385.100006103516,379.829986572266,384.450012207031,2750900,363.698944091797
2024-03-04,382.899993896484,384.529998779297,380.109985351562,380.369995117188,2619000,359.839141845703
2024-03-05,380.100006103516,380.980010986328,377.019989013672,378.450012207031,3011600,358.022827148438
2024-03-06,378.529998779297,379.820007324219,375.890014648438,377.440002441406,2496300,359.202911376953
2024-03-07,377.869995117188,380.299987792969,375.579986572266,376.549987792969,2368500,358.355895996094
2024-03-08,375,376.619995117188,372.100006103516,373.350006103516,2162900,355.310455322266
2024-03-11,371.559997558594,372.980010986328,368.869995117188,371.519989013672,2833700,353.568878173828
2024-03-12,372.510009765625,375.899993896484,372.410003662109,374.540008544922,2843800,356.442993164062
2024-03-13,376.029998779297,382.709991455078,375.779998779297,378.989990234375,3761200,360.678009033203
2024-03-14,378,380.200012207031,372.170013427734,375.269989013672,3877500,357.137725830078
2024-03-15,374.119995117188,378.420013427734,372.540008544922,373.230010986328,9234900,355.196319580078
2024-03-18,376.489990234375,377.600006103516,371.140014648438,371.910003662109,3455600,353.940093994141
2024-03-19,374.890014648438,379.459991455078,373.130004882812,379.410003662109,3493800,361.077728271484
2024-03-20,379.420013427734,384.880004882812,376.230010986328,384.410003662109,2750400,365.836059570312
2024-03-21,388.410003662109,396.869995117188,388.290008544922,395.200012207031,4212200,376.104797363281
2024-03-22,394.690002441406,396.420013427734,390.089996337891,390.279998779297,2910900,371.422485351562
2024-03-25,389.100006103516,389.859985351562,382.890014648438,383.510009765625,2683900,364.979644775391
2024-03-26,382.410003662109,384.260009765625,379.399993896484,379.929992675781,2720200,361.572570800781
2024-03-27,380.850006103516,386.320007324219,380.739990234375,385.890014648438,2536500,367.24462890625
2024-03-28,387.130004882812,387.609985351562,379.720001220703,383.600006103516,4108200,365.065246582031
2024-04-01,381.470001220703,383.140014648438,367.839996337891,368.029998779297,4333200,350.24755859375
2024-04-02,364.5,366.859985351562,362.959991455078,363,4650500,345.460601806641
2024-04-03,362,362.399993896484,359,359.899993896484,4723000,342.510345458984
2024-04-04,362.609985351562,365,356.910003662109,357.679992675781,4381600,340.397613525391
2024-04-05,357.679992675781,359.329986572266,356.019989013672,357.869995117188,3243400,340.578491210938
2024-04-08,358.070007324219,362.570007324219,357.260009765625,362.049987792969,4339600,344.556457519531
2024-04-09,363.630004882812,364.450012207031,358.730010986328,361.420013427734,3022600,343.956939697266
2024-04-10,351.869995117188,353.989990234375,348.75,350.559997558594,4805200,333.621643066406
2024-04-11,351.040008544922,351.910003662109,345.790008544922,347.369995117188,4104700,330.585784912109
2024-04-12,346.119995117188,346.119995117188,341.510009765625,342.869995117188,3550300,326.303253173828
2024-04-15,345.920013427734,346.079986572266,337.190002441406,337.929992675781,4209200,321.601898193359
2024-04-16,336.820007324219,338.109985351562,332.959991455078,334.829986572266,4525500,318.651672363281
2024-04-17,336.779998779297,337.25,331.940002441406,332.829986572266,4273800,316.748321533203
2024-04-18,335.649993896484,336.950012207031,331.329986572266,332.890014648438,3717300,316.805511474609
2024-04-19,334.709991455078,335.869995117188,332.579986572266,335.359985351562,3076600,319.156066894531
2024-04-22,338.220001220703,339.450012207031,333.709991455078,336.109985351562,3112800,319.869842529297
2024-04-23,338,340.190002441406,336.290008544922,339,3697400,322.620269775391
2024-04-24,337.070007324219,337.549987792969,331.820007324219,333.010009765625,4029200,316.919647216797
2024-04-25,329.720001220703,332.910003662109,326.899993896484,331.980010986328,3787800,315.939392089844
2024-04-26,331,335.829986572266,330.989990234375,335.089996337891,2465300,318.899139404297
2024-04-29,335,337.339996337891,334.149993896484,336.799987792969,2427400,320.526489257812
2024-04-30,335.720001220703,337.440002441406,332.859985351562,334.220001220703,3089900,318.071197509766
2024-05-01,333.010009765625,335.390014648438,329.429992675781,331.970001220703,3267500,315.929870605469
2024-05-02,335.5,336,330.980010986328,335.529998779297,3213600,319.317840576172
2024-05-03,341.279998779297,346.880004882812,340.369995117188,342.850006103516,4165100,326.2841796875
2024-05-06,346,346.380004882812,340.440002441406,342.290008544922,3366100,325.751220703125
2024-05-07,343.600006103516,345.540008544922,340.380004882812,340.690002441406,2930700,324.228607177734
2024-05-08,338.779998779297,340.440002441406,337.630004882812,338.829986572266,3123200,322.458435058594
2024-05-09,339.25,348.010009765625,338.880004882812,347.440002441406,3801400,330.652404785156
2024-05-10,347.459991455078,349.809997558594,344.700012207031,346.429992675781,3413700,329.691162109375
2024-05-13,348.059997558594,348.790008544922,340.399993896484,340.959991455078,4055600,324.485504150391
2024-05-14,335.049987792969,344.25,333,340.5,5854300,324.047729492188
2024-05-15,345.179992675781,350.440002441406,344.690002441406,348.670013427734,4151100,331.823028564453
2024-05-16,348,348.25,342.670013427734,342.730010986328,3101600,326.169982910156
2024-05-17,344.760009765625,344.929992675781,340.589996337891,344.209991455078,2739000,327.578460693359
2024-05-20,341.130004882812,342.549987792969,337.540008544922,337.820007324219,3237400,321.497222900391
2024-05-21,339,339,332.329986572266,336.149993896484,4275100,319.907867431641
2024-05-22,334.660003662109,335.25,328.929992675781,330.589996337891,4024400,314.616546630859
2024-05-23,330.980010986328,331,326,326.890014648438,4021100,311.095336914062
2024-05-24,326.390014648438,327.540008544922,324.420013427734,325.100006103516,2736900,309.391815185547
2024-05-28,325.390014648438,330.989990234375,324.480010986328,328.700012207031,3807500,312.817932128906
2024-05-29,326.529998779297,326.790008544922,323.769989013672,325.910003662109,3506200,310.162689208984
2024-05-30,326.260009765625,330.220001220703,325.709991455078,329.179992675781,2921800,315.452484130859
2024-05-31,330.049987792969,335.170013427734,328.010009765625,334.869995117188,5557800,320.905212402344
2024-06-03,333.649993896484,333.649993896484,326.839996337891,328.010009765625,3712800,314.331329345703
2024-06-04,326.869995117188,329.790008544922,325.100006103516,328.260009765625,4296800,314.570861816406
2024-06-05,328.5,330.459991455078,325.920013427734,330.260009765625,2422400,316.487457275391
2024-06-06,329.799987792969,331.839996337891,328.059997558594,331.100006103516,2979400,317.292419433594
2024-06-07,325.730010986328,328.820007324219,323.929992675781,327.029998779297,2583800,313.392150878906
2024-06-10,327,332.799987792969,326.5,332.559997558594,2691000,318.691558837891
2024-06-11,333,336.309997558594,330.320007324219,335.720001220703,3250900,321.719787597656
2024-06-12,347.029998779297,350.489990234375,343.059997558594,344.140014648438,4793000,329.788665771484
2024-06-13,345.899993896484,348.690002441406,343.070007324219,347.880004882812,3380800,333.372680664062
2024-06-14,344.809997558594,347.5,341.690002441406,346.839996337891,2589000,332.376068115234
2024-06-17,344.890014648438,350.690002441406,344.399993896484,349.5,2680200,334.925109863281
2024-06-18,352.950012207031,356.410003662109,352.109985351562,353.869995117188,3655000,339.112854003906
2024-06-20,352,354.920013427734,349.589996337891,353.440002441406,3661200,338.700836181641
2024-06-21,354.839996337891,356.25,352.049987792969,355.799987792969,6596400,340.962371826172
2024-06-24,356.899993896484,357.690002441406,350.720001220703,350.880004882812,4278900,336.24755859375
2024-06-25,346.309997558594,346.989990234375,334.529998779297,338.320007324219,4879600,324.211364746094
2024-06-26,339.459991455078,342.589996337891,337.529998779297,341.820007324219,3365300,327.565368652344
2024-06-27,342.829986572266,344.760009765625,338.450012207031,341.489990234375,2912600,327.249145507812
2024-06-28,341.350006103516,345.279998779297,340.709991455078,344.239990234375,6344000,329.884490966797
2024-07-01,343.920013427734,344.649993896484,335.390014648438,336.190002441406,2643600,322.170196533203
2024-07-02,335,336.829986572266,332.529998779297,334.970001220703,2995900,321.001068115234
2024-07-03,337,339.640014648438,333.540008544922,333.640014648438,1733000,319.7265625
2024-07-05,332.709991455078,335.920013427734,331.640014648438,334.579986572266,3437500,320.627288818359
2024-07-08,335.880004882812,340.760009765625,335,339.600006103516,3534500,325.438049316406
2024-07-09,338.950012207031,339.260009765625,335.570007324219,337.089996337891,2254300,323.032653808594
2024-07-10,338.640014648438,344.290008544922,337.619995117188,344.179992675781,3263100,329.826995849609
2024-07-11,350.779998779297,354.130004882812,345,353.790008544922,4146900,339.036254882812
2024-07-12,355,363.950012207031,354.089996337891,359.769989013672,4019900,344.766845703125
2024-07-15,359.140014648438,361.179992675781,355.029998779297,358.459991455078,2884000,343.511444091797
2024-07-16,360.059997558594,369.420013427734,359.5,369.119995117188,3210400,353.726928710938
2024-07-17,366.640014648438,375.190002441406,365.420013427734,371.890014648438,3991100,356.381408691406
2024-07-18,369.899993896484,375.739990234375,365.779998779297,366.079986572266,2395000,350.813659667969
2024-07-19,366.429992675781,367.600006103516,361.950012207031,363.359985351562,2474500,348.207122802734
2024-07-22,364.5,367.279998779297,361.079986572266,363.25,4049300,348.101745605469
2024-07-23,365.429992675781,365.429992675781,359.380004882812,359.619995117188,2535700,344.623077392578
2024-07-24,358.929992675781,361.450012207031,350,350.309997558594,3508100,335.701354980469
2024-07-25,350.200012207031,358.829986572266,349.329986572266,353.290008544922,3297600,338.557098388672
2024-07-26,355.010009765625,361.670013427734,355.010009765625,359.510009765625,2439000,344.517700195312
2024-07-29,359.209991455078,362.890014648438,358.950012207031,361.670013427734,2142100,346.587615966797
2024-07-30,362.820007324219,364.690002441406,359.260009765625,363.690002441406,2788800,348.523345947266
2024-07-31,365,372.489990234375,363.040008544922,368.160003662109,3526100,352.806945800781
2024-08-01,369.989990234375,371.480010986328,353.75,358.579986572266,3759000,343.62646484375
2024-08-02,354.929992675781,355.570007324219,346.739990234375,355.429992675781,3764600,340.607818603516
2024-08-05,350.880004882812,353.940002441406,345.239990234375,350.010009765625,3827900,335.413848876953
2024-08-06,348.75,358.660003662109,347.279998779297,353.910003662109,2831100,339.151214599609
2024-08-07,355.179992675781,356.269989013672,342.279998779297,342.399993896484,3429100,328.121215820312
2024-08-08,342.239990234375,348.739990234375,341.339996337891,348.339996337891,3591100,333.813507080078
2024-08-09,347.890014648438,351.529998779297,345.399993896484,348.640014648438,2314800,334.101013183594
2024-08-12,350.769989013672,351.5,342.130004882812,345.809997558594,3830200,331.388977050781
2024-08-13,341.869995117188,353.390014648438,339.369995117188,350.070007324219,6388600,335.471374511719
2024-08-14,349.549987792969,359.690002441406,349.399993896484,355.660003662109,4814800,340.828277587891
2024-08-15,362.459991455078,365.410003662109,358.140014648438,360.070007324219,3575800,345.054351806641
2024-08-16,359.970001220703,363.700012207031,359.970001220703,362.059997558594,3308300,346.961334228516
2024-08-19,362.5,364.690002441406,362.100006103516,363.070007324219,3634900,347.92919921875
2024-08-20,360.649993896484,367.640014648438,360.5,367.269989013672,3459400,351.954071044922
2024-08-21,369.450012207031,372.869995117188,368.519989013672,370.459991455078,4587600,355.011047363281
2024-08-22,371.5,372.459991455078,364.609985351562,365.359985351562,4097300,350.123687744141
2024-08-23,366.660003662109,376.320007324219,365.190002441406,375.589996337891,3426200,359.927124023438
2024-08-26,377.079986572266,378.579986572266,373.369995117188,374.109985351562,2452100,358.508850097656
2024-08-27,373.489990234375,374.279998779297,371,373.179992675781,1780300,357.617645263672
2024-08-28,373,375.410003662109,370.200012207031,372.690002441406,2218300,357.148071289062
2024-08-29,372.609985351562,373.320007324219,366.929992675781,367.059997558594,2698400,353.889312744141
2024-08-30,369.239990234375,370.410003662109,364.880004882812,368.5,3216700,355.277679443359
2024-09-03,367.899993896484,369.380004882812,362.899993896484,364.739990234375,3598100,351.652557373047
2024-09-04,364.170013427734,365.929992675781,360.010009765625,364.670013427734,3221300,351.585083007812
2024-09-05,364.899993896484,365.149993896484,357.579986572266,361.850006103516,2789200,348.866302490234
2024-09-06,362.920013427734,365.440002441406,359.420013427734,360.049987792969,2228800,347.130828857422
2024-09-09,362.760009765625,366.160003662109,360.029998779297,365.519989013672,2747600,352.404602050781
2024-09-10,365.700012207031,371.559997558594,362.480010986328,370.869995117188,2787400,357.562683105469
2024-09-11,369.549987792969,371.209991455078,362.140014648438,370.489990234375,2937700,357.196228027344
2024-09-12,371.940002441406,374.989990234375,370.559997558594,374.429992675781,2367700,360.994873046875
2024-09-13,375.559997558594,382,375.510009765625,379.989990234375,2514700,366.355377197266
2024-09-16,382,384,379.529998779297,382.010009765625,2877800,368.302886962891
2024-09-17,383.429992675781,387.940002441406,381.679992675781,383.239990234375,2947600,369.488739013672
2024-09-18,384.089996337891,392.670013427734,381.070007324219,384.010009765625,3549400,370.231170654297
2024-09-19,390.839996337891,391.869995117188,387.010009765625,390.339996337891,3753500,376.333984375
2024-09-20,388.329986572266,391.829986572266,387,389.859985351562,6584200,375.871215820312
2024-09-23,390.829986572266,392.649993896484,387.260009765625,391.959991455078,2502300,377.895874023438
2024-09-24,394.700012207031,401.109985351562,393.630004882812,400.660003662109,4057700,386.283721923828
2024-09-25,400.660003662109,400.660003662109,395.619995117188,396.929992675781,2787300,382.6875
2024-09-26,399.5,400,395.489990234375,396.700012207031,2849500,382.465789794922
2024-09-27,399.649993896484,403.540008544922,398.309997558594,399.529998779297,2452300,385.194274902344
2024-09-30,400.200012207031,405.309997558594,399.019989013672,405.200012207031,3442000,390.660827636719
2024-10-01,404.019989013672,410.559997558594,401.410003662109,409.049987792969,3476200,394.372650146484
2024-10-02,407.700012207031,411.459991455078,404.959991455078,411.260009765625,3431300,396.503387451172
2024-10-03,409,412.970001220703,406.799987792969,411.579986572266,3320700,396.811828613281
2024-10-04,410.070007324219,411.820007324219,399.450012207031,408.359985351562,3989000,393.707397460938
2024-10-07,404.890014648438,409.809997558594,401.239990234375,408.059997558594,3267800,393.418182373047
2024-10-08,409.799987792969,415.290008544922,408.440002441406,414.179992675781,3693900,399.318603515625
2024-10-09,420,420.029998779297,410.75,416.070007324219,3627800,401.140777587891
2024-10-10,409.720001220703,414.480010986328,407.630004882812,409.959991455078,3040800,395.25
2024-10-11,410.559997558594,413.140014648438,408.839996337891,411.899993896484,2717400,397.120422363281
2024-10-14,411.480010986328,416.420013427734,411.299987792969,415.420013427734,2088700,400.514099121094
2024-10-15,417.950012207031,421.559997558594,415.019989013672,415.579986572266,3693000,400.668365478516
2024-10-16,413.869995117188,418.739990234375,413.869995117188,418.609985351562,2429000,403.589599609375
2024-10-17,418.609985351562,419,414.559997558594,415.600006103516,2013800,400.687652587891
2024-10-18,416.649993896484,416.660003662109,413.239990234375,415,2436600,400.109161376953
2024-10-21,416.070007324219,416.559997558594,404.369995117188,406.399993896484,3699500,391.817779541016
2024-10-22,398.5,402.950012207031,396.209991455078,401.850006103516,4486700,387.430999755859
2024-10-23,400.559997558594,404.279998779297,396.690002441406,399.640014648438,3159000,385.300354003906
2024-10-24,402.290008544922,404.200012207031,398.089996337891,402.679992675781,2550300,388.231231689453
2024-10-25,403.519989013672,403.519989013672,397.829986572266,398.910003662109,1941400,384.596527099609
2024-10-28,403.450012207031,405.839996337891,401.950012207031,402.890014648438,2586500,388.433685302734
2024-10-29,393.940002441406,399.109985351562,389.049987792969,395.070007324219,3822700,380.894317626953
2024-10-30,395,397.690002441406,391.940002441406,392.519989013672,2795600,378.435760498047
2024-10-31,390.5,395.670013427734,390.5,393.75,2518600,379.621612548828
2024-11-01,394.799987792969,398.709991455078,392.010009765625,392.589996337891,3277800,378.503265380859
2024-11-04,391.950012207031,400.480010986328,391.070007324219,395.570007324219,2690500,381.376373291016
2024-11-05,394.970001220703,400.230010986328,393.859985351562,400.089996337891,2496500,385.734191894531
2024-11-06,394.040008544922,394.040008544922,381.720001220703,388.369995117188,7133400,374.434661865234
2024-11-07,391,399.760009765625,390.799987792969,399.440002441406,4323100,385.107482910156
2024-11-08,404,406.399993896484,402.299987792969,405.899993896484,3448700,391.335662841797
2024-11-11,407.769989013672,411.600006103516,405.829986572266,408.290008544922,4071500,393.639892578125
2024-11-12,414.25,416.019989013672,402.190002441406,403.079986572266,5647100,388.616882324219
2024-11-13,409.130004882812,412.739990234375,406.720001220703,410.190002441406,3083100,395.471771240234
2024-11-14,408,411.5,404.390014648438,405.720001220703,3348100,391.162170410156
2024-11-15,402.899993896484,408.910003662109,402.899993896484,408.179992675781,3239500,393.533874511719
2024-11-18,405.5,412.540008544922,403.950012207031,410.440002441406,3394300,395.712768554688
2024-11-19,408.380004882812,409.160003662109,399.359985351562,406.799987792969,3239400,392.203399658203
2024-11-20,406,406.700012207031,399.920013427734,400,4732200,385.647369384766
2024-11-21,401.329986572266,411.390014648438,400.380004882812,410.450012207031,3722200,395.722412109375
2024-11-22,412.089996337891,420.140014648438,410.950012207031,420,4932500,404.929748535156
2024-11-25,425,430.25,424.459991455078,428.670013427734,4544200,413.288665771484
2024-11-26,428.600006103516,439.369995117188,424.700012207031,429.519989013672,2758600,414.108154296875
2024-11-27,428.600006103516,430.100006103516,425.959991455078,427.190002441406,2293500,414.030639648438
2024-11-29,428.559997558594,431,427.540008544922,429.130004882812,2028700,415.910888671875
2024-12-02,429,430.399993896484,423.160003662109,426.959991455078,2617100,413.807708740234
2024-12-03,429.730010986328,430.679992675781,423.320007324219,429.350006103516,2714000,416.124084472656
2024-12-04,426.410003662109,428.829986572266,425.5,427.920013427734,1968800,414.738159179688
2024-12-05,426.600006103516,429.760009765625,425.880004882812,426.540008544922,2523500,413.400634765625
2024-12-06,428.700012207031,435.75,427.010009765625,431.369995117188,3161400,418.081878662109
2024-12-09,432.350006103516,436.359985351562,428.029998779297,429.179992675781,3426000,415.959320068359
2024-12-10,426.899993896484,427.309997558594,421.410003662109,422.589996337891,3354900,409.572357177734
2024-12-11,425.230010986328,428,421.260009765625,421.380004882812,4211200,408.399627685547
2024-12-12,421.429992675781,422.75,413.179992675781,414.420013427734,3673600,401.654022216797
2024-12-13,415.769989013672,418.140014648438,414.179992675781,416.980010986328,2649500,404.135162353516
2024-12-16,417.850006103516,418.480010986328,410.690002441406,410.709991455078,2879600,398.058288574219
2024-12-17,410,410.399993896484,406.230010986328,408.470001220703,3726500,395.887298583984
2024-12-18,407,410.709991455078,393.380004882812,393.820007324219,4225500,381.688568115234
2024-12-19,394.739990234375,395.140014648438,384.890014648438,385.019989013672,4576100,373.159637451172
2024-12-20,383.369995117188,393.290008544922,383.049987792969,392.600006103516,8046400,380.506164550781
2024-12-23,391.100006103516,393.239990234375,387.029998779297,392.450012207031,2433800,380.360778808594
2024-12-24,392.130004882812,396.140014648438,390.5,396.140014648438,1392600,383.937103271484
2024-12-26,392.519989013672,395.779998779297,391.619995117188,395.140014648438,1319500,382.967926025391
2024-12-27,392.140014648438,395.470001220703,391.369995117188,392.859985351562,1942700,380.758148193359
2024-12-30,390.529998779297,391.209991455078,385.679992675781,389.429992675781,2444700,377.433837890625
2024-12-31,390.010009765625,391.459991455078,387.299987792969,388.989990234375,2179700,377.007354736328
2025-01-02,392.130004882812,392.670013427734,386.380004882812,388.459991455078,2415700,376.493682861328
2025-01-03,389.820007324219,391.010009765625,385.809997558594,389.179992675781,2231600,377.191467285156
2025-01-06,390.5,393.989990234375,388.029998779297,389.369995117188,3274500,377.375671386719
2025-01-07,390.899993896484,391.899993896484,383.100006103516,384.230010986328,2274300,372.393981933594
2025-01-08,383,387.690002441406,380.100006103516,387.200012207031,2848500,375.272521972656
2025-01-10,388.910003662109,392.910003662109,384.619995117188,389.890014648438,5323400,377.879638671875
2025-01-13,389.989990234375,395.859985351562,387.700012207031,389.179992675781,3512900,377.191467285156
2025-01-14,390.589996337891,394.200012207031,389.630004882812,392.779998779297,3405200,380.680603027344
2025-01-15,406.649993896484,408,401.760009765625,406.089996337891,4584800,393.58056640625
2025-01-16,406.269989013672,410.109985351562,403.920013427734,409.329986572266,2305900,396.720794677734
2025-01-17,413.489990234375,414.450012207031,408.529998779297,409.380004882812,3229000,396.769256591797
2025-01-21,413,420.220001220703,413,418.429992675781,3568100,405.540466308594
2025-01-22,417.549987792969,417.549987792969,409.329986572266,410.100006103516,3581400,397.467071533203
2025-01-23,411.570007324219,414.690002441406,408.75,414.390014648438,3840300,401.624938964844
2025-01-24,414.089996337891,415.010009765625,410.760009765625,414.5,2369800,401.731567382812
2025-01-27,414.899993896484,426.190002441406,414,424.869995117188,3699200,411.782073974609
2025-01-28,423.239990234375,423.239990234375,416.700012207031,418.829986572266,2818300,405.928161621094
2025-01-29,420.220001220703,421.369995117188,411.790008544922,413.420013427734,2384900,400.684783935547
2025-01-30,416.410003662109,417.320007324219,411.519989013672,414.5,3081300,401.731567382812
2025-01-31,413.170013427734,416.380004882812,410.320007324219,411.980010986328,2761000,399.289154052734
2025-02-03,406.119995117188,411.899993896484,401.010009765625,408.760009765625,2896200,396.168365478516
2025-02-04,409.510009765625,412.579986572266,406.089996337891,411.489990234375,2150800,398.814270019531
2025-02-05,415.149993896484,415.149993896484,408.140014648438,413.820007324219,2212100,401.072509765625
2025-02-06,414.910003662109,417.790008544922,413,414.160003662109,2023700,401.402008056641
2025-02-07,413.200012207031,414.290008544922,406.5,407.369995117188,2530200,394.821136474609
2025-02-10,410.640014648438,414.950012207031,408.790008544922,413.989990234375,2617600,401.237243652344
2025-02-11,414,416.570007324219,412.739990234375,416.359985351562,1441800,403.534240722656
2025-02-12,408.579986572266,409.649993896484,402.119995117188,407.140014648438,3387000,394.598297119141
2025-02-13,408.709991455078,412.980010986328,407.489990234375,412.429992675781,3067900,399.725280761719
2025-02-14,415,418,408.559997558594,409.5,3004400,396.885559082031
2025-02-18,408.309997558594,408.869995117188,400.220001220703,403.309997558594,3994000,390.886260986328
2025-02-19,397.220001220703,398.640014648438,392.940002441406,395.429992675781,3780000,383.248992919922
2025-02-20,393,394.760009765625,391.100006103516,394.640014648438,2703500,382.483337402344
2025-02-21,396.399993896484,397.820007324219,383.899993896484,385.299987792969,5287000,373.430999755859
2025-02-24,386.089996337891,386.549987792969,378.200012207031,382.420013427734,5722000,370.639770507812
2025-02-25,385,401.010009765625,384.190002441406,393.290008544922,6823900,381.174926757812
2025-02-26,395.239990234375,398.869995117188,388.559997558594,390.480010986328,3871500,378.451477050781
2025-02-27,389.910003662109,395.470001220703,388.329986572266,390.269989013672,2825100,378.247924804688
2025-02-28,394.420013427734,396.869995117188,390.279998779297,396.600006103516,4263500,384.382934570312
2025-03-03,396.950012207031,397.070007324219,386.470001220703,389.690002441406,3397600,377.685821533203
2025-03-04,386.149993896484,387.959991455078,378.899993896484,381.679992675781,4384800,369.922546386719
2025-03-05,379,387.119995117188,378.010009765625,386.350006103516,2780300,374.448699951172
2025-03-06,383.5,387.760009765625,380.730010986328,381.730010986328,4222000,369.970977783203
2025-03-07,379.5,380.649993896484,368.899993896484,376.799987792969,4573900,365.19287109375
2025-03-10,377.440002441406,383.119995117188,372.609985351562,374.649993896484,3710500,363.109130859375
2025-03-11,374.220001220703,374.929992675781,365.730010986328,368.160003662109,4013300,356.819000244141
2025-03-12,371.970001220703,372,361.75,364.730010986328,3368000,353.494689941406
2025-03-13,361.910003662109,362,345.260009765625,347.25,7062400,338.68896484375
2025-03-14,350.649993896484,351.390014648438,345.420013427734,351.309997558594,5510700,342.648803710938
2025-03-17,351.760009765625,355.549987792969,350.959991455078,354.130004882812,3681300,345.399322509766
2025-03-18,353.529998779297,353.890014648438,347.589996337891,349.570007324219,3008200,340.951751708984
2025-03-19,352,354.429992675781,348.989990234375,353.420013427734,2990200,344.706817626953
2025-03-20,354.690002441406,361.769989013672,352.200012207031,355.519989013672,3391200,346.755035400391
2025-03-21,352.089996337891,353.390014648438,346.279998779297,351.149993896484,8205400,342.492767333984
2025-03-24,354.619995117188,364.429992675781,354.279998779297,363.769989013672,4023200,354.801635742188
2025-03-25,361.529998779297,363.649993896484,358.540008544922,360.989990234375,2799500,352.090179443359
2025-03-26,360.390014648438,364.730010986328,360.119995117188,362.130004882812,3140900,353.202117919922
2025-03-27,361.899993896484,365.209991455078,361.149993896484,362.730010986328,3036600,353.787292480469
2025-03-28,363.160003662109,363.200012207031,356.170013427734,358.149993896484,2980200,349.320190429688
2025-03-31,353.5,368.739990234375,352.649993896484,366.489990234375,4498800,357.45458984375
2025-04-01,364.140014648438,367.290008544922,361.920013427734,365.519989013672,2801600,356.508514404297
2025-04-02,362.559997558594,372.309997558594,362.260009765625,370.890014648438,3189500,361.746124267578
2025-04-03,355.779998779297,360.040008544922,351.709991455078,355.910003662109,5407100,347.135437011719
2025-04-04,350.709991455078,365.440002441406,349.040008544922,353.899993896484,7531100,345.174987792969
2025-04-07,344.299987792969,354.220001220703,333.5,341.510009765625,6950500,333.090454101562
2025-04-08,350.380004882812,354,329.739990234375,335.239990234375,4868000,326.975006103516
2025-04-09,328.600006103516,356.040008544922,326.309997558594,355.390014648438,6793000,346.628265380859
2025-04-10,352.850006103516,355.290008544922,339.660003662109,353.619995117188,5574800,344.901885986328
2025-04-11,350.309997558594,354.470001220703,344.200012207031,353.859985351562,3576400,345.135925292969
2025-04-14,357.799987792969,359.019989013672,353.600006103516,357.200012207031,2841800,348.393646240234
2025-04-15,356.559997558594,361.440002441406,353.320007324219,354.109985351562,2883100,345.379791259766
2025-04-16,351.839996337891,353.799987792969,344.320007324219,345.989990234375,2637200,337.459991455078
2025-04-17,348.549987792969,357.5,348.369995117188,355.059997558594,3232400,346.306396484375
2025-04-21,354.290008544922,354.359985351562,341.799987792969,346.899993896484,4015200,338.347564697266
2025-04-22,351.160003662109,356.220001220703,350.420013427734,354.429992675781,2802400,345.691864013672
2025-04-23,361.920013427734,364.839996337891,354.850006103516,356.420013427734,3283300,347.632873535156
2025-04-24,356.5,360.399993896484,354.609985351562,359.640014648438,2749500,350.773468017578
2025-04-25,357.700012207031,359,354.739990234375,357.579986572266,2811300,348.764251708984
2025-04-28,357.989990234375,360.100006103516,354.510009765625,356.920013427734,2413000,348.120544433594
2025-04-29,355.890014648438,360.579986572266,354.730010986328,359,2836900,350.149261474609
2025-04-30,356.5,361.269989013672,352.380004882812,360.489990234375,3741500,351.602508544922
2025-05-01,360.309997558594,362.880004882812,357.720001220703,358.299987792969,3210100,349.466491699219
2025-05-02,362.079986572266,366.230010986328,361.160003662109,364.519989013672,2283300,355.533142089844
2025-05-05,362.130004882812,364.260009765625,359.730010986328,361.730010986328,2563500,352.811950683594
2025-05-06,358.679992675781,362.269989013672,357.130004882812,359.380004882812,2299700,350.519897460938
2025-05-07,360.480010986328,363.779998779297,359.760009765625,362.75,2657200,353.806823730469
2025-05-08,364.010009765625,369.309997558594,362.260009765625,364.859985351562,3035800,355.86474609375
2025-05-09,362.130004882812,365.570007324219,361.5,362.709991455078,1970700,353.767761230469
2025-05-12,375,378.720001220703,373.480010986328,376.589996337891,3831400,367.305603027344
2025-05-13,381,381,372.950012207031,373.600006103516,2726800,364.389282226562
2025-05-14,371.899993896484,375.790008544922,370.829986572266,372.809997558594,2587400,363.618743896484
2025-05-15,372.100006103516,379.329986572266,371.519989013672,378.630004882812,2830500,369.295318603516
2025-05-16,380.230010986328,381.170013427734,378.149993896484,380.779998779297,3129100,371.392303466797
2025-05-19,374.190002441406,381.160003662109,374.160003662109,379.380004882812,4428200,370.026824951172
2025-05-20,386.369995117188,389.75,374.049987792969,377.049987792969,6287400,367.754272460938
2025-05-21,377.980010986328,378.329986572266,368.600006103516,370.839996337891,3966000,361.697326660156
2025-05-22,368,369.230010986328,364.570007324219,366.130004882812,2957300,357.103485107422
2025-05-23,362.380004882812,364.720001220703,361.149993896484,362.709991455078,3115000,353.767761230469
2025-05-27,365.890014648438,370.549987792969,365.160003662109,370.399993896484,3998500,361.268188476562
2025-05-28,368.820007324219,371.149993896484,367.429992675781,368.059997558594,2986100,358.985900878906
2025-05-29,370,370.350006103516,364.059997558594,368.290008544922,3034800,359.210205078125
2025-05-30,367.049987792969,369.640014648438,365.119995117188,368.290008544922,4110400,359.210205078125
2025-06-02,365.149993896484,368.040008544922,361.839996337891,367.959991455078,2506900,358.888366699219
2025-06-03,367.959991455078,373.540008544922,367,373.079986572266,3359500,363.882110595703
2025-06-04,373.079986572266,375.369995117188,371.660003662109,372.399993896484,2428800,363.218902587891
2025-06-05,370.989990234375,371.559997558594,367.510009765625,369.279998779297,2324100,362.414154052734
2025-06-06,371.510009765625,372.649993896484,365.970001220703,367.329986572266,2349700,360.500396728516
2025-06-09,367.320007324219,367.350006103516,364.359985351562,365.200012207031,2619700,358.410003662109
2025-06-10,365.940002441406,368.549987792969,362.549987792969,367.910003662109,3014900,361.069610595703
2025-06-11,369.140014648438,369.140014648438,359.309997558594,360.459991455078,3793500,353.758117675781
2025-06-12,360.809997558594,365.070007324219,358.510009765625,363.160003662109,2921900,356.407897949219
2025-06-13,360,362.790008544922,352.799987792969,354.660003662109,3364400,348.065948486328
2025-06-16,355.880004882812,357.109985351562,351.899993896484,353.559997558594,3688600,346.986419677734
2025-06-17,351.940002441406,354.290008544922,347.410003662109,348.779998779297,4230100,342.295288085938
2025-06-18,350.079986572266,350.899993896484,345.799987792969,347.029998779297,4453900,340.577819824219
2025-06-20,347.489990234375,351.209991455078,346.820007324219,349.619995117188,8056500,343.119689941406
2025-06-23,349.970001220703,357.070007324219,348.519989013672,356.959991455078,3862400,350.323211669922
2025-06-24,356.670013427734,361.709991455078,355.779998779297,360.420013427734,4089600,353.718902587891
2025-06-25,359.119995117188,363.600006103516,358.339996337891,361.859985351562,4159600,355.132080078125
2025-06-26,363.220001220703,365.230010986328,360.600006103516,363.5,3187900,356.741607666016
2025-06-27,363.609985351562,370.149993896484,363,368.739990234375,5503700,361.884185791016
2025-06-30,369.279998779297,370.950012207031,364.720001220703,366.640014648438,4600700,359.823211669922
2025-07-01,364.339996337891,379.690002441406,362.950012207031,373.160003662109,5152600,366.221984863281
2025-07-02,373.649993896484,373.970001220703,369.369995117188,371.850006103516,3011400,364.936370849609
2025-07-03,371.809997558594,373.179992675781,368.329986572266,371.679992675781,2573600,364.769500732422
2025-07-07,371,372.790008544922,364.730010986328,367.640014648438,3433100,360.804626464844
2025-07-08,366.019989013672,370.399993896484,365.109985351562,367.5,2531700,360.667236328125
2025-07-09,367.510009765625,371.070007324219,364.790008544922,371.040008544922,3384200,364.141418457031
2025-07-10,369,377.940002441406,368.510009765625,373.299987792969,3701700,366.359375
2025-07-11,370.359985351562,371.799987792969,367.109985351562,370.070007324219,3068900,363.189483642578
2025-07-14,370.480010986328,371.290008544922,366.450012207031,370.109985351562,2481100,363.228698730469
2025-07-15,369.980010986328,370.75,358.519989013672,358.640014648438,3868700,351.971954345703
2025-07-16,359.859985351562,360.950012207031,352.459991455078,357.399993896484,4259800,350.755004882812
2025-07-17,356.540008544922,360.320007324219,354.660003662109,359.040008544922,3128900,352.364532470703
2025-07-18,359.980010986328,360.600006103516,356.970001220703,359.399993896484,3361600,352.717834472656
2025-07-21,360.720001220703,365.779998779297,359.839996337891,364.040008544922,3503900,357.271575927734
2025-07-22,364.480010986328,372.200012207031,363.720001220703,371.010009765625,3095400,364.111999511719
2025-07-23,371.700012207031,377.880004882812,371.549987792969,376.350006103516,3238000,369.352691650391
2025-07-24,375.480010986328,377.880004882812,372.260009765625,373.089996337891,3088000,366.153289794922
2025-07-25,374.660003662109,375.989990234375,373.049987792969,375.339996337891,2221000,368.361480712891
2025-07-28,373.739990234375,381.079986572266,372.980010986328,377.230010986328,4062800,370.216369628906
2025-07-29,377,379.730010986328,374.769989013672,377.339996337891,2931600,370.324310302734
2025-07-30,377.679992675781,378.529998779297,369.630004882812,372.079986572266,3110700,365.162048339844
2025-07-31,369.170013427734,372.809997558594,366.839996337891,367.510009765625,3091600,360.677062988281
2025-08-01,367.820007324219,374.799987792969,365.75,373.660003662109,3008200,366.712677001953
2025-08-04,374.839996337891,381.899993896484,373.690002441406,380.820007324219,2844300,373.739593505859
2025-08-05,381.859985351562,386.940002441406,380.959991455078,385.410003662109,2931400,378.244232177734
2025-08-06,386.079986572266,388.929992675781,384.519989013672,386.799987792969,2812800,379.6083984375
2025-08-07,388.619995117188,391.450012207031,383.359985351562,386.170013427734,2433000,378.990112304688
2025-08-08,387.079986572266,389.290008544922,386.200012207031,387.850006103516,2326700,380.638885498047
2025-08-11,389.980010986328,391.519989013672,383.299987792969,387.529998779297,2605800,380.324798583984
2025-08-12,391.420013427734,396.380004882812,389,396,2911300,388.637359619141
2025-08-13,399.489990234375,407.820007324219,398.75,407.179992675781,5187500,399.609466552734
2025-08-14,401.200012207031,403.609985351562,399.359985351562,400.320007324219,3600200,392.877044677734
2025-08-15,402.209991455078,402.790008544922,395.429992675781,399.380004882812,3841400,391.954528808594
2025-08-18,396.570007324219,398.140014648438,392.510009765625,394.700012207031,4407100,387.361541748047
2025-08-19,401.019989013672,414.359985351562,401.019989013672,407.200012207031,7629300,399.629119873047
2025-08-20,409.679992675781,411.170013427734,401.670013427734,401.739990234375,4195300,394.270629882812
2025-08-21,399.910003662109,404.429992675781,396.170013427734,397.700012207031,2942600,390.305755615234
2025-08-22,400.869995117188,414.5,398.309997558594,412.790008544922,5284700,405.115173339844
2025-08-25,410.359985351562,411.070007324219,407.549987792969,408.899993896484,3579500,401.297515869141
2025-08-26,408,409.040008544922,404.709991455078,407.540008544922,3180900,399.962768554688
2025-08-27,408.790008544922,411.690002441406,407.200012207031,408.239990234375,2487800,400.649780273438
2025-08-28,407,408.950012207031,404.809997558594,407.450012207031,4051600,399.874481201172
2025-08-29,407.730010986328,408.899993896484,405.399993896484,406.769989013672,2210300,399.207122802734
2025-09-02,403.679992675781,408.589996337891,402.75,406.309997558594,3328600,398.755645751953
2025-09-03,404.940002441406,409.019989013672,403.570007324219,407.709991455078,3025100,400.129638671875
2025-09-04,408.510009765625,413.220001220703,407.200012207031,411.690002441406,3873100,406.327819824219
2025-09-05,416.589996337891,420.399993896484,414.019989013672,418.950012207031,5855600,413.493286132812
2025-09-08,418.5,420.579986572266,415.75,419.940002441406,3742600,414.470397949219
2025-09-09,418.119995117188,418.720001220703,412.75,415.339996337891,3516000,409.930297851562
2025-09-10,415.519989013672,417.429992675781,411.739990234375,413.230010986328,2897800,407.847778320312
2025-09-11,415.700012207031,425.220001220703,414.25,423.420013427734,5316400,417.905090332031
2025-09-12,420.269989013672,423.510009765625,418.880004882812,422.690002441406,5004200,417.1845703125
2025-09-15,422.470001220703,423.299987792969,417.75,422.709991455078,4884700,417.204284667969
2025-09-16,423.75,424.529998779297,420.089996337891,421.450012207031,3726700,415.960723876953
2025-09-17,424.440002441406,426.75,415.809997558594,417,4771700,411.568695068359
2025-09-18,417.549987792969,421.390014648438,415.859985351562,417.480010986328,3677200,412.042419433594
2025-09-19,417.369995117188,418.579986572266,415.100006103516,415.690002441406,6718400,410.275756835938
2025-09-22,414.109985351562,414.880004882812,411.130004882812,412,2656300,406.633819580078
2025-09-23,412,413.730010986328,407.459991455078,410.910003662109,2597000,405.558013916016
2025-09-24,406.790008544922,410.649993896484,405.010009765625,409.769989013672,3220700,404.432830810547
2025-09-25,406.649993896484,410.859985351562,405.609985351562,407.450012207031,2554300,402.14306640625
2025-09-26,408.160003662109,411.410003662109,405.839996337891,410.089996337891,2316600,404.748687744141
2025-09-29,410.049987792969,410.950012207031,403.850006103516,406.799987792969,3008400,401.501525878906
2025-09-30,406.630004882812,407,403.480010986328,405.190002441406,3211600,399.912506103516
2025-10-01,404.390014648438,405.130004882812,395.309997558594,397.019989013672,3787800,391.848907470703
2025-10-02,395.5,397.380004882812,393.790008544922,395.010009765625,2964700,389.865081787109
2025-10-03,394.130004882812,397.320007324219,392.630004882812,395.059997558594,2951300,389.914428710938
2025-10-06,394.5,394.5,385.720001220703,389.329986572266,3653700,384.259063720703
2025-10-07,389.450012207031,389.75,385.510009765625,386.809997558594,2505700,381.771911621094
2025-10-08,386.459991455078,386.459991455078,382.980010986328,383.790008544922,2517600,378.791229248047
2025-10-09,382.899993896484,384.359985351562,377.459991455078,377.690002441406,3321400,372.770660400391
2025-10-10,380.260009765625,380.260009765625,374.779998779297,375.75,2992400,370.85595703125
2025-10-13,379.070007324219,382.309997558594,377.190002441406,379.369995117188,2925900,374.428802490234
2025-10-14,378.869995117188,388.890014648438,378.010009765625,387.720001220703,4399900,382.670043945312
2025-10-15,389.230010986328,394.369995117188,386.730010986328,388.299987792969,3690100,383.242462158203
2025-10-16,389.660003662109,390,383.970001220703,387.390014648438,2783700,382.344360351562
2025-10-17,388.5,393.109985351562,387.200012207031,391.899993896484,2657700,386.795593261719
2025-10-20,391.410003662109,393.179992675781,388.089996337891,388.890014648438,2761100,383.824829101562
2025-10-21,387.559997558594,393.630004882812,385.859985351562,390.899993896484,2306900,385.808624267578
2025-10-22,391.25,393.049987792969,388.170013427734,388.970001220703,2857000,383.903778076172
2025-10-23,387.130004882812,388.720001220703,381.299987792969,385.029998779297,2767300,380.015075683594
2025-10-24,389.700012207031,389.700012207031,385.670013427734,386.679992675781,2426800,381.643585205078
2025-10-27,387.700012207031,389.290008544922,382.899993896484,385.269989013672,3065800,380.251953125
2025-10-28,384.420013427734,390.010009765625,382.829986572266,385.75,2372800,380.725677490234
2025-10-29,383,385,375.200012207031,378.040008544922,3852300,373.116119384766
2025-10-30,377.709991455078,384.700012207031,376.109985351562,379.549987792969,2384300,374.6064453125
2025-10-31,376.959991455078,380.940002441406,375.010009765625,379.589996337891,2643500,374.645935058594
2025-11-03,377.010009765625,378.480010986328,373.679992675781,378.350006103516,2897600,373.422088623047
2025-11-04,377.350006103516,383.679992675781,376.75,383.079986572266,2590000,378.090454101562
2025-11-05,382.790008544922,383.420013427734,370.529998779297,373.839996337891,4763000,368.970825195312
2025-11-06,371.820007324219,372.660003662109,367.549987792969,369.070007324219,3622100,364.262969970703
2025-11-07,368.989990234375,373.649993896484,367.570007324219,371.109985351562,2766400,366.2763671875
2025-11-10,369.790008544922,370.660003662109,363.450012207031,370.429992675781,3257900,365.605224609375
2025-11-11,371.989990234375,376,370.910003662109,374.239990234375,2407300,369.365600585938
2025-11-12,372.059997558594,373.559997558594,369.010009765625,371.130004882812,3375800,366.296142578125
2025-11-13,371.660003662109,373.519989013672,366.619995117188,368.070007324219,3034800,363.276000976562
2025-11-14,365.910003662109,367.329986572266,359.799987792969,362.359985351562,3413300,357.640350341797
2025-11-17,361.130004882812,363.779998779297,356.100006103516,358.029998779297,5127200,353.366760253906
2025-11-18,339.980010986328,348.799987792969,336.010009765625,336.480010986328,10168500,332.097473144531
2025-11-19,340.970001220703,341.75,331.369995117188,334.5,7595000,330.143218994141
2025-11-20,336.359985351562,338.899993896484,332.130004882812,332.380004882812,4025300,328.050842285156
2025-11-21,334.570007324219,346.920013427734,333,343.320007324219,7441300,338.848358154297
2025-11-24,342.200012207031,343.709991455078,336.549987792969,336.579986572266,6132900,332.196136474609
2025-11-25,339,353,338.850006103516,351.070007324219,6316600,346.497406005859
2025-11-26,350.260009765625,357.329986572266,349,355.470001220703,4517300,350.840087890625
2025-11-28,354.929992675781,357.829986572266,353.5,356.920013427734,2119600,352.271209716797
2025-12-01,354.049987792969,362.290008544922,352.880004882812,357.329986572266,5107100,352.675842285156
2025-12-02,356.829986572266,357.5,351.299987792969,354.029998779297,3965300,349.418853759766
2025-12-03,354.5,360.470001220703,353.75,357.910003662109,4166700,353.248321533203
2025-12-04,356.290008544922,357.510009765625,350,351.170013427734,4022800,348.837829589844
2025-12-05,350.649993896484,355.619995117188,349.529998779297,354.609985351562,5959200,352.254943847656
2025-12-08,351.950012207031,352.089996337891,345.700012207031,349.910003662109,7273000,347.586181640625
2025-12-09,347.760009765625,356.670013427734,344.959991455078,345.269989013672,5063100,342.976989746094
2025-12-10,344.100006103516,352.019989013672,344,351.130004882812,6316100,348.798065185547
2025-12-11,356,362.720001220703,353.940002441406,357.459991455078,6609800,355.086029052734
2025-12-12,359.260009765625,360.760009765625,356.049987792969,359.649993896484,3861200,357.261474609375
2025-12-15,359.390014648438,362.670013427734,355.619995117188,356.989990234375,4387400,354.619140625
2025-12-16,356.899993896484,358.739990234375,351.809997558594,352.679992675781,3497200,350.337768554688
2025-12-17,351.970001220703,357.5,350.980010986328,356.75,3875200,354.380737304688
2025-12-18,363.540008544922,366.299987792969,354.559997558594,354.989990234375,4805200,352.632415771484
2025-12-19,354.109985351562,354.109985351562,344.920013427734,345,12825600,342.708770751953
2025-12-22,345.309997558594,347.899993896484,343.700012207031,346.390014648438,3523700,344.089569091797
2025-12-23,344,347.5,341.940002441406,344.970001220703,3873400,342.678985595703
2025-12-24,344.339996337891,348.260009765625,343.899993896484,347.339996337891,1368600,345.033233642578
2025-12-26,346.989990234375,350.049987792969,346.570007324219,349.779998779297,1786900,347.45703125
2025-12-29,350,350.320007324219,344.75,347.450012207031,3790000,345.142517089844
2025-12-30,346.029998779297,346.980010986328,343.720001220703,346.350006103516,2392600,344.049835205078
