"Date","JNJ.Open","JNJ.High","JNJ.Low","JNJ.Close","JNJ.Volume","JNJ.Adjusted"
2021-01-04,157.240005493164,157.380004882812,154.130004882812,156.5,11765900,135.059661865234
2021-01-05,156.25,158.759994506836,155.070007324219,158.339996337891,9602300,136.647567749023
2021-01-06,157.240005493164,160.229995727539,156.720001220703,159.830001831055,8230100,137.933410644531
2021-01-07,159,161.029998779297,158.350006103516,160.369995117188,7747200,138.399459838867
2021-01-08,160.509994506836,161.100006103516,159.880004882812,160.039993286133,8228900,138.114654541016
2021-01-11,160.559997558594,161.320007324219,158.770004272461,159.369995117188,7066200,137.536468505859
2021-01-12,159.149993896484,159.660003662109,157.330001831055,158.130004882812,6903200,136.466339111328
2021-01-13,158.229995727539,158.460006713867,156.75,157.889999389648,6643100,136.259201049805
2021-01-14,160.449996948242,161.949996948242,159.610000610352,160.649993896484,10030800,138.641098022461
2021-01-15,160.300003051758,161.410003662109,159.110000610352,160.300003051758,7630800,138.339050292969
2021-01-19,162,163.039993286133,161.100006103516,162.779998779297,9057600,140.479278564453
2021-01-20,163.199996948242,164.139999389648,161.800003051758,162.380004882812,6839900,140.134094238281
2021-01-21,161.320007324219,162.479995727539,160.059997558594,161.729995727539,6818000,139.573135375977
2021-01-22,162.360000610352,165.160003662109,161.869995117188,163.550003051758,8137000,141.143814086914
2021-01-25,165.009994506836,166.089996337891,163.660003662109,165.979995727539,9924400,143.24089050293
2021-01-26,169.699996948242,173.649993896484,169.389999389648,170.479995727539,14205700,147.124404907227
2021-01-27,169.119995117188,170.919998168945,167.449996948242,167.880004882812,14207300,144.880599975586
2021-01-28,168.199996948242,170.860000610352,167.800003051758,169.160003662109,8944400,145.985260009766
2021-01-29,164.259994506836,166,160.550003051758,163.130004882812,22505900,140.781341552734
2021-02-01,165.309997558594,165.309997558594,162.600006103516,162.710006713867,9971400,140.418884277344
2021-02-02,163.380004882812,163.660003662109,161.179992675781,161.25,11443300,139.158905029297
2021-02-03,160.940002441406,161.520004272461,159.570007324219,160.5,8601900,138.511672973633
2021-02-04,161,162.089996337891,159.759994506836,161.990005493164,7758100,139.797546386719
2021-02-05,164.860000610352,165.440002441406,163.860000610352,164.449996948242,9495300,141.920501708984
2021-02-08,165.029998779297,165.919998168945,163.880004882812,164.919998168945,6035300,142.326110839844
2021-02-09,165.199996948242,166.589996337891,164.970001220703,166.270004272461,5544200,143.491180419922
2021-02-10,167.889999389648,167.940002441406,165.699996948242,166.809997558594,5921300,143.957168579102
2021-02-11,167,167.380004882812,165.600006103516,166.059997558594,4871300,143.309967041016
2021-02-12,164.399993896484,166.850006103516,164,166.580001831055,4413100,143.758712768555
2021-02-16,166.580001831055,167.050003051758,164.639999389648,165.070007324219,5656100,142.455581665039
2021-02-17,164.970001220703,166.089996337891,164.360000610352,165.660003662109,6676700,142.964736938477
2021-02-18,164.960006713867,166.160003662109,164.300003051758,165.740005493164,5189100,143.033767700195
2021-02-19,165.600006103516,165.960006713867,162.910003662109,162.979995727539,8190900,140.651885986328
2021-02-22,161.869995117188,162.539993286133,160.289993286133,161.869995117188,6447100,140.565048217773
2021-02-23,161.479995727539,163.190002441406,160.399993896484,160.440002441406,7042800,139.323318481445
2021-02-24,162.399993896484,164.389999389648,160.919998168945,162.589996337891,10286100,141.190307617188
2021-02-25,163.130004882812,163.699996948242,161.990005493164,162.759994506836,9719700,141.337921142578
2021-02-26,162,162.410003662109,157.970001220703,158.460006713867,14417500,137.603912353516
2021-03-01,161.449996948242,161.529998779297,159.089996337891,159.320007324219,10551400,138.350692749023
2021-03-02,159.779998779297,160.779998779297,158.600006103516,159.020004272461,7610900,138.090179443359
2021-03-03,158.25,158.899993896484,156.059997558594,156.220001220703,8499600,135.658721923828
2021-03-04,155.990005493164,156.100006103516,151.470001220703,153.070007324219,11033200,132.923309326172
2021-03-05,153.979995727539,156.690002441406,153.130004882812,156.100006103516,8331600,135.554489135742
2021-03-08,157,159.330001831055,155.979995727539,157.399993896484,6546700,136.683395385742
2021-03-09,156.889999389648,160.75,156.889999389648,157.699996948242,7461300,136.943923950195
2021-03-10,158.820007324219,159.899993896484,157.360000610352,159.149993896484,6635600,138.203048706055
2021-03-11,159.539993286133,160.630004882812,158.919998168945,159.139999389648,6305600,138.194396972656
2021-03-12,159.279998779297,160.309997558594,159.190002441406,159.600006103516,5474800,138.593841552734
2021-03-15,159.75,160.660003662109,158.5,160.419998168945,5524100,139.305877685547
2021-03-16,160.460006713867,161.679992675781,160.240005493164,161.369995117188,6369100,140.130874633789
2021-03-17,160.830001831055,161.729995727539,159.529998779297,160.770004272461,6001400,139.609802246094
2021-03-18,160.210006713867,161.490005493164,159.960006713867,160.470001220703,4801800,139.349334716797
2021-03-19,160.690002441406,161.5,159.470001220703,160.039993286133,14891500,138.97590637207
2021-03-22,158.309997558594,160.649993896484,158,160.5,7544100,139.375366210938
2021-03-23,160.210006713867,161.199996948242,158.880004882812,160.350006103516,7178300,139.245132446289
2021-03-24,160.100006103516,162.479995727539,159.820007324219,161.910003662109,6370100,140.599792480469
2021-03-25,162.440002441406,162.449996948242,160.639999389648,161.970001220703,6269800,140.651870727539
2021-03-26,162.089996337891,165.100006103516,161.380004882812,164.929992675781,7619200,143.22233581543
2021-03-29,163.830001831055,167.029998779297,163.630004882812,166.039993286133,8535100,144.186248779297
2021-03-30,165.020004272461,165.660003662109,164.229995727539,165.009994506836,7236300,143.291763305664
2021-03-31,164.960006713867,165.389999389648,163.699996948242,164.350006103516,8281500,142.718688964844
2021-04-01,162.600006103516,163.839996337891,162.259994506836,162.830001831055,7229700,141.398727416992
2021-04-05,163.639999389648,164.75,162.660003662109,163.429992675781,7387100,141.919738769531
2021-04-06,164.080001831055,164.520004272461,163,163.389999389648,5074200,141.885055541992
2021-04-07,163.550003051758,164.279998779297,163.320007324219,163.610000610352,4608000,142.076034545898
2021-04-08,164,164.110000610352,162.850006103516,162.970001220703,5039400,141.520309448242
2021-04-09,162.119995117188,162.929992675781,159.779998779297,161.25,8418300,140.026702880859
2021-04-12,161.089996337891,162.080001831055,160.339996337891,161.639999389648,5022800,140.365356445312
2021-04-13,156.860000610352,159.929992675781,156.529998779297,159.479995727539,18424100,138.489608764648
2021-04-14,157.830001831055,160.110000610352,157.539993286133,159.919998168945,7718300,138.871734619141
2021-04-15,160.720001220703,162.389999389648,160.229995727539,160.389999389648,7524600,139.279861450195
2021-04-16,161.339996337891,162.509994506836,160.559997558594,162.240005493164,9049400,140.886383056641
2021-04-19,162.5,163.110000610352,160.839996337891,162.690002441406,8353500,141.277145385742
2021-04-20,161,167.789993286133,161,166.479995727539,14050700,144.568313598633
2021-04-21,166.369995117188,166.910003662109,165.289993286133,166.589996337891,6333200,144.663833618164
2021-04-22,165.839996337891,166.279998779297,164.619995117188,165.179992675781,7233000,143.439407348633
2021-04-23,164.529998779297,166.059997558594,164,165.520004272461,6015300,143.734649658203
2021-04-26,165.210006713867,165.410003662109,163.759994506836,164.119995117188,6027800,142.518920898438
2021-04-27,163.759994506836,163.910003662109,162.470001220703,163.179992675781,6217700,141.70263671875
2021-04-28,162.860000610352,163.199996948242,161.649993896484,161.979995727539,7448000,140.660568237305
2021-04-29,161.899993896484,164.259994506836,161.809997558594,164.199996948242,6394300,142.588409423828
2021-04-30,164.149993896484,164.330001831055,162.520004272461,162.729995727539,9079100,141.311859130859
2021-05-03,163.600006103516,165.320007324219,163.119995117188,165.210006713867,6594100,143.465484619141
2021-05-04,164.830001831055,167.850006103516,164.669998168945,167.770004272461,10179500,145.688522338867
2021-05-05,167.5,168.399993896484,166.789993286133,167.070007324219,7792300,145.080673217773
2021-05-06,166.789993286133,167.889999389648,166.240005493164,167.740005493164,5529900,145.662506103516
2021-05-07,168.300003051758,169.179992675781,167.830001831055,168.5,5316200,146.322463989258
2021-05-10,169.899993896484,171.529998779297,169.229995727539,170.270004272461,8357500,147.859481811523
2021-05-11,170.649993896484,170.869995117188,168.279998779297,168.880004882812,8217900,146.652420043945
2021-05-12,168.539993286133,169.800003051758,167.949996948242,168.199996948242,6758300,146.061920166016
2021-05-13,166.970001220703,170.699996948242,166.970001220703,169.960006713867,8018600,147.590286254883
2021-05-14,171.479995727539,171.610000610352,170.169998168945,170.220001220703,5797700,147.816055297852
2021-05-17,170.399993896484,171.889999389648,170.309997558594,170.389999389648,5722600,147.96369934082
2021-05-18,169.979995727539,171.369995117188,169.529998779297,170.449996948242,5846000,148.015777587891
2021-05-19,169.910003662109,170.160003662109,168.039993286133,170.080001831055,5533800,147.694488525391
2021-05-20,169.940002441406,171.589996337891,169.690002441406,171.070007324219,4853200,148.554153442383
2021-05-21,171.330001831055,172.740005493164,170.869995117188,170.960006713867,6501800,148.458679199219
2021-05-24,170.899993896484,171.350006103516,169.770004272461,170.550003051758,5195100,149.026641845703
2021-05-25,170.669998168945,171.029998779297,169.740005493164,170.080001831055,7444700,148.615951538086
2021-05-26,170,170.080001831055,168.279998779297,169.070007324219,5726400,147.733413696289
2021-05-27,169.259994506836,170.169998168945,168.380004882812,168.809997558594,8114700,147.506210327148
2021-05-28,169.520004272461,171.009994506836,169.169998168945,169.25,6400800,147.890670776367
2021-06-01,170.149993896484,170.199996948242,165.380004882812,165.529998779297,10448400,144.640167236328
2021-06-02,165.300003051758,166.729995727539,165.110000610352,166.199996948242,6806000,145.2255859375
2021-06-03,165.889999389648,167.149993896484,165.710006713867,166.039993286133,5808800,145.085815429688
2021-06-04,167.009994506836,167.570007324219,165.869995117188,165.970001220703,6510300,145.024627685547
2021-06-07,166,166.320007324219,164.630004882812,164.839996337891,5362800,144.037231445312
2021-06-08,165.279998779297,165.660003662109,162.070007324219,163.389999389648,7746800,142.770248413086
2021-06-09,163.990005493164,165.779998779297,163.660003662109,165.589996337891,5552600,144.692565917969
2021-06-10,166,167.580001831055,165.949996948242,167.080001831055,6463100,145.994522094727
2021-06-11,167.070007324219,167.080001831055,164.220001220703,164.960006713867,7389900,144.142059326172
2021-06-14,164.5,165.460006713867,163.899993896484,165.369995117188,4931300,144.500366210938
2021-06-15,165.229995727539,165.860000610352,164.389999389648,164.490005493164,5062900,143.731430053711
2021-06-16,164.800003051758,165.75,163.479995727539,164.429992675781,6988500,143.678970336914
2021-06-17,164.190002441406,165.699996948242,163.5,165.220001220703,5874700,144.369262695312
2021-06-18,163.270004272461,164.190002441406,161.789993286133,161.979995727539,12993000,141.538162231445
2021-06-21,162.770004272461,164.259994506836,162.25,163.839996337891,6592300,143.163436889648
2021-06-22,163.710006713867,164.039993286133,163.279998779297,163.619995117188,5627800,142.97119140625
2021-06-23,163.690002441406,163.690002441406,162.479995727539,162.630004882812,4493400,142.106155395508
2021-06-24,163.270004272461,164.199996948242,162.800003051758,163.369995117188,4549200,142.752746582031
2021-06-25,162.940002441406,164.779998779297,162.889999389648,164.210006713867,10963800,143.486694335938
2021-06-28,164.440002441406,165.070007324219,163.520004272461,164.020004272461,5604000,143.320709228516
2021-06-29,164,164.639999389648,163.410003662109,164.029998779297,3749500,143.329437255859
2021-06-30,164,164.970001220703,163.669998168945,164.740005493164,6151700,143.949829101562
2021-07-01,164.740005493164,166.009994506836,164.630004882812,165.960006713867,6320200,145.015884399414
2021-07-02,166.020004272461,169.300003051758,165.639999389648,168.979995727539,9059900,147.654754638672
2021-07-06,167.910003662109,168.860000610352,166.990005493164,167.970001220703,6098500,146.772216796875
2021-07-07,167.479995727539,169.5,167.479995727539,169.410003662109,6293500,148.030532836914
2021-07-08,168.699996948242,169.460006713867,167.580001831055,169.080001831055,5755500,147.742126464844
2021-07-09,169.369995117188,170.369995117188,169.240005493164,169.75,6120900,148.327590942383
2021-07-12,169.729995727539,171.179992675781,168.539993286133,169.479995727539,7840500,148.091659545898
2021-07-13,168.970001220703,169.759994506836,168.669998168945,169.270004272461,4691200,147.908157348633
2021-07-14,170,170.830001831055,169.039993286133,170.419998168945,6162900,148.912994384766
2021-07-15,169.300003051758,169.899993896484,167.720001220703,168.369995117188,6656900,147.121734619141
2021-07-16,168.339996337891,169.089996337891,167.949996948242,168.100006103516,5834900,146.885833740234
2021-07-19,166.479995727539,168.190002441406,165.320007324219,166.880004882812,8219700,145.819763183594
2021-07-20,166.899993896484,170.809997558594,166.839996337891,168.449996948242,9902800,147.191635131836
2021-07-21,169.300003051758,169.690002441406,167.479995727539,169.490005493164,7585200,148.100402832031
2021-07-22,169.360000610352,171.070007324219,168.649993896484,169.979995727539,5281900,148.528564453125
2021-07-23,171,172.179992675781,170.380004882812,171.789993286133,5014900,150.110107421875
2021-07-26,171.820007324219,172.139999389648,170.860000610352,171.869995117188,4484900,150.180023193359
2021-07-27,171.800003051758,172.720001220703,170.669998168945,172.660003662109,7089300,150.870361328125
2021-07-28,172.729995727539,173.380004882812,172.080001831055,172.179992675781,5750700,150.450897216797
2021-07-29,172.740005493164,173.339996337891,171.089996337891,172.179992675781,4214100,150.450897216797
2021-07-30,172.539993286133,172.979995727539,171.839996337891,172.199996948242,5346400,150.468399047852
2021-08-02,172.470001220703,172.839996337891,171.300003051758,172.270004272461,3721500,150.529571533203
2021-08-03,172.729995727539,174.5,172.440002441406,174.389999389648,6033000,152.382019042969
2021-08-04,174.199996948242,174.589996337891,173.259994506836,173.360000610352,4793100,151.482025146484
2021-08-05,173.850006103516,173.850006103516,172.419998168945,173.690002441406,4291000,151.770370483398
2021-08-06,173.940002441406,173.940002441406,172.449996948242,173.110000610352,4581100,151.263549804688
2021-08-09,173.720001220703,174.25,172.929992675781,173.710006713867,3950200,151.787872314453
2021-08-10,173.259994506836,174.110000610352,172.779998779297,173.770004272461,3678300,151.840225219727
2021-08-11,174.25,174.470001220703,173.559997558594,173.800003051758,4221300,151.866470336914
2021-08-12,173.820007324219,175.289993286133,173.589996337891,175.199996948242,4300400,153.089782714844
2021-08-13,175.289993286133,176.289993286133,175.119995117188,176.25,5882100,154.007278442383
2021-08-16,176.550003051758,177.889999389648,175.949996948242,177.839996337891,4782800,155.39665222168
2021-08-17,177.309997558594,179.509994506836,177.309997558594,179.470001220703,6041900,156.820938110352
2021-08-18,179.5,179.5,177.130004882812,177.190002441406,7134100,154.828674316406
2021-08-19,176.619995117188,179.330001831055,176.070007324219,178.570007324219,5615000,156.034515380859
2021-08-20,178.889999389648,179.919998168945,178.070007324219,179.440002441406,5428700,156.794723510742
2021-08-23,178.389999389648,178.929992675781,177.539993286133,177.610000610352,6461700,156.117904663086
2021-08-24,176.990005493164,177.210006713867,175.279998779297,175.389999389648,5734800,154.166549682617
2021-08-25,175.690002441406,175.899993896484,173.889999389648,174.229995727539,5700300,153.146896362305
2021-08-26,173.949996948242,174.720001220703,173.050003051758,173.300003051758,5031600,152.329391479492
2021-08-27,174.279998779297,174.279998779297,172.75,172.929992675781,7046100,152.004180908203
2021-08-30,172.789993286133,174.279998779297,172.779998779297,173.660003662109,3252700,152.645843505859
2021-08-31,173.490005493164,174.490005493164,172.479995727539,173.130004882812,7106800,152.179992675781
2021-09-01,172.899993896484,173.740005493164,172.059997558594,173.740005493164,5327400,152.716186523438
2021-09-02,174.339996337891,175.190002441406,173.910003662109,174.929992675781,4544300,153.762191772461
2021-09-03,175.100006103516,175.220001220703,173.809997558594,175.039993286133,4096900,153.858871459961
2021-09-07,174.350006103516,175.029998779297,171.669998168945,172.320007324219,6859900,151.468048095703
2021-09-08,171.619995117188,172.979995727539,171.080001831055,171.899993896484,4661700,151.098815917969
2021-09-09,171.190002441406,171.479995727539,167.699996948242,168.070007324219,7114600,147.732299804688
2021-09-10,168.550003051758,169.089996337891,166.869995117188,166.970001220703,6699300,146.765411376953
2021-09-13,167.919998168945,168.119995117188,165.130004882812,165.800003051758,6273500,145.736968994141
2021-09-14,166.399993896484,166.539993286133,164.509994506836,164.800003051758,5259600,144.857971191406
2021-09-15,165,165.960006713867,164.309997558594,165.419998168945,7935300,145.402969360352
2021-09-16,165.649993896484,166.460006713867,164.190002441406,165.220001220703,5665400,145.227157592773
2021-09-17,164.300003051758,164.910003662109,163.559997558594,164.75,13419800,144.814086914062
2021-09-20,163.479995727539,165.169998168945,162.169998168945,163.809997558594,7270800,143.987777709961
2021-09-21,164.610000610352,165.979995727539,164.240005493164,164.529998779297,6663600,144.620666503906
2021-09-22,165.350006103516,165.949996948242,163.630004882812,163.929992675781,5657100,144.09326171875
2021-09-23,164.399993896484,165.770004272461,164.149993896484,164.860000610352,4697900,144.910736083984
2021-09-24,164.75,165.649993896484,163.889999389648,164.360000610352,4399300,144.471237182617
2021-09-27,164,164.360000610352,162.850006103516,163.169998168945,5775500,143.425231933594
2021-09-28,163.100006103516,163.910003662109,161.770004272461,162.809997558594,7610400,143.108795166016
2021-09-29,163,164.660003662109,162.779998779297,164.020004272461,5124100,144.17236328125
2021-09-30,164.639999389648,165.399993896484,161.410003662109,161.5,6972300,141.957321166992
2021-10-01,161.529998779297,161.899993896484,158.619995117188,160.470001220703,8568300,141.051971435547
2021-10-04,159.990005493164,161,157.669998168945,159.220001220703,8620700,139.953201293945
2021-10-05,159.860000610352,161.110000610352,159.149993896484,159.580001831055,5129000,140.269653320312
2021-10-06,159.869995117188,159.949996948242,157.839996337891,159.910003662109,7312600,140.55973815918
2021-10-07,160.020004272461,162.610000610352,160.020004272461,161.339996337891,5309200,141.816696166992
2021-10-08,161.320007324219,161.610000610352,160.25,160.929992675781,4343200,141.456298828125
2021-10-11,160.860000610352,161.850006103516,159.940002441406,160.25,4101600,140.85856628418
2021-10-12,160,160.179992675781,157.339996337891,157.690002441406,6686400,138.608337402344
2021-10-13,157.820007324219,160.080001831055,157.75,159.199996948242,6901100,139.935623168945
2021-10-14,159.710006713867,161.139999389648,159.600006103516,160.110000610352,4579200,140.735488891602
2021-10-15,161.029998779297,161.809997558594,160.410003662109,161.300003051758,6918400,141.781539916992
2021-10-18,160.25,160.889999389648,159.199996948242,160.119995117188,7465500,140.74430847168
2021-10-19,160.899993896484,165.149993896484,160.729995727539,163.869995117188,10081300,144.040512084961
2021-10-20,163.979995727539,164.75,163.259994506836,163.779998779297,6003200,143.961410522461
2021-10-21,164.300003051758,164.389999389648,162.279998779297,163.399993896484,4524100,143.627410888672
2021-10-22,163.059997558594,164.059997558594,162.960006713867,163.720001220703,4304300,143.908660888672
2021-10-25,163.720001220703,164.309997558594,161.710006713867,164.080001831055,6715400,144.225128173828
2021-10-26,164.559997558594,166.029998779297,164.050003051758,165.75,6939100,145.693054199219
2021-10-27,165.679992675781,165.759994506836,163.309997558594,163.740005493164,7018800,143.926284790039
2021-10-28,163.770004272461,165.199996948242,162.320007324219,162.850006103516,6278800,143.143981933594
2021-10-29,162.350006103516,163.25,160.610000610352,162.880004882812,8526800,143.170349121094
2021-11-01,163.160003662109,163.979995727539,159.399993896484,163.020004272461,5846400,143.293365478516
2021-11-02,163.699996948242,166.979995727539,162.979995727539,165.589996337891,8450600,145.552368164062
2021-11-03,165.039993286133,165.770004272461,163.429992675781,165.059997558594,6717800,145.086547851562
2021-11-04,164.940002441406,164.990005493164,162.669998168945,164.600006103516,8224400,144.682189941406
2021-11-05,162.479995727539,164.600006103516,162.199996948242,163.429992675781,6215900,143.653747558594
2021-11-08,163.679992675781,164.169998168945,162.009994506836,162.869995117188,5578800,143.161544799805
2021-11-09,162.610000610352,163.589996337891,162.020004272461,162.509994506836,6112800,142.845092773438
2021-11-10,162.529998779297,164.839996337891,162.350006103516,164.270004272461,6225100,144.392135620117
2021-11-11,163.490005493164,163.809997558594,162.490005493164,163.059997558594,4118800,143.328521728516
2021-11-12,167.429992675781,167.619995117188,164.610000610352,165.009994506836,18995200,145.042572021484
2021-11-15,165,165.460006713867,163.220001220703,163.520004272461,7496200,143.732879638672
2021-11-16,163.179992675781,164.350006103516,162.619995117188,162.669998168945,7594700,142.985733032227
2021-11-17,162.869995117188,163.860000610352,161.789993286133,163.279998779297,5414500,143.521911621094
2021-11-18,163.449996948242,164.470001220703,162.130004882812,162.399993896484,6358700,142.748413085938
2021-11-19,163.039993286133,163.190002441406,161.779998779297,162.889999389648,7620700,143.179107666016
2021-11-22,161.029998779297,162.639999389648,159.649993896484,159.699996948242,7634500,141.294586181641
2021-11-23,159.520004272461,161,158.779998779297,160.690002441406,7734000,142.170516967773
2021-11-24,160.139999389648,160.619995117188,159.380004882812,160.240005493164,5230900,141.772354125977
2021-11-26,160.600006103516,161.160003662109,158.660003662109,159.199996948242,8523100,140.852172851562
2021-11-29,159.5,160.419998168945,158.419998168945,159.75,9188500,141.338836669922
2021-11-30,158.509994506836,159,155.850006103516,155.929992675781,14981700,137.959121704102
2021-12-01,156.880004882812,160.080001831055,156.25,158.080001831055,9835800,139.861282348633
2021-12-02,157.259994506836,159.289993286133,156.75,157.089996337891,11334700,138.985397338867
2021-12-03,157.910003662109,159.669998168945,157.589996337891,159.380004882812,8750500,141.011489868164
2021-12-06,160.190002441406,163.520004272461,159.830001831055,162.940002441406,9692000,144.161178588867
2021-12-07,164,164.270004272461,162.410003662109,163.360000610352,8311300,144.532791137695
2021-12-08,163.470001220703,164.570007324219,162.639999389648,164.339996337891,6216400,145.399841308594
2021-12-09,164.179992675781,165.979995727539,163.490005493164,165.899993896484,8574200,146.780029296875
2021-12-10,165.570007324219,166.690002441406,164.649993896484,165.490005493164,6572200,146.417297363281
2021-12-13,164.75,169.199996948242,163.800003051758,168.449996948242,11142300,149.0361328125
2021-12-14,168.330001831055,170.970001220703,167.160003662109,170.289993286133,10482400,150.664123535156
2021-12-15,169.850006103516,171.300003051758,169.419998168945,171.139999389648,8552200,151.416137695312
2021-12-16,171.259994506836,173.509994506836,170.839996337891,173.009994506836,8998600,153.070587158203
2021-12-17,169.639999389648,170.779998779297,167.660003662109,168.229995727539,16726200,148.841491699219
2021-12-20,167.809997558594,168.509994506836,166.550003051758,167.75,7954500,148.416793823242
2021-12-21,168.059997558594,168.100006103516,165.979995727539,167.210006713867,7954200,147.939041137695
2021-12-22,167.059997558594,168.169998168945,166.119995117188,167.929992675781,4178200,148.576095581055
2021-12-23,167.880004882812,168.949996948242,167.360000610352,168.25,3501500,148.859222412109
2021-12-27,169.139999389648,169.850006103516,168.699996948242,169.669998168945,3704800,150.115570068359
2021-12-28,169.789993286133,170.639999389648,169.589996337891,170.350006103516,3187000,150.717178344727
2021-12-29,170,171.990005493164,169.910003662109,171.550003051758,3662000,151.778884887695
2021-12-30,172.119995117188,172.880004882812,171.75,172.309997558594,4231800,152.451293945312
2021-12-31,172.529998779297,172.679992675781,171.029998779297,171.070007324219,4409500,151.354217529297
2022-01-03,170.210006713867,171.600006103516,169.100006103516,171.539993286133,6012200,151.770004272461
2022-01-04,171.059997558594,172.289993286133,170.600006103516,171.080001831055,6748400,151.363067626953
2022-01-05,172,173.470001220703,171.619995117188,172.220001220703,7016100,152.371643066406
2022-01-06,172.149993896484,172.5,170.800003051758,171.630004882812,7301600,151.849685668945
2022-01-07,171.460006713867,174.300003051758,171.130004882812,173.949996948242,6986000,153.902267456055
2022-01-10,173.690002441406,173.690002441406,172.160003662109,173.089996337891,7698400,153.141418457031
2022-01-11,172.990005493164,173.389999389648,170.110000610352,171.25,8341100,151.513473510742
2022-01-12,169.610000610352,170.080001831055,168.339996337891,169.789993286133,8116200,150.221740722656
2022-01-13,169,170.419998168945,168.460006713867,168.759994506836,6159400,149.310394287109
2022-01-14,168.630004882812,168.649993896484,167.149993896484,167.839996337891,5847700,148.496490478516
2022-01-18,167.100006103516,167.720001220703,166.009994506836,167.100006103516,7815600,147.841735839844
2022-01-19,167.199996948242,168.720001220703,166.320007324219,166.580001831055,5926500,147.381652832031
2022-01-20,167.289993286133,167.860000610352,164.929992675781,165.25,6011300,146.204971313477
2022-01-21,166.190002441406,167.990005493164,164.470001220703,164.869995117188,10550300,145.868774414062
2022-01-24,164,164.169998168945,158.259994506836,162.970001220703,14054600,144.187713623047
2022-01-25,162.360000610352,168.410003662109,161.580001831055,167.630004882812,14081200,148.310668945312
2022-01-26,167.539993286133,169.220001220703,166.229995727539,168.380004882812,9963200,148.974212646484
2022-01-27,169.389999389648,171.910003662109,169,170.589996337891,9066700,150.929550170898
2022-01-28,170.860000610352,171.839996337891,169.300003051758,171.789993286133,9783100,151.9912109375
2022-01-31,171.5,172.619995117188,170.820007324219,172.289993286133,8054800,152.43359375
2022-02-01,171.740005493164,171.979995727539,169.429992675781,170.880004882812,8154700,151.186111450195
2022-02-02,169.649993896484,172.990005493164,169.649993896484,172.770004272461,7382800,152.858291625977
2022-02-03,172.259994506836,173.619995117188,171.039993286133,172.759994506836,6240400,152.849426269531
2022-02-04,171,172.979995727539,170.119995117188,171.630004882812,6392200,151.849685668945
2022-02-07,171.410003662109,171.740005493164,170.009994506836,171.059997558594,6065700,151.345367431641
2022-02-08,171.020004272461,172.050003051758,170.479995727539,171.509994506836,6296100,151.743469238281
2022-02-09,172.070007324219,172.240005493164,171.25,171.490005493164,5387500,151.725830078125
2022-02-10,171.210006713867,171.220001220703,169.300003051758,169.419998168945,10355300,149.894348144531
2022-02-11,169.119995117188,170.149993896484,167.539993286133,167.710006713867,13125300,148.381469726562
2022-02-14,167.710006713867,167.970001220703,163.809997558594,165.600006103516,8967600,146.514617919922
2022-02-15,166.130004882812,168.100006103516,166.009994506836,167.309997558594,6631400,148.027542114258
2022-02-16,166.490005493164,167.839996337891,165.710006713867,167.210006713867,8482400,147.939041137695
2022-02-17,167.210006713867,167.449996948242,164.919998168945,166.190002441406,6227600,147.036636352539
2022-02-18,164.979995727539,165.360000610352,162.940002441406,163.360000610352,6423200,145.460556030273
2022-02-22,163.570007324219,163.740005493164,160.440002441406,161.139999389648,6868900,143.483840942383
2022-02-23,161.509994506836,162.639999389648,160.850006103516,161.220001220703,8016900,143.555068969727
2022-02-24,159.779998779297,160.130004882812,155.720001220703,158.139999389648,12883400,140.812530517578
2022-02-25,160,166.990005493164,159.699996948242,166,11340400,147.811309814453
2022-02-28,162.869995117188,165.179992675781,162.380004882812,164.570007324219,9373500,146.537979125977
2022-03-01,163.039993286133,164.75,162.410003662109,164,8737800,146.030426025391
2022-03-02,164.410003662109,167.630004882812,164.039993286133,166.039993286133,6793300,147.846908569336
2022-03-03,166.699996948242,169.339996337891,166.320007324219,168.479995727539,7333700,150.019592285156
2022-03-04,167.639999389648,169.860000610352,166.850006103516,169.479995727539,6302500,150.909973144531
2022-03-07,168.300003051758,173.119995117188,167.360000610352,172.210006713867,11663400,153.340866088867
2022-03-08,172.039993286133,173.119995117188,168.509994506836,168.720001220703,11100300,150.233245849609
2022-03-09,170.009994506836,170.229995727539,167.889999389648,169.360000610352,7248200,150.803115844727
2022-03-10,168.559997558594,170.149993896484,168.080001831055,169.660003662109,6171400,151.070266723633
2022-03-11,169.130004882812,171.460006713867,169.020004272461,169.350006103516,5188000,150.794235229492
2022-03-14,170.679992675781,174.119995117188,170.350006103516,171.690002441406,7729500,152.877838134766
2022-03-15,173.330001831055,176.520004272461,172.550003051758,176.139999389648,10554400,156.840240478516
2022-03-16,175.460006713867,176.949996948242,172.559997558594,174.520004272461,9603300,155.397766113281
2022-03-17,175.210006713867,176.839996337891,174.199996948242,176.800003051758,7472100,157.42790222168
2022-03-18,177,177,173.660003662109,174.839996337891,13809500,155.682678222656
2022-03-21,174.660003662109,177.160003662109,174.320007324219,175.830001831055,7574900,156.564208984375
2022-03-22,175.830001831055,176.369995117188,173.910003662109,175,8442100,155.825164794922
2022-03-23,175.229995727539,175.539993286133,174.089996337891,174.339996337891,5254200,155.237503051758
2022-03-24,175,175.539993286133,174.070007324219,175.240005493164,5012300,156.038848876953
2022-03-25,175.690002441406,177.699996948242,175.220001220703,176.919998168945,4809500,157.534790039062
2022-03-28,176.649993896484,178.179992675781,176.350006103516,177.830001831055,5604200,158.345077514648
2022-03-29,178.619995117188,179.399993896484,176.800003051758,177.740005493164,5933400,158.264938354492
2022-03-30,178.440002441406,179.860000610352,177.679992675781,179.589996337891,6277600,159.912216186523
2022-03-31,179.589996337891,180.210006713867,176.979995727539,177.229995727539,11490400,157.810806274414
2022-04-01,177.050003051758,178.429992675781,175.600006103516,178.190002441406,6525600,158.665618896484
2022-04-04,178.190002441406,178.190002441406,175.520004272461,176.470001220703,6860600,157.13410949707
2022-04-05,176.470001220703,179.649993896484,176.289993286133,177.610000610352,7446100,158.149200439453
2022-04-06,179.389999389648,182.600006103516,178.619995117188,182.229995727539,10330900,162.262969970703
2022-04-07,181.669998168945,182.949996948242,180.229995727539,181.759994506836,7385200,161.844482421875
2022-04-08,181.330001831055,183.190002441406,180.429992675781,182.119995117188,7144500,162.165023803711
2022-04-11,183,184.199996948242,179.600006103516,179.839996337891,5932000,160.134826660156
2022-04-12,179.199996948242,180.809997558594,178.199996948242,179.899993896484,5957500,160.188262939453
2022-04-13,179.899993896484,180.839996337891,179.240005493164,180.660003662109,5643100,160.865005493164
2022-04-14,180,181.399993896484,179.729995727539,179.899993896484,6188200,160.188262939453
2022-04-18,179.729995727539,180.389999389648,176.740005493164,177.660003662109,6318700,158.193695068359
2022-04-19,180.720001220703,185.940002441406,179.949996948242,183.080001831055,14380800,163.019836425781
2022-04-20,182.240005493164,184.320007324219,181.899993896484,183.889999389648,8044900,163.741058349609
2022-04-21,183.929992675781,184.869995117188,182.559997558594,183.360000610352,6969200,163.269134521484
2022-04-22,182.470001220703,183.149993896484,181.380004882812,181.539993286133,8003600,161.648559570312
2022-04-25,182.339996337891,186.690002441406,182.100006103516,186.009994506836,11176500,165.628784179688
2022-04-26,185.100006103516,186.570007324219,184.179992675781,184.679992675781,10190000,164.444488525391
2022-04-27,184.240005493164,184.820007324219,181.740005493164,182.100006103516,11090100,162.147216796875
2022-04-28,182.25,184.5,181.919998168945,183.460006713867,9403900,163.358215332031
2022-04-29,182.5,182.550003051758,180.199996948242,180.460006713867,8463100,160.686904907227
2022-05-02,180.470001220703,181.410003662109,177.029998779297,178.639999389648,7145400,159.066299438477
2022-05-03,178.800003051758,180.630004882812,177.679992675781,178.289993286133,5898700,158.754684448242
2022-05-04,178.149993896484,180.5,177.149993896484,180.199996948242,5923000,160.455413818359
2022-05-05,179.419998168945,179.710006713867,175.270004272461,176.759994506836,7089200,157.392303466797
2022-05-06,175.139999389648,176.869995117188,174.690002441406,176.369995117188,6434000,157.04508972168
2022-05-09,175.449996948242,178.559997558594,174.589996337891,177.330001831055,7855200,157.899856567383
2022-05-10,178.229995727539,179.179992675781,176.5,177.089996337891,8186700,157.686187744141
2022-05-11,175.960006713867,178.320007324219,175.880004882812,176.130004882812,6138900,156.831344604492
2022-05-12,176.470001220703,177.949996948242,174.710006713867,177.869995117188,6898600,158.38069152832
2022-05-13,178.699996948242,178.889999389648,175.800003051758,176.850006103516,7732200,157.47248840332
2022-05-16,176.850006103516,179.130004882812,176.169998168945,178.080001831055,5516700,158.567687988281
2022-05-17,178.720001220703,179.699996948242,176.589996337891,178.820007324219,5751100,159.226608276367
2022-05-18,178.839996337891,179.369995117188,175.169998168945,175.5,8608800,156.270355224609
2022-05-19,174.720001220703,174.800003051758,172.690002441406,173.940002441406,6874500,154.881317138672
2022-05-20,174.850006103516,177.160003662109,174.050003051758,176.979995727539,7522100,157.58821105957
2022-05-23,177.600006103516,179.929992675781,177.460006713867,179.440002441406,7040800,160.805404663086
2022-05-24,179.25,181.740005493164,179.100006103516,181.399993896484,6419800,162.561859130859
2022-05-25,180.529998779297,181.550003051758,179.059997558594,179.619995117188,6558900,160.966690063477
2022-05-26,181,181,178.600006103516,179.460006713867,6897600,160.823333740234
2022-05-27,179.759994506836,181.160003662109,178.229995727539,181.089996337891,5853600,162.284042358398
2022-05-31,178,180.169998168945,175.009994506836,179.529998779297,16391400,160.88606262207
2022-06-01,179.149993896484,179.830001831055,175.899993896484,177.710006713867,5175400,159.255065917969
2022-06-02,177.740005493164,177.809997558594,174.589996337891,177.149993896484,8666500,158.753204345703
2022-06-03,177.070007324219,178.669998168945,176.149993896484,176.419998168945,4234200,158.098999023438
2022-06-06,177.210006713867,178.5,176,176.399993896484,5386500,158.081085205078
2022-06-07,176.979995727539,179.300003051758,176.399993896484,178.339996337891,5447800,159.819625854492
2022-06-08,178.100006103516,179.449996948242,176.800003051758,177.279998779297,4333100,158.869705200195
2022-06-09,177.210006713867,178.649993896484,173.639999389648,173.710006713867,5509600,155.670455932617
2022-06-10,172.169998168945,173.970001220703,170.619995117188,172.550003051758,6647300,154.630920410156
2022-06-13,170.080001831055,172.25,170.080001831055,170.809997558594,7997000,153.07160949707
2022-06-14,171.059997558594,171.110000610352,167.259994506836,168.190002441406,7116800,150.723693847656
2022-06-15,169.639999389648,171.440002441406,168.639999389648,169.990005493164,7796100,152.336776733398
2022-06-16,168.399993896484,170.210006713867,167.410003662109,170.080001831055,7056700,152.417434692383
2022-06-17,170.630004882812,172.199996948242,169.240005493164,169.460006713867,12486600,151.86181640625
2022-06-21,170.75,173.860000610352,169.559997558594,173.009994506836,8219700,155.043121337891
2022-06-22,172,177.919998168945,171.690002441406,175.740005493164,10593100,157.489654541016
2022-06-23,177,179.820007324219,176.520004272461,179.660003662109,10223500,161.002532958984
2022-06-24,180.779998779297,182.529998779297,179.979995727539,182.289993286133,9374400,163.359420776367
2022-06-27,181.639999389648,183.350006103516,181.5,182.119995117188,5908600,163.207092285156
2022-06-28,182.169998168945,182.970001220703,176.309997558594,176.940002441406,9245700,158.565048217773
2022-06-29,177.220001220703,178.300003051758,176.429992675781,176.990005493164,7097900,158.609817504883
2022-06-30,176.860000610352,178.289993286133,175.029998779297,177.509994506836,10777200,159.075805664062
2022-07-01,177.449996948242,179.720001220703,176.690002441406,179.520004272461,5498400,160.877090454102
2022-07-05,178.830001831055,179.130004882812,174.610000610352,178.139999389648,5676400,159.640426635742
2022-07-06,178.070007324219,179.440002441406,177.410003662109,178.300003051758,5335600,159.783782958984
2022-07-07,177.860000610352,179.119995117188,177.509994506836,178.5,5725800,159.962997436523
2022-07-08,178.330001831055,179.990005493164,177.770004272461,178.279998779297,3828300,159.765853881836
2022-07-11,177.699996948242,179.020004272461,177.520004272461,178.350006103516,3645200,159.828598022461
2022-07-12,177.979995727539,178.449996948242,175.199996948242,175.850006103516,4708800,157.588226318359
2022-07-13,175.660003662109,176.330001831055,174.5,175.440002441406,5291700,157.220764160156
2022-07-14,172.529998779297,176.009994506836,172.300003051758,175.679992675781,5359600,157.435852050781
2022-07-15,177.710006713867,178.509994506836,176.550003051758,178.229995727539,5691100,159.721069335938
2022-07-18,177.740005493164,178.190002441406,173.910003662109,174.229995727539,7605700,156.136489868164
2022-07-19,176.330001831055,176.75,169.880004882812,171.690002441406,13256400,153.860214233398
2022-07-20,172.199996948242,172.550003051758,169.759994506836,170.710006713867,7455800,152.981994628906
2022-07-21,170.050003051758,171.389999389648,169.770004272461,171.309997558594,5729200,153.519668579102
2022-07-22,171.600006103516,172.490005493164,171.059997558594,172.119995117188,4257000,154.245574951172
2022-07-25,172.119995117188,172.979995727539,171.720001220703,172.460006713867,4437300,154.55029296875
2022-07-26,172.559997558594,174.979995727539,172.490005493164,173.679992675781,4525500,155.643569946289
2022-07-27,172.630004882812,174.100006103516,171.130004882812,173.199996948242,4648500,155.213409423828
2022-07-28,173.399993896484,176.089996337891,171.440002441406,174.199996948242,5513000,156.109558105469
2022-07-29,173.789993286133,174.850006103516,172.910003662109,174.520004272461,6451400,156.396347045898
2022-08-01,174.169998168945,175.160003662109,173.539993286133,173.910003662109,5461400,155.849685668945
2022-08-02,175.009994506836,175.490005493164,172.699996948242,172.919998168945,5794200,154.962493896484
2022-08-03,172.550003051758,175.259994506836,171.770004272461,174.589996337891,5010000,156.459091186523
2022-08-04,174.809997558594,175.089996337891,171.600006103516,171.789993286133,5651600,153.949829101562
2022-08-05,171.300003051758,171.529998779297,169.789993286133,171.110000610352,5235500,153.340454101562
2022-08-08,171.300003051758,171.479995727539,169.440002441406,170.199996948242,4629800,152.524948120117
2022-08-09,170.539993286133,171.119995117188,169.729995727539,170.179992675781,5532500,152.507019042969
2022-08-10,171.020004272461,171.240005493164,169.529998779297,170.669998168945,5603400,152.946151733398
2022-08-11,168.520004272461,169.949996948242,166.979995727539,167.139999389648,9328700,149.782745361328
2022-08-12,167.539993286133,167.940002441406,165.149993896484,165.300003051758,14606900,148.133804321289
2022-08-15,166,166.75,165.130004882812,166.089996337891,10072000,148.841766357422
2022-08-16,165.860000610352,168.25,165.600006103516,167.570007324219,7453600,150.168060302734
2022-08-17,166.410003662109,168.559997558594,166.410003662109,167.580001831055,7406600,150.177017211914
2022-08-18,167.679992675781,168.300003051758,165.929992675781,166.770004272461,8312100,149.451156616211
2022-08-19,167.100006103516,170.119995117188,167,169.309997558594,8128500,151.727386474609
2022-08-22,168.899993896484,168.919998168945,167.169998168945,167.589996337891,5462600,151.195098876953
2022-08-23,167,167.770004272461,165.800003051758,166.130004882812,5566300,149.8779296875
2022-08-24,166.559997558594,166.589996337891,165.070007324219,165.580001831055,5684300,149.381729125977
2022-08-25,165.949996948242,167.240005493164,164.699996948242,167.130004882812,5678700,150.780120849609
2022-08-26,167.460006713867,167.5,164.199996948242,164.270004272461,5667100,148.199905395508
2022-08-29,163.470001220703,163.839996337891,162.020004272461,163,5259200,147.054153442383
2022-08-30,163.300003051758,163.539993286133,162.029998779297,162.429992675781,6973300,146.539886474609
2022-08-31,163.229995727539,163.550003051758,161.270004272461,161.339996337891,8741700,145.556564331055
2022-09-01,161.490005493164,165.5,161.479995727539,165.339996337891,7509600,149.16520690918
2022-09-02,165.860000610352,166.199996948242,162.009994506836,162.740005493164,5803700,146.819595336914
2022-09-06,163.940002441406,166.220001220703,162.820007324219,163.179992675781,7394600,147.216522216797
2022-09-07,162.910003662109,164.419998168945,162.160003662109,164.070007324219,4590600,148.019454956055
2022-09-08,163.880004882812,165.419998168945,163.080001831055,165.389999389648,5838400,149.210311889648
2022-09-09,164.990005493164,166.199996948242,164.389999389648,165.710006713867,5500600,149.499038696289
2022-09-12,166.110000610352,166.570007324219,165.220001220703,165.639999389648,6365300,149.435882568359
2022-09-13,163.570007324219,164.440002441406,160.809997558594,161.330001831055,6726400,145.547515869141
2022-09-14,162.380004882812,165.360000610352,162.380004882812,164.660003662109,9555700,148.551727294922
2022-09-15,164.449996948242,166.070007324219,164.100006103516,165.080001831055,7174500,148.930679321289
2022-09-16,165.320007324219,167.630004882812,164.75,167.600006103516,20201500,151.204132080078
2022-09-19,166.300003051758,166.429992675781,164.080001831055,166.279998779297,7380900,150.013244628906
2022-09-20,165.220001220703,165.899993896484,164.320007324219,164.970001220703,7143400,148.831405639648
2022-09-21,165.020004272461,166.800003051758,163.240005493164,163.279998779297,8071200,147.306762695312
2022-09-22,163.149993896484,167.160003662109,162.830001831055,166.179992675781,7401100,149.92301940918
2022-09-23,165.740005493164,167.479995727539,164.660003662109,166.720001220703,9598600,150.410202026367
2022-09-26,165.800003051758,166.839996337891,164.380004882812,165.699996948242,8735500,149.489974975586
2022-09-27,166.360000610352,167.669998168945,164.399993896484,164.940002441406,8686700,148.80436706543
2022-09-28,166.25,167.380004882812,165.100006103516,166.360000610352,8660900,150.085418701172
2022-09-29,166.479995727539,167.169998168945,163.889999389648,164.529998779297,7008100,148.434448242188
2022-09-30,165,165.740005493164,163.320007324219,163.360000610352,8985200,147.37890625
2022-10-03,164.289993286133,164.380004882812,161.699996948242,163.199996948242,8657000,147.234573364258
2022-10-04,163.850006103516,166,162.919998168945,165.619995117188,6236100,149.417816162109
2022-10-05,165.020004272461,166.039993286133,164.210006713867,165.110000610352,4539400,148.957672119141
2022-10-06,164.789993286133,165,161.690002441406,161.910003662109,5890700,146.070785522461
2022-10-07,161.770004272461,162.220001220703,159.169998168945,160.199996948242,6363500,144.528030395508
2022-10-10,160.630004882812,161.279998779297,159.179992675781,160.410003662109,5315600,144.717514038086
2022-10-11,160.369995117188,164.110000610352,160.369995117188,162.729995727539,6212200,146.810516357422
2022-10-12,162.940002441406,164.880004882812,162.5,162.690002441406,4341700,146.774459838867
2022-10-13,160.889999389648,165.990005493164,160.75,165.149993896484,6465100,148.993789672852
2022-10-14,164.440002441406,165.679992675781,163.600006103516,164.460006713867,5684600,148.371337890625
2022-10-17,165.399993896484,167.210006713867,165.009994506836,166.589996337891,6710800,150.292938232422
2022-10-18,165,167.169998168945,163.050003051758,166.009994506836,10883600,149.769683837891
2022-10-19,166,166.25,163.889999389648,164.690002441406,10044600,148.578796386719
2022-10-20,165,165.740005493164,164.330001831055,165.110000610352,5659900,148.957672119141
2022-10-21,164.710006713867,169.369995117188,164.429992675781,168.710006713867,8487600,152.205551147461
2022-10-24,169.809997558594,172.080001831055,169.25,170.979995727539,6855500,154.253479003906
2022-10-25,170.169998168945,171.110000610352,168.520004272461,170.710006713867,5661900,154.009902954102
2022-10-26,171.320007324219,172.570007324219,170.520004272461,172.210006713867,6123800,155.363143920898
2022-10-27,172.350006103516,173.429992675781,171.720001220703,172.309997558594,5390900,155.453353881836
2022-10-28,173,175.389999389648,172.589996337891,174.869995117188,6073900,157.762924194336
2022-10-31,174.520004272461,175.160003662109,173.419998168945,173.970001220703,7810000,156.950942993164
2022-11-01,174.059997558594,174.630004882812,170.419998168945,173.089996337891,6985000,156.15705871582
2022-11-02,172.889999389648,173.940002441406,170.289993286133,170.429992675781,6877300,153.757278442383
2022-11-03,169.809997558594,171.470001220703,168.940002441406,170.720001220703,4819900,154.018890380859
2022-11-04,171.559997558594,172.5,169.240005493164,171.479995727539,5300900,154.704574584961
2022-11-07,171.669998168945,173.850006103516,171.440002441406,172.979995727539,6621000,156.057815551758
2022-11-08,173.130004882812,174.690002441406,172.179992675781,173.839996337891,5148400,156.833694458008
2022-11-09,174.270004272461,175,172.339996337891,172.449996948242,6150000,155.579681396484
2022-11-10,174.350006103516,174.770004272461,172.039993286133,174.470001220703,7877500,157.402069091797
2022-11-11,172.729995727539,173.110000610352,166.820007324219,169.25,11074700,152.69270324707
2022-11-14,170.25,173.259994506836,170.25,171.910003662109,6581500,155.092498779297
2022-11-15,172.190002441406,173,170.520004272461,172.389999389648,9351000,155.525527954102
2022-11-16,173.639999389648,174.990005493164,173.130004882812,173.460006713867,5500900,156.490859985352
2022-11-17,173,174.990005493164,172.979995727539,174.860000610352,4464100,157.75390625
2022-11-18,175,176.639999389648,174.619995117188,176.199996948242,6555700,158.962829589844
2022-11-21,175.889999389648,176.550003051758,174.830001831055,175.970001220703,5706600,159.779998779297
2022-11-22,176.399993896484,177.190002441406,176.330001831055,176.820007324219,4707900,160.551818847656
2022-11-23,176.440002441406,177.399993896484,176.009994506836,177.009994506836,5389200,160.72428894043
2022-11-25,177.380004882812,178.119995117188,176.860000610352,177.240005493164,3058600,160.933181762695
2022-11-28,176.75,177.770004272461,176.559997558594,177.330001831055,6183100,161.014877319336
2022-11-29,177.009994506836,177.259994506836,174.660003662109,176.089996337891,6700500,159.88899230957
2022-11-30,176.369995117188,178.009994506836,174.779998779297,178,13288000,161.623260498047
2022-12-01,179,179.960006713867,177.770004272461,178.740005493164,6282600,162.295150756836
2022-12-02,177.5,178.960006713867,176.960006713867,178.880004882812,5823900,162.422256469727
2022-12-05,178.360000610352,179.360000610352,178,178.779998779297,5120600,162.331481933594
2022-12-06,179.919998168945,180,175.929992675781,176.100006103516,7943500,159.898056030273
2022-12-07,176.570007324219,177.880004882812,176.229995727539,177.169998168945,5702600,160.869613647461
2022-12-08,176.820007324219,177.470001220703,176.339996337891,177.199996948242,4798500,160.896835327148
2022-12-09,177.119995117188,177.889999389648,175.660003662109,175.740005493164,4561000,159.571151733398
2022-12-12,175.949996948242,177.869995117188,175.600006103516,177.839996337891,4882400,161.477966308594
2022-12-13,179.100006103516,180.199996948242,178.309997558594,179.210006713867,9177500,162.721923828125
2022-12-14,178.580001831055,181.039993286133,178.580001831055,179.759994506836,9533600,163.221298217773
2022-12-15,179.199996948242,179.839996337891,176.399993896484,177.490005493164,7602400,161.160171508789
2022-12-16,177,177,174.860000610352,175.669998168945,18841800,159.507614135742
2022-12-19,175.350006103516,176.169998168945,174.070007324219,175.479995727539,5736000,159.335098266602
2022-12-20,176,176.440002441406,175.169998168945,175.669998168945,6174700,159.507614135742
2022-12-21,176.270004272461,178.179992675781,175.649993896484,177.679992675781,5472000,161.33268737793
2022-12-22,176.770004272461,177.509994506836,175.339996337891,177.029998779297,5709100,160.742462158203
2022-12-23,176.669998168945,177.520004272461,175.809997558594,177.479995727539,3683400,161.151092529297
2022-12-27,178.110000610352,178.350006103516,176.990005493164,177.429992675781,3067300,161.105651855469
2022-12-28,177.759994506836,178.449996948242,176.649993896484,176.660003662109,2645400,160.406524658203
2022-12-29,177.550003051758,178.300003051758,177.070007324219,177.559997558594,2828800,161.223724365234
2022-12-30,177.490005493164,177.770004272461,175.399993896484,176.649993896484,4216600,160.397445678711
2023-01-03,176.160003662109,178.380004882812,176.009994506836,178.190002441406,6344900,161.79573059082
2023-01-04,178.889999389648,180.190002441406,178.479995727539,180.130004882812,9788800,163.557250976562
2023-01-05,179.020004272461,179.990005493164,178.410003662109,178.800003051758,6255300,162.349639892578
2023-01-06,180.130004882812,180.929992675781,179.389999389648,180.25,5706000,163.666229248047
2023-01-09,179.300003051758,179.759994506836,175.179992675781,175.580001831055,7925300,159.425872802734
2023-01-10,175.699996948242,176.139999389648,174.320007324219,175.160003662109,5047500,159.044525146484
2023-01-11,175.570007324219,175.720001220703,172.110000610352,174.880004882812,6494800,158.790298461914
2023-01-12,174.259994506836,174.710006713867,172.800003051758,174,4269400,157.991271972656
2023-01-13,173.190002441406,174.009994506836,172.380004882812,173.429992675781,6088000,157.473693847656
2023-01-17,174,174.580001831055,172.089996337891,172.360000610352,6053300,156.502151489258
2023-01-18,171.649993896484,172,169.710006713867,169.759994506836,7047800,154.141326904297
2023-01-19,169.029998779297,171.279998779297,168.710006713867,169.529998779297,6939500,153.932510375977
2023-01-20,170.100006103516,170.110000610352,167.479995727539,168.740005493164,8620600,153.215209960938
2023-01-23,169.100006103516,169.630004882812,167.949996948242,168.309997558594,8425400,152.824783325195
2023-01-24,169.020004272461,170.990005493164,166.009994506836,168.309997558594,10541800,152.824783325195
2023-01-25,167.169998168945,169.509994506836,167.080001831055,169.509994506836,7099800,153.914367675781
2023-01-26,169.550003051758,169.910003662109,168.649993896484,168.889999389648,6946100,153.35139465332
2023-01-27,168.539993286133,168.869995117188,167.770004272461,168.229995727539,6058100,152.75212097168
2023-01-30,167.929992675781,168.539993286133,161.080001831055,162,23259100,147.095321655273
2023-01-31,161.699996948242,163.429992675781,161.050003051758,163.419998168945,11612500,148.384674072266
2023-02-01,162.990005493164,165.979995727539,162.399993896484,164.919998168945,9865300,149.746643066406
2023-02-02,163,166.220001220703,162.820007324219,165.539993286133,10099000,150.309585571289
2023-02-03,166.029998779297,166.339996337891,163.889999389648,164.610000610352,6868500,149.46516418457
2023-02-06,164.550003051758,164.850006103516,163.100006103516,163.360000610352,7021000,148.330169677734
2023-02-07,161.600006103516,163.880004882812,161.419998168945,163.399993896484,7310800,148.366500854492
2023-02-08,163.300003051758,164.559997558594,162.899993896484,163.610000610352,6054700,148.557205200195
2023-02-09,163.630004882812,164.800003051758,161.070007324219,161.399993896484,7949500,146.550491333008
2023-02-10,161.770004272461,162.789993286133,161.350006103516,162.149993896484,7028000,147.231506347656
2023-02-13,161.330001831055,162.820007324219,161.149993896484,162.75,6414700,147.776306152344
2023-02-14,162.740005493164,162.970001220703,161.759994506836,162.039993286133,6316000,147.131622314453
2023-02-15,161.949996948242,161.979995727539,159.289993286133,159.369995117188,12621800,144.707290649414
2023-02-16,159.070007324219,159.649993896484,157.919998168945,158.240005493164,11177000,143.681259155273
2023-02-17,157.020004272461,161.110000610352,156.619995117188,160.389999389648,12401900,146.680892944336
2023-02-21,159.649993896484,160.350006103516,157.889999389648,158,9423900,144.495162963867
2023-02-22,158.5,158.850006103516,157.369995117188,157.779998779297,9820200,144.293975830078
2023-02-23,157.710006713867,158.589996337891,156.669998168945,157.729995727539,9385100,144.248260498047
2023-02-24,156.649993896484,156.850006103516,155.210006713867,155.970001220703,8689700,142.638687133789
2023-02-27,156.449996948242,156.899993896484,155.080001831055,155.630004882812,7267100,142.327743530273
2023-02-28,154.979995727539,155.270004272461,153.039993286133,153.259994506836,9062300,140.16032409668
2023-03-01,153.009994506836,153.240005493164,151.910003662109,152.570007324219,6767000,139.529281616211
2023-03-02,151.75,152.759994506836,151.229995727539,152.449996948242,8762500,139.419555664062
2023-03-03,153.369995117188,154.119995117188,152.839996337891,154.020004272461,5747200,140.855361938477
2023-03-06,154.660003662109,155.729995727539,154.570007324219,155.559997558594,8148200,142.263717651367
2023-03-07,156.089996337891,156.25,153.350006103516,154.089996337891,7457700,140.919403076172
2023-03-08,153.979995727539,154.199996948242,152.479995727539,152.960006713867,6230500,139.885955810547
2023-03-09,153.460006713867,153.600006103516,150.710006713867,151.240005493164,7439400,138.312973022461
2023-03-10,151.860000610352,153.490005493164,151.100006103516,151.610000610352,8504300,138.651351928711
2023-03-13,152.089996337891,155.910003662109,151.570007324219,153.059997558594,10799600,139.977401733398
2023-03-14,153.279998779297,154.029998779297,151.899993896484,153.919998168945,8421200,140.763916015625
2023-03-15,152.839996337891,154.889999389648,152.529998779297,154.350006103516,7757700,141.157165527344
2023-03-16,153.449996948242,154.369995117188,152.600006103516,154.029998779297,7605500,140.864486694336
2023-03-17,154.479995727539,154.949996948242,152.300003051758,152.380004882812,20540700,139.355560302734
2023-03-20,152.470001220703,154.070007324219,152.380004882812,153.889999389648,7129000,140.736450195312
2023-03-21,154,154.130004882812,152.169998168945,153.889999389648,8376800,140.736450195312
2023-03-22,153.850006103516,154.059997558594,151.029998779297,151.050003051758,7943500,138.139221191406
2023-03-23,151.179992675781,151.690002441406,150.110000610352,151.130004882812,9051500,138.212371826172
2023-03-24,151.479995727539,152.759994506836,150.830001831055,152.649993896484,5696200,139.602447509766
2023-03-27,154.199996948242,154.539993286133,153.110000610352,153.300003051758,6772300,140.196899414062
2023-03-28,152.389999389648,153.449996948242,151.729995727539,151.820007324219,6115300,138.843399047852
2023-03-29,152.240005493164,153.380004882812,152.070007324219,153.309997558594,6012000,140.206008911133
2023-03-30,153.580001831055,153.800003051758,152.809997558594,153.429992675781,4555700,140.315765380859
2023-03-31,153.789993286133,155.190002441406,153.240005493164,155,9890000,141.751586914062
2023-04-03,154.949996948242,157.009994506836,153.940002441406,156.850006103516,6841900,143.443466186523
2023-04-04,156.970001220703,158.970001220703,156.589996337891,158.490005493164,8314500,144.943313598633
2023-04-05,164.369995117188,165.660003662109,162.759994506836,165.610000610352,16704200,151.454696655273
2023-04-06,165.990005493164,167.229995727539,164.800003051758,165.149993896484,9615400,151.034027099609
2023-04-10,164.630004882812,164.839996337891,163.639999389648,164.320007324219,5354000,150.274993896484
2023-04-11,164.419998168945,165.279998779297,164.039993286133,164.270004272461,5903800,150.229278564453
2023-04-12,163.940002441406,164.839996337891,163.100006103516,163.919998168945,5764100,149.9091796875
2023-04-13,164.179992675781,166.330001831055,163.809997558594,166.110000610352,5640600,151.911972045898
2023-04-14,165.970001220703,166.119995117188,164.059997558594,165.839996337891,7225100,151.665069580078
2023-04-17,165.740005493164,166.240005493164,164.940002441406,165.669998168945,8046400,151.509567260742
2023-04-18,164.25,164.690002441406,159.649993896484,161.009994506836,14571500,147.24787902832
2023-04-19,161.990005493164,162.679992675781,161.169998168945,162.529998779297,6752000,148.637969970703
2023-04-20,162.429992675781,163.820007324219,160.960006713867,163.580001831055,9498800,149.598236083984
2023-04-21,164.440002441406,164.970001220703,161.970001220703,162.690002441406,7014200,148.784317016602
2023-04-24,162.690002441406,163.809997558594,161.869995117188,163.679992675781,5278900,149.689666748047
2023-04-25,164.309997558594,165.350006103516,164.160003662109,165.179992675781,6263100,151.061477661133
2023-04-26,164.089996337891,164.389999389648,162.240005493164,162.619995117188,5518200,148.720306396484
2023-04-27,162.899993896484,163.410003662109,162.130004882812,163,5739700,149.067825317383
2023-04-28,162.809997558594,163.759994506836,162.559997558594,163.699996948242,6024900,149.707977294922
2023-05-01,163.600006103516,164.300003051758,162.240005493164,163.600006103516,4893400,149.61653137207
2023-05-02,164.339996337891,165.479995727539,163.559997558594,165.029998779297,7541700,150.924270629883
2023-05-03,165.550003051758,166.179992675781,162.509994506836,162.869995117188,5937200,148.948913574219
2023-05-04,162.679992675781,162.899993896484,161.25,162.130004882812,5128000,148.272155761719
2023-05-05,162.839996337891,163.130004882812,161.690002441406,162.679992675781,5194500,148.775115966797
2023-05-08,161.990005493164,162.570007324219,161.339996337891,162.309997558594,4994900,148.436782836914
2023-05-09,161.75,162.130004882812,160.789993286133,161.050003051758,5520500,147.284469604492
2023-05-10,161.199996948242,161.970001220703,160.059997558594,161.649993896484,6756600,147.833206176758
2023-05-11,161.830001831055,162.190002441406,159.389999389648,160.990005493164,5867600,147.229598999023
2023-05-12,161.360000610352,161.559997558594,160.009994506836,160.779998779297,3904200,147.037567138672
2023-05-15,160.800003051758,161.029998779297,158.940002441406,159.550003051758,5104500,145.912704467773
2023-05-16,159.059997558594,160.25,158.529998779297,159.339996337891,5599200,145.720611572266
2023-05-17,159.789993286133,160.059997558594,157.770004272461,158.990005493164,6840700,145.400573730469
2023-05-18,158.660003662109,158.929992675781,157.559997558594,158.479995727539,5173000,144.934173583984
2023-05-19,158.589996337891,159.929992675781,158.139999389648,158.910003662109,6527100,145.327392578125
2023-05-22,158,159.139999389648,156.779998779297,156.869995117188,5675900,144.544158935547
2023-05-23,157.100006103516,158.270004272461,156.369995117188,156.809997558594,5793000,144.488861083984
2023-05-24,157.080001831055,157.139999389648,155.919998168945,156.660003662109,5015100,144.350662231445
2023-05-25,156.050003051758,156.289993286133,153.720001220703,154.410003662109,6886100,142.277435302734
2023-05-26,154.690002441406,155.279998779297,154.199996948242,154.350006103516,6845400,142.22216796875
2023-05-30,153.970001220703,155.380004882812,153.320007324219,154.369995117188,5593100,142.240600585938
2023-05-31,154.699996948242,155.690002441406,153.850006103516,155.059997558594,11324600,142.876373291016
2023-06-01,154.539993286133,155.039993286133,153.149993896484,154.539993286133,7901300,142.397232055664
2023-06-02,154.720001220703,157.309997558594,154.089996337891,156.970001220703,7659700,144.636322021484
2023-06-05,156.75,158.639999389648,156.75,158.320007324219,6430500,145.880249023438
2023-06-06,159.580001831055,159.610000610352,157.399993896484,158.179992675781,5073600,145.751235961914
2023-06-07,158.100006103516,158.800003051758,157.440002441406,158.520004272461,6504300,146.064529418945
2023-06-08,158.5,160.419998168945,157.820007324219,160.259994506836,5818400,147.66780090332
2023-06-09,160.419998168945,160.729995727539,159.470001220703,160.009994506836,6264400,147.437438964844
2023-06-12,160,160.25,158.729995727539,159.899993896484,6510600,147.336059570312
2023-06-13,159.729995727539,160.839996337891,159.149993896484,160.740005493164,6066800,148.110107421875
2023-06-14,161.600006103516,162.080001831055,160.979995727539,161.559997558594,6699100,148.865646362305
2023-06-15,162.050003051758,163.910003662109,161.429992675781,163.729995727539,7138300,150.865158081055
2023-06-16,164.479995727539,164.990005493164,163.869995117188,164.229995727539,13426600,151.325881958008
2023-06-20,164.259994506836,165.309997558594,163.809997558594,164.130004882812,7995800,151.23371887207
2023-06-21,163.580001831055,164.919998168945,162.690002441406,163.880004882812,7177500,151.003387451172
2023-06-22,163.899993896484,165.720001220703,163.789993286133,165.619995117188,5485900,152.606658935547
2023-06-23,166.110000610352,166.270004272461,165.029998779297,165.479995727539,9450700,152.477645874023
2023-06-26,164.979995727539,164.979995727539,161.330001831055,163.630004882812,6978800,150.773025512695
2023-06-27,163.679992675781,163.880004882812,162.440002441406,163.289993286133,4927500,150.459732055664
2023-06-28,163.199996948242,163.199996948242,161.910003662109,162.960006713867,6780400,150.155654907227
2023-06-29,162.639999389648,164.320007324219,162.229995727539,164.100006103516,4547500,151.206100463867
2023-06-30,164.860000610352,165.940002441406,164.350006103516,165.520004272461,7580000,152.514511108398
2023-07-03,164.339996337891,164.389999389648,162.960006713867,163.350006103516,4033700,150.515029907227
2023-07-05,162.990005493164,163.919998168945,162.729995727539,162.809997558594,7224600,150.017440795898
2023-07-06,162.25,162.369995117188,161,161.600006103516,6332500,148.902526855469
2023-07-07,160.470001220703,161.039993286133,159.199996948242,159.25,7022200,146.737182617188
2023-07-10,159.429992675781,160.300003051758,159,159.509994506836,5739200,146.97673034668
2023-07-11,159.130004882812,160.300003051758,157.600006103516,158.630004882812,6606700,146.165893554688
2023-07-12,158.940002441406,158.940002441406,157.880004882812,158.080001831055,6940400,145.659118652344
2023-07-13,158,159.130004882812,157.410003662109,158.809997558594,6401700,146.331726074219
2023-07-14,159.179992675781,160.229995727539,158.979995727539,159.869995117188,5362200,147.308441162109
2023-07-17,159.75,159.869995117188,158.149993896484,159.070007324219,5486800,146.571319580078
2023-07-18,159.070007324219,160.889999389648,158.190002441406,159.059997558594,6332500,146.562118530273
2023-07-19,157.910003662109,160.410003662109,157.330001831055,158.740005493164,7522600,146.26725769043
2023-07-20,161.940002441406,169.139999389648,161.300003051758,168.380004882812,21892900,155.149795532227
2023-07-21,168.179992675781,170.820007324219,168.179992675781,170.190002441406,12080000,156.817581176758
2023-07-24,171.5,173.820007324219,170.990005493164,171.080001831055,15155400,157.637664794922
2023-07-25,170.449996948242,172.679992675781,169.75,172.389999389648,13790100,158.844696044922
2023-07-26,172,173.850006103516,171.399993896484,172.720001220703,14288200,159.148773193359
2023-07-27,172.179992675781,174.289993286133,172.039993286133,173.690002441406,12446400,160.042587280273
2023-07-28,174,175.360000610352,173.229995727539,174.479995727539,14138800,160.770492553711
2023-07-31,169.690002441406,170.220001220703,166.710006713867,167.529998779297,22632700,154.366607666016
2023-08-01,166.369995117188,169.089996337891,166.059997558594,168.889999389648,15810300,155.619705200195
2023-08-02,168.850006103516,171.240005493164,168.850006103516,169.910003662109,14595600,156.559585571289
2023-08-03,169.949996948242,171.320007324219,169.669998168945,170.639999389648,17424800,157.232192993164
2023-08-04,170.339996337891,172.679992675781,167.889999389648,169.039993286133,23415100,155.757919311523
2023-08-07,169.490005493164,173.339996337891,169.360000610352,173.100006103516,17736400,159.498916625977
2023-08-08,172.990005493164,173.550003051758,171.389999389648,173.179992675781,27378700,159.572631835938
2023-08-09,173,174.25,172.050003051758,173.070007324219,42974400,159.471282958984
2023-08-10,174,175.970001220703,171.639999389648,172.169998168945,48213800,158.641998291016
2023-08-11,172.479995727539,173.949996948242,171.619995117188,173.850006103516,45905600,160.190002441406
2023-08-14,173.520004272461,175.600006103516,171.75,173.440002441406,64036900,159.812210083008
2023-08-15,172.800003051758,174.559997558594,172.139999389648,172.940002441406,88958100,159.351516723633
2023-08-16,172.529998779297,174.729995727539,172.130004882812,172.389999389648,85832700,158.844696044922
2023-08-17,172.860000610352,175.389999389648,172.759994506836,174.009994506836,70904200,160.337417602539
2023-08-18,173.169998168945,173.990005493164,171.309997558594,172.490005493164,49631700,158.936874389648
2023-08-21,169.690002441406,169.850006103516,165.960006713867,167.350006103516,151319500,154.200729370117
2023-08-22,166.860000610352,167.839996337891,165.410003662109,166.020004272461,56834800,152.975204467773
2023-08-23,165.899993896484,166.5,163.470001220703,164.529998779297,119011400,151.602310180664
2023-08-24,164.029998779297,166.669998168945,163.860000610352,165.089996337891,70755100,152.11833190918
2023-08-25,164.300003051758,167.779998779297,164.059997558594,166.25,18185500,154.299346923828
2023-08-28,165,166.210006713867,163.169998168945,164.289993286133,18458000,152.480270385742
2023-08-29,164.869995117188,165.679992675781,162.770004272461,164.309997558594,12208600,152.498825073242
2023-08-30,165.110000610352,165.830001831055,163.679992675781,163.729995727539,9939100,151.960510253906
2023-08-31,163.369995117188,163.570007324219,161.279998779297,161.679992675781,15333000,150.057861328125
2023-09-01,161.419998168945,162.479995727539,160.009994506836,160.479995727539,8610100,148.944137573242
2023-09-05,160.559997558594,161.970001220703,160.279998779297,160.679992675781,9019800,149.129745483398
2023-09-06,159.839996337891,160,157.350006103516,158.009994506836,9753800,146.651702880859
2023-09-07,159.139999389648,161.059997558594,158.979995727539,160.029998779297,9931800,148.526458740234
2023-09-08,159.589996337891,160.679992675781,159.190002441406,160.559997558594,6957000,149.01838684082
2023-09-11,161.059997558594,162.690002441406,160.449996948242,162.660003662109,6309300,150.967422485352
2023-09-12,162.220001220703,163.929992675781,161.529998779297,163.580001831055,6045800,151.821319580078
2023-09-13,163.759994506836,164.949996948242,163,163.990005493164,7397500,152.201843261719
2023-09-14,164.679992675781,165.270004272461,163.440002441406,163.740005493164,7758400,151.969802856445
2023-09-15,163.979995727539,164.820007324219,161.210006713867,161.449996948242,13392100,149.84440612793
2023-09-18,162.119995117188,163.149993896484,160.75,162.470001220703,5789000,150.791091918945
2023-09-19,162.25,162.850006103516,161.380004882812,162.199996948242,5550800,150.540496826172
2023-09-20,162.190002441406,163.539993286133,161.660003662109,162.910003662109,3837400,151.199462890625
2023-09-21,162.570007324219,163.5,161.589996337891,161.660003662109,4526700,150.039306640625
2023-09-22,161.300003051758,161.399993896484,160.25,160.5,4976700,148.962692260742
2023-09-25,160.070007324219,160.360000610352,158.729995727539,160.259994506836,6722500,148.739929199219
2023-09-26,159.809997558594,160.080001831055,158.860000610352,159.020004272461,4904800,147.589096069336
2023-09-27,158.580001831055,158.759994506836,155.259994506836,157.110000610352,10211600,145.816375732422
2023-09-28,157.5,157.960006713867,156.220001220703,156.880004882812,7861900,145.602905273438
2023-09-29,157.369995117188,157.600006103516,155.350006103516,155.75,7680700,144.554138183594
2023-10-02,155.419998168945,155.419998168945,153.320007324219,155.149993896484,7259700,143.997268676758
2023-10-03,154.679992675781,155.5,153.889999389648,155.339996337891,5740800,144.173614501953
2023-10-04,155.570007324219,155.929992675781,154.570007324219,155.520004272461,4955200,144.340682983398
2023-10-05,156.270004272461,158.039993286133,156.070007324219,157.139999389648,5993300,145.84423828125
2023-10-06,157.080001831055,158.300003051758,156.589996337891,157.639999389648,5802200,146.30827331543
2023-10-09,157.179992675781,158.880004882812,157.089996337891,158.539993286133,4414100,147.143600463867
2023-10-10,158.380004882812,159.270004272461,157.899993896484,158.360000610352,5273500,146.976547241211
2023-10-11,158.460006713867,159.050003051758,156.039993286133,156.179992675781,6922900,144.953216552734
2023-10-12,155.919998168945,156.559997558594,155.070007324219,156.330001831055,5792400,145.09245300293
2023-10-13,156.729995727539,157.360000610352,156.050003051758,156.850006103516,5359800,145.575073242188
2023-10-16,157.820007324219,158.25,156.839996337891,157.529998779297,6408100,146.206176757812
2023-10-17,155.979995727539,158.949996948242,154.610000610352,156.089996337891,12244400,144.869705200195
2023-10-18,155.410003662109,155.949996948242,152.050003051758,152.729995727539,9097300,141.751220703125
2023-10-19,151.669998168945,153.110000610352,150.149993896484,152.320007324219,7733800,141.370712280273
2023-10-20,152.740005493164,153.869995117188,152.330001831055,153,7207000,142.001831054688
2023-10-23,152.860000610352,153.5,151.210006713867,151.389999389648,5874000,140.507568359375
2023-10-24,150.75,151.960006713867,150.130004882812,151.229995727539,6155300,140.35905456543
2023-10-25,151.240005493164,152.169998168945,150.229995727539,151.570007324219,5880800,140.67463684082
2023-10-26,151.970001220703,151.970001220703,148.880004882812,149,7612500,138.289352416992
2023-10-27,148.490005493164,148.660003662109,144.949996948242,145.600006103516,11385800,135.1337890625
2023-10-30,146.089996337891,147.240005493164,146,147.029998779297,8205300,136.460983276367
2023-10-31,147.539993286133,148.539993286133,146.639999389648,148.339996337891,7576900,137.676803588867
2023-11-01,149.190002441406,149.759994506836,148.460006713867,148.690002441406,5733000,138.001647949219
2023-11-02,147.710006713867,150.399993896484,147.539993286133,150.240005493164,5349100,139.44026184082
2023-11-03,151.210006713867,152.270004272461,150.149993896484,151.339996337891,4926800,140.461151123047
2023-11-06,151.779998779297,152.429992675781,151.369995117188,151.699996948242,4851400,140.795303344727
2023-11-07,151.929992675781,152.25,150.679992675781,150.899993896484,4840400,140.052780151367
2023-11-08,151.350006103516,151.830001831055,150.339996337891,150.350006103516,5460000,139.542327880859
2023-11-09,150.5,150.5,147.259994506836,147.419998168945,6973600,136.822937011719
2023-11-10,148.25,148.5,145.639999389648,147.25,6930700,136.665145874023
2023-11-13,147.25,147.899993896484,146.649993896484,147.630004882812,5889300,137.017852783203
2023-11-14,147.639999389648,148.539993286133,146.970001220703,147.660003662109,6713600,137.045715332031
2023-11-15,147.350006103516,149.419998168945,147.270004272461,148.800003051758,6729100,138.103729248047
2023-11-16,149.5,150.169998168945,148.639999389648,150.100006103516,6875600,139.310272216797
2023-11-17,150.550003051758,150.789993286133,149.070007324219,149.789993286133,7023300,139.022552490234
2023-11-20,147.910003662109,150.399993896484,147.539993286133,149.910003662109,8851700,140.248153686523
2023-11-21,150.100006103516,151.289993286133,149.610000610352,151.119995117188,5916300,141.380126953125
2023-11-22,151.630004882812,152.039993286133,150.389999389648,150.820007324219,4633500,141.099487304688
2023-11-24,150.860000610352,152.679992675781,150.860000610352,152.5,3351400,142.671203613281
2023-11-27,152.289993286133,152.320007324219,150.970001220703,151.279998779297,6449700,141.529846191406
2023-11-28,151.399993896484,151.809997558594,150.839996337891,151.630004882812,5909000,141.857269287109
2023-11-29,151.330001831055,152.199996948242,151.070007324219,152.110000610352,5190000,142.306335449219
2023-11-30,152.259994506836,155.139999389648,151.919998168945,154.660003662109,12481900,144.691986083984
2023-12-01,156.440002441406,158.460006713867,155.470001220703,158.380004882812,10342900,148.172241210938
2023-12-04,158,160.020004272461,158,158.880004882812,8920300,148.639984130859
2023-12-05,158.800003051758,159.630004882812,158.220001220703,158.550003051758,7268200,148.331298828125
2023-12-06,158.520004272461,158.660003662109,156.169998168945,156.619995117188,6642900,146.525665283203
2023-12-07,156.580001831055,156.580001831055,154.710006713867,155.399993896484,6532400,145.384292602539
2023-12-08,155.419998168945,155.850006103516,153.839996337891,154.419998168945,6254700,144.46745300293
2023-12-11,154.5,155.479995727539,154.350006103516,155.059997558594,6090400,145.066207885742
2023-12-12,155,155.320007324219,153.649993896484,155.070007324219,5324400,145.075576782227
2023-12-13,153.660003662109,155.940002441406,151.770004272461,155.789993286133,10764600,145.749160766602
2023-12-14,156.470001220703,157.160003662109,155.050003051758,156.869995117188,9240700,146.759552001953
2023-12-15,155.490005493164,156.690002441406,153.759994506836,155.160003662109,21727800,145.159774780273
2023-12-18,155.210006713867,156.440002441406,154.759994506836,155.440002441406,7231400,145.421737670898
2023-12-19,155.300003051758,156.5,154.940002441406,156.460006713867,6651500,146.376007080078
2023-12-20,156.539993286133,156.660003662109,153.110000610352,153.270004272461,7008300,143.391571044922
2023-12-21,153.690002441406,155.130004882812,153.300003051758,154.839996337891,4598600,144.860412597656
2023-12-22,155.25,156.529998779297,155.020004272461,155.460006713867,3798900,145.440460205078
2023-12-26,155,156.350006103516,154.850006103516,156.139999389648,4170000,146.076614379883
2023-12-27,155.5,156.520004272461,155.419998168945,156.350006103516,5288100,146.273071289062
2023-12-28,156,157.240005493164,155.990005493164,156.580001831055,4377500,146.488265991211
2023-12-29,156.509994506836,156.899993896484,155.979995727539,156.740005493164,4313700,146.637939453125
2024-01-02,156.929992675781,161.639999389648,156.789993286133,159.970001220703,9622100,149.659774780273
2024-01-03,160.639999389648,161.440002441406,159.800003051758,160.970001220703,8232000,150.595306396484
2024-01-04,161.589996337891,161.979995727539,160.419998168945,160.630004882812,6766600,150.277252197266
2024-01-05,160.5,161.339996337891,159.470001220703,161.130004882812,5602500,150.744995117188
2024-01-08,161.100006103516,161.660003662109,159.610000610352,161.529998779297,6569800,151.119247436523
2024-01-09,161.630004882812,163.279998779297,160.600006103516,161.630004882812,6357000,151.212768554688
2024-01-10,161.820007324219,162.619995117188,161.199996948242,161.869995117188,4945100,151.437301635742
2024-01-11,162.070007324219,162.199996948242,160.779998779297,161.149993896484,4946000,150.763702392578
2024-01-12,161.839996337891,162.470001220703,161.690002441406,162.389999389648,4496900,151.923812866211
2024-01-16,161.570007324219,162.25,160.179992675781,160.520004272461,6923200,150.17431640625
2024-01-17,160.25,161.300003051758,159.869995117188,160.429992675781,5072100,150.090133666992
2024-01-18,160,161.369995117188,159.690002441406,161.210006713867,5368500,150.819854736328
2024-01-19,161.149993896484,161.919998168945,160.279998779297,161.679992675781,7071300,151.259536743164
2024-01-22,162,163.580001831055,161.339996337891,162.470001220703,6824200,151.998657226562
2024-01-23,159.660003662109,160.509994506836,156.910003662109,159.809997558594,9149800,149.510070800781
2024-01-24,159.75,160.600006103516,158.160003662109,158.960006713867,7247900,148.714859008789
2024-01-25,159,159.619995117188,158.470001220703,159.559997558594,5478900,149.27619934082
2024-01-26,160.429992675781,160.740005493164,159.360000610352,159.5,5591900,149.220062255859
2024-01-29,159.009994506836,160.070007324219,158.960006713867,159.360000610352,6483200,149.089080810547
2024-01-30,159.350006103516,159.759994506836,158.130004882812,158.770004272461,7200500,148.537124633789
2024-01-31,160.399993896484,160.619995117188,158.669998168945,158.899993896484,8256800,148.658721923828
2024-02-01,158.160003662109,158.490005493164,157.050003051758,158.360000610352,8012000,148.153533935547
2024-02-02,157.970001220703,158.309997558594,155.940002441406,156.610000610352,8295900,146.516342163086
2024-02-05,156.610000610352,156.889999389648,155.339996337891,155.800003051758,9121600,145.758529663086
2024-02-06,155.830001831055,158.729995727539,155.600006103516,158.059997558594,9229900,147.872848510742
2024-02-07,157.800003051758,159.369995117188,157.690002441406,157.979995727539,8690300,147.79801940918
2024-02-08,157.339996337891,157.339996337891,155.309997558594,156.399993896484,9755000,146.319854736328
2024-02-09,156.270004272461,157.199996948242,155.669998168945,156.759994506836,6529200,146.656631469727
2024-02-12,156.580001831055,158.410003662109,156.350006103516,157.850006103516,6701500,147.676422119141
2024-02-13,157.639999389648,158.449996948242,155.75,156.470001220703,8621000,146.385345458984
2024-02-14,156.350006103516,156.460006713867,154.839996337891,155.740005493164,9098800,145.702407836914
2024-02-15,155.979995727539,158.479995727539,155.889999389648,157.919998168945,7462500,147.741897583008
2024-02-16,156.600006103516,157.259994506836,155.669998168945,156.550003051758,8541000,147.572219848633
2024-02-20,156.559997558594,158.610000610352,156.440002441406,157.860000610352,9501700,148.807067871094
2024-02-21,158.020004272461,158.690002441406,157.130004882812,158.679992675781,7472500,149.580047607422
2024-02-22,158.979995727539,160.740005493164,157.770004272461,160.449996948242,8065000,151.248550415039
2024-02-23,160.880004882812,162.25,160.160003662109,161.839996337891,6726000,152.558853149414
2024-02-26,161.800003051758,162.009994506836,160.570007324219,160.789993286133,5465400,151.569046020508
2024-02-27,160.339996337891,161.039993286133,159.639999389648,160.979995727539,5078600,151.748153686523
2024-02-28,161,161.610000610352,160.289993286133,161.550003051758,6071100,152.285491943359
2024-02-29,162,162.190002441406,160.940002441406,161.380004882812,9849100,152.125228881836
2024-03-01,161.830001831055,162.570007324219,161.089996337891,162.119995117188,5670100,152.822784423828
2024-03-04,161.320007324219,161.610000610352,158.270004272461,159.839996337891,8532900,150.673553466797
2024-03-05,160.619995117188,161.240005493164,159.199996948242,159.970001220703,8298200,150.796096801758
2024-03-06,159.460006713867,160.929992675781,159.220001220703,159.339996337891,5773700,150.202209472656
2024-03-07,160,160.360000610352,158.240005493164,158.869995117188,5188700,149.759170532227
2024-03-08,158.869995117188,160.389999389648,158.429992675781,159.520004272461,5284000,150.37190246582
2024-03-11,159.490005493164,161.320007324219,158.880004882812,161.229995727539,4620800,151.983825683594
2024-03-12,161.580001831055,163.110000610352,161.130004882812,162.740005493164,8018700,153.4072265625
2024-03-13,162.529998779297,162.679992675781,159.809997558594,161.100006103516,6260000,151.861282348633
2024-03-14,160.940002441406,161.539993286133,158.690002441406,159.210006713867,6988300,150.079666137695
2024-03-15,158.059997558594,159.190002441406,157.100006103516,158.179992675781,13165500,149.10871887207
2024-03-18,158.570007324219,158.690002441406,156.5,156.759994506836,6602300,147.770156860352
2024-03-19,156.669998168945,156.860000610352,155.660003662109,156.210006713867,7840600,147.251708984375
2024-03-20,155.699996948242,156.440002441406,155.210006713867,155.759994506836,5982300,146.827514648438
2024-03-21,155.589996337891,156.949996948242,155.100006103516,155.75,5915800,146.818084716797
2024-03-22,155.690002441406,156.360000610352,155.110000610352,155.229995727539,7248600,146.327911376953
2024-03-25,155.399993896484,155.979995727539,154.899993896484,155.220001220703,7498100,146.318496704102
2024-03-26,155.610000610352,156.229995727539,154.759994506836,155.770004272461,6864100,146.836944580078
2024-03-27,155.990005493164,158.220001220703,155.440002441406,157.960006713867,8461600,148.901351928711
2024-03-28,158.199996948242,159.139999389648,158.110000610352,158.190002441406,6181500,149.118179321289
2024-04-01,157.720001220703,158.149993896484,156.770004272461,157.779998779297,4364700,148.731674194336
2024-04-02,156.570007324219,157.830001831055,155.949996948242,157.729995727539,6102300,148.684524536133
2024-04-03,157.789993286133,158.050003051758,154.25,154.259994506836,8098200,145.413513183594
2024-04-04,155.309997558594,155.5,152.410003662109,152.5,6947400,143.754455566406
2024-04-05,152.029998779297,153.009994506836,151.610000610352,152.389999389648,6783000,143.650802612305
2024-04-08,151.990005493164,153.039993286133,151.559997558594,151.589996337891,5935400,142.89665222168
2024-04-09,151.550003051758,152.529998779297,150.940002441406,152.289993286133,6135300,143.556503295898
2024-04-10,151.529998779297,151.820007324219,149.759994506836,150.199996948242,6809500,141.586364746094
2024-04-11,150.800003051758,150.869995117188,148.389999389648,148.789993286133,8374400,140.257232666016
2024-04-12,148.059997558594,149.070007324219,147.149993896484,147.520004272461,7100200,139.06005859375
2024-04-15,148.369995117188,149.490005493164,147.369995117188,147.589996337891,8502300,139.126052856445
2024-04-16,145.009994506836,146.25,143.389999389648,144.449996948242,12774900,136.166107177734
2024-04-17,145,145.410003662109,143.539993286133,144.770004272461,9378100,136.4677734375
2024-04-18,144.979995727539,145.800003051758,143.130004882812,145.740005493164,9887700,137.382125854492
2024-04-19,146.149993896484,148.130004882812,144.539993286133,147.910003662109,9750800,139.427703857422
2024-04-22,148.509994506836,150.270004272461,147.300003051758,149.119995117188,10118700,140.568298339844
2024-04-23,149.860000610352,150.490005493164,148.199996948242,149.559997558594,10110400,140.983062744141
2024-04-24,148.139999389648,148.990005493164,146.860000610352,148.529998779297,9756300,140.012145996094
2024-04-25,149.369995117188,149.580001831055,146.330001831055,146.820007324219,7642700,138.40022277832
2024-04-26,146.699996948242,147.179992675781,145.949996948242,146.139999389648,6183000,137.759185791016
2024-04-29,146.139999389648,147.220001220703,145.990005493164,146.820007324219,6149600,138.40022277832
2024-04-30,146.880004882812,146.880004882812,144.529998779297,144.589996337891,8817700,136.298080444336
2024-05-01,148.740005493164,151.850006103516,147.619995117188,151.179992675781,14470900,142.510177612305
2024-05-02,152.039993286133,152.330001831055,149.139999389648,149.919998168945,8459800,141.322418212891
2024-05-03,149.889999389648,149.889999389648,147.820007324219,149.270004272461,6532700,140.709686279297
2024-05-06,149.869995117188,150.050003051758,147.910003662109,148.580001831055,5042800,140.059265136719
2024-05-07,149.380004882812,149.729995727539,148.449996948242,148.720001220703,7333500,140.19123840332
2024-05-08,149.119995117188,149.729995727539,148.699996948242,148.949996948242,7735100,140.408065795898
2024-05-09,148.979995727539,150.100006103516,148.889999389648,149.850006103516,6546200,141.256454467773
2024-05-10,150,150.089996337891,149.190002441406,149.910003662109,5710600,141.313003540039
2024-05-13,150.039993286133,152,149.710006713867,151.220001220703,5628500,142.547882080078
2024-05-14,151.850006103516,152.210006713867,150.699996948242,151.380004882812,8254200,142.698715209961
2024-05-15,151.820007324219,152.949996948242,151.300003051758,152.669998168945,5548000,143.914733886719
2024-05-16,153,154.380004882812,152.330001831055,154.279998779297,7591000,145.432388305664
2024-05-17,154.860000610352,154.860000610352,153.710006713867,154.639999389648,6521800,145.771728515625
2024-05-20,153.100006103516,153.389999389648,151.259994506836,151.270004272461,7742300,143.747665405273
2024-05-21,151.779998779297,152.589996337891,150.789993286133,151.240005493164,5492400,143.719161987305
2024-05-22,150.839996337891,154.080001831055,150.320007324219,153.5,6609800,145.866775512695
2024-05-23,152.75,152.839996337891,149.380004882812,149.699996948242,8000400,142.255737304688
2024-05-24,149.529998779297,149.809997558594,146.759994506836,146.970001220703,9520600,139.661499023438
2024-05-28,146.789993286133,146.789993286133,144.149993896484,144.380004882812,10499800,137.200286865234
2024-05-29,143.820007324219,145.419998168945,143.710006713867,144.440002441406,8263800,137.257308959961
2024-05-30,144.619995117188,145.610000610352,144.020004272461,145.279998779297,8490300,138.055526733398
2024-05-31,145.570007324219,147.479995727539,145.190002441406,146.669998168945,14621200,139.376403808594
2024-06-03,147.25,148.899993896484,146.770004272461,147.740005493164,7329200,140.393218994141
2024-06-04,147.479995727539,148.309997558594,146.190002441406,147.800003051758,8876400,140.450225830078
2024-06-05,147.970001220703,147.990005493164,145.850006103516,145.970001220703,5891300,138.711227416992
2024-06-06,145.5,147,144.660003662109,146.419998168945,5016300,139.138870239258
2024-06-07,146.679992675781,148.300003051758,146.339996337891,147.080001831055,5111600,139.766052246094
2024-06-10,146.529998779297,147.559997558594,145.600006103516,147.130004882812,5749900,139.813552856445
2024-06-11,146.809997558594,147.160003662109,145.440002441406,146.759994506836,5661200,139.461929321289
2024-06-12,147.059997558594,147.210006713867,144.779998779297,145.410003662109,6180500,138.179061889648
2024-06-13,145.070007324219,146,143.880004882812,145.449996948242,6840400,138.217071533203
2024-06-14,145.139999389648,145.970001220703,144.479995727539,145.539993286133,4075300,138.302612304688
2024-06-17,145.020004272461,146.429992675781,144.740005493164,145.949996948242,6666600,138.69221496582
2024-06-18,145.960006713867,146.389999389648,145.259994506836,145.649993896484,6156600,138.407135009766
2024-06-20,145.270004272461,148.080001831055,145.009994506836,147.779998779297,8749700,140.431213378906
2024-06-21,147.889999389648,149.080001831055,147.369995117188,148.75,15172300,141.352966308594
2024-06-24,149,149.720001220703,148.169998168945,149.119995117188,6914700,141.704574584961
2024-06-25,149.179992675781,149.199996948242,146.940002441406,147.190002441406,5912500,139.870559692383
2024-06-26,146.199996948242,147.190002441406,145.779998779297,146.820007324219,5267800,139.518951416016
2024-06-27,146.800003051758,147.360000610352,144.839996337891,145.800003051758,5739200,138.549697875977
2024-06-28,146.039993286133,147.070007324219,145.649993896484,146.160003662109,10495700,138.89176940918
2024-07-01,146.070007324219,148.699996948242,145.619995117188,146.440002441406,5144400,139.157852172852
2024-07-02,146.429992675781,147.149993896484,145.740005493164,146.029998779297,5492000,138.76823425293
2024-07-03,146.199996948242,146.649993896484,144.740005493164,145.690002441406,3246200,138.445159912109
2024-07-05,145.770004272461,146.550003051758,144.5,146.479995727539,4888500,139.195861816406
2024-07-08,146.399993896484,147.220001220703,145.25,145.479995727539,5260200,138.245590209961
2024-07-09,145.669998168945,147.130004882812,145.179992675781,147.050003051758,5890400,139.737503051758
2024-07-10,147.259994506836,149.470001220703,146.679992675781,149.429992675781,6093200,141.999145507812
2024-07-11,149.580001831055,150.580001831055,148.639999389648,149.699996948242,6350400,142.255737304688
2024-07-12,150,150.880004882812,149.240005493164,149.880004882812,5336400,142.426803588867
2024-07-15,150.080001831055,150.25,148.869995117188,149.240005493164,6711400,141.818634033203
2024-07-16,149.690002441406,151.080001831055,149.160003662109,151.009994506836,6469600,143.500579833984
2024-07-17,151.550003051758,157.490005493164,151.419998168945,156.580001831055,13801400,148.79362487793
2024-07-18,155.600006103516,157.070007324219,154.619995117188,155.419998168945,10166200,147.691268920898
2024-07-19,156.509994506836,156.509994506836,154.119995117188,154.690002441406,7398000,146.997589111328
2024-07-22,154.770004272461,155.110000610352,153.589996337891,154.240005493164,6840600,146.569976806641
2024-07-23,153.309997558594,153.5,151.570007324219,152.350006103516,6261900,144.773956298828
2024-07-24,152.759994506836,156.410003662109,152.330001831055,156.279998779297,7168200,148.508529663086
2024-07-25,156.479995727539,160.580001831055,156,159.639999389648,10019600,151.701461791992
2024-07-26,159.75,161.580001831055,159.470001220703,160.639999389648,8356900,152.651718139648
2024-07-29,159.970001220703,160,158.050003051758,158.559997558594,5625000,150.675155639648
2024-07-30,158.539993286133,161.550003051758,158.360000610352,161.330001831055,6545700,153.307403564453
2024-07-31,159.850006103516,160.350006103516,157.740005493164,157.850006103516,8293200,150.000473022461
2024-08-01,158.479995727539,160.809997558594,157.710006713867,160.759994506836,7213400,152.765747070312
2024-08-02,161.899993896484,164.850006103516,161,164.139999389648,11280400,155.977661132812
2024-08-05,163.789993286133,165.779998779297,160.580001831055,161.25,12032200,153.231399536133
2024-08-06,161.050003051758,161.479995727539,158.940002441406,158.970001220703,7607100,151.06477355957
2024-08-07,158.869995117188,160.619995117188,158.190002441406,158.899993896484,5993000,150.998229980469
2024-08-08,158.570007324219,160.699996948242,158.029998779297,160.220001220703,5094800,152.252578735352
2024-08-09,160.119995117188,160.929992675781,159.339996337891,160.619995117188,4579200,152.632705688477
2024-08-12,160.970001220703,161.699996948242,158.710006713867,159.880004882812,7605400,151.929504394531
2024-08-13,160.270004272461,160.369995117188,156.440002441406,158.389999389648,9711400,150.513610839844
2024-08-14,157.830001831055,159.550003051758,157.399993896484,158.479995727539,5141200,150.59912109375
2024-08-15,158.369995117188,159.5,157.839996337891,159.089996337891,7237800,151.178817749023
2024-08-16,159.139999389648,159.940002441406,158.179992675781,159.389999389648,5012800,151.463882446289
2024-08-19,159.460006713867,160.289993286133,159.130004882812,159.630004882812,4408400,151.691940307617
2024-08-20,160,160.929992675781,159.669998168945,160.160003662109,7275100,152.195587158203
2024-08-21,160.399993896484,161.479995727539,160.309997558594,161.429992675781,5019400,153.402435302734
2024-08-22,162,162.490005493164,160.789993286133,162.350006103516,6552100,154.27668762207
2024-08-23,162.5,164.220001220703,161.699996948242,164.130004882812,7093400,155.968170166016
2024-08-26,164.169998168945,165.710006713867,163.539993286133,164.610000610352,6870600,156.424285888672
2024-08-27,163.5,164.039993286133,162.160003662109,162.949996948242,4388700,156.022155761719
2024-08-28,163,165,162.710006713867,163.919998168945,5187000,156.950897216797
2024-08-29,164.630004882812,164.720001220703,163.360000610352,164.229995727539,7390100,157.247741699219
2024-08-30,164.119995117188,165.979995727539,163.809997558594,165.860000610352,7971000,158.808441162109
2024-09-03,165.240005493164,167.809997558594,164.770004272461,167.160003662109,6956500,160.053161621094
2024-09-04,167.809997558594,168.850006103516,166.039993286133,167.360000610352,6939100,160.244659423828
2024-09-05,167.199996948242,167.369995117188,164.830001831055,164.990005493164,4600400,157.975433349609
2024-09-06,165.179992675781,165.940002441406,164.119995117188,164.380004882812,6016900,157.391357421875
2024-09-09,164.839996337891,167.410003662109,164.470001220703,166.610000610352,7538200,159.526550292969
2024-09-10,167.5,168.460006713867,166.75,167.380004882812,6559600,160.263809204102
2024-09-11,166.789993286133,166.789993286133,164.089996337891,164.820007324219,5920200,157.81266784668
2024-09-12,164.199996948242,165.100006103516,162.710006713867,164.639999389648,4540900,157.64030456543
2024-09-13,164.740005493164,165.75,163.820007324219,165.520004272461,3693400,158.482879638672
2024-09-16,166.360000610352,167.25,165.779998779297,166.990005493164,5187800,159.890396118164
2024-09-17,166.240005493164,167.720001220703,165.929992675781,167.070007324219,5066500,159.966979980469
2024-09-18,166.630004882812,168.350006103516,165.740005493164,166.149993896484,4722800,159.08610534668
2024-09-19,166.229995727539,166.369995117188,164.419998168945,164.820007324219,4956100,157.81266784668
2024-09-20,164.300003051758,164.869995117188,163.550003051758,164.160003662109,11839000,157.180709838867
2024-09-23,164.399993896484,164.5,162.720001220703,163.220001220703,4671600,156.280685424805
2024-09-24,162.789993286133,163.490005493164,161.550003051758,162.779998779297,6041600,155.859375
2024-09-25,163,163.320007324219,160.360000610352,160.600006103516,5420000,153.772064208984
2024-09-26,160.240005493164,161.539993286133,160.020004272461,161.389999389648,6122000,154.528472900391
2024-09-27,162,163.429992675781,161.339996337891,161.399993896484,7553800,154.538040161133
2024-09-30,161.570007324219,162.179992675781,160.679992675781,162.059997558594,6010000,155.169982910156
2024-10-01,162.429992675781,162.75,161.179992675781,161.990005493164,4408000,155.102966308594
2024-10-02,161.509994506836,162.119995117188,160.649993896484,161.169998168945,4684400,154.317840576172
2024-10-03,160.779998779297,161.440002441406,160.220001220703,160.5,4791200,153.676315307617
2024-10-04,159.630004882812,160.5,158.779998779297,160.289993286133,5331100,153.475234985352
2024-10-07,160.25,160.860000610352,159.220001220703,159.529998779297,4266000,152.747543334961
2024-10-08,159.490005493164,160.25,158.949996948242,159.690002441406,4766300,152.900787353516
2024-10-09,159.919998168945,161.220001220703,159.509994506836,160.649993896484,6047200,153.819931030273
2024-10-10,161.360000610352,161.389999389648,160,160.509994506836,4793900,153.68586730957
2024-10-11,162.179992675781,162.660003662109,161.199996948242,161.460006713867,5253500,154.595489501953
2024-10-14,161.399993896484,162.139999389648,160.899993896484,161.600006103516,5964000,154.729568481445
2024-10-15,160,166.75,159,164.100006103516,10548000,157.123260498047
2024-10-16,164,164.990005493164,162.639999389648,164.279998779297,5982100,157.295593261719
2024-10-17,164.259994506836,165,163.630004882812,164.470001220703,4798000,157.477554321289
2024-10-18,164.889999389648,165.289993286133,163.929992675781,165.119995117188,5908000,158.099884033203
2024-10-21,165.100006103516,165.25,162.309997558594,162.830001831055,6082700,155.907257080078
2024-10-22,162.320007324219,163.729995727539,161.899993896484,163.449996948242,5680300,156.500885009766
2024-10-23,162.820007324219,166,162.419998168945,165.860000610352,7441600,158.808441162109
2024-10-24,165,165.509994506836,163.339996337891,163.669998168945,5386300,156.711532592773
2024-10-25,163.679992675781,163.919998168945,160.610000610352,160.880004882812,6400400,154.040161132812
2024-10-28,161.130004882812,161.970001220703,161,161.600006103516,4842500,154.729568481445
2024-10-29,161.460006713867,162.169998168945,160.059997558594,160.089996337891,5216900,153.283752441406
2024-10-30,159.449996948242,161.279998779297,159.029998779297,160.610000610352,5820500,153.781646728516
2024-10-31,159.990005493164,160.869995117188,159.460006713867,159.860000610352,8613900,153.063522338867
2024-11-01,160.580001831055,161.059997558594,159.880004882812,160.130004882812,5256400,153.322052001953
2024-11-04,159.699996948242,160.279998779297,158.070007324219,158.240005493164,4644000,151.51237487793
2024-11-05,157.669998168945,158.589996337891,156.350006103516,158.350006103516,6547100,151.617736816406
2024-11-06,159.899993896484,160.850006103516,157.350006103516,157.880004882812,8926600,151.167709350586
2024-11-07,158.470001220703,158.75,156.509994506836,156.729995727539,7522800,150.066604614258
2024-11-08,157,157.080001831055,155.410003662109,155.470001220703,8926100,148.860153198242
2024-11-11,155.619995117188,157.580001831055,154.910003662109,155.039993286133,7146800,148.448425292969
2024-11-12,154.529998779297,155.039993286133,152.369995117188,152.639999389648,7181400,146.150482177734
2024-11-13,152.5,153.509994506836,151.419998168945,153.240005493164,7161900,146.724975585938
2024-11-14,153.179992675781,153.589996337891,150.759994506836,151.869995117188,7716400,145.413208007812
2024-11-15,150.899993896484,154.429992675781,150.899993896484,154,11328500,147.452651977539
2024-11-18,152.589996337891,155.330001831055,152.330001831055,154.770004272461,7510600,148.189926147461
2024-11-19,153.949996948242,153.990005493164,152.050003051758,153,8233700,146.495178222656
2024-11-20,153.029998779297,153.25,151.809997558594,153.110000610352,9061300,146.600494384766
2024-11-21,153.619995117188,156.059997558594,152.809997558594,155.5,10141100,148.888870239258
2024-11-22,155.899993896484,157.119995117188,154.110000610352,155.169998168945,8266000,148.57292175293
2024-11-25,155.169998168945,157.039993286133,155.139999389648,155.779998779297,12256200,149.156982421875
2024-11-26,155.160003662109,155.25,153.160003662109,154.520004272461,5683500,149.1376953125
2024-11-27,154.630004882812,156.630004882812,154.600006103516,155.399993896484,4140400,149.987030029297
2024-11-29,154.889999389648,155.669998168945,154.169998168945,155.009994506836,5687800,149.610610961914
2024-12-02,154.75,155,153.929992675781,154.800003051758,6946500,149.407928466797
2024-12-03,154.800003051758,154.800003051758,152.309997558594,152.360000610352,8674400,147.052932739258
2024-12-04,151.289993286133,151.559997558594,149.75,150.470001220703,10333100,145.228759765625
2024-12-05,150,150.380004882812,148.949996948242,149.520004272461,7898100,144.311859130859
2024-12-06,149.389999389648,150.050003051758,148.380004882812,149.309997558594,8389600,144.109161376953
2024-12-09,149.289993286133,150.889999389648,148.440002441406,149.600006103516,8410300,144.389083862305
2024-12-10,149.929992675781,150.830001831055,148.330001831055,149.229995727539,9398700,144.031951904297
2024-12-11,148.5,148.5,146.369995117188,146.639999389648,13446700,141.532165527344
2024-12-12,147.199996948242,147.770004272461,146.009994506836,146.240005493164,6176300,141.146102905273
2024-12-13,145.660003662109,146.929992675781,145.039993286133,146.619995117188,8324900,141.512878417969
2024-12-16,146.729995727539,147.25,143.520004272461,143.850006103516,8732400,138.83935546875
2024-12-17,143.839996337891,146.660003662109,143.710006713867,146.410003662109,10343000,141.310165405273
2024-12-18,145.679992675781,146.740005493164,144.669998168945,144.75,9336100,139.7080078125
2024-12-19,144.139999389648,145.220001220703,143.369995117188,143.580001831055,9516700,138.578750610352
2024-12-20,143.050003051758,145.470001220703,142.75,144.470001220703,17702800,139.437744140625
2024-12-23,144.630004882812,145.330001831055,143.449996948242,145.270004272461,8720800,140.209884643555
2024-12-24,145,145.850006103516,144.330001831055,145.850006103516,3164100,140.769683837891
2024-12-26,145.509994506836,146.369995117188,145.089996337891,145.580001831055,4656300,140.509078979492
2024-12-27,144.869995117188,146.600006103516,144.679992675781,145.050003051758,5588300,139.99755859375
2024-12-30,144.839996337891,144.880004882812,142.949996948242,143.339996337891,6268700,138.347091674805
2024-12-31,143.759994506836,144.669998168945,143.309997558594,144.619995117188,5811400,139.58251953125
2025-01-02,145.229995727539,145.770004272461,143.779998779297,144.020004272461,6051300,139.003433227539
2025-01-03,144.070007324219,144.570007324219,143.619995117188,144.190002441406,5878800,139.167510986328
2025-01-06,143.509994506836,144.820007324219,142.929992675781,143.660003662109,7910500,138.655975341797
2025-01-07,143.759994506836,147.179992675781,143.589996337891,146.229995727539,8422000,141.136444091797
2025-01-08,145.490005493164,145.589996337891,141.440002441406,142.270004272461,11175600,137.314392089844
2025-01-10,141,143.669998168945,140.679992675781,142.059997558594,8821500,137.111724853516
2025-01-13,142.979995727539,145.070007324219,142.309997558594,144.470001220703,10376400,139.437744140625
2025-01-14,144.5,144.809997558594,142.860000610352,144.75,8681700,139.7080078125
2025-01-15,145.309997558594,146.050003051758,144.259994506836,144.970001220703,7434600,139.920333862305
2025-01-16,144.320007324219,148.070007324219,144.059997558594,147.770004272461,8964000,142.622817993164
2025-01-17,147.440002441406,148.380004882812,146.610000610352,147.029998779297,10773100,141.908599853516
2025-01-21,147.559997558594,148.860000610352,147.050003051758,148.149993896484,11111700,142.989547729492
2025-01-22,144,145.470001220703,142.110000610352,145.270004272461,16834700,140.209884643555
2025-01-23,145.440002441406,147.910003662109,144.809997558594,146.639999389648,10506400,141.532165527344
2025-01-24,146.809997558594,147.630004882812,146.380004882812,146.820007324219,9887300,141.70588684082
2025-01-27,148.449996948242,153.449996948242,148,152.889999389648,15152300,147.564483642578
2025-01-28,152.660003662109,152.970001220703,150.300003051758,150.380004882812,10320600,145.141891479492
2025-01-29,150.5,151.880004882812,150,151.149993896484,7156400,145.885055541992
2025-01-30,151.910003662109,154.139999389648,151.360000610352,152.869995117188,8911000,147.545150756836
2025-01-31,152.619995117188,153.179992675781,152.059997558594,152.149993896484,8457800,146.850234985352
2025-02-03,152,152.470001220703,150.779998779297,151.869995117188,6687500,146.579986572266
2025-02-04,151.360000610352,154.179992675781,150.949996948242,153.490005493164,9645000,148.143569946289
2025-02-05,153.820007324219,154.729995727539,153.309997558594,154.690002441406,8947000,149.3017578125
2025-02-06,154.789993286133,154.839996337891,153.380004882812,153.509994506836,7418100,148.162857055664
2025-02-07,153.529998779297,154.490005493164,152.800003051758,153.119995117188,6204900,147.786437988281
2025-02-10,153.610000610352,154.369995117188,152.289993286133,154.240005493164,6936200,148.867431640625
2025-02-11,154.110000610352,156.389999389648,153.940002441406,156.130004882812,7554500,150.691619873047
2025-02-12,155.270004272461,155.660003662109,154.270004272461,155.259994506836,7746000,149.851898193359
2025-02-13,155.259994506836,158.130004882812,154.789993286133,157.25,10704700,151.772583007812
2025-02-14,157.289993286133,157.470001220703,156.059997558594,156.149993896484,6411800,150.710906982422
2025-02-18,154.139999389648,155.449996948242,153.240005493164,154.990005493164,9670700,150.78874206543
2025-02-19,155,158.300003051758,154.75,157.889999389648,7974700,153.610122680664
2025-02-20,156.949996948242,159.949996948242,156.949996948242,159.679992675781,7224000,155.351608276367
2025-02-21,159.880004882812,163.509994506836,159.279998779297,162.300003051758,12546900,157.900588989258
2025-02-24,162.679992675781,164.869995117188,162.050003051758,163.740005493164,10201900,159.301559448242
2025-02-25,164.100006103516,166.429992675781,163.940002441406,166.089996337891,12303700,161.587860107422
2025-02-26,165.080001831055,165.130004882812,162.559997558594,163.080001831055,11396400,158.659423828125
2025-02-27,162.309997558594,163.949996948242,161.729995727539,163.729995727539,8364600,159.29182434082
2025-02-28,164.309997558594,165.940002441406,162.699996948242,165.020004272461,12037200,160.546844482422
2025-03-03,164.960006713867,167.330001831055,164.839996337891,167.279998779297,9191500,162.74560546875
2025-03-04,168.080001831055,169.990005493164,165.320007324219,165.419998168945,11999700,160.936019897461
2025-03-05,164.509994506836,166.460006713867,163.529998779297,165.119995117188,8744800,160.644149780273
2025-03-06,165,165.869995117188,163.509994506836,165.830001831055,8037900,161.334884643555
2025-03-07,165.130004882812,168.460006713867,164.699996948242,166.690002441406,9637600,162.171600341797
2025-03-10,167.479995727539,169.899993896484,167.050003051758,167.699996948242,17559000,163.154205322266
2025-03-11,167.199996948242,167.300003051758,165.050003051758,165.860000610352,9890300,161.36408996582
2025-03-12,163.729995727539,164.210006713867,162.229995727539,162.850006103516,8010700,158.435684204102
2025-03-13,163.429992675781,164.539993286133,162.660003662109,162.990005493164,5286700,158.571884155273
2025-03-14,162.119995117188,163.149993896484,161.100006103516,162.809997558594,6235800,158.396759033203
2025-03-17,162.410003662109,163.5,161.729995727539,162.839996337891,6669800,158.42594909668
2025-03-18,163.440002441406,164.860000610352,162.970001220703,164.25,7348800,159.797729492188
2025-03-19,163.970001220703,164.360000610352,162.210006713867,162.990005493164,5936400,158.571884155273
2025-03-20,163,163.199996948242,161.929992675781,163.020004272461,7485900,158.601058959961
2025-03-21,163,164.130004882812,162.479995727539,163.630004882812,17047100,159.194549560547
2025-03-24,162.839996337891,164.389999389648,162.5,163.289993286133,8046400,158.863739013672
2025-03-25,163.520004272461,164.190002441406,160.559997558594,161.020004272461,7456200,156.655288696289
2025-03-26,161.210006713867,162.490005493164,160.639999389648,161.720001220703,7223500,157.336318969727
2025-03-27,162.350006103516,164.070007324219,161.320007324219,163.130004882812,6752500,158.708099365234
2025-03-28,163.589996337891,164.520004272461,162.910003662109,163.710006713867,5760300,159.272384643555
2025-03-31,164.369995117188,166.630004882812,164.229995727539,165.839996337891,12481400,161.344635009766
2025-04-01,160.729995727539,161.809997558594,153.130004882812,153.25,23303100,149.095916748047
2025-04-02,154.009994506836,155.789993286133,153.449996948242,155.360000610352,10356900,151.148696899414
2025-04-03,158.75,160.649993896484,157.479995727539,159.820007324219,13249300,155.487808227539
2025-04-04,159.160003662109,159.820007324219,152.929992675781,153.240005493164,16601700,149.086181640625
2025-04-07,151.279998779297,152.710006713867,147.399993896484,150.619995117188,18083000,146.537185668945
2025-04-08,153.589996337891,153.589996337891,148,150,12018400,145.934005737305
2025-04-09,142.199996948242,153.190002441406,141.5,150.970001220703,18773700,146.877700805664
2025-04-10,150.369995117188,151.199996948242,145.130004882812,148.690002441406,13830500,144.659515380859
2025-04-11,149.330001831055,152.350006103516,148.190002441406,151.729995727539,9943900,147.617095947266
2025-04-14,151.589996337891,154.669998168945,151.169998168945,154.360000610352,10685300,150.175811767578
2025-04-15,155.699996948242,156.300003051758,152.100006103516,153.619995117188,10847700,149.455871582031
2025-04-16,155.369995117188,155.630004882812,152.240005493164,153.910003662109,7986900,149.738021850586
2025-04-17,154.160003662109,159.440002441406,154.160003662109,157.470001220703,10981100,153.201507568359
2025-04-21,157.960006713867,158.229995727539,155.490005493164,156.919998168945,6285400,152.666412353516
2025-04-22,157.550003051758,158.720001220703,156.259994506836,157.75,7136300,153.473922729492
2025-04-23,156.490005493164,157.100006103516,154.330001831055,155.380004882812,9099400,151.168167114258
2025-04-24,155.800003051758,155.899993896484,153.440002441406,154.929992675781,8310400,150.730361938477
2025-04-25,154.320007324219,154.899993896484,152.449996948242,154.580001831055,8643600,150.389862060547
2025-04-28,155.5,155.809997558594,153.820007324219,155.350006103516,5815200,151.138977050781
2025-04-29,155.449996948242,157.020004272461,154.289993286133,155.910003662109,5246700,151.683807373047
2025-04-30,158.199996948242,158.199996948242,155.020004272461,156.309997558594,9598200,152.072952270508
2025-05-01,155,155.089996337891,153.360000610352,154.460006713867,7325800,150.27311706543
2025-05-02,156.070007324219,156.720001220703,155.039993286133,156.119995117188,5974500,151.888107299805
2025-05-05,156.669998168945,156.789993286133,154.729995727539,155,5464100,150.798461914062
2025-05-06,154.820007324219,155.899993896484,153.690002441406,154.470001220703,8644200,150.282821655273
2025-05-07,154.740005493164,157.940002441406,154.5,157.300003051758,7853100,153.036117553711
2025-05-08,155.820007324219,157.029998779297,154.779998779297,155.660003662109,7606100,151.440582275391
2025-05-09,155.419998168945,156.059997558594,153.809997558594,154.220001220703,6520400,150.039627075195
2025-05-12,152.020004272461,155.360000610352,151.179992675781,154.139999389648,9023800,149.961776733398
2025-05-13,151.699996948242,151.699996948242,148.080001831055,148.440002441406,10549600,144.416290283203
2025-05-14,148.669998168945,148.820007324219,146.119995117188,146.360000610352,10216000,142.392669677734
2025-05-15,148,149.649993896484,147.330001831055,149.610000610352,7945800,145.554565429688
2025-05-16,149.669998168945,151.5,149.220001220703,151.330001831055,8051200,147.227951049805
2025-05-19,151.889999389648,152.660003662109,151.050003051758,152.490005493164,12639900,148.356506347656
2025-05-20,152.330001831055,154.039993286133,152.119995117188,153.660003662109,7351500,149.494781494141
2025-05-21,153.190002441406,154.429992675781,153,153.179992675781,7032200,149.027816772461
2025-05-22,152.649993896484,153.320007324219,151.369995117188,152.610000610352,7535300,148.473236083984
2025-05-23,153,153.479995727539,152.210006713867,152.940002441406,6727300,148.794311523438
2025-05-27,152.520004272461,154.039993286133,151.929992675781,153.25,6990700,150.374099731445
2025-05-28,153.279998779297,153.639999389648,151.929992675781,152.429992675781,8459300,149.569473266602
2025-05-29,151.75,154.039993286133,151.559997558594,153.580001831055,6810600,150.697891235352
2025-05-30,153.899993896484,155.710006713867,153.220001220703,155.210006713867,15529700,152.297317504883
2025-06-02,154.479995727539,155.539993286133,152.300003051758,155.399993896484,6669300,152.483734130859
2025-06-03,154.800003051758,155.660003662109,154.080001831055,154.419998168945,8209800,151.52214050293
2025-06-04,154.929992675781,154.929992675781,153.130004882812,153.220001220703,6983900,150.344650268555
2025-06-05,153.679992675781,154.089996337891,152.639999389648,153.660003662109,5295400,150.776382446289
2025-06-06,154,156.029998779297,154,155.029998779297,5391500,152.120697021484
2025-06-09,154.850006103516,155.990005493164,154.449996948242,155.229995727539,5319000,152.316925048828
2025-06-10,155.429992675781,157.440002441406,155.020004272461,156.449996948242,6791600,153.514053344727
2025-06-11,156.300003051758,156.600006103516,154.729995727539,155.259994506836,6016000,152.34635925293
2025-06-12,156.240005493164,156.679992675781,155.169998168945,156.660003662109,7075500,153.720092773438
2025-06-13,155.970001220703,157.669998168945,155.970001220703,157.100006103516,6587500,154.15185546875
2025-06-16,156.419998168945,156.5,154.449996948242,155.220001220703,7024000,152.307113647461
2025-06-17,154.970001220703,155.279998779297,152.100006103516,152.380004882812,6407100,149.520416259766
2025-06-18,152.570007324219,152.649993896484,150.710006713867,150.729995727539,8325200,147.9013671875
2025-06-20,151.259994506836,151.399993896484,149.039993286133,149.789993286133,22605500,146.97900390625
2025-06-23,149.740005493164,151.429992675781,149.740005493164,151.320007324219,7397900,148.480316162109
2025-06-24,151.5,152.720001220703,150.979995727539,152.190002441406,9544200,149.333984375
2025-06-25,151.380004882812,153.070007324219,150.729995727539,152.279998779297,7153700,149.422302246094
2025-06-26,152.699996948242,153.220001220703,151.529998779297,152.009994506836,7156900,149.157348632812
2025-06-27,152.009994506836,153.330001831055,151.009994506836,152.410003662109,10010800,149.549850463867
2025-06-30,152.160003662109,152.970001220703,151.520004272461,152.75,9039300,149.88346862793
2025-07-01,153,157.75,152.809997558594,155.919998168945,10896700,152.993988037109
2025-07-02,156,156.300003051758,155.070007324219,155.559997558594,5544000,152.640747070312
2025-07-03,155.429992675781,156.279998779297,154.880004882812,156.009994506836,3482500,153.082290649414
2025-07-07,156.020004272461,156.350006103516,154.889999389648,155.270004272461,6270900,152.356185913086
2025-07-08,154.479995727539,156.759994506836,154.210006713867,155.789993286133,6438200,152.866409301758
2025-07-09,155.789993286133,156.690002441406,155.070007324219,156.279998779297,6147400,153.347229003906
2025-07-10,156.100006103516,159.240005493164,155.820007324219,157.690002441406,6732900,154.730773925781
2025-07-11,157.089996337891,157.179992675781,155.179992675781,156.899993896484,7872000,153.955596923828
2025-07-14,156.869995117188,157.470001220703,155.520004272461,156.820007324219,10185600,153.877105712891
2025-07-15,156.360000610352,157.190002441406,154.800003051758,155.169998168945,6873200,152.258056640625
2025-07-16,160.300003051758,166.119995117188,159.800003051758,164.779998779297,22134800,161.687713623047
2025-07-17,163.179992675781,164.699996948242,162.300003051758,162.979995727539,11295700,159.921493530273
2025-07-18,163.929992675781,165.100006103516,163.360000610352,163.699996948242,9792600,160.627975463867
2025-07-21,163.770004272461,164.919998168945,162.779998779297,164.360000610352,8254000,161.275604248047
2025-07-22,165,168.059997558594,164.710006713867,167.929992675781,9288000,164.778594970703
2025-07-23,168.600006103516,169.119995117188,166.589996337891,169.100006103516,10617600,165.926651000977
2025-07-24,169.5,169.990005493164,168.880004882812,169.559997558594,6636900,166.378005981445
2025-07-25,169.75,169.880004882812,167.440002441406,168.300003051758,6254900,165.141662597656
2025-07-28,167.860000610352,167.940002441406,165.050003051758,166.220001220703,8014600,163.100692749023
2025-07-29,166.669998168945,168.779998779297,166.369995117188,168.110000610352,7663400,164.955215454102
2025-07-30,167.699996948242,168.610000610352,166.779998779297,167.259994506836,6189200,164.121170043945
2025-07-31,165.929992675781,167.070007324219,164.229995727539,164.740005493164,11036200,161.648483276367
2025-08-01,165.479995727539,167.619995117188,164.789993286133,167.330001831055,8927800,164.189865112305
2025-08-04,167.029998779297,171.190002441406,166.639999389648,171.039993286133,12679100,167.830230712891
2025-08-05,170.539993286133,171.559997558594,169.649993896484,170.740005493164,7934400,167.535873413086
2025-08-06,169.910003662109,172.179992675781,169.679992675781,170.589996337891,8957200,167.388671875
2025-08-07,171.169998168945,171.619995117188,169.919998168945,171.529998779297,9315900,168.311050415039
2025-08-08,171.020004272461,173.960006713867,170.389999389648,173.330001831055,7686800,170.077270507812
2025-08-11,173.399993896484,174.600006103516,173.050003051758,173.820007324219,7256800,170.558090209961
2025-08-12,174,174.759994506836,171.809997558594,172.779998779297,7916700,169.53759765625
2025-08-13,173,174.539993286133,172.699996948242,174.419998168945,5878700,171.146789550781
2025-08-14,174.309997558594,175.720001220703,172.720001220703,174.720001220703,8241700,171.441177368164
2025-08-15,175.570007324219,177.270004272461,174.960006713867,176.639999389648,9477600,173.325164794922
2025-08-18,176.5,177.570007324219,176.100006103516,176.25,9284000,172.942474365234
2025-08-19,176.039993286133,178.179992675781,175.979995727539,177.800003051758,9274200,174.46337890625
2025-08-20,178.5,180.610000610352,178,178.839996337891,9030000,175.483856201172
2025-08-21,178.550003051758,180.080001831055,178.160003662109,178.929992675781,8859600,175.572174072266
2025-08-22,180.039993286133,181.160003662109,177.470001220703,179.289993286133,9524000,175.925415039062
2025-08-25,179.520004272461,180.259994506836,178.289993286133,178.410003662109,6229100,175.061935424805
2025-08-26,176.75,177.160003662109,175.770004272461,176.490005493164,9145000,174.449111938477
2025-08-27,176.970001220703,177.690002441406,176.160003662109,176.789993286133,5951100,174.745620727539
2025-08-28,176.369995117188,176.490005493164,174.630004882812,175.449996948242,6424700,173.421142578125
2025-08-29,175.970001220703,177.410003662109,175.449996948242,177.169998168945,6942300,175.121231079102
2025-09-02,177.470001220703,179.199996948242,176.889999389648,178.059997558594,9049000,176.000946044922
2025-09-03,177.669998168945,178.289993286133,176.529998779297,178,7111700,175.941635131836
2025-09-04,178,178.899993896484,177.550003051758,178.759994506836,7854800,176.692855834961
2025-09-05,178,179.509994506836,176.559997558594,178.429992675781,9733800,176.366653442383
2025-09-08,177.360000610352,179.449996948242,176.699996948242,178.130004882812,8382500,176.07014465332
2025-09-09,178,178.089996337891,176.449996948242,176.960006713867,6005700,174.913681030273
2025-09-10,176.300003051758,176.610000610352,174.330001831055,175.789993286133,6891600,173.757202148438
2025-09-11,175.75,178.850006103516,175.630004882812,178.5,5792500,176.435852050781
2025-09-12,177.710006713867,178.800003051758,176.720001220703,178.059997558594,7220200,176.000946044922
2025-09-15,177.759994506836,178.990005493164,176.929992675781,177.399993896484,4768100,175.348571777344
2025-09-16,177.570007324219,177.619995117188,175.649993896484,176.460006713867,7959300,174.419464111328
2025-09-17,176.710006713867,178.509994506836,176.589996337891,177.199996948242,6714900,175.150894165039
2025-09-18,176.600006103516,177.020004272461,173.869995117188,174.160003662109,8200900,172.146057128906
2025-09-19,174.690002441406,177.160003662109,173.330001831055,176.190002441406,25621000,174.152587890625
2025-09-22,176.089996337891,176.639999389648,174.119995117188,174.210006713867,7193900,172.19548034668
2025-09-23,174.889999389648,176.970001220703,174.830001831055,176.580001831055,8350400,174.538055419922
2025-09-24,176.139999389648,176.949996948242,175.740005493164,176.690002441406,6676800,174.64680480957
2025-09-25,177.199996948242,178.399993896484,175.910003662109,177.729995727539,8475000,175.674758911133
2025-09-26,178.600006103516,179.910003662109,177.320007324219,179.710006713867,8634400,177.631881713867
2025-09-29,179.830001831055,181.869995117188,179.800003051758,181.619995117188,8597100,179.519775390625
2025-09-30,181.699996948242,185.990005493164,181.070007324219,185.419998168945,11569000,183.275833129883
2025-10-01,186,186.559997558594,183.910003662109,186.050003051758,13063800,183.898559570312
2025-10-02,184.190002441406,186.589996337891,184.089996337891,185.979995727539,7728100,183.829360961914
2025-10-03,187.059997558594,189.779998779297,186.910003662109,188.639999389648,8675100,186.458602905273
2025-10-06,188,189.919998168945,187.369995117188,188.160003662109,5806100,185.984161376953
2025-10-07,183.770004272461,189.229995727539,182.940002441406,188.889999389648,8776800,186.705703735352
2025-10-08,188.869995117188,190.220001220703,188.270004272461,189.690002441406,5751200,187.496475219727
2025-10-09,190,192.100006103516,189.729995727539,191.080001831055,7484800,188.870391845703
2025-10-10,192.009994506836,192.070007324219,189.850006103516,190.720001220703,9598000,188.514556884766
2025-10-13,189.830001831055,191.300003051758,189.279998779297,190.899993896484,7979500,188.692459106445
2025-10-14,192.919998168945,194.399993896484,185.880004882812,190.850006103516,13613300,188.643051147461
2025-10-15,191.479995727539,193.570007324219,189.300003051758,191.169998168945,9473000,188.959350585938
2025-10-16,191.339996337891,193.050003051758,190.429992675781,192.119995117188,10611800,189.898361206055
2025-10-17,192.5,193.600006103516,191.679992675781,193.220001220703,7764400,190.985641479492
2025-10-20,193.5,194.479995727539,192.330001831055,193.720001220703,8034700,191.479858398438
2025-10-21,193.009994506836,193.550003051758,191.770004272461,191.880004882812,6716000,189.661148071289
2025-10-22,192,193.449996948242,191.779998779297,192.940002441406,6343100,190.708892822266
2025-10-23,192.559997558594,194,191.539993286133,192.470001220703,8882500,190.24430847168
2025-10-24,192.199996948242,192.309997558594,189.419998168945,190.399993896484,6903400,188.1982421875
2025-10-27,189.990005493164,190.800003051758,189.529998779297,190.300003051758,7126000,188.099411010742
2025-10-28,189.259994506836,189.509994506836,186.619995117188,186.929992675781,8329500,184.768371582031
2025-10-29,186.699996948242,187.100006103516,184.660003662109,186.600006103516,10551100,184.442199707031
2025-10-30,187.080001831055,189.380004882812,186.910003662109,189.050003051758,7072500,186.863861083984
2025-10-31,187.460006713867,189.5,186.759994506836,188.869995117188,8791700,186.685943603516
2025-11-03,189,189.029998779297,185.520004272461,186.259994506836,7542600,184.10612487793
2025-11-04,186.830001831055,187.820007324219,185.619995117188,186.860000610352,7209400,184.699188232422
2025-11-05,186.639999389648,187.830001831055,185.399993896484,186,5049400,183.849136352539
2025-11-06,186.759994506836,187.520004272461,185.369995117188,186.970001220703,6767400,184.807907104492
2025-11-07,187.740005493164,188.350006103516,185.699996948242,186.570007324219,6959200,184.412551879883
2025-11-10,186,188.419998168945,185.119995117188,188.410003662109,5323800,186.23127746582
2025-11-11,189.389999389648,193.919998168945,189.050003051758,193.830001831055,7465600,191.588592529297
2025-11-12,193.360000610352,195.550003051758,193.070007324219,194.389999389648,8803000,192.142105102539
2025-11-13,194.210006713867,196,193.449996948242,195.25,8631600,192.992172241211
2025-11-14,195,197.179992675781,193.550003051758,195.929992675781,8824800,193.664306640625
2025-11-17,196.960006713867,200.279998779297,195.899993896484,199.580001831055,13257000,197.272094726562
2025-11-18,199.009994506836,200.300003051758,198.529998779297,200,12468600,197.687240600586
2025-11-19,200,203.479995727539,199.380004882812,202.509994506836,14690800,200.168212890625
2025-11-20,202,204.509994506836,201.570007324219,203.070007324219,10612600,200.721740722656
2025-11-21,203.960006713867,206.940002441406,202.990005493164,203.899993896484,13189100,201.542129516602
2025-11-24,203.710006713867,206.119995117188,203,206.050003051758,14803900,203.667282104492
2025-11-25,205.179992675781,207.720001220703,205.179992675781,206.669998168945,10275300,205.577133178711
2025-11-26,206.490005493164,207.809997558594,205.940002441406,207.559997558594,6729000,206.462417602539
2025-11-28,207,207.460006713867,204.630004882812,206.919998168945,5638300,205.825805664062
2025-12-01,206.5,207.699996948242,205.339996337891,205.339996337891,8473700,204.254150390625
2025-12-02,205.240005493164,205.610000610352,203.100006103516,205.419998168945,8393600,204.333740234375
2025-12-03,205.899993896484,207.020004272461,204.990005493164,205.330001831055,8363300,204.244216918945
2025-12-04,204.589996337891,204.860000610352,201.710006713867,202.479995727539,9049900,201.409286499023
2025-12-05,202.979995727539,203.449996948242,200.809997558594,201.929992675781,7785300,200.862182617188
2025-12-08,202.660003662109,203.259994506836,200.990005493164,201.619995117188,7785700,200.553833007812
2025-12-09,202.919998168945,205.539993286133,199.910003662109,199.960006713867,7509400,198.902618408203
2025-12-10,200.589996337891,206.800003051758,200.179992675781,206.539993286133,11599800,205.447814941406
2025-12-11,207.899993896484,211.240005493164,207.830001831055,210.009994506836,9009000,208.899459838867
2025-12-12,210.279998779297,212.270004272461,208.960006713867,211.580001831055,6922700,210.461166381836
2025-12-15,210.350006103516,215.190002441406,209.009994506836,214.169998168945,8467000,213.037460327148
2025-12-16,214,214.729995727539,208.809997558594,209.300003051758,9949800,208.193222045898
2025-12-17,209.389999389648,211.520004272461,208.460006713867,210.330001831055,8457600,209.2177734375
2025-12-18,209.800003051758,211.059997558594,207.759994506836,208.309997558594,7499900,207.208450317383
2025-12-19,207.559997558594,209.240005493164,206.029998779297,206.369995117188,24803900,205.278717041016
2025-12-22,206.130004882812,208.080001831055,205.5,207.320007324219,8187800,206.223693847656
2025-12-23,205.020004272461,206.529998779297,203.279998779297,205.779998779297,7047300,204.691833496094
2025-12-24,206,207.940002441406,205.570007324219,207.779998779297,2376500,206.681259155273
2025-12-26,207.529998779297,208.039993286133,206.710006713867,207.630004882812,2316700,206.53205871582
2025-12-29,208,209.470001220703,207.380004882812,207.559997558594,4348900,206.462417602539
2025-12-30,207.509994506836,207.690002441406,206.520004272461,206.910003662109,3937400,205.815856933594
