"Date","JPM.Open","JPM.High","JPM.Low","JPM.Close","JPM.Volume","JPM.Adjusted"
2021-01-04,127.5,127.860000610352,124.779998779297,125.870002746582,16819900,109.491569519043
2021-01-05,124.98999786377,126.300003051758,123.769996643066,125.650001525879,13731200,110.087333679199
2021-01-06,129.880004882812,132.770004272461,127.879997253418,131.550003051758,24909100,115.25658416748
2021-01-07,135.690002441406,138.190002441406,134.919998168945,135.869995117188,21940400,119.041519165039
2021-01-08,135.970001220703,136.350006103516,134.119995117188,136.020004272461,12035100,119.172973632812
2021-01-11,134.580001831055,138.199996948242,134.110000610352,138.050003051758,15937900,120.951507568359
2021-01-12,139.440002441406,141.660003662109,138.830001831055,140.220001220703,18033500,122.852714538574
2021-01-13,138.589996337891,140.789993286133,138.100006103516,140.350006103516,14816800,122.966659545898
2021-01-14,140.490005493164,142.75,140,141.169998168945,18565600,123.685073852539
2021-01-15,137.429992675781,141.649993896484,137.009994506836,138.639999389648,27881000,121.468460083008
2021-01-19,139.860000610352,140.699996948242,137.820007324219,138.039993286133,19843800,120.942749023438
2021-01-20,137.820007324219,138.169998168945,135.440002441406,135.970001220703,16028800,119.12914276123
2021-01-21,135.690002441406,136.160003662109,134.320007324219,134.830001831055,13411700,118.130332946777
2021-01-22,132.690002441406,134.399993896484,132.199996948242,133.789993286133,12933200,117.219123840332
2021-01-25,132.139999389648,133.169998168945,130.059997558594,132.119995117188,14212800,115.755973815918
2021-01-26,132.75,133.169998168945,131.339996337891,131.580001831055,11307800,115.282852172852
2021-01-27,129.589996337891,129.850006103516,127.349998474121,127.860000610352,17603900,112.023620605469
2021-01-28,129.899993896484,132.169998168945,128.990005493164,130.110000610352,13761800,113.994926452637
2021-01-29,131.190002441406,131.720001220703,128.190002441406,128.669998168945,14808100,112.733283996582
2021-02-01,129.399993896484,130.070007324219,128.479995727539,129.619995117188,11080700,113.565628051758
2021-02-02,131.940002441406,134.389999389648,131.220001220703,133.610000610352,12253600,117.06143951416
2021-02-03,133.649993896484,135.759994506836,133.509994506836,135.139999389648,10600800,118.40193939209
2021-02-04,135.470001220703,138.660003662109,135.470001220703,138.25,12419500,121.126754760742
2021-02-05,139.389999389648,139.490005493164,137.380004882812,137.979995727539,10051300,120.890182495117
2021-02-08,138.199996948242,140.300003051758,138.179992675781,140.139999389648,10136400,122.782653808594
2021-02-09,139.429992675781,139.979995727539,138.539993286133,139.580001831055,8614800,122.292022705078
2021-02-10,140,140.869995117188,139.039993286133,139.660003662109,10323200,122.362121582031
2021-02-11,139.660003662109,140.550003051758,138.220001220703,139.270004272461,9201000,122.020401000977
2021-02-12,139.050003051758,141.610000610352,139,141.25,8324600,123.75520324707
2021-02-16,143.550003051758,145.320007324219,142.399993896484,144.649993896484,12130600,126.734046936035
2021-02-17,143.949996948242,145.380004882812,143.119995117188,145.100006103516,10810100,127.128303527832
2021-02-18,144,145.789993286133,143.399993896484,145.589996337891,10587800,127.557632446289
2021-02-19,145.860000610352,148.839996337891,145.860000610352,148.020004272461,11969800,129.686660766602
2021-02-22,146.869995117188,150.190002441406,146.789993286133,149.410003662109,11488400,130.904479980469
2021-02-23,151.509994506836,152.309997558594,149.589996337891,150.610000610352,16234400,131.955871582031
2021-02-24,150.110000610352,153.759994506836,150.110000610352,153.259994506836,15061400,134.277648925781
2021-02-25,154.270004272461,154.899993896484,150.589996337891,151.179992675781,18127700,132.45524597168
2021-02-26,150.300003051758,150.869995117188,146.509994506836,147.169998168945,19829200,128.941925048828
2021-03-01,149.520004272461,151.380004882812,148.479995727539,150.5,14845500,131.859481811523
2021-03-02,150.080001831055,151.779998779297,149.839996337891,150.009994506836,14221700,131.430206298828
2021-03-03,151.229995727539,154.979995727539,150.820007324219,152.910003662109,14324100,133.970993041992
2021-03-04,152.610000610352,154.380004882812,148.619995117188,150.559997558594,20093900,131.912048339844
2021-03-05,153.220001220703,153.490005493164,147.970001220703,150.910003662109,18465100,132.218704223633
2021-03-08,152.470001220703,155.460006713867,150.75,152.910003662109,17133300,133.970993041992
2021-03-09,151.5,154.25,149.820007324219,151.830001831055,16238800,133.02473449707
2021-03-10,151.910003662109,156.160003662109,151.509994506836,155.130004882812,14342200,135.916015625
2021-03-11,154.110000610352,156.149993896484,153.360000610352,154.320007324219,11771500,135.20637512207
2021-03-12,156.860000610352,157.630004882812,155.070007324219,156.149993896484,12849500,136.809677124023
2021-03-15,156.350006103516,156.919998168945,153.960006713867,155.369995117188,12101100,136.126266479492
2021-03-16,154.089996337891,154.600006103516,152.190002441406,153.509994506836,12805600,134.496673583984
2021-03-17,155.339996337891,156.880004882812,153.050003051758,155.089996337891,13952400,135.881011962891
2021-03-18,157.600006103516,161.690002441406,157.110000610352,157.649993896484,21898500,138.123916625977
2021-03-19,155.509994506836,155.940002441406,151.190002441406,155.139999389648,54418800,135.924789428711
2021-03-22,152.800003051758,153.970001220703,150.610000610352,150.970001220703,19944800,132.271286010742
2021-03-23,150.330001831055,152.119995117188,148.960006713867,149.460006713867,17076300,130.948318481445
2021-03-24,150,153.179992675781,149.860000610352,150.619995117188,13079800,131.964614868164
2021-03-25,150,152.970001220703,149.330001831055,152.550003051758,15608300,133.655624389648
2021-03-26,154.300003051758,155.449996948242,152.550003051758,155.089996337891,16754400,135.881011962891
2021-03-29,152.119995117188,153.729995727539,151.039993286133,152.679992675781,17570300,133.769470214844
2021-03-30,154.460006713867,155.869995117188,153.880004882812,154.479995727539,13184300,135.346557617188
2021-03-31,153.279998779297,154.490005493164,152.119995117188,152.229995727539,16736700,133.375213623047
2021-04-01,151.899993896484,153.789993286133,151.550003051758,153.710006713867,16561500,134.671905517578
2021-04-05,154.399993896484,154.940002441406,152.600006103516,153.619995117188,13508000,135.385757446289
2021-04-06,152.789993286133,154.279998779297,151.860000610352,152.539993286133,13071600,134.433944702148
2021-04-07,153.100006103516,155.229995727539,152.649993896484,154.929992675781,16903500,136.540283203125
2021-04-08,154,155.509994506836,152.309997558594,155.119995117188,12335500,136.707702636719
2021-04-09,155.809997558594,157.039993286133,154.970001220703,156.279998779297,12122400,137.730056762695
2021-04-12,155.580001831055,157.25,155.570007324219,155.949996948242,12273400,137.439193725586
2021-04-13,154.75,155.199996948242,152.429992675781,154.089996337891,16113600,135.799987792969
2021-04-14,151.470001220703,153.830001831055,150.929992675781,151.210006713867,19939600,133.261825561523
2021-04-15,151.25,152.199996948242,149.320007324219,152.169998168945,17694100,134.107864379883
2021-04-16,153.869995117188,154.509994506836,152.690002441406,153.300003051758,13773400,135.103775024414
2021-04-19,153.419998168945,153.880004882812,152.220001220703,152.649993896484,11900200,134.530899047852
2021-04-20,151.740005493164,151.75,148.649993896484,149.270004272461,13716700,131.552093505859
2021-04-21,147.789993286133,150.610000610352,146.789993286133,150.539993286133,12236700,132.671356201172
2021-04-22,150.229995727539,150.300003051758,147.259994506836,147.369995117188,15256100,129.87760925293
2021-04-23,147.179992675781,151.130004882812,146.690002441406,150.190002441406,14041900,132.362869262695
2021-04-26,150.779998779297,152.460006713867,150.380004882812,150.559997558594,10799100,132.688949584961
2021-04-27,150.5,151.570007324219,150.110000610352,151.25,12821200,133.297058105469
2021-04-28,152.429992675781,152.889999389648,151.399993896484,152.229995727539,8943700,134.160766601562
2021-04-29,153.539993286133,155.279998779297,153.199996948242,155.190002441406,12976900,136.769424438477
2021-04-30,154.100006103516,154.490005493164,153.009994506836,153.809997558594,11705100,135.55322265625
2021-05-03,154.850006103516,155.479995727539,153.130004882812,153.360000610352,11801100,135.156631469727
2021-05-04,152.869995117188,155.639999389648,152.139999389648,155.479995727539,12977700,137.024993896484
2021-05-05,156,158.279998779297,154.630004882812,157.520004272461,10506700,138.822830200195
2021-05-06,158.070007324219,160.820007324219,157.160003662109,160.690002441406,13542400,141.616577148438
2021-05-07,157.220001220703,161.5,157.020004272461,161.240005493164,14257800,142.101272583008
2021-05-10,161.5,163.729995727539,161.119995117188,161.220001220703,14014300,142.083648681641
2021-05-11,161.080001831055,162.389999389648,158.039993286133,158.539993286133,15451700,139.721755981445
2021-05-12,159.610000610352,160.779998779297,157.029998779297,157.449996948242,14381700,138.761169433594
2021-05-13,158.179992675781,162.449996948242,157.679992675781,161.5,15395000,142.330444335938
2021-05-14,162.389999389648,164.449996948242,161.990005493164,164.009994506836,10584000,144.542465209961
2021-05-17,163.369995117188,164.850006103516,163.029998779297,164.669998168945,9886800,145.124145507812
2021-05-18,164.679992675781,165.5,162.240005493164,162.350006103516,11098100,143.079513549805
2021-05-19,161,161.179992675781,158.639999389648,161.110000610352,13278900,141.986755371094
2021-05-20,160.830001831055,161.860000610352,159.520004272461,160.830001831055,10426000,141.739944458008
2021-05-21,161.339996337891,163.220001220703,160.940002441406,162.660003662109,10249000,143.352737426758
2021-05-24,163.360000610352,164.229995727539,162.119995117188,163.539993286133,9440300,144.12825012207
2021-05-25,163.850006103516,165.699996948242,161.559997558594,161.850006103516,12609100,142.638870239258
2021-05-26,163.570007324219,163.740005493164,161.309997558594,161.830001831055,13058300,142.621276855469
2021-05-27,163.949996948242,164.75,162.570007324219,164.350006103516,15707500,144.842163085938
2021-05-28,164.679992675781,164.940002441406,163.259994506836,164.240005493164,10291300,144.745178222656
2021-06-01,165.869995117188,166.910003662109,165.479995727539,166.050003051758,9445400,146.34033203125
2021-06-02,167.259994506836,167.440002441406,165.529998779297,166.059997558594,10498600,146.349166870117
2021-06-03,165.410003662109,167.25,164.660003662109,166.169998168945,13354400,146.44612121582
2021-06-04,166.210006713867,166.669998168945,165.029998779297,166.440002441406,8510800,146.684066772461
2021-06-07,167,167.100006103516,165.139999389648,165.660003662109,7267200,145.996627807617
2021-06-08,164.490005493164,165.759994506836,163.160003662109,165,10370700,145.415008544922
2021-06-09,164.139999389648,164.220001220703,162.279998779297,162.940002441406,12377400,143.599502563477
2021-06-10,164.360000610352,165.240005493164,160.309997558594,160.399993896484,12119400,141.360992431641
2021-06-11,160.429992675781,161.199996948242,159.059997558594,160.289993286133,13683800,141.264053344727
2021-06-14,160.149993896484,160.330001831055,156.660003662109,157.570007324219,19917900,138.866882324219
2021-06-15,156.699996948242,156.919998168945,154.130004882812,155.179992675781,24485500,136.760604858398
2021-06-16,154.729995727539,157.619995117188,153.110000610352,156.270004272461,25321200,137.721206665039
2021-06-17,157.100006103516,157.460006713867,151.25,151.759994506836,29722400,133.746536254883
2021-06-18,149.300003051758,149.699996948242,147.559997558594,147.919998168945,43595700,130.362319946289
2021-06-21,149.080001831055,151.199996948242,149.020004272461,150.429992675781,18664800,132.574417114258
2021-06-22,150.600006103516,150.970001220703,148.660003662109,150.210006713867,14251200,132.380493164062
2021-06-23,150.199996948242,152.039993286133,150.089996337891,151.119995117188,12733300,133.182510375977
2021-06-24,151.919998168945,153.119995117188,151.220001220703,152.509994506836,13733200,134.407501220703
2021-06-25,152.589996337891,154.5,151.669998168945,154.050003051758,15484900,135.764724731445
2021-06-28,153.699996948242,154.479995727539,152.119995117188,154.330001831055,14125800,136.011505126953
2021-06-29,155,156.309997558594,153.610000610352,154.139999389648,14528700,135.844009399414
2021-06-30,153.75,156.080001831055,153.710006713867,155.539993286133,12531000,137.077865600586
2021-07-01,156.259994506836,157.139999389648,155.419998168945,157.080001831055,10479400,138.435073852539
2021-07-02,155.949996948242,156.320007324219,155.119995117188,156.029998779297,11424000,138.302108764648
2021-07-06,155.779998779297,155.779998779297,152.350006103516,153.410003662109,15083400,135.979782104492
2021-07-07,152.009994506836,154.279998779297,151.550003051758,153.589996337891,12271800,136.139358520508
2021-07-08,151.610000610352,152.529998779297,150.039993286133,150.940002441406,17834600,133.790451049805
2021-07-09,153.050003051758,156.149993896484,152.580001831055,155.770004272461,13694500,138.071655273438
2021-07-12,154.350006103516,159.160003662109,153.940002441406,158,19940400,140.048294067383
2021-07-13,156.050003051758,157.389999389648,153.5,155.649993896484,22671700,137.965301513672
2021-07-14,155.949996948242,157.279998779297,152.949996948242,155.119995117188,14622800,137.495498657227
2021-07-15,153.899993896484,156.529998779297,153.699996948242,155.460006713867,11539300,137.796875
2021-07-16,155.960006713867,156.279998779297,151.020004272461,151.910003662109,14002700,134.650192260742
2021-07-19,148.550003051758,149.820007324219,145.710006713867,146.970001220703,22172900,130.271484375
2021-07-20,146.520004272461,151.119995117188,146.330001831055,149.710006713867,15385200,132.700210571289
2021-07-21,152.050003051758,153.649993896484,151.360000610352,152.860000610352,12356700,135.492324829102
2021-07-22,152.880004882812,153.440002441406,149.970001220703,150.929992675781,9913300,133.781539916992
2021-07-23,151.479995727539,152.839996337891,150.25,150.639999389648,9666100,133.524520874023
2021-07-26,150.190002441406,151.960006713867,150.169998168945,151.649993896484,8208000,134.41975402832
2021-07-27,150.399993896484,152.490005493164,149.800003051758,151.449996948242,11218700,134.242477416992
2021-07-28,152.289993286133,152.770004272461,150.880004882812,151.699996948242,9217300,134.464050292969
2021-07-29,153.139999389648,153.869995117188,151.910003662109,153,9063500,135.61637878418
2021-07-30,152.580001831055,153.669998168945,151.199996948242,151.779998779297,9805200,134.53498840332
2021-08-02,152.029998779297,154.449996948242,151.070007324219,151.169998168945,10203200,133.994277954102
2021-08-03,151.949996948242,153.320007324219,149.520004272461,152.889999389648,10394800,135.518859863281
2021-08-04,151.25,153.369995117188,150.910003662109,151.240005493164,10155000,134.056335449219
2021-08-05,152.279998779297,153.690002441406,152.009994506836,153.149993896484,9151500,135.74934387207
2021-08-06,155.190002441406,157.820007324219,155.110000610352,157.5,13328800,139.605117797852
2021-08-09,157.520004272461,158.550003051758,155.899993896484,157.330001831055,9516900,139.454391479492
2021-08-10,156.740005493164,159.979995727539,156.309997558594,159.259994506836,8667000,141.165115356445
2021-08-11,160,161.5,159.080001831055,161.160003662109,9156500,142.849258422852
2021-08-12,161.880004882812,162.369995117188,160.550003051758,161.789993286133,8844200,143.407653808594
2021-08-13,161.789993286133,162.160003662109,159.570007324219,159.979995727539,8980900,141.803314208984
2021-08-16,158.940002441406,159.029998779297,156.779998779297,158.929992675781,8755800,140.872619628906
2021-08-17,157.570007324219,158.860000610352,155.270004272461,157.009994506836,9347200,139.170761108398
2021-08-18,156.309997558594,158.009994506836,155.339996337891,155.580001831055,8065500,137.903244018555
2021-08-19,153.160003662109,155.559997558594,153.009994506836,154.279998779297,9517700,136.750915527344
2021-08-20,154.350006103516,154.899993896484,153.160003662109,154.720001220703,6974100,137.140960693359
2021-08-23,155.330001831055,157.089996337891,155.240005493164,156.699996948242,7934600,138.895980834961
2021-08-24,157,158.550003051758,156.869995117188,157.669998168945,7670900,139.755798339844
2021-08-25,158.509994506836,161.779998779297,157.800003051758,160.919998168945,11335000,142.636489868164
2021-08-26,162.259994506836,163.830001831055,161.149993896484,161.75,11027500,143.372222900391
2021-08-27,161.75,163.160003662109,161.259994506836,163.050003051758,8780200,144.524520874023
2021-08-30,163.210006713867,163.490005493164,159.880004882812,160.440002441406,7937600,142.211013793945
2021-08-31,160.440002441406,161.369995117188,159.350006103516,159.949996948242,12340800,141.776763916016
2021-09-01,160.220001220703,160.759994506836,158.970001220703,159.720001220703,8729900,141.572875976562
2021-09-02,160.020004272461,161.610000610352,159.429992675781,160.460006713867,8813300,142.228790283203
2021-09-03,160.389999389648,160.889999389648,159.149993896484,159.490005493164,7959700,141.36897277832
2021-09-07,159.990005493164,161.380004882812,158.960006713867,159.210006713867,9285600,141.120819091797
2021-09-08,158.889999389648,159.580001831055,158.039993286133,158.5,7852700,140.491470336914
2021-09-09,158.270004272461,160.830001831055,158.080001831055,159.190002441406,7904300,141.103088378906
2021-09-10,160.559997558594,160.720001220703,157.220001220703,157.360000610352,8311600,139.480972290039
2021-09-13,158.529998779297,160.050003051758,158.070007324219,159.860000610352,10052800,141.696975708008
2021-09-14,160.449996948242,161.339996337891,156.259994506836,157.070007324219,11685600,139.223968505859
2021-09-15,156.720001220703,158.690002441406,156.470001220703,158.160003662109,11691500,140.190078735352
2021-09-16,159.410003662109,160.850006103516,157.220001220703,158.089996337891,10880900,140.128051757812
2021-09-17,157.380004882812,159.009994506836,157,157.679992675781,25581600,139.764633178711
2021-09-20,153.889999389648,154.559997558594,150.490005493164,152.960006713867,15819900,135.580917358398
2021-09-21,153.529998779297,154.550003051758,152.580001831055,152.979995727539,8999900,135.5986328125
2021-09-22,155.199996948242,157.25,155.100006103516,155.910003662109,11236200,138.195739746094
2021-09-23,158,161.710006713867,157.669998168945,161.179992675781,12336100,142.866973876953
2021-09-24,161.440002441406,163.589996337891,160.820007324219,163.039993286133,10102400,144.515655517578
2021-09-27,165,167.399993896484,164.610000610352,166.979995727539,13220900,148.008026123047
2021-09-28,167.699996948242,169.300003051758,165.660003662109,166.080001831055,13387900,147.210266113281
2021-09-29,166.210006713867,166.899993896484,165.039993286133,165.949996948242,7777100,147.095001220703
2021-09-30,166.919998168945,166.990005493164,162.789993286133,163.690002441406,13161200,145.091812133789
2021-10-01,164,168.300003051758,163.600006103516,167.130004882812,11285000,148.140960693359
2021-10-04,166.970001220703,170.440002441406,165.729995727539,166.949996948242,14120000,147.981399536133
2021-10-05,167.210006713867,170.139999389648,166.669998168945,168.660003662109,12292900,150.397964477539
2021-10-06,167.990005493164,169.100006103516,166,169.020004272461,8692600,150.718978881836
2021-10-07,171.199996948242,171.509994506836,169.539993286133,170.089996337891,10195400,151.673141479492
2021-10-08,170.020004272461,171.339996337891,169.300003051758,170.220001220703,8190100,151.789047241211
2021-10-11,170.800003051758,171.289993286133,166.460006713867,166.639999389648,12154700,148.5966796875
2021-10-12,165.75,166.690002441406,164.770004272461,165.360000610352,13032600,147.455276489258
2021-10-13,164.070007324219,165.410003662109,160.600006103516,161,22753500,143.567337036133
2021-10-14,161.75,164.009994506836,160.059997558594,163.470001220703,15176800,145.769912719727
2021-10-15,165.350006103516,167.169998168945,164.139999389648,166.610000610352,14267400,148.569931030273
2021-10-18,166.479995727539,168.610000610352,165.910003662109,166.550003051758,12672900,148.51643371582
2021-10-19,167.399993896484,168.649993896484,166.580001831055,168.570007324219,8053900,150.317718505859
2021-10-20,168.300003051758,170.869995117188,167.460006713867,170.839996337891,8185600,152.341918945312
2021-10-21,170.759994506836,171.330001831055,168.679992675781,169.5,8415200,151.147003173828
2021-10-22,170.029998779297,172.089996337891,169.699996948242,171.779998779297,8817900,153.180160522461
2021-10-25,172.710006713867,172.960006713867,170.479995727539,170.940002441406,10159200,152.431076049805
2021-10-26,171,172.490005493164,170.539993286133,171.399993896484,8015100,152.841262817383
2021-10-27,170.320007324219,170.699996948242,167.339996337891,167.830001831055,9847000,149.657867431641
2021-10-28,168.300003051758,170.509994506836,167.960006713867,170.360000610352,7212900,151.913909912109
2021-10-29,171.179992675781,172.240005493164,169.389999389648,169.889999389648,8140100,151.494766235352
2021-11-01,172.039993286133,172.330001831055,169.009994506836,169.800003051758,7435500,151.414535522461
2021-11-02,169.800003051758,171.690002441406,168.919998168945,170.470001220703,7173800,152.011993408203
2021-11-03,170.130004882812,171.130004882812,169.149993896484,170.529998779297,8402700,152.065490722656
2021-11-04,170,170.199996948242,166.490005493164,168.289993286133,9574200,150.06803894043
2021-11-05,168.899993896484,170.089996337891,167.410003662109,168.050003051758,7975600,149.853988647461
2021-11-08,169.050003051758,170.919998168945,168.740005493164,169.059997558594,6413700,150.754669189453
2021-11-09,167.350006103516,168.470001220703,166.600006103516,167.779998779297,7990300,149.613235473633
2021-11-10,167.449996948242,168.949996948242,167.089996337891,167.619995117188,6999200,149.470565795898
2021-11-11,167.520004272461,168.679992675781,166.899993896484,167.610000610352,5815300,149.461639404297
2021-11-12,167.649993896484,167.740005493164,165.720001220703,166.860000610352,8113400,148.792861938477
2021-11-15,167.210006713867,167.789993286133,166,166.559997558594,6492500,148.525329589844
2021-11-16,167.059997558594,167.070007324219,165.119995117188,165.360000610352,9706100,147.455276489258
2021-11-17,165.210006713867,165.559997558594,163.389999389648,164.470001220703,9909600,146.66162109375
2021-11-18,164.389999389648,164.850006103516,162.559997558594,163.050003051758,8122500,145.395416259766
2021-11-19,161.300003051758,162.110000610352,159.449996948242,160.919998168945,12193600,143.496002197266
2021-11-22,164.160003662109,165.979995727539,162.990005493164,164.350006103516,14549900,146.554656982422
2021-11-23,165.5,168.559997558594,165.369995117188,168.279998779297,12354400,150.059112548828
2021-11-24,168.460006713867,169.440002441406,166.440002441406,166.960006713867,9629800,148.882019042969
2021-11-26,162.139999389648,162.649993896484,158.820007324219,161.929992675781,13619300,144.396636962891
2021-11-29,163.309997558594,164.779998779297,159.820007324219,161.229995727539,12104400,143.772415161133
2021-11-30,159.160003662109,160.630004882812,158.289993286133,158.830001831055,18922600,141.632339477539
2021-12-01,161,163.270004272461,157.800003051758,157.889999389648,12253400,140.794128417969
2021-12-02,159.830001831055,163.25,158.800003051758,161.210006713867,12969900,143.754653930664
2021-12-03,161.5,161.830001831055,157.190002441406,158.289993286133,12681800,141.150833129883
2021-12-06,161.009994506836,162.610000610352,159.460006713867,160.160003662109,11186500,142.818344116211
2021-12-07,161.880004882812,163.389999389648,161.160003662109,162.570007324219,9851600,144.967376708984
2021-12-08,162.660003662109,163.270004272461,160.169998168945,160.710006713867,11705700,143.308731079102
2021-12-09,159.649993896484,160.929992675781,158.649993896484,160.460006713867,11189600,143.085845947266
2021-12-10,161.320007324219,161.699996948242,159.130004882812,159.820007324219,10405400,142.515151977539
2021-12-13,159.5,159.789993286133,157.279998779297,157.919998168945,12069000,140.820831298828
2021-12-14,157.449996948242,160.889999389648,157.300003051758,159.130004882812,12563600,141.899871826172
2021-12-15,159.850006103516,159.850006103516,157.350006103516,157.940002441406,14014200,140.838684082031
2021-12-16,160.389999389648,161.820007324219,158.699996948242,160.410003662109,19542800,143.041213989258
2021-12-17,159.320007324219,159.380004882812,155.179992675781,156.759994506836,28082000,139.78645324707
2021-12-20,154.509994506836,154.699996948242,151.839996337891,153.940002441406,15148000,137.271774291992
2021-12-21,155.410003662109,157.179992675781,155.089996337891,156.089996337891,11291300,139.189025878906
2021-12-22,155.75,157.059997558594,155.240005493164,156.699996948242,7273000,139.732955932617
2021-12-23,157.610000610352,159.119995117188,157.210006713867,157.259994506836,8055200,140.232330322266
2021-12-27,157.600006103516,158.199996948242,156.339996337891,158.160003662109,6188100,141.034851074219
2021-12-28,158.199996948242,160.149993896484,158.080001831055,158.639999389648,6342300,141.462905883789
2021-12-29,158.850006103516,159.630004882812,158.149993896484,158.559997558594,6398900,141.3916015625
2021-12-30,159.110000610352,160.240005493164,158.369995117188,158.479995727539,6948200,141.320220947266
2021-12-31,158.449996948242,159.289993286133,157.960006713867,158.350006103516,5805900,141.204284667969
2022-01-03,159.860000610352,162.639999389648,159.509994506836,161.699996948242,13120900,144.191619873047
2022-01-04,164.309997558594,168.580001831055,164.229995727539,167.830001831055,20195800,149.657867431641
2022-01-05,167.820007324219,168.360000610352,163.729995727539,163.779998779297,17539400,146.921783447266
2022-01-06,166.910003662109,167.369995117188,163.869995117188,165.520004272461,14047500,148.482696533203
2022-01-07,165.669998168945,167.529998779297,165.059997558594,167.160003662109,13913300,149.953887939453
2022-01-10,169.070007324219,169.309997558594,165.529998779297,167.320007324219,12922500,150.097427368164
2022-01-11,168.259994506836,168.520004272461,166.309997558594,167.490005493164,11854100,150.249908447266
2022-01-12,168.460006713867,169.589996337891,167.179992675781,168.440002441406,12568000,151.102127075195
2022-01-13,168.339996337891,169.809997558594,167.889999389648,168.229995727539,13623400,150.913711547852
2022-01-14,160.759994506836,161.029998779297,156.899993896484,157.889999389648,40158400,141.638061523438
2022-01-18,155.779998779297,155.779998779297,150.539993286133,151.270004272461,32324800,135.699462890625
2022-01-19,151.570007324219,152.229995727539,148.550003051758,148.929992675781,22380000,133.600296020508
2022-01-20,148.990005493164,150.610000610352,147.360000610352,147.660003662109,14860800,132.461044311523
2022-01-21,147.5,147.509994506836,144.270004272461,145.080001831055,20705400,130.146621704102
2022-01-24,142.279998779297,145.479995727539,139.570007324219,144.949996948242,28471400,130.029998779297
2022-01-25,143.649993896484,146.850006103516,140.789993286133,146.529998779297,18915900,131.447372436523
2022-01-26,148.720001220703,150.570007324219,145.960006713867,147.919998168945,20709100,132.694305419922
2022-01-27,149.419998168945,150.380004882812,144.130004882812,145.309997558594,17536800,130.352951049805
2022-01-28,144.190002441406,146.759994506836,142.169998168945,146.610000610352,14117000,131.519149780273
2022-01-31,145.639999389648,148.789993286133,144.669998168945,148.600006103516,13985700,133.304306030273
2022-02-01,148.690002441406,151.470001220703,148.300003051758,151.149993896484,14584900,135.591812133789
2022-02-02,150.5,150.940002441406,148.070007324219,149.940002441406,12441100,134.506362915039
2022-02-03,150,151.649993896484,148.289993286133,148.699996948242,12474900,133.393997192383
2022-02-04,149.100006103516,153.5,148.770004272461,152.559997558594,16654400,136.856643676758
2022-02-07,153.270004272461,153.619995117188,150.850006103516,153.070007324219,12572300,137.314163208008
2022-02-08,155,158.479995727539,154.800003051758,155.949996948242,20411400,139.897750854492
2022-02-09,156.589996337891,157.429992675781,155.820007324219,156.600006103516,9131100,140.480850219727
2022-02-10,156.660003662109,159.029998779297,155.220001220703,155.949996948242,16455600,139.897750854492
2022-02-11,155.610000610352,158.190002441406,152.970001220703,153.919998168945,16830000,138.076705932617
2022-02-14,152.729995727539,153.679992675781,150.320007324219,152.490005493164,17026500,136.793869018555
2022-02-15,154.509994506836,155.940002441406,153.850006103516,154.720001220703,9500000,138.794326782227
2022-02-16,153.740005493164,156.100006103516,153.740005493164,155,9076500,139.045516967773
2022-02-17,153,153.729995727539,150.669998168945,151.429992675781,11367500,135.842971801758
2022-02-18,152.130004882812,154.139999389648,151.130004882812,152.139999389648,11733300,136.479919433594
2022-02-22,150.600006103516,153.240005493164,150.410003662109,151.869995117188,11333500,136.237701416016
2022-02-23,153.119995117188,153.300003051758,147.970001220703,148.690002441406,11799000,133.385040283203
2022-02-24,142.940002441406,144.990005493164,139.779998779297,144.550003051758,25655100,129.671157836914
2022-02-25,145.25,150.130004882812,144.910003662109,147.970001220703,18367700,132.739120483398
2022-02-28,143.550003051758,145.059997558594,140.880004882812,141.800003051758,31315300,127.204223632812
2022-03-01,140.039993286133,140.479995727539,133.580001831055,136.449996948242,36840400,122.404930114746
2022-03-02,137.289993286133,140.039993286133,136.610000610352,139.279998779297,19405600,124.943649291992
2022-03-03,139.839996337891,140.979995727539,137.059997558594,138.289993286133,16640800,124.055488586426
2022-03-04,134.940002441406,135.419998168945,132.399993896484,134.399993896484,21016000,120.56591796875
2022-03-07,132.169998168945,132.690002441406,128.949996948242,129.210006713867,27560100,115.910163879395
2022-03-08,129.639999389648,131.789993286133,127.269996643066,128.300003051758,19207800,115.093811035156
2022-03-09,132.899993896484,135.240005493164,132.440002441406,133.440002441406,17536200,119.704742431641
2022-03-10,131.860000610352,133.449996948242,130.320007324219,131.860000610352,15604200,118.287376403809
2022-03-11,132.490005493164,134.080001831055,128.419998168945,128.889999389648,20061800,115.623069763184
2022-03-14,129.460006713867,132.919998168945,129.229995727539,130.169998168945,15786900,116.771324157715
2022-03-15,131.800003051758,133.550003051758,131.130004882812,132.479995727539,15096600,118.843544006348
2022-03-16,134.869995117188,138.490005493164,134.429992675781,138.399993896484,20354900,124.154174804688
2022-03-17,136.860000610352,140.190002441406,135.919998168945,140.149993896484,17050500,125.724052429199
2022-03-18,140.190002441406,140.850006103516,138.460006713867,140.100006103516,23656500,125.679214477539
2022-03-21,140.350006103516,140.759994506836,138.729995727539,139.649993896484,12676100,125.275543212891
2022-03-22,142.270004272461,143.929992675781,141.720001220703,142.619995117188,13548600,127.939842224121
2022-03-23,140.979995727539,141.589996337891,139.199996948242,139.779998779297,12093200,125.392150878906
2022-03-24,140.300003051758,140.710006713867,139.110000610352,140.690002441406,10017600,126.208488464355
2022-03-25,141.089996337891,143.179992675781,140.800003051758,141.919998168945,8383500,127.311889648438
2022-03-28,140,140.970001220703,137.899993896484,140.869995117188,10818100,126.369964599609
2022-03-29,143.350006103516,143.600006103516,140.240005493164,141.179992675781,11316500,126.64803314209
2022-03-30,141.899993896484,142.119995117188,139.910003662109,140.539993286133,8771000,126.073913574219
2022-03-31,139.830001831055,140.350006103516,136.259994506836,136.320007324219,17353900,122.288330078125
2022-04-01,137.399993896484,137.410003662109,133.800003051758,135.309997558594,15721300,121.382263183594
2022-04-04,134.119995117188,136.940002441406,132.889999389648,135.910003662109,17416400,121.920509338379
2022-04-05,134.070007324219,135.399993896484,133.009994506836,133.339996337891,12110300,120.501647949219
2022-04-06,131.580001831055,132.559997558594,130.960006713867,131.490005493164,12914700,118.829788208008
2022-04-07,130.949996948242,131.919998168945,128.729995727539,131.089996337891,12994200,118.468284606934
2022-04-08,131.669998168945,133.899993896484,131.490005493164,133.490005493164,13126900,120.637237548828
2022-04-11,133,134.899993896484,132.570007324219,133,10466400,120.194396972656
2022-04-12,132.139999389648,134.580001831055,130.699996948242,131.539993286133,12989900,118.874977111816
2022-04-13,126.940002441406,129.25,126.01000213623,127.300003051758,30838000,115.04322052002
2022-04-14,126.5,128.300003051758,125.019996643066,126.120002746582,18835200,113.976837158203
2022-04-18,125.669998168945,129.240005493164,125.540000915527,128.460006713867,11834400,116.091529846191
2022-04-19,128.449996948242,131.320007324219,128.229995727539,131.119995117188,15015400,118.495391845703
2022-04-20,132.520004272461,133.509994506836,131.339996337891,131.580001831055,13430200,118.911102294922
2022-04-21,132.220001220703,132.809997558594,129.960006713867,130.559997558594,12174200,117.989303588867
2022-04-22,130.279998779297,130.520004272461,126.690002441406,126.809997558594,14318800,114.600395202637
2022-04-25,126.01000213623,127.120002746582,123.110000610352,126.769996643066,17149000,114.564224243164
2022-04-26,124.639999389648,126.410003662109,122.870002746582,123.019996643066,17209500,111.175308227539
2022-04-27,122.330001831055,123.559997558594,121.220001220703,121.419998168945,17215200,109.729362487793
2022-04-28,122.809997558594,123.650001525879,121.139999389648,123.339996337891,13015600,111.464500427246
2022-04-29,123.050003051758,123.610000610352,118.900001525879,119.360000610352,14874800,107.867721557617
2022-05-02,119.879997253418,120.709999084473,118.220001220703,120.449996948242,18545000,108.852737426758
2022-05-03,121.529998779297,124.169998168945,120.779998779297,123.029998779297,15720900,111.184356689453
2022-05-04,122.800003051758,127.400001525879,122.73999786377,127.099998474121,17128500,114.86247253418
2022-05-05,125.25,126.099998474121,122.160003662109,123.919998168945,15055400,111.988632202148
2022-05-06,123.800003051758,124.290000915527,121.180000305176,123.720001220703,14417900,111.807891845703
2022-05-09,122.110000610352,123.330001831055,120.5,121.860000610352,14312300,110.126998901367
2022-05-10,123.110000610352,123.779998779297,117.559997558594,118.889999389648,16382400,107.442939758301
2022-05-11,119.300003051758,122.889999389648,117.940002441406,118.139999389648,14630300,106.765167236328
2022-05-12,117,118.319999694824,115.370002746582,118.040000915527,16318800,106.674789428711
2022-05-13,119.410003662109,120.25,117.959999084473,119.089996337891,10443200,107.623680114746
2022-05-16,118.540000915527,119.459999084473,117.230003356934,118.26000213623,10269000,106.873611450195
2022-05-17,121.040000915527,122.970001220703,120.809997558594,122.180000305176,11160200,110.416168212891
2022-05-18,121.300003051758,121.970001220703,119.529998779297,120.089996337891,12664900,108.527397155762
2022-05-19,118.190002441406,119.650001525879,117.629997253418,118.309997558594,12765800,106.918800354004
2022-05-20,119.459999084473,119.669998168945,115.019996643066,117.339996337891,13150100,106.042198181152
2022-05-23,120.459999084473,126.569999694824,120.449996948242,124.599998474121,24376700,112.603172302246
2022-05-24,124.360000610352,127.48999786377,123.110000610352,126.360000610352,19324900,114.193717956543
2022-05-25,126.279998779297,127.860000610352,125.169998168945,127.23999786377,12780400,114.988983154297
2022-05-26,128.369995117188,130.190002441406,128.210006713867,129.440002441406,15990900,116.977157592773
2022-05-27,130.160003662109,131.270004272461,129.139999389648,131.270004272461,11177800,118.630989074707
2022-05-31,130.179992675781,133.149993896484,129.710006713867,132.229995727539,17015000,119.49853515625
2022-06-01,132.869995117188,132.869995117188,128.669998168945,129.910003662109,10768000,117.401916503906
2022-06-02,129.899993896484,132.009994506836,128.669998168945,132,8374800,119.290679931641
2022-06-03,131.210006713867,131.770004272461,129.990005493164,130.160003662109,8596000,117.62784576416
2022-06-06,131.089996337891,132.389999389648,129.460006713867,129.729995727539,11323500,117.239242553711
2022-06-07,128.830001831055,130.320007324219,128.619995117188,130.070007324219,6722200,117.546508789062
2022-06-08,129,129.449996948242,126.900001525879,128,8422100,115.675811767578
2022-06-09,127.370002746582,128.100006103516,125.269996643066,125.309997558594,13560100,113.24479675293
2022-06-10,122.589996337891,123.400001525879,119.319999694824,119.550003051758,12945200,108.039405822754
2022-06-13,116.860000610352,117.949996948242,115.059997558594,115.98999786377,16805600,104.82218170166
2022-06-14,115.550003051758,117.319999694824,113.220001220703,114.059997558594,13357900,103.077995300293
2022-06-15,115.620002746582,116.949996948242,113.169998168945,115.410003662109,14083500,104.29801940918
2022-06-16,113.860000610352,114.26000213623,111.870002746582,113.430000305176,16724900,102.508659362793
2022-06-17,113.540000915527,114.629997253418,112.160003662109,113.029998779297,30919900,102.147163391113
2022-06-21,115.870002746582,117.029998779297,115.040000915527,115.830001831055,11680500,104.677574157715
2022-06-22,114.879997253418,116.199996948242,114.389999389648,115.180000305176,9842700,104.090148925781
2022-06-23,115.01000213623,115.180000305176,111.480003356934,113.919998168945,11851500,102.951484680176
2022-06-24,113.230003356934,117.819999694824,112.830001831055,117.319999694824,14841100,106.024124145508
2022-06-27,118.059997558594,118.5,115.639999389648,116.379997253418,11280500,105.174613952637
2022-06-28,117.669998168945,119.290000915527,115.599998474121,115.819999694824,11590900,104.66854095459
2022-06-29,116,116.819999694824,114.730003356934,115.300003051758,9338400,104.198608398438
2022-06-30,113.169998168945,114.080001831055,110.930000305176,112.610000610352,15172600,101.767616271973
2022-07-01,112.650001525879,114.419998168945,111.160003662109,114.050003051758,10573600,103.068969726562
2022-07-05,110.769996643066,112.709999084473,109.300003051758,112.620002746582,12514200,102.676933288574
2022-07-06,111.730003356934,112.98999786377,110.790000915527,111.889999389648,10656200,102.011375427246
2022-07-07,113.5,114.900001525879,113.400001525879,114.720001220703,10347400,104.591522216797
2022-07-08,115.160003662109,115.650001525879,113.610000610352,114.360000610352,8807800,104.263290405273
2022-07-11,113.550003051758,114.230003356934,112.220001220703,112.860000610352,7939500,102.895736694336
2022-07-12,112.580001831055,115.180000305176,112.26000213623,112.970001220703,11250900,102.996032714844
2022-07-13,111.75,112.480003356934,110.379997253418,111.910003662109,12979900,102.02961730957
2022-07-14,107.98999786377,108.230003356934,106.059997558594,108,26204800,98.4648208618164
2022-07-15,109.160003662109,113.879997253418,107.669998168945,112.949996948242,18863900,102.977783203125
2022-07-18,114.769996643066,115.839996337891,111.290000915527,111.790000915527,13977900,101.920196533203
2022-07-19,113.129997253418,114.940002441406,112.669998168945,114.559997558594,11862300,104.44563293457
2022-07-20,114.099998474121,114.73999786377,113.480003356934,114.540000915527,11667500,104.42741394043
2022-07-21,114.440002441406,115.529998779297,113.370002746582,115.319999694824,11595900,105.138549804688
2022-07-22,115.23999786377,116.25,113.669998168945,114.76000213623,7645500,104.627983093262
2022-07-25,115.839996337891,116.459999084473,114.769996643066,115.220001220703,9394000,105.047370910645
2022-07-26,114.580001831055,115.580001831055,113.029998779297,113.419998168945,10675100,103.406280517578
2022-07-27,114.01000213623,115.73999786377,113.300003051758,115.23999786377,9337400,105.065582275391
2022-07-28,115.25,115.980003356934,113.529998779297,114.809997558594,10384800,104.67357635498
2022-07-29,115.589996337891,116.5,114.790000915527,115.360000610352,12944500,105.175025939941
2022-08-01,114.5,115.110000610352,113.069999694824,114.209999084473,14740400,104.126541137695
2022-08-02,113.919998168945,114.400001525879,112.269996643066,112.430000305176,14942900,102.503692626953
2022-08-03,113.449996948242,114.099998474121,111.709999084473,113.610000610352,14394500,103.579521179199
2022-08-04,112.849998474121,113.319999694824,111.019996643066,112.360000610352,18033900,102.43985748291
2022-08-05,112.529998779297,116.190002441406,112.050003051758,115.76000213623,14174600,105.539710998535
2022-08-08,116.25,116.699996948242,114.180000305176,114.349998474121,10332500,104.254188537598
2022-08-09,114.75,115.98999786377,114.370002746582,115.379997253418,10233800,105.193237304688
2022-08-10,117.959999084473,119.370002746582,117.5,118.389999389648,12847300,107.9375
2022-08-11,119.900001525879,121.199996948242,119.309997558594,120.139999389648,11684900,109.532997131348
2022-08-12,120.669998168945,122.25,119.440002441406,122.129997253418,9906700,111.347290039062
2022-08-15,121.139999389648,122.720001220703,120.599998474121,122.459999084473,8456200,111.648155212402
2022-08-16,122.290000915527,124.23999786377,121.870002746582,123.629997253418,9555000,112.714859008789
2022-08-17,122.300003051758,123.160003662109,121.690002441406,122.589996337891,8149300,111.766693115234
2022-08-18,122.23999786377,122.470001220703,120.550003051758,121.639999389648,9531800,110.900566101074
2022-08-19,120.620002746582,120.98999786377,118.110000610352,118.629997253418,13464500,108.156295776367
2022-08-22,116.75,117.160003662109,115.5,116.669998168945,8967600,106.369354248047
2022-08-23,116.690002441406,117.290000915527,115.379997253418,115.519996643066,7607000,105.320877075195
2022-08-24,115.290000915527,116.410003662109,114.449996948242,115.800003051758,9771300,105.576171875
2022-08-25,116.160003662109,118.73999786377,115.680000305176,118.550003051758,10758900,108.083381652832
2022-08-26,119.459999084473,119.98999786377,114.599998474121,114.669998168945,11276200,104.545921325684
2022-08-29,114,114.860000610352,113.459999084473,114.389999389648,8117300,104.290649414062
2022-08-30,115,115.580001831055,113.360000610352,114.410003662109,10745400,104.308883666992
2022-08-31,114.480003356934,115.029998779297,113.339996337891,113.730003356934,10738300,103.688926696777
2022-09-01,113.290000915527,114.629997253418,111.910003662109,114.51000213623,9979800,104.400062561035
2022-09-02,115.870002746582,117.449996948242,113.190002441406,113.709999084473,10666600,103.670677185059
2022-09-06,114.330001831055,114.75,112.069999694824,113.73999786377,9751900,103.698051452637
2022-09-07,113.129997253418,116.110000610352,112.76000213623,115.900001525879,10647900,105.667327880859
2022-09-08,115.279998779297,118.790000915527,114.629997253418,118.599998474121,11435000,108.128959655762
2022-09-09,119.139999389648,120.050003051758,118.669998168945,119.169998168945,9299700,108.648635864258
2022-09-12,120.620002746582,121.550003051758,119.790000915527,120.580001831055,8614600,109.934150695801
2022-09-13,118.069999694824,118.919998168945,115.779998779297,116.389999389648,12904600,106.114074707031
2022-09-14,116.699996948242,117.839996337891,114.879997253418,116.120002746582,9345700,105.86792755127
2022-09-15,116.120002746582,119.379997253418,115.76000213623,117.870002746582,10821400,107.463409423828
2022-09-16,117.389999389648,117.400001525879,115.370002746582,117.080001831055,14844100,106.743156433105
2022-09-19,116,118.730003356934,115.51000213623,118.160003662109,8201300,107.727806091309
2022-09-20,117.410003662109,117.690002441406,114.639999389648,115.830001831055,9619000,105.603515625
2022-09-21,116.540000915527,116.599998474121,112.419998168945,112.48999786377,12606300,102.558410644531
2022-09-22,113.379997253418,113.599998474121,111.069999694824,111.209999084473,11684500,101.391426086426
2022-09-23,110.050003051758,110.339996337891,107.160003662109,109.139999389648,18138600,99.5041732788086
2022-09-26,108,109.610000610352,106.059997558594,106.790000915527,15753600,97.3616561889648
2022-09-27,107.75,108.169998168945,104.650001525879,105.849998474121,12793600,96.5046234130859
2022-09-28,105.949996948242,108.730003356934,105.639999389648,107.98999786377,12762600,98.455696105957
2022-09-29,106.949996948242,107.279998779297,104.400001525879,106.160003662109,12713900,96.7872772216797
2022-09-30,106.059997558594,107.620002746582,104.400001525879,104.5,15973400,95.2738342285156
2022-10-03,105.620002746582,108.360000610352,104.459999084473,107.730003356934,12248100,98.2186584472656
2022-10-04,110.610000610352,112.98999786377,109.860000610352,112.769996643066,16013600,102.813674926758
2022-10-05,109.75,110.949996948242,108.830001831055,110.389999389648,10943500,101.54426574707
2022-10-06,109.459999084473,110.190002441406,107.940002441406,108.139999389648,11521400,99.4745712280273
2022-10-07,107.519996643066,107.709999084473,105.269996643066,105.980003356934,11681100,97.487663269043
2022-10-10,106.730003356934,107.309997558594,104.519996643066,104.98999786377,8931700,96.5769805908203
2022-10-11,104.370002746582,104.540000915527,101.849998474121,101.959999084473,12739700,93.7897796630859
2022-10-12,101.800003051758,104.730003356934,101.279998779297,103.610000610352,13181000,95.3075637817383
2022-10-13,101.980003356934,109.900001525879,101.76000213623,109.370002746582,22398700,100.606002807617
2022-10-14,111.959999084473,115.23999786377,110.720001220703,111.190002441406,33387100,102.280166625977
2022-10-17,115.410003662109,117.01000213623,114.319999694824,115.860000610352,22276300,106.575958251953
2022-10-18,119.660003662109,120.139999389648,116.959999084473,118.839996337891,21539700,109.31714630127
2022-10-19,117.98999786377,118.830001831055,115.669998168945,116.51000213623,17072000,107.173843383789
2022-10-20,117.160003662109,118.709999084473,115.650001525879,116.129997253418,12207400,106.824295043945
2022-10-21,116.459999084473,122.389999389648,116.330001831055,122.230003356934,20593300,112.435501098633
2022-10-24,122.069999694824,123.099998474121,121.330001831055,122.379997253418,12624200,112.57347869873
2022-10-25,121.849998474121,123.269996643066,120.889999389648,122.699996948242,11289100,112.86784362793
2022-10-26,123,125.199996948242,122.879997253418,124.110000610352,11667000,114.164855957031
2022-10-27,125.199996948242,126.199996948242,124.209999084473,124.599998474121,10727600,114.615585327148
2022-10-28,125.290000915527,126.279998779297,124.050003051758,126.080001831055,11859500,115.976997375488
2022-10-31,125.699996948242,127.430000305176,125.589996337891,125.879997253418,13295200,115.793022155762
2022-11-01,126.870002746582,128.279998779297,126.330001831055,128.149993896484,13386900,117.881118774414
2022-11-02,127.650001525879,130.360000610352,126.639999389648,126.970001220703,16546100,116.795684814453
2022-11-03,126.309997558594,128.179992675781,125.910003662109,127.199996948242,12474400,117.00724029541
2022-11-04,129.490005493164,130.830001831055,128.460006713867,130.679992675781,14953200,120.208381652832
2022-11-07,131,132.289993286133,130.479995727539,131.369995117188,12011200,120.843078613281
2022-11-08,131.240005493164,132.059997558594,130.139999389648,131.449996948242,9884100,120.916679382324
2022-11-09,131.320007324219,131.429992675781,129.220001220703,129.740005493164,9494000,119.343727111816
2022-11-10,132.630004882812,135.25,132.529998779297,135.080001831055,16351600,124.255798339844
2022-11-11,135.190002441406,136.169998168945,133.779998779297,135.300003051758,10704700,124.458190917969
2022-11-14,134.800003051758,135.729995727539,133.910003662109,133.910003662109,11085600,123.179573059082
2022-11-15,134.679992675781,135.710006713867,131.600006103516,132.940002441406,14038300,122.287307739258
2022-11-16,133,133.559997558594,132.029998779297,133.119995117188,7893400,122.452865600586
2022-11-17,132,132.889999389648,131.279998779297,132.539993286133,8820200,121.919342041016
2022-11-18,134.570007324219,134.669998168945,132.279998779297,133.839996337891,9468500,123.115173339844
2022-11-21,133.740005493164,134.559997558594,132.75,133.050003051758,7800500,122.388481140137
2022-11-22,134,135.270004272461,133.690002441406,135.039993286133,9185700,124.218994140625
2022-11-23,134.940002441406,136.5,134.860000610352,136.479995727539,7316200,125.543647766113
2022-11-25,136.479995727539,137.139999389648,136.059997558594,136.740005493164,3220500,125.782814025879
2022-11-28,136.070007324219,136.710006713867,134.190002441406,134.350006103516,9906900,123.584312438965
2022-11-29,134.660003662109,136.639999389648,134.410003662109,136.559997558594,7925300,125.617218017578
2022-11-30,136.089996337891,138.179992675781,133.190002441406,138.179992675781,14761200,127.107406616211
2022-12-01,138.179992675781,138.660003662109,135.429992675781,136.240005493164,8858500,125.32283782959
2022-12-02,134.490005493164,135.350006103516,133.339996337891,135.160003662109,8931900,124.329391479492
2022-12-05,134.240005493164,134.570007324219,130.600006103516,131.369995117188,10154500,120.843078613281
2022-12-06,133.389999389648,135.110000610352,129.869995117188,131.589996337891,13966700,121.045478820801
2022-12-07,131.309997558594,133.080001831055,130.330001831055,131.5,11739400,120.962669372559
2022-12-08,132.330001831055,132.979995727539,131.429992675781,132.880004882812,8907300,122.232109069824
2022-12-09,132.199996948242,133.759994506836,132,132.160003662109,7957800,121.569793701172
2022-12-12,132.399993896484,134.649993896484,131.600006103516,134.210006713867,8841600,123.455535888672
2022-12-13,136.889999389648,137.089996337891,133.080001831055,134.080001831055,10025400,123.335945129395
2022-12-14,133.779998779297,135.710006713867,132.759994506836,133.410003662109,9966100,122.719627380371
2022-12-15,131.149993896484,132.080001831055,129.050003051758,130.100006103516,12087800,119.674873352051
2022-12-16,129.149993896484,129.899993896484,128.429992675781,129.289993286133,21133700,118.929763793945
2022-12-19,129.649993896484,131.330001831055,129.089996337891,130.059997558594,9017200,119.638076782227
2022-12-20,130.970001220703,132.050003051758,130.199996948242,130.690002441406,8549900,120.217597961426
2022-12-21,132.179992675781,132.979995727539,131.770004272461,132.160003662109,8051700,121.569793701172
2022-12-22,131.100006103516,131.300003051758,128.410003662109,130.660003662109,8648200,120.189994812012
2022-12-23,130.580001831055,131.440002441406,129.639999389648,131.279998779297,5091900,120.760299682617
2022-12-27,131.570007324219,132.220001220703,130.550003051758,131.740005493164,5411000,121.183464050293
2022-12-28,131.850006103516,133.410003662109,131.009994506836,132.460006713867,8827700,121.845748901367
2022-12-29,132.929992675781,133.270004272461,132.309997558594,133.220001220703,6585200,122.54483795166
2022-12-30,132.809997558594,134.330001831055,132.440002441406,134.100006103516,9292500,123.354347229004
2023-01-03,135.240005493164,136.740005493164,133.889999389648,135.119995117188,11054800,124.29264831543
2023-01-04,135.990005493164,137.679992675781,135.570007324219,136.380004882812,11687600,125.451644897461
2023-01-05,135.660003662109,135.710006713867,133.699996948242,135.350006103516,8381300,125.423843383789
2023-01-06,136.130004882812,138.380004882812,134.490005493164,137.940002441406,10029100,127.823890686035
2023-01-09,138.600006103516,138.880004882812,136.880004882812,137.369995117188,8482300,127.295692443848
2023-01-10,137.789993286133,138.720001220703,137.309997558594,138.600006103516,9048700,128.435501098633
2023-01-11,138.899993896484,139.75,138.100006103516,139.630004882812,8703700,129.38996887207
2023-01-12,140,140.860000610352,139.220001220703,139.490005493164,11001700,129.260223388672
2023-01-13,135.600006103516,143.490005493164,134.800003051758,143.009994506836,20200000,132.522079467773
2023-01-17,141.169998168945,141.539993286133,139.229995727539,140.800003051758,14292900,130.474166870117
2023-01-18,138.919998168945,140.729995727539,136.410003662109,136.570007324219,13392600,126.55436706543
2023-01-19,135.320007324219,135.899993896484,133.589996337891,134.75,13303400,124.867866516113
2023-01-20,135.160003662109,135.490005493164,133.550003051758,135.080001831055,13092500,125.173622131348
2023-01-23,135.119995117188,137.960006713867,134.820007324219,137.270004272461,10487100,127.20304107666
2023-01-24,136.419998168945,140.289993286133,135,138.449996948242,6945000,128.296508789062
2023-01-25,138.050003051758,139.119995117188,137.25,139.119995117188,8967000,128.917358398438
2023-01-26,139.419998168945,140.059997558594,138.360000610352,139.979995727539,7487600,129.714309692383
2023-01-27,140.610000610352,141.259994506836,139.75,140.320007324219,7489900,130.029357910156
2023-01-30,139.229995727539,140.089996337891,138.910003662109,139.130004882812,6729300,128.926635742188
2023-01-31,139.880004882812,140.070007324219,138.25,139.960006713867,9188700,129.695739746094
2023-02-01,138.210006713867,140.880004882812,138.119995117188,139.589996337891,8841800,129.352890014648
2023-02-02,140,140.460006713867,138,138.940002441406,11822100,128.750564575195
2023-02-03,138.179992675781,142.330001831055,138.130004882812,141.089996337891,11501200,130.742904663086
2023-02-06,140.229995727539,142.240005493164,140.029998779297,141.919998168945,8406200,131.51203918457
2023-02-07,141.380004882812,144.339996337891,141.179992675781,143.649993896484,10447900,133.115142822266
2023-02-08,142.649993896484,144.039993286133,142.279998779297,142.639999389648,6958000,132.179214477539
2023-02-09,143.119995117188,143.339996337891,139.869995117188,140.419998168945,6443100,130.122024536133
2023-02-10,139.779998779297,141.279998779297,138.589996337891,141.039993286133,6582900,130.696563720703
2023-02-13,141.300003051758,142.729995727539,140.740005493164,142.570007324219,7134600,132.114364624023
2023-02-14,142.5,143.809997558594,141.600006103516,143.199996948242,9249400,132.698150634766
2023-02-15,141.610000610352,143.889999389648,141.300003051758,143.800003051758,6728300,133.254119873047
2023-02-16,142.910003662109,143.389999389648,141.679992675781,141.820007324219,8165300,131.419326782227
2023-02-17,140.979995727539,142.830001831055,140.070007324219,142.240005493164,7948800,131.808547973633
2023-02-21,140.690002441406,141.339996337891,138.75,139.630004882812,9996300,129.38996887207
2023-02-22,138.919998168945,139.429992675781,137.440002441406,138.559997558594,11107500,128.398406982422
2023-02-23,138.729995727539,140.169998168945,137.940002441406,139.669998168945,8068000,129.427001953125
2023-02-24,139.110000610352,141.360000610352,138.929992675781,140.929992675781,9126900,130.594604492188
2023-02-27,142.110000610352,143.309997558594,141.720001220703,142.160003662109,10014700,131.734405517578
2023-02-28,142.940002441406,143.759994506836,141.899993896484,143.350006103516,11019800,132.837142944336
2023-03-01,142.100006103516,143.460006713867,141.800003051758,142.550003051758,7139200,132.095794677734
2023-03-02,142.240005493164,142.429992675781,139.539993286133,141.070007324219,11106800,130.724334716797
2023-03-03,141.509994506836,143.740005493164,141.080001831055,143.660003662109,9513100,133.124404907227
2023-03-06,143.440002441406,144.039993286133,142.660003662109,142.820007324219,9261300,132.345993041992
2023-03-07,142.009994506836,142.309997558594,137.809997558594,138.619995117188,11747600,128.454010009766
2023-03-08,138,138.589996337891,136.889999389648,137.800003051758,10002500,127.694152832031
2023-03-09,136.759994506836,137.350006103516,129.220001220703,130.339996337891,25888100,120.78125
2023-03-10,128.960006713867,135.259994506836,127.819999694824,133.649993896484,37599700,123.848503112793
2023-03-13,131.210006713867,133.880004882812,129.410003662109,131.25,42901100,121.624526977539
2023-03-14,135.279998779297,135.529998779297,131.289993286133,134.619995117188,29648100,124.747352600098
2023-03-15,130.979995727539,130.990005493164,126.730003356934,128.259994506836,34280600,118.853790283203
2023-03-16,128.009994506836,131.949996948242,126.019996643066,130.75,24558500,121.161186218262
2023-03-17,128.380004882812,128.479995727539,125.449996948242,125.809997558594,38396000,116.583488464355
2023-03-20,126.98999786377,129.470001220703,126.01000213623,127.139999389648,22875500,117.815948486328
2023-03-21,130.589996337891,131.729995727539,130.190002441406,130.550003051758,17807800,120.975860595703
2023-03-22,130.559997558594,130.660003662109,127.080001831055,127.180000305176,17250200,117.852996826172
2023-03-23,127.900001525879,129.529998779297,126.019996643066,126.839996337891,16677600,117.537948608398
2023-03-24,125.629997253418,125.680000305176,123.110000610352,124.910003662109,22311100,115.749488830566
2023-03-27,126.790000915527,129.380004882812,126.290000915527,128.490005493164,18853900,119.066932678223
2023-03-28,128.710006713867,129.339996337891,127.73999786377,128.880004882812,10820500,119.428329467773
2023-03-29,130.100006103516,130.220001220703,127.769996643066,129.139999389648,14595300,119.669242858887
2023-03-30,129.949996948242,130.119995117188,127.650001525879,128.75,12134700,119.307861328125
2023-03-31,129.660003662109,130.339996337891,128.850006103516,130.309997558594,13105200,120.753471374512
2023-04-03,129.910003662109,131.440002441406,129.410003662109,130.160003662109,11775400,120.614456176758
2023-04-04,130.5,130.589996337891,127.410003662109,128.419998168945,11579900,119.002075195312
2023-04-05,126.800003051758,128.149993896484,126.459999084473,127.610000610352,9614700,119.17951965332
2023-04-06,127,128.080001831055,126.860000610352,127.470001220703,8760200,119.048767089844
2023-04-10,126.540000915527,128.229995727539,126.220001220703,127.889999389648,9477300,119.44100189209
2023-04-11,128.300003051758,128.940002441406,127.540000915527,128.520004272461,10516300,120.029388427734
2023-04-12,129.179992675781,130.429992675781,128.059997558594,128.5,11821000,120.010711669922
2023-04-13,128.460006713867,129.039993286133,126.830001831055,128.990005493164,12450200,120.46834564209
2023-04-14,135.149993896484,139.119995117188,134.899993896484,138.729995727539,43931300,129.564865112305
2023-04-17,139.949996948242,140.059997558594,137.660003662109,139.830001831055,16050500,130.592208862305
2023-04-18,140.270004272461,141.779998779297,139.029998779297,141.399993896484,13760100,132.058471679688
2023-04-19,141.229995727539,141.5,140.399993896484,141.220001220703,9158100,131.890396118164
2023-04-20,139.910003662109,141.429992675781,139.839996337891,140.809997558594,10586200,131.507461547852
2023-04-21,139.740005493164,141.110000610352,138.779998779297,140.539993286133,11842500,131.255279541016
2023-04-24,140.460006713867,141.100006103516,140.039993286133,140.729995727539,7567500,131.432754516602
2023-04-25,139.600006103516,139.960006713867,137.630004882812,137.669998168945,10629300,128.574890136719
2023-04-26,137.619995117188,137.809997558594,134,135.229995727539,14416100,126.296112060547
2023-04-27,136,137.910003662109,135.660003662109,137.050003051758,9041100,127.995880126953
2023-04-28,136.559997558594,138.320007324219,135.669998168945,138.240005493164,9887300,129.107269287109
2023-05-01,142.259994506836,143.369995117188,140.830001831055,141.199996948242,20415800,131.871673583984
2023-05-02,141.399993896484,142.410003662109,138.429992675781,138.919998168945,14113400,129.742309570312
2023-05-03,138.440002441406,138.669998168945,135.759994506836,135.979995727539,12930900,126.996574401855
2023-05-04,134.960006713867,135.720001220703,131.809997558594,134.119995117188,17089200,125.259437561035
2023-05-05,136.440002441406,137.880004882812,135.910003662109,136.740005493164,11261400,127.706359863281
2023-05-08,137.490005493164,137.970001220703,136.479995727539,137.070007324219,7484900,128.014556884766
2023-05-09,135.929992675781,136.949996948242,135.210006713867,136.410003662109,7343600,127.398147583008
2023-05-10,137.949996948242,138.059997558594,134.869995117188,136.479995727539,8133400,127.463523864746
2023-05-11,135,136.809997558594,134.899993896484,136.050003051758,7057300,127.061912536621
2023-05-12,136.820007324219,136.990005493164,133.130004882812,134.100006103516,9988600,125.240737915039
2023-05-15,134.270004272461,135.669998168945,133.960006713867,135.229995727539,7639500,126.296112060547
2023-05-16,135.460006713867,135.940002441406,133.960006713867,134.320007324219,6477200,125.446228027344
2023-05-17,135.899993896484,138.589996337891,135.460006713867,138.449996948242,12711500,129.30339050293
2023-05-18,138.270004272461,139.729995727539,137.759994506836,139.5,10999600,130.283996582031
2023-05-19,139.789993286133,140.490005493164,138.130004882812,139.179992675781,13492200,129.985153198242
2023-05-22,141,141.639999389648,137.660003662109,138.029998779297,11402500,128.911102294922
2023-05-23,137.539993286133,139.029998779297,136.460006713867,136.589996337891,9514900,127.566253662109
2023-05-24,135.399993896484,136.350006103516,135.080001831055,135.339996337891,8578000,126.398811340332
2023-05-25,134.820007324219,136.270004272461,134.580001831055,135.669998168945,8472500,126.70703125
2023-05-26,136.110000610352,137.600006103516,135.630004882812,136.940002441406,8579900,127.893142700195
2023-05-30,136.800003051758,137.720001220703,136.020004272461,137.460006713867,7399900,128.378784179688
2023-05-31,136.729995727539,136.839996337891,134.399993896484,135.710006713867,14219900,126.744384765625
2023-06-01,136.520004272461,138.229995727539,135.449996948242,137.580001831055,12248100,128.490859985352
2023-06-02,139.559997558594,141.479995727539,139.339996337891,140.470001220703,12922500,131.18994140625
2023-06-05,140.110000610352,140.110000610352,138.130004882812,139.089996337891,8511900,129.901062011719
2023-06-06,138.679992675781,140.100006103516,138.210006713867,139.339996337891,9329500,130.134582519531
2023-06-07,139.550003051758,141.270004272461,138.830001831055,140.690002441406,9281400,131.395401000977
2023-06-08,140.669998168945,140.889999389648,139.479995727539,140.729995727539,7368100,131.432754516602
2023-06-09,140.350006103516,141.800003051758,140.210006713867,141.009994506836,7249100,131.694244384766
2023-06-12,141.070007324219,141.320007324219,139.759994506836,141,7596600,131.68489074707
2023-06-13,140.479995727539,142.869995117188,140.139999389648,142.020004272461,7701600,132.637512207031
2023-06-14,143,143.610000610352,140.699996948242,141.490005493164,9068700,132.142532348633
2023-06-15,140.589996337891,143.399993896484,140.029998779297,143.089996337891,9343100,133.636825561523
2023-06-16,143.050003051758,143.970001220703,142.5,143.259994506836,13813500,133.79557800293
2023-06-20,142.610000610352,143,141.039993286133,142.529998779297,8428600,133.113815307617
2023-06-21,142.899993896484,144.020004272461,141.690002441406,142.320007324219,9926500,132.917694091797
2023-06-22,142.309997558594,142.600006103516,138.949996948242,139.580001831055,10075200,130.358703613281
2023-06-23,138.539993286133,139.179992675781,137.619995117188,138.850006103516,9919500,129.676956176758
2023-06-26,138.869995117188,140.009994506836,137.690002441406,139.190002441406,8429700,129.994522094727
2023-06-27,139,139.839996337891,138.539993286133,139.199996948242,8154000,130.003814697266
2023-06-28,139.160003662109,139.210006713867,137.960006713867,138.589996337891,7558600,129.434127807617
2023-06-29,140.070007324219,143.559997558594,139.850006103516,143.429992675781,15423200,133.954376220703
2023-06-30,144.600006103516,146,143.660003662109,145.440002441406,14212800,135.831588745117
2023-07-03,146.190002441406,147.479995727539,146,146.610000610352,8021600,136.924301147461
2023-07-05,144.940002441406,145.429992675781,144.360000610352,144.639999389648,8934900,136.012161254883
2023-07-06,143.020004272461,143.389999389648,141.440002441406,143.210006713867,9709500,134.667449951172
2023-07-07,143.910003662109,145.839996337891,143,144.339996337891,8981500,135.730010986328
2023-07-10,144.5,145.990005493164,144.5,145.149993896484,9100100,136.49169921875
2023-07-11,146.339996337891,147.820007324219,145.710006713867,147.419998168945,11260900,138.626312255859
2023-07-12,147.449996948242,149.869995117188,147,148.149993896484,11323200,139.312774658203
2023-07-13,148.699996948242,149.369995117188,147.75,148.869995117188,11234900,139.989822387695
2023-07-14,151.550003051758,152.889999389648,148.410003662109,149.770004272461,27028400,140.836151123047
2023-07-17,150.350006103516,153.75,150.350006103516,153.380004882812,17262400,144.230804443359
2023-07-18,153.380004882812,154.399993896484,152.820007324219,153.660003662109,13491700,144.494094848633
2023-07-19,152.75,155.210006713867,152.220001220703,154.25,12510000,145.048919677734
2023-07-20,154.529998779297,156.589996337891,154.410003662109,156.149993896484,9935900,146.835571289062
2023-07-21,155.800003051758,156.139999389648,154.690002441406,154.949996948242,10636400,145.707153320312
2023-07-24,154.970001220703,158.789993286133,154.729995727539,158,14381400,148.5751953125
2023-07-25,157.300003051758,157.720001220703,155.960006713867,156.820007324219,9944700,147.465591430664
2023-07-26,156.710006713867,158.25,156.279998779297,157.759994506836,8728600,148.349533081055
2023-07-27,157.770004272461,158.779998779297,155.550003051758,156.020004272461,10778400,146.713317871094
2023-07-28,157.279998779297,157.600006103516,156.440002441406,156.910003662109,9103800,147.550216674805
2023-07-31,157.179992675781,159.380004882812,157.149993896484,157.960006713867,8892700,148.53759765625
2023-08-01,157.429992675781,158,156.149993896484,157.179992675781,6853900,147.804138183594
2023-08-02,155.559997558594,155.690002441406,153.940002441406,155.399993896484,8299400,146.130294799805
2023-08-03,155,156.919998168945,154.350006103516,156.350006103516,6084000,147.023651123047
2023-08-04,156.399993896484,157.800003051758,155.699996948242,156.020004272461,6209400,146.713317871094
2023-08-07,156.600006103516,157.699996948242,156.600006103516,156.759994506836,7251800,147.409194946289
2023-08-08,154.320007324219,155.979995727539,152.589996337891,155.880004882812,8623400,146.581680297852
2023-08-09,155.320007324219,155.520004272461,153.470001220703,153.789993286133,6277800,144.616333007812
2023-08-10,154.380004882812,155.440002441406,153.089996337891,153.559997558594,5995100,144.400054931641
2023-08-11,153.029998779297,154.520004272461,152.630004882812,154.449996948242,5180700,145.236968994141
2023-08-14,153.610000610352,154.919998168945,152.919998168945,154.770004272461,5044300,145.537902832031
2023-08-15,152.850006103516,153.270004272461,150.229995727539,150.830001831055,10300300,141.832916259766
2023-08-16,150.600006103516,150.960006713867,149.679992675781,150.190002441406,6978200,141.231063842773
2023-08-17,150.880004882812,151.259994506836,148.399993896484,148.630004882812,9953900,139.76416015625
2023-08-18,147.649993896484,149.5,147.440002441406,148.970001220703,8517500,140.083847045898
2023-08-21,149.649993896484,150.100006103516,148.020004272461,149.479995727539,8327000,140.563461303711
2023-08-22,149.259994506836,149.639999389648,145.850006103516,146.380004882812,9673300,137.648315429688
2023-08-23,146.350006103516,147.589996337891,145.460006713867,147.369995117188,7858000,138.579284667969
2023-08-24,147.5,149.410003662109,146.990005493164,147.229995727539,6534000,138.447647094727
2023-08-25,147.279998779297,148.619995117188,145.850006103516,147.050003051758,6695500,138.278381347656
2023-08-28,147.570007324219,148.610000610352,147.130004882812,147.559997558594,5094100,138.757934570312
2023-08-29,147.710006713867,148.850006103516,147.179992675781,148.759994506836,6337000,139.88639831543
2023-08-30,148.619995117188,149.149993896484,147.190002441406,148.160003662109,6277300,139.322158813477
2023-08-31,148.259994506836,148.350006103516,145.960006713867,146.330001831055,10933900,137.601333618164
2023-09-01,146.089996337891,148.080001831055,145.699996948242,146.820007324219,7903500,138.062103271484
2023-09-05,147.160003662109,148.210006713867,145.009994506836,145.199996948242,7854700,136.538726806641
2023-09-06,144.699996948242,145.539993286133,144.110000610352,144.960006713867,8629200,136.313064575195
2023-09-07,144.130004882812,145.270004272461,143.389999389648,143.720001220703,8373700,135.147048950195
2023-09-08,143.369995117188,144.119995117188,142.649993896484,143.830001831055,7107900,135.250473022461
2023-09-11,144.75,145.050003051758,143.690002441406,144.460006713867,6854200,135.842864990234
2023-09-12,144.5,147.320007324219,144.050003051758,146.339996337891,8363200,137.610763549805
2023-09-13,147.339996337891,147.699996948242,145.820007324219,146.410003662109,8325900,137.676559448242
2023-09-14,147.839996337891,149.899993896484,147.520004272461,149.25,10034900,140.34716796875
2023-09-15,148.919998168945,149.729995727539,148.309997558594,148.809997558594,19863400,139.933380126953
2023-09-18,148.160003662109,149.139999389648,147.75,149.119995117188,6512400,140.224899291992
2023-09-19,149.5,149.720001220703,147.210006713867,148.929992675781,7943400,140.04621887207
2023-09-20,149.649993896484,150.25,148.139999389648,148.300003051758,7332000,139.453811645508
2023-09-21,147.580001831055,148.850006103516,146.630004882812,147.139999389648,8052400,138.363037109375
2023-09-22,147.289993286133,147.509994506836,145.190002441406,145.729995727539,7071700,137.037109375
2023-09-25,145.350006103516,146.520004272461,143.699996948242,146.449996948242,7044700,137.714172363281
2023-09-26,144.600006103516,145.839996337891,144.229995727539,144.929992675781,7468400,136.284866333008
2023-09-27,145.190002441406,146.089996337891,144.509994506836,145.779998779297,6717800,137.084136962891
2023-09-28,146.279998779297,148.869995117188,146.009994506836,147.589996337891,8868100,138.786163330078
2023-09-29,148.600006103516,148.759994506836,144.860000610352,145.020004272461,11917800,136.369491577148
2023-10-02,144.830001831055,145.619995117188,142.630004882812,143.770004272461,9170600,135.194030761719
2023-10-03,143.199996948242,143.589996337891,142.350006103516,142.710006713867,9431100,134.197250366211
2023-10-04,143.190002441406,143.470001220703,141.929992675781,143.350006103516,8128700,134.799072265625
2023-10-05,142.039993286133,143.100006103516,140.830001831055,142.899993896484,8576200,135.367462158203
2023-10-06,142.910003662109,145.880004882812,142.139999389648,145.100006103516,10270600,137.45149230957
2023-10-09,143.660003662109,145.399993896484,143.5,144.770004272461,6964900,137.138916015625
2023-10-10,145.419998168945,146.770004272461,145.279998779297,145.649993896484,11288800,137.972503662109
2023-10-11,146.509994506836,147.229995727539,145.020004272461,146.149993896484,8698200,138.446151733398
2023-10-12,146.300003051758,146.960006713867,145.130004882812,145.809997558594,10484400,138.124069213867
2023-10-13,148.5,153.110000610352,147.839996337891,148,29427000,140.198623657227
2023-10-16,149.449996948242,149.520004272461,146.720001220703,147.850006103516,12663500,140.056564331055
2023-10-17,147.570007324219,149.309997558594,146.789993286133,147.529998779297,11482700,139.753402709961
2023-10-18,146.589996337891,147.479995727539,145.369995117188,145.910003662109,9620300,138.218811035156
2023-10-19,145.479995727539,147.020004272461,144.880004882812,145.289993286133,11143600,137.631469726562
2023-10-20,144.570007324219,145.139999389648,142.119995117188,142.949996948242,13332900,135.414840698242
2023-10-23,142.940002441406,143.679992675781,140.729995727539,141,10133400,133.567611694336
2023-10-24,141.190002441406,141.729995727539,140.360000610352,141.169998168945,8881400,133.728652954102
2023-10-25,140.570007324219,141.179992675781,139.509994506836,140.399993896484,8242600,132.999267578125
2023-10-26,139.759994506836,141.669998168945,139.429992675781,140.759994506836,9109400,133.340270996094
2023-10-27,138.949996948242,139.100006103516,135.190002441406,135.690002441406,17434700,128.537521362305
2023-10-30,136.440002441406,138.039993286133,136.039993286133,137.419998168945,9855500,130.176345825195
2023-10-31,137.710006713867,139.240005493164,137.470001220703,139.059997558594,9672500,131.729904174805
2023-11-01,139.25,140.529998779297,138.470001220703,138.940002441406,9432000,131.616226196289
2023-11-02,140.089996337891,141.479995727539,139.229995727539,141.419998168945,10186200,133.965469360352
2023-11-03,142.190002441406,143.770004272461,141.850006103516,143,9538700,135.462203979492
2023-11-06,143.169998168945,144.190002441406,142.789993286133,144.080001831055,7625100,136.485275268555
2023-11-07,143.509994506836,144.259994506836,142.820007324219,144.009994506836,6297900,136.4189453125
2023-11-08,144.110000610352,144.839996337891,143.619995117188,144.720001220703,7618200,137.091552734375
2023-11-09,145.440002441406,145.649993896484,143.699996948242,144.289993286133,7992500,136.684219360352
2023-11-10,144.940002441406,146.479995727539,144.080001831055,146.429992675781,7983300,138.711395263672
2023-11-13,145.699996948242,146.25,145.160003662109,145.779998779297,6676300,138.095657348633
2023-11-14,146.679992675781,149.25,146.520004272461,148.440002441406,9927700,140.615447998047
2023-11-15,148.460006713867,150.160003662109,148.460006713867,149.740005493164,8365300,141.846939086914
2023-11-16,150.089996337891,151.529998779297,150.089996337891,151.449996948242,8126200,143.466781616211
2023-11-17,152.199996948242,152.860000610352,151.539993286133,152.820007324219,7812400,144.764556884766
2023-11-20,152.080001831055,153.75,151.919998168945,153.289993286133,7019000,145.209762573242
2023-11-21,153.199996948242,153.630004882812,152.570007324219,152.970001220703,7083500,144.906677246094
2023-11-22,153.410003662109,153.880004882812,152.899993896484,153.330001831055,5174500,145.247665405273
2023-11-24,153.589996337891,154.440002441406,153.279998779297,153.539993286133,3496900,145.44660949707
2023-11-27,153.429992675781,153.529998779297,152.710006713867,153.190002441406,6259100,145.115051269531
2023-11-28,153.220001220703,153.869995117188,152.720001220703,153.539993286133,6582700,145.44660949707
2023-11-29,154.169998168945,155.630004882812,154,154.320007324219,9126100,146.185531616211
2023-11-30,154.910003662109,156.130004882812,154.380004882812,156.080001831055,9869800,147.85270690918
2023-12-01,155.820007324219,157.860000610352,155.820007324219,156.839996337891,8916000,148.572662353516
2023-12-04,156.020004272461,158.050003051758,155.880004882812,157.990005493164,9607500,149.662033081055
2023-12-05,157.259994506836,158.5,156.970001220703,157.970001220703,9135600,149.643112182617
2023-12-06,158.839996337891,159.220001220703,156,156.309997558594,9366000,148.070602416992
2023-12-07,156.690002441406,157.309997558594,156.149993896484,156.789993286133,8130900,148.525283813477
2023-12-08,157.259994506836,158.779998779297,156.979995727539,158.520004272461,7369400,150.164123535156
2023-12-11,158.520004272461,159.300003051758,158.149993896484,159.100006103516,8093900,150.713531494141
2023-12-12,159.229995727539,160.649993896484,158.880004882812,160.520004272461,10223000,152.058685302734
2023-12-13,160.520004272461,162.029998779297,159.770004272461,161.059997558594,12379100,152.570236206055
2023-12-14,161.830001831055,164.839996337891,161.710006713867,163.990005493164,13643000,155.345779418945
2023-12-15,163.080001831055,165.279998779297,162.389999389648,165.229995727539,20309300,156.520431518555
2023-12-18,165.919998168945,167.130004882812,165.630004882812,166.229995727539,8469600,157.467712402344
2023-12-19,166,168.470001220703,165.550003051758,168.449996948242,10345700,159.570663452148
2023-12-20,167.990005493164,169.410003662109,166.449996948242,166.550003051758,10734700,157.77082824707
2023-12-21,166.839996337891,168.089996337891,165.679992675781,167.5,7601700,158.670761108398
2023-12-22,167.5,168.229995727539,167.229995727539,167.399993896484,6576300,158.57600402832
2023-12-26,167.460006713867,168.770004272461,167.179992675781,168.389999389648,4683600,159.513870239258
2023-12-27,167.839996337891,169.470001220703,167.580001831055,169.399993896484,6428600,160.470596313477
2023-12-28,169.350006103516,170.660003662109,169,170.300003051758,6320100,161.323165893555
2023-12-29,170,170.690002441406,169.630004882812,170.100006103516,6435100,161.133697509766
2024-01-02,169.089996337891,172.169998168945,168.910003662109,172.080001831055,9977400,163.009338378906
2024-01-03,171.860000610352,172.039993286133,170.369995117188,171.330001831055,9852300,162.298904418945
2024-01-04,170.639999389648,173.350006103516,170.539993286133,171.410003662109,11972500,163.375930786133
2024-01-05,171.470001220703,173.380004882812,171.470001220703,172.270004272461,10066000,164.195587158203
2024-01-08,172.020004272461,172.360000610352,169.490005493164,172.020004272461,11229900,163.957321166992
2024-01-09,171.619995117188,171.789993286133,170.100006103516,170.660003662109,9923600,162.661071777344
2024-01-10,170,171.080001831055,168.949996948242,171.020004272461,9670200,163.004196166992
2024-01-11,170.330001831055,170.360000610352,168.639999389648,170.300003051758,11919500,162.317932128906
2024-01-12,173.800003051758,176.309997558594,168.899993896484,169.050003051758,19436500,161.126541137695
2024-01-16,164.869995117188,168.089996337891,164.300003051758,167.990005493164,17206400,160.1162109375
2024-01-17,167.339996337891,169.070007324219,166.490005493164,167.089996337891,11107500,159.258392333984
2024-01-18,167.119995117188,167.529998779297,165.240005493164,167.419998168945,9382300,159.572952270508
2024-01-19,167.550003051758,170.570007324219,167.080001831055,170.309997558594,13115700,162.327453613281
2024-01-22,170.460006713867,171.979995727539,169.710006713867,170.110000610352,12837500,162.136825561523
2024-01-23,169.669998168945,169.75,168.440002441406,168.990005493164,8360800,161.0693359375
2024-01-24,169.360000610352,171.009994506836,168.860000610352,170.5,9967100,162.508575439453
2024-01-25,172.309997558594,172.990005493164,170.910003662109,172.940002441406,8873500,164.834182739258
2024-01-26,172.610000610352,173.059997558594,171.779998779297,172.279998779297,7443000,164.205123901367
2024-01-29,172.240005493164,172.839996337891,171.300003051758,172.729995727539,6971200,164.634048461914
2024-01-30,172.830001831055,176.759994506836,172.830001831055,176.270004272461,10822100,168.00813293457
2024-01-31,176.199996948242,178.300003051758,174.339996337891,174.360000610352,11521800,166.187652587891
2024-02-01,173.639999389648,174.839996337891,171.429992675781,173.729995727539,9354800,165.587158203125
2024-02-02,173.300003051758,175.820007324219,173.259994506836,174.729995727539,8607600,166.540283203125
2024-02-05,173.860000610352,175.089996337891,172.919998168945,174.5,7820200,166.321090698242
2024-02-06,174.610000610352,175.869995117188,173.759994506836,175.100006103516,6764800,166.892959594727
2024-02-07,175.690002441406,175.869995117188,173.960006713867,175.429992675781,7225500,167.207489013672
2024-02-08,175,175.309997558594,173.570007324219,174.800003051758,6060300,166.607040405273
2024-02-09,175,175.100006103516,173.669998168945,175.009994506836,6296700,166.807174682617
2024-02-12,174.779998779297,176.809997558594,173.699996948242,175.789993286133,8539300,167.55061340332
2024-02-13,175.320007324219,176.229995727539,172.619995117188,174.259994506836,8397600,166.092346191406
2024-02-14,175.070007324219,176.100006103516,174.419998168945,176.029998779297,7056700,167.779342651367
2024-02-15,176.149993896484,180.210006713867,176.149993896484,179.869995117188,8723400,171.439392089844
2024-02-16,179.610000610352,179.979995727539,178.160003662109,179.029998779297,8152600,170.638748168945
2024-02-20,179.190002441406,180.460006713867,178.410003662109,179.729995727539,9668000,171.305953979492
2024-02-21,179.949996948242,180.990005493164,178.520004272461,180.899993896484,7024000,172.421112060547
2024-02-22,181.820007324219,183.419998168945,181.240005493164,183.070007324219,9296500,174.489410400391
2024-02-23,183.809997558594,185.199996948242,183.190002441406,183.990005493164,7105800,175.366287231445
2024-02-26,183.75,184.460006713867,182.479995727539,183.360000610352,7145400,174.765808105469
2024-02-27,183.309997558594,183.539993286133,182.240005493164,183.449996948242,5717100,174.851593017578
2024-02-28,183.429992675781,185.199996948242,182.960006713867,184.380004882812,6131600,175.738021850586
2024-02-29,185.660003662109,186.429992675781,183.850006103516,186.059997558594,9643000,177.339233398438
2024-03-01,185.699996948242,186.440002441406,185.100006103516,185.289993286133,6311800,176.605346679688
2024-03-04,184.710006713867,187.589996337891,184.270004272461,186.679992675781,7063600,177.93017578125
2024-03-05,186.360000610352,189.300003051758,186.360000610352,188.550003051758,6617800,179.712554931641
2024-03-06,189.25,190.070007324219,187.630004882812,189.529998779297,7572900,180.646621704102
2024-03-07,189.910003662109,190.5,186.630004882812,187.869995117188,7618300,179.064422607422
2024-03-08,188.440002441406,190.460006713867,187.919998168945,188.220001220703,6172200,179.397994995117
2024-03-11,187.279998779297,188.440002441406,186.220001220703,188.289993286133,5762600,179.464736938477
2024-03-12,188.949996948242,190.160003662109,187.910003662109,189.839996337891,5708400,180.942077636719
2024-03-13,190.360000610352,191.729995727539,189.839996337891,191.380004882812,7795500,182.409927368164
2024-03-14,191.029998779297,191.630004882812,187.100006103516,187.970001220703,10310900,179.159713745117
2024-03-15,186.479995727539,190.940002441406,186.479995727539,190.300003051758,17214200,181.380523681641
2024-03-18,190.630004882812,192.699996948242,189.889999389648,192.660003662109,9013800,183.629928588867
2024-03-19,192.710006713867,193.929992675781,192.380004882812,193.789993286133,8478700,184.706909179688
2024-03-20,194.190002441406,196.559997558594,193.610000610352,196.330001831055,9367000,187.127899169922
2024-03-21,196.520004272461,199.429992675781,196.330001831055,199.059997558594,11203800,189.729949951172
2024-03-22,199.009994506836,200.479995727539,196.539993286133,196.619995117188,8108800,187.404312133789
2024-03-25,196.600006103516,196.940002441406,194.360000610352,194.820007324219,8620000,185.688705444336
2024-03-26,194.589996337891,196.660003662109,194.059997558594,195.729995727539,5961500,186.556030273438
2024-03-27,196.5,199.600006103516,196.380004882812,199.520004272461,8725800,190.168365478516
2024-03-28,199.490005493164,200.720001220703,198.539993286133,200.300003051758,8628300,190.911834716797
2024-04-01,199.990005493164,200.940002441406,198.570007324219,198.940002441406,7309000,189.615600585938
2024-04-02,198.389999389648,199.779998779297,198.080001831055,198.860000610352,7014700,189.539321899414
2024-04-03,199.039993286133,199.559997558594,197.699996948242,198.300003051758,9353400,189.005554199219
2024-04-04,199.149993896484,199.679992675781,195.550003051758,195.649993896484,9243800,187.567535400391
2024-04-05,196.160003662109,198.119995117188,195.110000610352,197.449996948242,6532300,189.293167114258
2024-04-08,197.619995117188,198.979995727539,197.619995117188,198.479995727539,8001000,190.280609130859
2024-04-09,198.070007324219,198.880004882812,194.910003662109,197.149993896484,7351500,189.005554199219
2024-04-10,195.550003051758,197.070007324219,194.179992675781,195.470001220703,7681400,187.394943237305
2024-04-11,196,196.570007324219,193.240005493164,195.429992675781,10137700,187.356628417969
2024-04-12,188.320007324219,188.929992675781,182.539993286133,182.789993286133,31532300,175.23876953125
2024-04-15,184.5,187.460006713867,182.199996948242,182.889999389648,14766600,175.334671020508
2024-04-16,182.899993896484,183.160003662109,179.649993896484,180.800003051758,16451800,173.330993652344
2024-04-17,181.369995117188,182.419998168945,179.199996948242,180.080001831055,9017100,172.640731811523
2024-04-18,181.100006103516,183.360000610352,179.970001220703,181.25,9557700,173.762390136719
2024-04-19,182.399993896484,185.880004882812,181.410003662109,185.800003051758,13402300,178.124435424805
2024-04-22,185.990005493164,190.130004882812,185.979995727539,189.410003662109,11529700,181.58528137207
2024-04-23,191.130004882812,192.229995727539,190.520004272461,192.139999389648,9144400,184.202514648438
2024-04-24,190.529998779297,193.229995727539,190.169998168945,193.080001831055,6964900,185.103698730469
2024-04-25,192.25,193.940002441406,191.179992675781,193.369995117188,9802300,185.381698608398
2024-04-26,193.570007324219,194.869995117188,193.059997558594,193.490005493164,6413700,185.49674987793
2024-04-29,193.479995727539,194.259994506836,192.429992675781,193.279998779297,5387800,185.295425415039
2024-04-30,192.809997558594,194.990005493164,191.639999389648,191.740005493164,8153700,183.819076538086
2024-05-01,192.270004272461,194.460006713867,190.789993286133,191.860000610352,7445300,183.93408203125
2024-05-02,193.070007324219,193.5,189.520004272461,191.660003662109,6501700,183.74235534668
2024-05-03,192,192.529998779297,188.460006713867,190.509994506836,8922800,182.639862060547
2024-05-06,191.729995727539,192.199996948242,189.820007324219,192,7911100,184.068313598633
2024-05-07,191.699996948242,192.929992675781,191.649993896484,191.75,7688800,183.82861328125
2024-05-08,191,196.649993896484,191,195.649993896484,9227600,187.567535400391
2024-05-09,195.169998168945,197.589996337891,195.100006103516,197.5,7977300,189.341110229492
2024-05-10,198.539993286133,199.339996337891,198.270004272461,198.770004272461,7529800,190.558639526367
2024-05-13,198.800003051758,199.850006103516,198.039993286133,198.729995727539,7049200,190.520294189453
2024-05-14,199,201.580001831055,198.160003662109,201.509994506836,8596200,193.185455322266
2024-05-15,202.009994506836,202.690002441406,199.770004272461,202.110000610352,8370000,193.760665893555
2024-05-16,202.220001220703,204.479995727539,201.990005493164,202.470001220703,8497900,194.10578918457
2024-05-17,203.809997558594,205.050003051758,202.809997558594,204.789993286133,9260500,196.329940795898
2024-05-20,204.389999389648,205.880004882812,195.399993896484,195.580001831055,17373300,187.500411987305
2024-05-21,197,199.899993896484,196.600006103516,199.520004272461,14420800,191.27766418457
2024-05-22,199,200.940002441406,197.690002441406,198.309997558594,9425300,190.117645263672
2024-05-23,197.809997558594,198.300003051758,196.070007324219,196.919998168945,8069400,188.785049438477
2024-05-24,197.75,200.759994506836,197.559997558594,200.710006713867,7356200,192.418487548828
2024-05-28,199.860000610352,200.410003662109,198.660003662109,199.5,6910200,191.25846862793
2024-05-29,198,198.990005493164,196.889999389648,198.110000610352,6120000,189.925903320312
2024-05-30,198.559997558594,199.850006103516,198.399993896484,199.330001831055,6829100,191.095504760742
2024-05-31,199.300003051758,203.300003051758,198.350006103516,202.630004882812,14417900,194.259170532227
2024-06-03,202.309997558594,202.419998168945,199.190002441406,201.820007324219,6444300,193.482681274414
2024-06-04,200.160003662109,201.979995727539,198.279998779297,199.160003662109,6848300,190.932510375977
2024-06-05,199.759994506836,199.820007324219,196.919998168945,197.259994506836,8351600,189.110977172852
2024-06-06,197.259994506836,198.020004272461,195.330001831055,196.910003662109,7640300,188.775482177734
2024-06-07,197.429992675781,200.919998168945,197.009994506836,199.949996948242,6964500,191.689880371094
2024-06-10,199.240005493164,200.839996337891,198.440002441406,199.610000610352,6070800,191.363922119141
2024-06-11,197.910003662109,197.940002441406,193.600006103516,194.360000610352,9235300,186.330810546875
2024-06-12,196,196.720001220703,191.309997558594,191.529998779297,12751300,183.617721557617
2024-06-13,192.320007324219,194.580001831055,190.880004882812,193.660003662109,8587800,185.659759521484
2024-06-14,191.449996948242,194.860000610352,191.419998168945,193.779998779297,6874000,185.774780273438
2024-06-17,193.479995727539,195.580001831055,192.639999389648,194.979995727539,8725400,186.925231933594
2024-06-18,194.600006103516,197.960006713867,194.130004882812,197,9023000,188.861755371094
2024-06-20,196.389999389648,199.449996948242,196.110000610352,198.669998168945,8731100,190.462768554688
2024-06-21,196.710006713867,197.169998168945,194.220001220703,196.300003051758,20972100,188.190689086914
2024-06-24,197.809997558594,199.229995727539,197.100006103516,198.880004882812,9785900,190.664093017578
2024-06-25,198.089996337891,200.070007324219,197.740005493164,198.070007324219,6862500,189.887557983398
2024-06-26,197.449996948242,197.940002441406,196.279998779297,197.429992675781,7758600,189.273986816406
2024-06-27,197.440002441406,199.860000610352,196.899993896484,199.169998168945,7913500,190.942108154297
2024-06-28,200.009994506836,202.600006103516,199.300003051758,202.259994506836,15307600,193.904479980469
2024-07-01,202.839996337891,207.089996337891,202.660003662109,205.449996948242,10205800,196.962677001953
2024-07-02,205.289993286133,208.860000610352,204.770004272461,208.830001831055,7802900,200.203048706055
2024-07-03,209.550003051758,210.380004882812,207.649993896484,208.690002441406,5560900,200.06884765625
2024-07-05,206.990005493164,207.369995117188,204.520004272461,204.789993286133,8093100,197.417816162109
2024-07-08,205.039993286133,206.899993896484,203.970001220703,205.169998168945,8707000,197.784149169922
2024-07-09,205.630004882812,209.759994506836,205.449996948242,207.630004882812,9058900,200.15559387207
2024-07-10,206.139999389648,207.970001220703,205.580001831055,207.800003051758,8328500,200.319458007812
2024-07-11,206.210006713867,208.100006103516,205.380004882812,207.449996948242,10658100,199.982070922852
2024-07-12,204,207.449996948242,202.100006103516,204.940002441406,15443400,197.562438964844
2024-07-15,207.190002441406,211.610000610352,206.720001220703,210.050003051758,10719700,202.488494873047
2024-07-16,210,213.740005493164,208.080001831055,213.619995117188,11557000,205.929962158203
2024-07-17,213.800003051758,217.559997558594,213.270004272461,216.869995117188,11572500,209.062973022461
2024-07-18,215.630004882812,216.639999389648,209.240005493164,209.979995727539,12415100,202.420989990234
2024-07-19,211.199996948242,212.350006103516,208.919998168945,209.779998779297,8095900,202.228164672852
2024-07-22,210.460006713867,212.169998168945,209.710006713867,210.279998779297,7663200,202.710205078125
2024-07-23,211.020004272461,211.479995727539,209.350006103516,210.330001831055,5557300,202.758407592773
2024-07-24,209.550003051758,212.029998779297,208.070007324219,208.589996337891,7119000,201.081024169922
2024-07-25,208.649993896484,210.190002441406,208.050003051758,208.669998168945,6403800,201.158142089844
2024-07-26,209.240005493164,213.160003662109,208.619995117188,212.240005493164,8027800,204.599639892578
2024-07-29,212.649993896484,213.610000610352,210.550003051758,210.850006103516,6533600,203.259674072266
2024-07-30,213.229995727539,215.789993286133,212.960006713867,215.190002441406,8850700,207.443450927734
2024-07-31,214.779998779297,216.389999389648,212.669998168945,212.800003051758,9071600,205.139465332031
2024-08-01,213.199996948242,213.830001831055,206.380004882812,207.960006713867,10918600,200.473724365234
2024-08-02,203.880004882812,204.669998168945,196.889999389648,199.139999389648,18041700,191.971221923828
2024-08-05,194.050003051758,196.169998168945,190.899993896484,194.899993896484,13927000,187.883865356445
2024-08-06,195.399993896484,202.600006103516,194,200.339996337891,10605800,193.128005981445
2024-08-07,203.509994506836,205.75,200.199996948242,200.399993896484,9204400,193.185852050781
2024-08-08,202.470001220703,204.910003662109,201.789993286133,204.059997558594,7761200,196.714096069336
2024-08-09,203.470001220703,206.470001220703,202.899993896484,205.800003051758,5540200,198.391464233398
2024-08-12,206.410003662109,207.139999389648,203.660003662109,206.190002441406,6936000,198.767440795898
2024-08-13,207.729995727539,208.089996337891,205.399993896484,207.940002441406,6387800,200.454437255859
2024-08-14,207.740005493164,210.759994506836,207.119995117188,210.240005493164,6999800,202.671630859375
2024-08-15,213,213.889999389648,211.100006103516,211.550003051758,7001000,203.934478759766
2024-08-16,211.690002441406,214.089996337891,211.589996337891,213.970001220703,7931200,206.267364501953
2024-08-19,214,215.529998779297,213.820007324219,215.449996948242,6090800,207.694061279297
2024-08-20,215,216,213.679992675781,214.520004272461,5640000,206.797546386719
2024-08-21,214.429992675781,215,212.839996337891,214.600006103516,5202300,206.874694824219
2024-08-22,214.580001831055,216.800003051758,214.339996337891,216.630004882812,5247100,208.831604003906
2024-08-23,217.600006103516,219.190002441406,216.5,218.309997558594,7214000,210.451141357422
2024-08-26,219.009994506836,219.679992675781,218.050003051758,219.169998168945,5105200,211.280181884766
2024-08-27,219.509994506836,220.419998168945,219.190002441406,220.179992675781,5185200,212.253784179688
2024-08-28,219.25,222.210006713867,219.190002441406,221.289993286133,6506400,213.323852539062
2024-08-29,222.149993896484,222.979995727539,218.940002441406,222.210006713867,6416100,214.210739135742
2024-08-30,222.5,225.479995727539,221.929992675781,224.800003051758,8574100,216.70751953125
2024-09-03,222.300003051758,224.100006103516,219.240005493164,220.300003051758,8956100,212.369491577148
2024-09-04,221.039993286133,222.070007324219,217.210006713867,219.330001831055,7389500,211.434417724609
2024-09-05,220.149993896484,220.800003051758,216.029998779297,217.630004882812,8067900,209.795608520508
2024-09-06,217.600006103516,218.740005493164,211.089996337891,212.460006713867,7777000,204.811721801758
2024-09-09,215.190002441406,218.149993896484,214.179992675781,216.809997558594,8935100,209.005111694336
2024-09-10,218.600006103516,218.639999389648,200.610000610352,205.559997558594,28406900,198.160125732422
2024-09-11,205.25,207.699996948242,201.830001831055,207.229995727539,13658700,199.770004272461
2024-09-12,207.649993896484,208.779998779297,204.889999389648,206.600006103516,9054400,199.162673950195
2024-09-13,206.860000610352,207.850006103516,203.020004272461,204.320007324219,10226700,196.964752197266
2024-09-16,205.830001831055,208.210006713867,205.589996337891,207.860000610352,8634900,200.377334594727
2024-09-17,207.729995727539,209.929992675781,207.660003662109,209.25,7573300,201.71728515625
2024-09-18,209.009994506836,211.339996337891,206.699996948242,207.529998779297,8259900,200.059188842773
2024-09-19,209.779998779297,211.910003662109,207.339996337891,210.479995727539,11635200,202.902984619141
2024-09-20,209.929992675781,211.419998168945,209.5,211.089996337891,20885000,203.491027832031
2024-09-23,211,211.800003051758,209.990005493164,211.440002441406,7223500,203.82844543457
2024-09-24,211.149993896484,212.949996948242,210.369995117188,211.589996337891,7323200,203.973022460938
2024-09-25,211.679992675781,212.240005493164,208.610000610352,210.190002441406,8976500,202.623443603516
2024-09-26,211.130004882812,211.699996948242,209.009994506836,209.779998779297,7807500,202.228164672852
2024-09-27,210.649993896484,212.440002441406,209.330001831055,210.5,7032500,202.922271728516
2024-09-30,206.309997558594,210.960006713867,205.259994506836,210.860000610352,8663800,203.269302368164
2024-10-01,208.899993896484,209.089996337891,206.190002441406,207.039993286133,8540100,199.586822509766
2024-10-02,207.080001831055,208.949996948242,205.690002441406,207.289993286133,5810900,199.827835083008
2024-10-03,206.169998168945,206.490005493164,204.339996337891,205.229995727539,7251300,197.841979980469
2024-10-04,209.300003051758,211.669998168945,206.910003662109,211.220001220703,10211700,204.864120483398
2024-10-07,211.029998779297,213.330001831055,209.690002441406,210.929992675781,6718900,204.58283996582
2024-10-08,210.580001831055,211.330001831055,208.380004882812,210.75,6021800,204.408279418945
2024-10-09,209.699996948242,214.240005493164,209.380004882812,213.419998168945,7024000,206.997909545898
2024-10-10,214.809997558594,214.809997558594,211.470001220703,212.839996337891,7927100,206.435394287109
2024-10-11,215.669998168945,224.630004882812,215.160003662109,222.289993286133,18320700,215.600997924805
2024-10-14,223.199996948242,223.699996948242,218.880004882812,221.479995727539,9048900,214.815383911133
2024-10-15,223.660003662109,225.449996948242,221.820007324219,222.389999389648,9235800,215.698013305664
2024-10-16,222.330001831055,223.679992675781,221.039993286133,223.639999389648,6382500,216.910385131836
2024-10-17,224.270004272461,225.850006103516,223.309997558594,224.419998168945,6470200,217.666931152344
2024-10-18,225,225.919998168945,223.100006103516,225.369995117188,7000500,218.588317871094
2024-10-21,225.220001220703,225.699996948242,222.899993896484,223,5870000,216.289657592773
2024-10-22,223.020004272461,225.279998779297,221.100006103516,224.119995117188,9586800,217.375946044922
2024-10-23,223.660003662109,224.800003051758,222.529998779297,223.410003662109,6180500,216.687301635742
2024-10-24,221.830001831055,225.059997558594,221.660003662109,224.979995727539,6002200,218.210052490234
2024-10-25,225,225.619995117188,220.880004882812,222.309997558594,6369700,215.620422363281
2024-10-28,223.350006103516,225.639999389648,222.949996948242,225.5,6843000,218.714431762695
2024-10-29,225.210006713867,226.75,222.809997558594,222.899993896484,6580000,216.192657470703
2024-10-30,222.539993286133,226.309997558594,221.580001831055,224.410003662109,7110900,217.657241821289
2024-10-31,224.699996948242,225.690002441406,221.820007324219,221.919998168945,7829900,215.242141723633
2024-11-01,223.559997558594,226.149993896484,222.699996948242,222.940002441406,6923500,216.231460571289
2024-11-04,222.649993896484,223.759994506836,219.169998168945,219.779998779297,8229600,213.166549682617
2024-11-05,220.029998779297,221.960006713867,220,221.490005493164,5600700,214.825073242188
2024-11-06,235,248,234.770004272461,247.059997558594,23987800,239.62565612793
2024-11-07,244.5,244.570007324219,235.220001220703,236.380004882812,16451100,229.267028808594
2024-11-08,239.339996337891,239.339996337891,235.779998779297,236.979995727539,9502100,229.848968505859
2024-11-11,240,242.100006103516,239,239.289993286133,9017100,232.089462280273
2024-11-12,240.550003051758,241.460006713867,238.759994506836,239.559997558594,6861000,232.351348876953
2024-11-13,240.580001831055,244.089996337891,240.309997558594,241.160003662109,11472600,233.903182983398
2024-11-14,242.419998168945,244.289993286133,241.050003051758,241.869995117188,10172200,234.591827392578
2024-11-15,241.460006713867,246.419998168945,241.460006713867,245.309997558594,11518800,237.928283691406
2024-11-18,247.759994506836,247.929992675781,242.679992675781,245.029998779297,9051400,237.65673828125
2024-11-19,242.25,245.149993896484,241.550003051758,243.089996337891,6792700,235.775115966797
2024-11-20,244.399993896484,244.610000610352,238.639999389648,240.779998779297,9015300,233.534622192383
2024-11-21,243.229995727539,245.490005493164,242.110000610352,244.759994506836,8783500,237.39485168457
2024-11-22,243.610000610352,249.149993896484,243.029998779297,248.550003051758,7997300,241.070816040039
2024-11-25,249.589996337891,254.309997558594,249.059997558594,250.289993286133,10295400,242.758453369141
2024-11-26,250.490005493164,251,248.339996337891,249.970001220703,6212100,242.448089599609
2024-11-27,249.350006103516,251.190002441406,248.770004272461,249.789993286133,5472300,242.273498535156
2024-11-29,249.860000610352,251.770004272461,249.449996948242,249.720001220703,5494800,242.205612182617
2024-12-02,249.550003051758,250.25,245.029998779297,246.25,8899700,238.840026855469
2024-12-03,248.229995727539,249.039993286133,244.630004882812,244.820007324219,6657700,237.453048706055
2024-12-04,244.699996948242,245.350006103516,242.229995727539,243.399993896484,7346300,236.075775146484
2024-12-05,245.389999389648,247.179992675781,244.619995117188,245.479995727539,6572500,238.093185424805
2024-12-06,245.699996948242,247.740005493164,244.839996337891,247.360000610352,5519700,239.916641235352
2024-12-09,247.130004882812,247.869995117188,243.759994506836,243.809997558594,7076500,236.473434448242
2024-12-10,243.889999389648,247.960006713867,242.220001220703,242.860000610352,9108300,235.552032470703
2024-12-11,244,244.270004272461,242.179992675781,243.529998779297,7884400,236.201873779297
2024-12-12,243,244.100006103516,241.039993286133,241.529998779297,6113800,234.26203918457
2024-12-13,242.070007324219,242.720001220703,239.139999389648,239.940002441406,10392700,232.719909667969
2024-12-16,240.610000610352,240.669998168945,237.520004272461,239.580001831055,9032000,232.370727539062
2024-12-17,238.649993896484,239.020004272461,236.630004882812,238.360000610352,8083600,231.187438964844
2024-12-18,239,239.070007324219,229.529998779297,230.369995117188,11322400,223.437881469727
2024-12-19,232.270004272461,236.360000610352,232.270004272461,232.960006713867,11790800,225.949935913086
2024-12-20,231.919998168945,239.210006713867,231.589996337891,237.600006103516,32348400,230.450317382812
2024-12-23,236.070007324219,238.619995117188,234.880004882812,238.389999389648,8611500,231.216537475586
2024-12-24,239.429992675781,242.490005493164,239.070007324219,242.309997558594,3729100,235.018569946289
2024-12-26,241.429992675781,243.259994506836,240.789993286133,243.139999389648,4451800,235.823623657227
2024-12-27,242.720001220703,243.389999389648,240.039993286133,241.169998168945,5730200,233.912872314453
2024-12-30,238.770004272461,240.839996337891,237.110000610352,239.320007324219,5723800,232.118591308594
2024-12-31,240.050003051758,241.440002441406,239.029998779297,239.710006713867,4871000,232.496841430664
2025-01-02,240.919998168945,243.279998779297,239.449996948242,240,9220900,232.778091430664
2025-01-03,243.889999389648,244.880004882812,240.259994506836,243.279998779297,9491100,235.959396362305
2025-01-06,243.699996948242,245.690002441406,240.580001831055,240.850006103516,9917800,234.808990478516
2025-01-07,242.139999389648,245.259994506836,240.899993896484,243.169998168945,8753400,237.07080078125
2025-01-08,242.75,244.25,240.5,243.130004882812,8675300,237.031799316406
2025-01-10,243.089996337891,243.809997558594,238.740005493164,239.869995117188,10256800,233.853576660156
2025-01-13,239.669998168945,244.539993286133,239,244.210006713867,10005300,238.084716796875
2025-01-14,242.660003662109,247.720001220703,242.190002441406,247.470001220703,12407400,241.262924194336
2025-01-15,250.399993896484,253.669998168945,243.679992675781,252.350006103516,18448500,246.020553588867
2025-01-16,254,257.040008544922,252.330001831055,254.270004272461,15292300,247.892379760742
2025-01-17,254.139999389648,260.619995117188,252.139999389648,259.160003662109,17678100,252.659759521484
2025-01-21,260.070007324219,264.25,259.5,263.029998779297,13712100,256.432708740234
2025-01-22,262.899993896484,263.380004882812,260.25,262.839996337891,9021900,256.247436523438
2025-01-23,264.690002441406,266.859985351562,263.809997558594,265.950012207031,10749700,259.279449462891
2025-01-24,263.690002441406,267.100006103516,263.010009765625,264.839996337891,7666300,258.197265625
2025-01-27,264.170013427734,265.970001220703,262.260009765625,265.850006103516,7522300,259.181945800781
2025-01-28,265.850006103516,267.329986572266,264.829986572266,267.140014648438,7375400,260.439605712891
2025-01-29,267.209991455078,270.679992675781,265.609985351562,266.579986572266,7684900,259.893585205078
2025-01-30,268.630004882812,269.700012207031,266.619995117188,268.230010986328,8753500,261.502258300781
2025-01-31,269.230010986328,270.820007324219,266.959991455078,267.299987792969,7193800,260.595581054688
2025-02-03,261.829986572266,268.170013427734,261.700012207031,266.809997558594,8381400,260.117828369141
2025-02-04,269.839996337891,269.839996337891,266.829986572266,267.940002441406,5626000,261.219543457031
2025-02-05,268.910003662109,270.640014648438,268.329986572266,270.429992675781,5704400,263.647064208984
2025-02-06,272.450012207031,276.980010986328,271.190002441406,276.899993896484,7264400,269.954803466797
2025-02-07,277.269989013672,278.549987792969,274.709991455078,275.799987792969,6857900,268.882385253906
2025-02-10,276.149993896484,276.179992675781,269.589996337891,271.040008544922,8627400,264.241790771484
2025-02-11,270.260009765625,276.220001220703,269.660003662109,274.989990234375,7196400,268.092681884766
2025-02-12,274.079986572266,276.450012207031,273.25,275.450012207031,6683900,268.541168212891
2025-02-13,275.5,276.970001220703,273.809997558594,276.320007324219,8398700,269.389343261719
2025-02-14,277.369995117188,279.230010986328,276.450012207031,276.589996337891,5688600,269.652557373047
2025-02-18,276.760009765625,279.970001220703,276.019989013672,279.950012207031,7919800,272.928283691406
2025-02-19,278.380004882812,280.25,277.220001220703,279.25,7007200,272.245819091797
2025-02-20,278.679992675781,278.739990234375,265.739990234375,266.799987792969,13846700,260.108093261719
2025-02-21,268.320007324219,269.200012207031,262.839996337891,264.239990234375,12835600,257.612335205078
2025-02-24,265.489990234375,267,258.609985351562,261.339996337891,10372800,254.785049438477
2025-02-25,262.230010986328,263,253.350006103516,257.399993896484,9608400,250.943862915039
2025-02-26,257.160003662109,260.910003662109,256.929992675781,258.790008544922,5943600,252.299011230469
2025-02-27,260.179992675781,263.640014648438,257.859985351562,259.049987792969,8204400,252.552474975586
2025-02-28,260.730010986328,264.809997558594,257.890014648438,264.649993896484,10467100,258.012023925781
2025-03-03,264,266.320007324219,257.820007324219,260.619995117188,9058300,254.083114624023
2025-03-04,255.279998779297,257.230010986328,245.949996948242,250.25,13465600,243.973220825195
2025-03-05,251.25,253.050003051758,247.830001831055,251.529998779297,7861400,245.221099853516
2025-03-06,248.110000610352,249.360000610352,243.850006103516,246.539993286133,9983200,240.356262207031
2025-03-07,245.229995727539,246.720001220703,239.419998168945,242.279998779297,20498700,236.203125
2025-03-10,236.210006713867,237.509994506836,228.699996948242,232.220001220703,18887200,226.395462036133
2025-03-11,231.75,233.320007324219,226.690002441406,229.139999389648,18143000,223.392700195312
2025-03-12,234,234.320007324219,227.259994506836,227.899993896484,16054000,222.183807373047
2025-03-13,229.300003051758,229.5,224.229995727539,225.190002441406,16467900,219.541778564453
2025-03-14,228.119995117188,233.139999389648,227.580001831055,232.440002441406,11962100,226.609924316406
2025-03-17,231.179992675781,235.669998168945,230.460006713867,233.929992675781,9586000,228.062561035156
2025-03-18,234.320007324219,236.169998168945,233.520004272461,234.970001220703,10344900,229.076477050781
2025-03-19,235.740005493164,242.330001831055,234.889999389648,239.110000610352,10120600,233.11262512207
2025-03-20,236.559997558594,241.759994506836,236.199996948242,239.009994506836,8328500,233.01513671875
2025-03-21,237.809997558594,242.300003051758,236.5,241.630004882812,19326900,235.569442749023
2025-03-24,245.479995727539,248.690002441406,244.410003662109,248.059997558594,9422700,241.838150024414
2025-03-25,249.309997558594,251.820007324219,247.619995117188,251.130004882812,9287700,244.831146240234
2025-03-26,252.600006103516,254.669998168945,249.779998779297,251.029998779297,12779300,244.733657836914
2025-03-27,249.529998779297,250.639999389648,247.179992675781,248.119995117188,8022500,241.896621704102
2025-03-28,246.940002441406,249.509994506836,241.110000610352,242.850006103516,11978400,236.758834838867
2025-03-31,239.410003662109,245.860000610352,237.360000610352,245.300003051758,13603000,239.147384643555
2025-04-01,242.619995117188,245.690002441406,240.880004882812,243.660003662109,8054700,237.548522949219
2025-04-02,241.600006103516,247.25,241.460006713867,245.820007324219,7758800,239.654357910156
2025-04-03,234.270004272461,235.139999389648,227.300003051758,228.690002441406,17188500,222.953994750977
2025-04-04,215.309997558594,217.699996948242,208.929992675781,210.279998779297,27170700,206.268493652344
2025-04-07,205.770004272461,222.050003051758,202.160003662109,214.440002441406,22914400,210.349136352539
2025-04-08,223.520004272461,227.839996337891,213.25,216.869995117188,19485700,212.732772827148
2025-04-09,212.5,237.479995727539,211,234.339996337891,24022400,229.869491577148
2025-04-10,230,230.350006103516,220.100006103516,227.110000610352,18896400,222.777420043945
2025-04-11,226.309997558594,238.580001831055,225,236.199996948242,20284500,231.69401550293
2025-04-14,237.100006103516,239.779998779297,233.630004882812,234.720001220703,13017800,230.242233276367
2025-04-15,236.100006103516,238.649993896484,232.820007324219,233.130004882812,10912900,228.682571411133
2025-04-16,232,233.580001831055,227.929992675781,229.610000610352,9322300,225.229721069336
2025-04-17,230.800003051758,234.339996337891,230.550003051758,231.960006713867,9557900,227.534912109375
2025-04-21,230.630004882812,231.809997558594,226.339996337891,228.990005493164,8716200,224.621566772461
2025-04-22,231.979995727539,235.990005493164,231.369995117188,235.589996337891,10701400,231.095642089844
2025-04-23,240.220001220703,246.789993286133,240,240.880004882812,14126800,236.284744262695
2025-04-24,239.740005493164,245.470001220703,237.580001831055,244.639999389648,9055200,239.973007202148
2025-04-25,244.649993896484,245.619995117188,241.75,243.550003051758,8588600,238.90380859375
2025-04-28,244.559997558594,246.839996337891,240.839996337891,243.220001220703,7394300,238.580093383789
2025-04-29,242.190002441406,245.25,241.690002441406,244.619995117188,7216800,239.953384399414
2025-04-30,241.210006713867,245.220001220703,238.429992675781,244.619995117188,12991700,239.953384399414
2025-05-01,242.839996337891,248.449996948242,242.169998168945,246.889999389648,8689600,242.180084228516
2025-05-02,251.259994506836,253.619995117188,249.460006713867,252.509994506836,7165000,247.692855834961
2025-05-05,251.179992675781,255.160003662109,250.589996337891,252.559997558594,5450700,247.741912841797
2025-05-06,250,252.649993896484,249,249.25,6369900,244.495056152344
2025-05-07,249.850006103516,252.449996948242,248.830001831055,249.389999389648,8724100,244.632385253906
2025-05-08,251.570007324219,255.880004882812,251.550003051758,253.470001220703,8320100,248.634567260742
2025-05-09,254.5,255.509994506836,252.339996337891,253.080001831055,5087600,248.251998901367
2025-05-12,262.899993896484,263.600006103516,258.700012207031,260.049987792969,9603900,255.089019775391
2025-05-13,261.029998779297,263.670013427734,260.390014648438,263.010009765625,8589000,257.992584228516
2025-05-14,263,266.640014648438,262.290008544922,265.640014648438,8643100,260.572387695312
2025-05-15,266.970001220703,269.519989013672,264.760009765625,267.489990234375,9214600,262.387054443359
2025-05-16,267.5,268.459991455078,264.709991455078,267.559997558594,8932900,262.455749511719
2025-05-19,265.549987792969,268.320007324219,261.929992675781,264.880004882812,12145000,259.826873779297
2025-05-20,262.519989013672,266.660003662109,262.299987792969,265.679992675781,8436300,260.611633300781
2025-05-21,264.350006103516,265.649993896484,260.730010986328,261.040008544922,7464000,256.060150146484
2025-05-22,259.440002441406,262.299987792969,258.869995117188,260.670013427734,6514100,255.697235107422
2025-05-23,256.809997558594,261.989990234375,256,260.709991455078,6671800,255.736404418945
2025-05-27,262.040008544922,265.299987792969,261.989990234375,265.290008544922,7506600,260.229064941406
2025-05-28,266.239990234375,266.720001220703,262.899993896484,263.489990234375,5535400,258.463409423828
2025-05-29,264.799987792969,265.410003662109,262.529998779297,264.369995117188,5081200,259.326599121094
2025-05-30,263.450012207031,265.329986572266,262.730010986328,264,10977700,258.963684082031
2025-06-02,263.019989013672,265.029998779297,261.899993896484,264.660003662109,6011200,259.611083984375
2025-06-03,263.730010986328,266.579986572266,262.880004882812,266.269989013672,6998400,261.190368652344
2025-06-04,265.920013427734,267.119995117188,264.179992675781,264.220001220703,5915700,259.179443359375
2025-06-05,264.739990234375,264.739990234375,260.309997558594,261.950012207031,8173800,256.952789306641
2025-06-06,264.329986572266,266.649993896484,264.260009765625,265.730010986328,7738100,260.66064453125
2025-06-09,266,267.899993896484,263.350006103516,266.739990234375,8285000,261.6513671875
2025-06-10,265.880004882812,268.899993896484,265.850006103516,268.600006103516,7538100,263.475921630859
2025-06-11,268.679992675781,269.619995117188,265.790008544922,268.149993896484,7434100,263.034484863281
2025-06-12,266.859985351562,268.290008544922,265.140014648438,268.239990234375,6618000,263.122772216797
2025-06-13,265.079986572266,267.019989013672,262.709991455078,264.950012207031,7098300,259.895538330078
2025-06-16,267,271.730010986328,266.850006103516,270.359985351562,8566000,265.202331542969
2025-06-17,268.170013427734,270.589996337891,267.799987792969,269.519989013672,6739300,264.378387451172
2025-06-18,270,277.720001220703,269.720001220703,273.959991455078,9586400,268.733642578125
2025-06-20,275.570007324219,277.299987792969,273.809997558594,275,13969700,269.753814697266
2025-06-23,275.059997558594,278.549987792969,272.109985351562,278.269989013672,8094600,272.96142578125
2025-06-24,280.209991455078,282.709991455078,279.510009765625,281.260009765625,9267900,275.894378662109
2025-06-25,281.5,284.279998779297,280.910003662109,284.059997558594,6826900,278.640960693359
2025-06-26,284.700012207031,289.410003662109,284.470001220703,288.75,8942100,283.241516113281
2025-06-27,285.809997558594,288.700012207031,285.040008544922,287.109985351562,17868600,281.632751464844
2025-06-30,290.399993896484,292.649993896484,288.920013427734,289.910003662109,12689200,284.37939453125
2025-07-01,290.890014648438,291.130004882812,286.589996337891,290.410003662109,9338300,284.869842529297
2025-07-02,292.040008544922,292.820007324219,289.700012207031,292,8158700,286.429534912109
2025-07-03,292.149993896484,296.399993896484,291.209991455078,296,6541600,291.752014160156
2025-07-07,295.25,296.040008544922,290.079986572266,291.970001220703,8825700,287.779846191406
2025-07-08,289.269989013672,289.700012207031,280.309997558594,282.779998779297,15440900,278.721740722656
2025-07-09,287.179992675781,287.200012207031,282.480010986328,283.160003662109,11273800,279.096313476562
2025-07-10,283,288.309997558594,283,288.190002441406,8410900,284.054077148438
2025-07-11,285.519989013672,287.380004882812,283.649993896484,286.859985351562,7384700,282.7431640625
2025-07-14,287.070007324219,289.299987792969,285.260009765625,288.700012207031,9079900,284.556793212891
2025-07-15,288,291.950012207031,285.480010986328,286.549987792969,12526100,282.437652587891
2025-07-16,288.399993896484,290.730010986328,283.010009765625,285.820007324219,9979800,281.718139648438
2025-07-17,283.440002441406,290.299987792969,283.440002441406,289.899993896484,8509500,285.739562988281
2025-07-18,289.519989013672,292.5,288.230010986328,291.269989013672,12217000,287.089904785156
2025-07-21,291,294.179992675781,290.579986572266,290.970001220703,7898100,286.794189453125
2025-07-22,291.5,293.630004882812,289.179992675781,291.429992675781,6717500,287.247619628906
2025-07-23,292.839996337891,296.989990234375,292.549987792969,296.760009765625,7083500,292.501129150391
2025-07-24,297.420013427734,299.589996337891,296.200012207031,296.549987792969,7001200,292.294128417969
2025-07-25,296.700012207031,298.899993896484,295.959991455078,298.619995117188,5918500,294.334442138672
2025-07-28,297.660003662109,299.429992675781,296.820007324219,298.279998779297,5840400,293.999298095703
2025-07-29,300,301.290008544922,296.200012207031,297.040008544922,7635700,292.777099609375
2025-07-30,297.420013427734,300.609985351562,297.380004882812,299.630004882812,8061700,295.329925537109
2025-07-31,299.140014648438,300.980010986328,295.5,296.239990234375,14749700,291.988555908203
2025-08-01,290.399993896484,291.799987792969,284.239990234375,289.369995117188,12007100,285.217163085938
2025-08-04,290.260009765625,294.320007324219,290.260009765625,294.260009765625,6649500,290.036987304688
2025-08-05,294.690002441406,295.790008544922,287.239990234375,291.369995117188,7182300,287.188446044922
2025-08-06,292.299987792969,293.290008544922,290.160003662109,291.350006103516,6330200,287.168731689453
2025-08-07,292.940002441406,293.459991455078,286.410003662109,286.940002441406,8057100,282.822052001953
2025-08-08,288.980010986328,291.230010986328,284.709991455078,288.760009765625,6634100,284.615966796875
2025-08-11,289.399993896484,291.320007324219,288.779998779297,289.559997558594,5510100,285.404449462891
2025-08-12,291.5,294.75,290.339996337891,292.850006103516,8570900,288.647247314453
2025-08-13,293.950012207031,294.549987792969,287.160003662109,290.529998779297,8420400,286.360534667969
2025-08-14,290.579986572266,294.200012207031,289.640014648438,294.160003662109,6322400,289.938446044922
2025-08-15,294.839996337891,295.5,289.820007324219,290.489990234375,7340500,286.321075439453
2025-08-18,290,291.899993896484,288.410003662109,291.529998779297,5386900,287.346160888672
2025-08-19,290.829986572266,292.480010986328,289.529998779297,290.660003662109,6031500,286.488677978516
2025-08-20,290.809997558594,293.329986572266,287.269989013672,292.239990234375,7374200,288.045959472656
2025-08-21,291.940002441406,292.769989013672,289.470001220703,291.470001220703,6624000,287.287017822266
2025-08-22,293.200012207031,297.160003662109,290.130004882812,296.239990234375,8552800,291.988555908203
2025-08-25,296.239990234375,297.350006103516,294.140014648438,294.899993896484,5856300,290.667816162109
2025-08-26,294.160003662109,298.739990234375,293.5,298.570007324219,6714700,294.285125732422
2025-08-27,297.25,301.070007324219,297.040008544922,299.279998779297,6056500,294.984954833984
2025-08-28,300.019989013672,301.239990234375,298.700012207031,301.070007324219,6410500,296.749267578125
2025-08-29,302.040008544922,302.950012207031,299.730010986328,301.420013427734,6796400,297.094268798828
2025-09-02,300.260009765625,300.459991455078,294.5,299.700012207031,7221900,295.39892578125
2025-09-03,300.570007324219,300.570007324219,296.380004882812,299.510009765625,6316900,295.211669921875
2025-09-04,300,304.429992675781,298.279998779297,303.820007324219,6605800,299.459808349609
2025-09-05,303.649993896484,305.149993896484,294.309997558594,294.380004882812,9837700,290.1552734375
2025-09-08,294.890014648438,296.459991455078,291.440002441406,292.910003662109,8188500,288.706359863281
2025-09-09,292.600006103516,299,292.309997558594,297.850006103516,7848200,293.575500488281
2025-09-10,296.700012207031,301.540008544922,295.399993896484,300.540008544922,7787300,296.226867675781
2025-09-11,301.239990234375,305.730010986328,300.790008544922,305.559997558594,7942500,301.174835205078
2025-09-12,305,307.549987792969,303.700012207031,306.910003662109,6846700,302.505462646484
2025-09-15,307.170013427734,309.950012207031,307.170013427734,308.899993896484,7122000,304.466857910156
2025-09-16,310,310.899993896484,307.130004882812,309.190002441406,10525600,304.752716064453
2025-09-17,310.390014648438,312.910003662109,308.769989013672,311.75,8657800,307.276000976562
2025-09-18,311.790008544922,313.440002441406,309.609985351562,313.230010986328,8050700,308.734771728516
2025-09-19,313.600006103516,315.799987792969,309.119995117188,314.779998779297,23568600,310.262512207031
2025-09-22,309.799987792969,313.700012207031,309.559997558594,312.440002441406,7520200,307.956085205078
2025-09-23,311.820007324219,316.309997558594,310.579986572266,312.739990234375,8584400,308.251770019531
2025-09-24,314.049987792969,316.579986572266,311.670013427734,313.420013427734,7310500,308.922058105469
2025-09-25,314.119995117188,315.649993896484,311.799987792969,313.450012207031,7083200,308.951629638672
2025-09-26,314.899993896484,317.809997558594,313.700012207031,316.059997558594,7258100,311.524108886719
2025-09-29,317.059997558594,318.010009765625,313.660003662109,315.690002441406,6462400,311.159454345703
2025-09-30,316.25,317.410003662109,310.109985351562,315.429992675781,11823300,310.903167724609
2025-10-01,313.970001220703,314.589996337891,307.410003662109,310.709991455078,9235200,306.250915527344
2025-10-02,310,310.559997558594,306.140014648438,307.549987792969,7600000,303.136260986328
2025-10-03,308.510009765625,311.660003662109,308.209991455078,310.029998779297,6029900,305.580688476562
2025-10-06,310.179992675781,311.75,305.130004882812,309.179992675781,7214500,306.224456787109
2025-10-07,309.350006103516,310.010009765625,304.700012207031,307.690002441406,8454200,304.748687744141
2025-10-08,308.209991455078,308.779998779297,303.549987792969,304.029998779297,6489900,301.123687744141
2025-10-09,305.049987792969,308.040008544922,303.390014648438,305.529998779297,7060300,302.609344482422
2025-10-10,305.660003662109,310.470001220703,300.809997558594,300.890014648438,8597400,298.013732910156
2025-10-13,305.600006103516,309.459991455078,305.450012207031,307.970001220703,10788700,305.026031494141
2025-10-14,305.839996337891,307,294.209991455078,302.079986572266,16178800,299.192321777344
2025-10-15,306.390014648438,312.119995117188,305.440002441406,305.690002441406,11354800,302.767822265625
2025-10-16,305.350006103516,308.679992675781,297.070007324219,298.540008544922,10549400,295.686157226562
2025-10-17,299.160003662109,299.549987792969,294.200012207031,297.559997558594,10153500,294.715545654297
2025-10-20,298.5,303.690002441406,298.160003662109,302.359985351562,6894900,299.469635009766
2025-10-21,301.660003662109,304.049987792969,297,297.089996337891,7372700,294.250030517578
2025-10-22,297.769989013672,298.059997558594,290.540008544922,294.109985351562,8054100,291.298492431641
2025-10-23,294.380004882812,296.369995117188,292.510009765625,294.540008544922,5438800,291.724426269531
2025-10-24,296.079986572266,302.600006103516,295.450012207031,300.440002441406,7228300,297.568023681641
2025-10-27,302.160003662109,304.529998779297,301.010009765625,304.149993896484,5642200,301.242523193359
2025-10-28,304.859985351562,307.970001220703,303.160003662109,305.359985351562,6336000,302.440948486328
2025-10-29,303.510009765625,308.25,303.010009765625,305.510009765625,7520300,302.589538574219
2025-10-30,305.790008544922,312.609985351562,305.100006103516,309.440002441406,7514600,306.481994628906
2025-10-31,308.540008544922,312.869995117188,307.25,311.119995117188,7721300,308.145904541016
2025-11-03,311,312.320007324219,306.209991455078,309.350006103516,7770000,306.392852783203
2025-11-04,306.709991455078,312.220001220703,305.100006103516,309.25,7085200,306.293792724609
2025-11-05,309.609985351562,313.100006103516,305.630004882812,311.679992675781,6865200,308.700561523438
2025-11-06,310.989990234375,314.839996337891,310.260009765625,313.420013427734,7206100,310.423950195312
2025-11-07,311.890014648438,314.429992675781,307.640014648438,314.209991455078,7302300,311.206359863281
2025-11-10,315,319.559997558594,314.209991455078,316.890014648438,5794100,313.860748291016
2025-11-11,317.5,319.049987792969,315.279998779297,315.619995117188,5030200,312.602874755859
2025-11-12,316.260009765625,322.25,316.209991455078,320.410003662109,10578300,317.347106933594
2025-11-13,319.230010986328,320.630004882812,309.100006103516,309.480010986328,8973300,306.521606445312
2025-11-14,307.510009765625,307.640014648438,301.230010986328,303.609985351562,10327000,300.707672119141
2025-11-17,304,305.589996337891,297.670013427734,300.369995117188,8344000,297.498657226562
2025-11-18,299.5,302.950012207031,297.019989013672,299.410003662109,8077300,296.5478515625
2025-11-19,299.739990234375,304.450012207031,299.269989013672,303.269989013672,5546600,300.370941162109
2025-11-20,306.339996337891,309.920013427734,298.160003662109,298.380004882812,7501600,295.527709960938
2025-11-21,301.290008544922,301.679992675781,292.809997558594,298.019989013672,11766800,295.171142578125
2025-11-24,298.239990234375,299.820007324219,294.510009765625,298,10940200,295.151336669922
2025-11-25,300.049987792969,304.5,295.559997558594,303,8877200,300.103515625
2025-11-26,305,308.529998779297,303.200012207031,307.640014648438,7910900,304.699188232422
2025-11-28,309.100006103516,313.720001220703,308.239990234375,313.079986572266,4322400,310.087158203125
2025-12-01,312.950012207031,314.040008544922,308.540008544922,308.920013427734,7727300,305.966949462891
2025-12-02,308.739990234375,310.480010986328,307.089996337891,307.880004882812,7249000,304.936889648438
2025-12-03,307.200012207031,312.359985351562,306.799987792969,312.130004882812,8535300,309.146270751953
2025-12-04,313.260009765625,318.489990234375,313,316.100006103516,9627800,313.078338623047
2025-12-05,315.640014648438,318.480010986328,314.679992675781,315.040008544922,6518900,312.028472900391
2025-12-08,315.059997558594,316.470001220703,313.350006103516,315.209991455078,7417200,312.196807861328
2025-12-09,314.950012207031,318.799987792969,300.019989013672,300.510009765625,18049200,297.637359619141
2025-12-10,300.5,311.190002441406,298.459991455078,310.109985351562,18874100,307.145538330078
2025-12-11,309.239990234375,318,309.239990234375,317.380004882812,9721900,314.346069335938
2025-12-12,319.679992675781,320.269989013672,316.600006103516,318.519989013672,8982900,315.475189208984
2025-12-15,319.589996337891,322.880004882812,318.390014648438,320.019989013672,10864100,316.960815429688
2025-12-16,319.089996337891,319.519989013672,314.399993896484,315.549987792969,8331300,312.533569335938
2025-12-17,318.429992675781,319.369995117188,314.660003662109,314.980010986328,8718700,311.969024658203
2025-12-18,316,317.700012207031,312.220001220703,313,11444900,310.007934570312
2025-12-19,313.790008544922,318.559997558594,313.190002441406,317.209991455078,24494400,314.177673339844
2025-12-22,317.510009765625,323.230010986328,317.510009765625,323.089996337891,8354600,320.001495361328
2025-12-23,323.609985351562,327.779998779297,323.089996337891,325.929992675781,6668300,322.814331054688
2025-12-24,326.239990234375,329.989990234375,325.5,329.170013427734,4289300,326.023376464844
2025-12-26,329.109985351562,330.859985351562,326.540008544922,327.910003662109,4158300,324.775421142578
2025-12-29,327,327.769989013672,323.529998779297,323.75,8635300,320.655181884766
2025-12-30,324.809997558594,324.940002441406,322.489990234375,323.420013427734,7904300,320.328369140625
