"Date","LLY.Open","LLY.High","LLY.Low","LLY.Close","LLY.Volume","LLY.Adjusted"
2021-01-04,169.020004272461,169.479995727539,163.100006103516,165.5,3164800,156.524841308594
2021-01-05,165.190002441406,166.660003662109,163.199996948242,166.320007324219,2322600,157.300399780273
2021-01-06,162.979995727539,167.279998779297,162.970001220703,164.320007324219,3619700,155.408828735352
2021-01-07,164.179992675781,167.119995117188,161.779998779297,165.830001831055,3025500,156.836959838867
2021-01-08,166.220001220703,166.860000610352,164.639999389648,166.410003662109,3438100,157.385482788086
2021-01-11,185,189.300003051758,182.020004272461,185.940002441406,11396500,175.856384277344
2021-01-12,182.789993286133,184.240005493164,177.440002441406,178.800003051758,7179300,169.103607177734
2021-01-13,179.830001831055,187.619995117188,179.339996337891,185.5,7303900,175.440216064453
2021-01-14,185.270004272461,188.960006713867,184.580001831055,186.690002441406,4413200,176.565704345703
2021-01-15,186.800003051758,191.779998779297,186.800003051758,190.770004272461,6624600,180.424438476562
2021-01-19,196,199.520004272461,194.070007324219,198.479995727539,7729100,187.716339111328
2021-01-20,198.770004272461,201.770004272461,198.679992675781,201.259994506836,5335800,190.345565795898
2021-01-21,203.699996948242,204.720001220703,198.009994506836,202.350006103516,8698800,191.376495361328
2021-01-22,202.039993286133,206.539993286133,200.559997558594,206.139999389648,6128800,194.960952758789
2021-01-25,208.240005493164,212.529998779297,208.089996337891,212.350006103516,5959100,200.834167480469
2021-01-26,212.550003051758,213.229995727539,210.600006103516,212.720001220703,6601500,201.184112548828
2021-01-27,211.070007324219,212.020004272461,205.100006103516,207.570007324219,7358000,196.313415527344
2021-01-28,208,211.839996337891,207.570007324219,210.119995117188,5460400,198.72509765625
2021-01-29,211.960006713867,218,204.460006713867,207.970001220703,8401700,196.691680908203
2021-02-01,209.460006713867,209.889999389648,203.100006103516,203.139999389648,5383800,192.123641967773
2021-02-02,204.380004882812,205.899993896484,197.350006103516,197.559997558594,5314600,186.846237182617
2021-02-03,197.809997558594,200.589996337891,196.889999389648,196.960006713867,3679000,186.278747558594
2021-02-04,196.809997558594,201.880004882812,195.639999389648,201.619995117188,2924300,190.686050415039
2021-02-05,201.619995117188,202.919998168945,200.850006103516,201.770004272461,2732200,190.827896118164
2021-02-08,202.380004882812,206.429992675781,201.910003662109,205.770004272461,2909300,194.610977172852
2021-02-09,203.75,204.949996948242,200.320007324219,201.710006713867,2661300,190.771179199219
2021-02-10,204.470001220703,205.550003051758,201.639999389648,204.389999389648,3062700,193.30583190918
2021-02-11,202.869995117188,204.179992675781,201.619995117188,202.580001831055,3544700,192.394134521484
2021-02-12,201.649993896484,208.220001220703,201.149993896484,207.289993286133,2611300,196.867263793945
2021-02-16,205.979995727539,207.490005493164,203.610000610352,205.759994506836,2741900,195.414276123047
2021-02-17,205.009994506836,206.690002441406,204.270004272461,206.460006713867,3329900,196.078994750977
2021-02-18,205.300003051758,205.419998168945,200.949996948242,201.119995117188,3919400,191.007522583008
2021-02-19,201.130004882812,202.880004882812,200.330001831055,200.919998168945,3434900,190.817520141602
2021-02-22,199.179992675781,201.610000610352,197.960006713867,200.679992675781,2263600,190.58967590332
2021-02-23,200.309997558594,204.309997558594,198.679992675781,202.479995727539,3287700,192.29914855957
2021-02-24,201.669998168945,206.460006713867,201.630004882812,204.520004272461,2848800,194.236541748047
2021-02-25,203.570007324219,205.550003051758,201.75,203.820007324219,2386700,193.57177734375
2021-02-26,206.699996948242,206.990005493164,202.059997558594,204.889999389648,3887900,194.587982177734
2021-03-01,205.779998779297,208.240005493164,204.779998779297,206.470001220703,2797400,196.088531494141
2021-03-02,208.889999389648,209.949996948242,204.100006103516,204.139999389648,3445300,193.875686645508
2021-03-03,203.369995117188,204.309997558594,199.710006713867,202,3660300,191.843246459961
2021-03-04,203.789993286133,204.740005493164,198.610000610352,200.539993286133,4308400,190.456680297852
2021-03-05,201.020004272461,207.669998168945,200.880004882812,206.919998168945,3875900,196.515914916992
2021-03-08,207,210.889999389648,206.320007324219,207.029998779297,3300300,196.620361328125
2021-03-09,208.339996337891,212.160003662109,206.059997558594,206.110000610352,4227300,195.74658203125
2021-03-10,206.889999389648,208.039993286133,204.389999389648,205.449996948242,3400200,195.11979675293
2021-03-11,206.509994506836,207.25,204.270004272461,205.210006713867,4037300,194.891860961914
2021-03-12,204.889999389648,208.460006713867,202.279998779297,208.080001831055,4541400,197.617568969727
2021-03-15,193.009994506836,193.179992675781,188.199996948242,189.160003662109,12388500,179.648834228516
2021-03-16,191.539993286133,191.619995117188,187.229995727539,190.899993896484,6194200,181.301391601562
2021-03-17,189.729995727539,189.830001831055,186.559997558594,186.729995727539,5134200,177.341049194336
2021-03-18,186.020004272461,187.089996337891,183.800003051758,183.929992675781,4240000,174.681823730469
2021-03-19,184.699996948242,185.800003051758,183.880004882812,184.289993286133,6048600,175.023727416992
2021-03-22,184.050003051758,185.910003662109,183.199996948242,185.839996337891,2666600,176.495834350586
2021-03-23,185.350006103516,186.660003662109,183.25,183.679992675781,3284700,174.444396972656
2021-03-24,183.699996948242,183.839996337891,179.820007324219,180.169998168945,3931500,171.110885620117
2021-03-25,181,183.639999389648,180.220001220703,183.089996337891,2630500,173.884063720703
2021-03-26,184.050003051758,185.910003662109,182.630004882812,185.309997558594,2868200,175.992462158203
2021-03-29,184.660003662109,187.669998168945,183.509994506836,186.339996337891,3002600,176.970672607422
2021-03-30,185.529998779297,186.860000610352,184.710006713867,185.5,2523600,176.172912597656
2021-03-31,185.570007324219,187.940002441406,185.259994506836,186.820007324219,3621300,177.426513671875
2021-04-01,186.820007324219,188.070007324219,184.660003662109,185.240005493164,2340400,175.925994873047
2021-04-05,185.589996337891,185.899993896484,183.100006103516,184.889999389648,2864800,175.59358215332
2021-04-06,184.690002441406,185.630004882812,182.490005493164,182.800003051758,2488400,173.608688354492
2021-04-07,182.899993896484,183.179992675781,181.220001220703,182.320007324219,3406600,173.15283203125
2021-04-08,182.949996948242,183.970001220703,182.470001220703,182.610000610352,2393200,173.428192138672
2021-04-09,182.529998779297,185.139999389648,182.410003662109,184.490005493164,2611200,175.213653564453
2021-04-12,183.429992675781,183.940002441406,180.880004882812,181.820007324219,2876100,172.677932739258
2021-04-13,181.179992675781,183.639999389648,181.179992675781,182.529998779297,3089100,173.352249145508
2021-04-14,182.589996337891,184.470001220703,182.050003051758,183,2002100,173.798599243164
2021-04-15,183.789993286133,187.720001220703,183.410003662109,185.919998168945,2586600,176.57177734375
2021-04-16,187.380004882812,190.300003051758,186.880004882812,189.25,3731800,179.734375
2021-04-19,189.240005493164,190.880004882812,188.070007324219,189.639999389648,2966400,180.104766845703
2021-04-20,190.410003662109,193.5,190.169998168945,190.610000610352,2460900,181.026000976562
2021-04-21,191.559997558594,193.009994506836,189.800003051758,190.949996948242,2219800,181.348892211914
2021-04-22,190,191.270004272461,186.75,187.050003051758,2982600,177.644989013672
2021-04-23,187.029998779297,189.130004882812,187.029998779297,188.720001220703,2482800,179.231018066406
2021-04-26,188.570007324219,188.649993896484,186.059997558594,187.220001220703,2797500,177.806442260742
2021-04-27,184,185.869995117188,180.789993286133,182.210006713867,6838700,173.048324584961
2021-04-28,181.449996948242,182,178.580001831055,180.550003051758,4682800,171.471801757812
2021-04-29,181.059997558594,182.630004882812,180,182.199996948242,2432500,173.038818359375
2021-04-30,181.839996337891,183.949996948242,181.190002441406,182.770004272461,3103900,173.580184936523
2021-05-03,182.990005493164,186.350006103516,182.919998168945,185.919998168945,3197000,176.57177734375
2021-05-04,187.529998779297,190.080001831055,186.779998779297,188.199996948242,3703500,178.737152099609
2021-05-05,188.649993896484,193.570007324219,188.169998168945,192.809997558594,4274400,183.115356445312
2021-05-06,191.550003051758,194.100006103516,189.320007324219,193.889999389648,3101600,184.141036987305
2021-05-07,194.820007324219,196.270004272461,193.899993896484,195.419998168945,2526700,185.594116210938
2021-05-10,196.169998168945,196.610000610352,193.5,194.759994506836,2242000,184.967300415039
2021-05-11,193.389999389648,195.75,193.009994506836,194.75,1850200,184.957809448242
2021-05-12,194.75,195.649993896484,192.729995727539,193.199996948242,2397400,183.485733032227
2021-05-13,192.25,196.110000610352,191.75,194.940002441406,2174300,185.956390380859
2021-05-14,195.710006713867,197.270004272461,194.919998168945,196.210006713867,1823700,187.167892456055
2021-05-17,196.479995727539,199.610000610352,195.089996337891,195.529998779297,2466000,186.519180297852
2021-05-18,195,196.350006103516,193.580001831055,194.630004882812,2369400,185.660690307617
2021-05-19,193.610000610352,197.389999389648,193.110000610352,196.509994506836,3070500,187.454025268555
2021-05-20,197.160003662109,201.080001831055,196.169998168945,199.529998779297,3494400,190.334838867188
2021-05-21,200,201.919998168945,199.470001220703,199.880004882812,2579000,190.668716430664
2021-05-24,201,203.619995117188,200.039993286133,201.020004272461,2074900,191.756240844727
2021-05-25,201.429992675781,201.850006103516,199.139999389648,199.220001220703,2919100,190.039123535156
2021-05-26,199.229995727539,202.440002441406,198.25,200.990005493164,2891300,191.727569580078
2021-05-27,200.649993896484,201.380004882812,195.5,199.199996948242,9340300,190.020080566406
2021-05-28,199.119995117188,202.279998779297,198.529998779297,199.740005493164,2386000,190.535202026367
2021-06-01,200.320007324219,200.889999389648,196.679992675781,198.419998168945,3070200,189.276016235352
2021-06-02,199.009994506836,200.919998168945,198.25,199.130004882812,2030300,189.953277587891
2021-06-03,198.990005493164,203.639999389648,198.610000610352,202.699996948242,3066600,193.358749389648
2021-06-04,202.789993286133,204.449996948242,201.289993286133,202.020004272461,2817700,192.710098266602
2021-06-07,201.990005493164,233.330001831055,201.830001831055,222.520004272461,17231400,212.265411376953
2021-06-08,221.710006713867,222.270004272461,217.369995117188,220.699996948242,4618500,210.529251098633
2021-06-09,221.350006103516,226.729995727539,220.259994506836,226,4934900,215.585006713867
2021-06-10,226.970001220703,235.850006103516,226.25,233.539993286133,5598200,222.777557373047
2021-06-11,227.029998779297,229.589996337891,221.559997558594,224.089996337891,5636000,213.76301574707
2021-06-14,224.229995727539,226.660003662109,223.020004272461,226.100006103516,2720700,215.680404663086
2021-06-15,226.100006103516,226.660003662109,222.869995117188,223.520004272461,2188900,213.219314575195
2021-06-16,223.529998779297,224.360000610352,220.199996948242,220.759994506836,2548800,210.586471557617
2021-06-17,220.270004272461,223.100006103516,220.270004272461,222.210006713867,1890700,211.969650268555
2021-06-18,220.429992675781,221.050003051758,218.320007324219,218.550003051758,4016600,208.478332519531
2021-06-21,219.100006103516,223.770004272461,218.080001831055,222.669998168945,3671300,212.408447265625
2021-06-22,222.630004882812,223.610000610352,220.509994506836,221.440002441406,1658800,211.235168457031
2021-06-23,222.190002441406,222.240005493164,217,217.100006103516,2419600,207.095184326172
2021-06-24,234.919998168945,239.369995117188,230.419998168945,232.970001220703,12290500,222.233810424805
2021-06-25,233.119995117188,233.490005493164,229.389999389648,230.220001220703,6992200,219.610504150391
2021-06-28,229,229.880004882812,226.880004882812,228.220001220703,2507500,217.702682495117
2021-06-29,228.25,231.399993896484,227.850006103516,229.369995117188,1621200,218.799713134766
2021-06-30,230.089996337891,230.850006103516,229.059997558594,229.520004272461,1786700,218.942794799805
2021-07-01,229.509994506836,231.5,228.660003662109,231.130004882812,1977300,220.478607177734
2021-07-02,231.970001220703,234.210006713867,231.330001831055,233.960006713867,1994000,223.178176879883
2021-07-06,233.630004882812,235.580001831055,233.229995727539,235.419998168945,3125400,224.570938110352
2021-07-07,234.679992675781,236.589996337891,233.460006713867,235.820007324219,3141500,224.952499389648
2021-07-08,233.830001831055,237.270004272461,232.100006103516,237.119995117188,2431500,226.192581176758
2021-07-09,237.169998168945,238.470001220703,232.75,234.990005493164,4030100,224.160705566406
2021-07-12,235.169998168945,238,235.149993896484,236.009994506836,2928600,225.133697509766
2021-07-13,235.979995727539,236.649993896484,234.029998779297,235.300003051758,1974000,224.456466674805
2021-07-14,235.789993286133,237.229995727539,234.729995727539,236.350006103516,2103400,225.458068847656
2021-07-15,235.009994506836,235.990005493164,230.690002441406,231.470001220703,3611200,220.802947998047
2021-07-16,232.5,233.039993286133,231.210006713867,232.460006713867,2229100,221.747344970703
2021-07-19,231.880004882812,234.300003051758,230.570007324219,234.139999389648,2305600,223.349884033203
2021-07-20,235,237.75,233.940002441406,235.020004272461,2297800,224.189361572266
2021-07-21,236.380004882812,237.369995117188,233.589996337891,237.289993286133,1651500,226.354721069336
2021-07-22,237.279998779297,239.699996948242,236.369995117188,238.490005493164,1703500,227.499420166016
2021-07-23,239.279998779297,244.550003051758,238.559997558594,244.149993896484,2448100,232.898559570312
2021-07-26,242.570007324219,245.279998779297,242.570007324219,243.210006713867,2678800,232.001937866211
2021-07-27,243.710006713867,244.059997558594,242.660003662109,243.580001831055,2116500,232.354873657227
2021-07-28,243.369995117188,248.399993896484,242.639999389648,246.509994506836,1688000,235.149841308594
2021-07-29,247.5,248.240005493164,242.240005493164,245.330001831055,1924100,234.024215698242
2021-07-30,244.899993896484,245.949996948242,242.630004882812,243.5,1905100,232.278579711914
2021-08-02,245.729995727539,247.889999389648,244.25,246.600006103516,1958900,235.235656738281
2021-08-03,244.75,259.369995117188,243.5,255.990005493164,5406200,244.192947387695
2021-08-04,256,270.649993896484,255.419998168945,262.470001220703,3892400,250.37434387207
2021-08-05,263.279998779297,265.510009765625,261.329986572266,264.190002441406,2262400,252.015045166016
2021-08-06,263.510009765625,264.269989013672,260.739990234375,263.440002441406,2155200,251.299667358398
2021-08-09,264.579986572266,273.040008544922,264.5,267.160003662109,3238500,254.848175048828
2021-08-10,266.75,271.079986572266,266.179992675781,269.450012207031,2060200,257.032684326172
2021-08-11,269.589996337891,270.940002441406,262.660003662109,264.100006103516,2813300,251.929260253906
2021-08-12,263.200012207031,264.540008544922,261.489990234375,263.470001220703,2100900,252.139755249023
2021-08-13,263.149993896484,265.690002441406,263.019989013672,264.209991455078,1482300,252.847915649414
2021-08-16,264.880004882812,270.260009765625,264.269989013672,269.940002441406,2623200,258.331573486328
2021-08-17,271.160003662109,275.869995117188,267.179992675781,272.709991455078,2096100,260.982421875
2021-08-18,272.010009765625,274.760009765625,268.029998779297,268.519989013672,2527400,256.972625732422
2021-08-19,266.149993896484,271.850006103516,265.429992675781,270.399993896484,1901000,258.771697998047
2021-08-20,269.380004882812,272.869995117188,269.059997558594,270.910003662109,1536800,259.259826660156
2021-08-23,272.299987792969,272.910003662109,267.700012207031,267.820007324219,2438800,256.302703857422
2021-08-24,266.200012207031,267.440002441406,261.779998779297,262.769989013672,3736000,251.469833374023
2021-08-25,262.779998779297,264.519989013672,261.290008544922,263.869995117188,2388500,252.522598266602
2021-08-26,264,265.589996337891,260.579986572266,261.320007324219,1732900,250.08219909668
2021-08-27,262.519989013672,263.130004882812,258.579986572266,259.75,1839700,248.579711914062
2021-08-30,261.029998779297,264.070007324219,259.609985351562,262.309997558594,1300700,251.029647827148
2021-08-31,262.839996337891,263.640014648438,257.859985351562,258.290008544922,2733400,247.182525634766
2021-09-01,258.540008544922,258.769989013672,254.490005493164,257.399993896484,2956800,246.330780029297
2021-09-02,257.410003662109,259.730010986328,256.470001220703,259.570007324219,1469700,248.407470703125
2021-09-03,260.829986572266,260.989990234375,256.779998779297,259.529998779297,1124500,248.369155883789
2021-09-07,259,260.820007324219,254.410003662109,254.800003051758,2403700,243.842620849609
2021-09-08,254.600006103516,255.710006713867,253.679992675781,254.839996337891,1542400,243.880859375
2021-09-09,253.289993286133,254.020004272461,239.669998168945,240,4976600,229.679061889648
2021-09-10,242.199996948242,243.889999389648,238.570007324219,239.5,4633500,229.200531005859
2021-09-13,240.039993286133,241.149993896484,235.149993896484,237.960006713867,2832800,227.726760864258
2021-09-14,238.720001220703,239.789993286133,231.979995727539,233.089996337891,3826000,223.066192626953
2021-09-15,233.580001831055,239.380004882812,233.059997558594,233.729995727539,2802500,223.678695678711
2021-09-16,234.080001831055,234.690002441406,229.729995727539,231.039993286133,2958700,221.104354858398
2021-09-17,229.710006713867,230.830001831055,228.229995727539,230.100006103516,4480000,220.204818725586
2021-09-20,228.089996337891,232.729995727539,227.289993286133,231.639999389648,2803400,221.678573608398
2021-09-21,232.059997558594,233.720001220703,229.740005493164,230.169998168945,2172800,220.271774291992
2021-09-22,230,231.029998779297,227.580001831055,228.300003051758,2529600,218.482208251953
2021-09-23,229.300003051758,234.199996948242,229.009994506836,232.179992675781,1912300,222.195327758789
2021-09-24,232.770004272461,235.389999389648,231.339996337891,231.679992675781,1642500,221.716827392578
2021-09-27,229.970001220703,231.059997558594,225.610000610352,226.399993896484,2785900,216.663925170898
2021-09-28,226.389999389648,226.399993896484,220.199996948242,221.600006103516,3583300,212.070373535156
2021-09-29,225.410003662109,231.440002441406,224.559997558594,230.360000610352,3971000,220.453628540039
2021-09-30,232.779998779297,237.160003662109,230.800003051758,231.050003051758,3786100,221.113967895508
2021-10-01,231,231.679992675781,225.449996948242,229.589996337891,2215700,219.716735839844
2021-10-04,227.800003051758,230.190002441406,224.220001220703,224.850006103516,4784700,215.180587768555
2021-10-05,226.440002441406,232.559997558594,226.169998168945,230.929992675781,2802000,220.999099731445
2021-10-06,230.559997558594,230.850006103516,226.050003051758,227.850006103516,2462700,218.051528930664
2021-10-07,229.119995117188,234.110000610352,229,233.179992675781,2001800,223.152328491211
2021-10-08,233.419998168945,235.809997558594,231.550003051758,233.940002441406,2563000,223.879669189453
2021-10-11,236.699996948242,237.990005493164,233.600006103516,233.669998168945,1892300,223.621276855469
2021-10-12,234.699996948242,235.070007324219,231.979995727539,232.779998779297,1719200,222.769546508789
2021-10-13,234.070007324219,237.919998168945,232.800003051758,236.440002441406,2105700,226.272171020508
2021-10-14,237.009994506836,238.440002441406,234.110000610352,236.690002441406,1824700,226.511413574219
2021-10-15,237.419998168945,239.300003051758,235.820007324219,237.880004882812,2598300,227.650207519531
2021-10-18,237.949996948242,242.660003662109,236.699996948242,238.979995727539,2546000,228.702911376953
2021-10-19,239.059997558594,242.550003051758,239.059997558594,242.309997558594,1573200,231.889724731445
2021-10-20,243.729995727539,245.899993896484,243.039993286133,243.720001220703,1537500,233.239074707031
2021-10-21,244.949996948242,244.949996948242,239.830001831055,241.169998168945,1717700,230.798751831055
2021-10-22,240.960006713867,244.039993286133,239.559997558594,243.75,1960700,233.267791748047
2021-10-25,244.660003662109,246.270004272461,240.520004272461,245.050003051758,2763100,234.511871337891
2021-10-26,244.5,248.919998168945,237.089996337891,248.440002441406,4533000,237.756103515625
2021-10-27,248.610000610352,254.460006713867,248.320007324219,250.169998168945,3181300,239.411697387695
2021-10-28,250.160003662109,256.75,250.080001831055,253.350006103516,3386500,242.454986572266
2021-10-29,253.779998779297,256.470001220703,251.770004272461,254.759994506836,3152000,243.804321289062
2021-11-01,255.110000610352,256.480010986328,248.050003051758,249.309997558594,2735800,238.58869934082
2021-11-02,251.25,259.299987792969,249.399993896484,256.850006103516,3987800,245.804473876953
2021-11-03,257.769989013672,266.790008544922,257.760009765625,266.260009765625,4382900,254.809799194336
2021-11-04,265.480010986328,271.109985351562,265.269989013672,271,4133400,259.345947265625
2021-11-05,268.989990234375,269.489990234375,258.559997558594,265,3745700,253.603988647461
2021-11-08,263.989990234375,266.910003662109,259.149993896484,260.529998779297,2386100,249.326141357422
2021-11-09,260.529998779297,262.160003662109,258.390014648438,262.019989013672,1963800,250.75212097168
2021-11-10,262,266,261.600006103516,264.649993896484,2215100,253.269027709961
2021-11-11,262.320007324219,264.320007324219,261.950012207031,262.630004882812,1739400,251.335876464844
2021-11-12,261.779998779297,262.519989013672,258.929992675781,259.649993896484,1964000,249.29084777832
2021-11-15,259.390014648438,259.609985351562,257.160003662109,258.429992675781,1903200,248.119537353516
2021-11-16,256.959991455078,260.350006103516,255.990005493164,257.720001220703,2565700,247.43782043457
2021-11-17,256.809997558594,264.549987792969,256.070007324219,261.179992675781,2873600,250.759811401367
2021-11-18,262,263.799987792969,259.820007324219,261.329986572266,1689200,250.903823852539
2021-11-19,266.429992675781,270.799987792969,260.299987792969,260.700012207031,2786800,250.299011230469
2021-11-22,262.220001220703,263.989990234375,259.130004882812,260.440002441406,1995400,250.04931640625
2021-11-23,259.470001220703,262.760009765625,259.25,261.959991455078,1986200,251.508712768555
2021-11-24,262.769989013672,264.940002441406,260.049987792969,262,2518500,251.547073364258
2021-11-26,261.799987792969,265.880004882812,259.029998779297,260.369995117188,1495500,249.982177734375
2021-11-29,260.019989013672,262.320007324219,254.5,254.830001831055,4041700,244.663131713867
2021-11-30,253.270004272461,254,246.479995727539,248.039993286133,8265900,238.14404296875
2021-12-01,249.440002441406,255.300003051758,247.889999389648,249.130004882812,3241400,239.190582275391
2021-12-02,246.520004272461,249.979995727539,245.119995117188,247.880004882812,3817700,237.990447998047
2021-12-03,252.130004882812,253.479995727539,243.080001831055,245.580001831055,4169700,235.782211303711
2021-12-06,245.919998168945,246.940002441406,241.529998779297,246.330001831055,3491200,236.50227355957
2021-12-07,244.240005493164,245.440002441406,241.449996948242,245.110000610352,4035800,235.330947875977
2021-12-08,246.610000610352,248.179992675781,239.470001220703,244.320007324219,3636200,234.572463989258
2021-12-09,244.490005493164,245.910003662109,242.75,242.899993896484,2291100,233.209091186523
2021-12-10,241.199996948242,244.589996337891,241.199996948242,244.139999389648,2380800,234.399627685547
2021-12-13,245.509994506836,250.699996948242,245.460006713867,248.529998779297,3016700,238.614486694336
2021-12-14,247.740005493164,250.009994506836,246.389999389648,249.380004882812,3424000,239.430603027344
2021-12-15,262.070007324219,275.540008544922,257.209991455078,275.279998779297,10016700,264.297271728516
2021-12-16,275.670013427734,283.899993896484,272.049987792969,279.040008544922,5546400,267.907287597656
2021-12-17,276.670013427734,276.670013427734,265.329986572266,267.420013427734,7582900,256.750885009766
2021-12-20,269.230010986328,270.010009765625,260.350006103516,263.480010986328,3479400,252.968048095703
2021-12-21,264,265.950012207031,260.570007324219,264.880004882812,2702500,254.31217956543
2021-12-22,264.739990234375,266.559997558594,262.850006103516,266.5,2721000,255.867584228516
2021-12-23,269.049987792969,275.269989013672,266.679992675781,273.100006103516,2632200,262.204193115234
2021-12-27,275.040008544922,280.299987792969,274.720001220703,278.410003662109,1677100,267.302398681641
2021-12-28,279.339996337891,279.399993896484,275.890014648438,276.429992675781,1033900,265.401397705078
2021-12-29,275.820007324219,279.359985351562,275.739990234375,278.420013427734,1112300,267.311981201172
2021-12-30,279.190002441406,280.649993896484,276.369995117188,277.25,1181500,266.188659667969
2021-12-31,277.470001220703,278.730010986328,276.010009765625,276.220001220703,1315700,265.199798583984
2022-01-03,274.410003662109,274.410003662109,267.059997558594,271.730010986328,2621300,260.888916015625
2022-01-04,269,269.880004882812,263.579986572266,266.809997558594,2340500,256.165222167969
2022-01-05,268.160003662109,268.769989013672,260.420013427734,260.649993896484,3004200,250.250961303711
2022-01-06,260.100006103516,261.299987792969,255.460006713867,259.329986572266,2863200,248.983612060547
2022-01-07,259.739990234375,261.25,256.709991455078,259.5,2245100,249.146835327148
2022-01-10,258.190002441406,260.160003662109,255.889999389648,260.109985351562,2576700,249.732437133789
2022-01-11,261.589996337891,262.410003662109,257.059997558594,262.320007324219,2294000,251.854354858398
2022-01-12,252.899993896484,257.440002441406,250.970001220703,255.919998168945,6562800,245.709671020508
2022-01-13,254.070007324219,255.5,248.550003051758,249.669998168945,3726500,239.709014892578
2022-01-14,250.149993896484,250.539993286133,242.899993896484,244.119995117188,2894300,234.380477905273
2022-01-18,242.75,248.520004272461,242.089996337891,247.070007324219,3241200,237.212783813477
2022-01-19,246.330001831055,250.410003662109,244.729995727539,245.050003051758,2487600,235.273315429688
2022-01-20,245.580001831055,247.949996948242,242.5,243.130004882812,2655400,233.429931640625
2022-01-21,246.880004882812,247.880004882812,242.119995117188,243.059997558594,2788600,233.362747192383
2022-01-24,242.550003051758,243.759994506836,232.679992675781,240.419998168945,3712800,230.828079223633
2022-01-25,236.809997558594,241.529998779297,235.119995117188,239.460006713867,2525100,229.906372070312
2022-01-26,239.630004882812,242.429992675781,235.910003662109,237.860000610352,2913200,228.370178222656
2022-01-27,239.979995727539,243.270004272461,235.759994506836,236.720001220703,2178500,227.275650024414
2022-01-28,237.490005493164,245.220001220703,235.050003051758,245.100006103516,3081100,235.321380615234
2022-01-31,243.270004272461,245.490005493164,241.919998168945,245.389999389648,3237100,235.599761962891
2022-02-01,247.050003051758,248.839996337891,243.259994506836,248.279998779297,2449400,238.374450683594
2022-02-02,245.350006103516,251.880004882812,244.029998779297,250.830001831055,2586700,240.822769165039
2022-02-03,247.5,248.119995117188,241.100006103516,244.809997558594,3473600,235.042922973633
2022-02-04,242.720001220703,244.100006103516,241.220001220703,242.270004272461,3569300,232.604248046875
2022-02-07,242.410003662109,244.029998779297,240.300003051758,243.550003051758,3948300,233.833190917969
2022-02-08,241.899993896484,242.889999389648,237.470001220703,239.910003662109,2615000,230.338409423828
2022-02-09,241.259994506836,244.460006713867,241.059997558594,243.270004272461,1759900,233.564376831055
2022-02-10,239.899993896484,244.089996337891,238.110000610352,239.639999389648,2283100,230.079193115234
2022-02-11,239.229995727539,240.630004882812,234.850006103516,235.740005493164,2054300,226.33479309082
2022-02-14,234,236.880004882812,231.869995117188,234.690002441406,2572000,226.267272949219
2022-02-15,236.649993896484,244.789993286133,236.649993896484,243.839996337891,3409600,235.088882446289
2022-02-16,242.580001831055,247.020004272461,242.580001831055,245.580001831055,2459000,236.766479492188
2022-02-17,245.580001831055,245.589996337891,240.410003662109,240.970001220703,2059100,232.321929931641
2022-02-18,238.020004272461,242.429992675781,238.020004272461,240.309997558594,2517900,231.685607910156
2022-02-22,239.210006713867,240.860000610352,237.520004272461,239.130004882812,2936700,230.547943115234
2022-02-23,240.550003051758,242.679992675781,238.020004272461,238.309997558594,2296300,229.757369995117
2022-02-24,235.179992675781,243.929992675781,234,243.080001831055,3272300,234.356185913086
2022-02-25,243.839996337891,252.899993896484,243.729995727539,250.850006103516,2442200,241.84733581543
2022-02-28,246.139999389648,250.059997558594,244.589996337891,249.949996948242,3188800,240.979614257812
2022-03-01,247.559997558594,250.339996337891,245.440002441406,249.5,2873200,240.545791625977
2022-03-02,249.880004882812,256.480010986328,249.059997558594,254.169998168945,2452000,245.048141479492
2022-03-03,254.830001831055,259.579986572266,254.389999389648,258.640014648438,3153700,249.357757568359
2022-03-04,256.209991455078,263.459991455078,255.520004272461,262.869995117188,3497100,253.435989379883
2022-03-07,259.859985351562,263.630004882812,257.859985351562,261.640014648438,3074800,252.250061035156
2022-03-08,259.929992675781,265.299987792969,258.910003662109,259.929992675781,3482600,250.601455688477
2022-03-09,263.299987792969,267.790008544922,262.070007324219,262.790008544922,2965900,253.358825683594
2022-03-10,262.839996337891,267.730010986328,262.839996337891,266.019989013672,2797200,256.472869873047
2022-03-11,265.070007324219,271.720001220703,265.070007324219,266.299987792969,2469600,256.742858886719
2022-03-14,268.989990234375,270.899993896484,267.320007324219,269,2713800,259.345947265625
2022-03-15,269.869995117188,276.480010986328,269.869995117188,275.459991455078,4396900,265.574127197266
2022-03-16,277.850006103516,278.609985351562,273.010009765625,276.440002441406,3148600,266.518920898438
2022-03-17,277.010009765625,285.890014648438,276.450012207031,285.510009765625,3270100,275.263427734375
2022-03-18,285.839996337891,291.350006103516,284.859985351562,287.640014648438,4557900,277.317016601562
2022-03-21,287.760009765625,295.329986572266,287.760009765625,289.640014648438,3495700,279.245269775391
2022-03-22,289.670013427734,290.559997558594,283.390014648438,285.019989013672,3791600,274.791015625
2022-03-23,284.420013427734,288.179992675781,283.350006103516,284.190002441406,3149200,273.990844726562
2022-03-24,286.290008544922,288.850006103516,284.660003662109,287.690002441406,2412400,277.365203857422
2022-03-25,288.5,291.649993896484,286.579986572266,289.019989013672,2399800,278.647491455078
2022-03-28,291.329986572266,292.450012207031,288.309997558594,291.660003662109,2195000,281.192718505859
2022-03-29,292.029998779297,293.140014648438,287.579986572266,288.390014648438,2798100,278.040100097656
2022-03-30,290.579986572266,292.290008544922,287.989990234375,289.890014648438,2220100,279.486206054688
2022-03-31,289.369995117188,291.799987792969,285.920013427734,286.369995117188,3227600,276.092651367188
2022-04-01,286.149993896484,293.140014648438,284,292.670013427734,3066200,282.166473388672
2022-04-04,292.75,294.980010986328,290.950012207031,291.420013427734,3014100,280.961273193359
2022-04-05,291.720001220703,295.829986572266,289.100006103516,292.489990234375,2324200,281.992950439453
2022-04-06,296.089996337891,306.559997558594,294.769989013672,305.839996337891,4672900,294.86376953125
2022-04-07,305,314,305,308.429992675781,4270800,297.360809326172
2022-04-08,308,312.380004882812,307.950012207031,311.690002441406,3024700,300.503814697266
2022-04-11,313.089996337891,313.760009765625,308.049987792969,308.959991455078,2178100,297.871826171875
2022-04-12,306.579986572266,309.609985351562,304.179992675781,308.079986572266,2688100,297.023376464844
2022-04-13,307.279998779297,308.299987792969,300.410003662109,302.670013427734,2528700,291.8076171875
2022-04-14,303.75,304.470001220703,300.190002441406,301.859985351562,1898100,291.026611328125
2022-04-18,301.070007324219,302.059997558594,296.799987792969,298.820007324219,1581400,288.095794677734
2022-04-19,298.410003662109,299.690002441406,293.799987792969,297.010009765625,2021700,286.350769042969
2022-04-20,297.019989013672,299,292.299987792969,292.920013427734,2608600,282.407501220703
2022-04-21,292.920013427734,293.450012207031,286.660003662109,289.609985351562,2716800,279.216247558594
2022-04-22,289.299987792969,289.619995117188,278.399993896484,278.730010986328,2772600,268.726776123047
2022-04-25,278.75,285.950012207031,276.829986572266,285.200012207031,2410200,274.964508056641
2022-04-26,286.179992675781,290.209991455078,282.790008544922,282.829986572266,2166600,272.679626464844
2022-04-27,283.100006103516,288.130004882812,280.589996337891,285.089996337891,2352100,274.858489990234
2022-04-28,295.989990234375,300.510009765625,288.559997558594,297.269989013672,5886900,286.601409912109
2022-04-29,295.790008544922,297.309997558594,289.140014648438,292.130004882812,3910900,281.645874023438
2022-05-02,291.230010986328,292.839996337891,284.279998779297,289.559997558594,2789900,279.168121337891
2022-05-03,288.630004882812,289.809997558594,284.109985351562,288.070007324219,2109500,277.731567382812
2022-05-04,288.5,296.980010986328,284.119995117188,294.899993896484,2743600,284.316436767578
2022-05-05,293.420013427734,294.989990234375,288.299987792969,292.369995117188,3120200,281.877227783203
2022-05-06,290.170013427734,298.25,288.519989013672,296.899993896484,2931200,286.244659423828
2022-05-09,293.510009765625,294.929992675781,286.649993896484,289.230010986328,3460500,278.849945068359
2022-05-10,292,293.429992675781,285,285.700012207031,3140800,275.446655273438
2022-05-11,283.670013427734,294.5,283,286.690002441406,2625200,276.401062011719
2022-05-12,283.329986572266,291.989990234375,283.329986572266,291.799987792969,2370000,281.327758789062
2022-05-13,292.630004882812,292.799987792969,286.510009765625,291.630004882812,2337700,282.111297607422
2022-05-16,292.109985351562,309.440002441406,291.600006103516,299.380004882812,5118300,289.608367919922
2022-05-17,300,303.399993896484,293.390014648438,301.399993896484,2553000,291.562408447266
2022-05-18,300,302.600006103516,294.029998779297,295.190002441406,2161400,285.555053710938
2022-05-19,293.579986572266,293.579986572266,284.369995117188,286.269989013672,3157400,276.926208496094
2022-05-20,290.730010986328,299.239990234375,288.920013427734,298.850006103516,3129100,289.095642089844
2022-05-23,300.600006103516,304.920013427734,299.350006103516,302.600006103516,2873600,292.723175048828
2022-05-24,303.709991455078,307.670013427734,299.799987792969,305.959991455078,2804900,295.973571777344
2022-05-25,307,310.420013427734,304.640014648438,307.010009765625,3195700,296.989318847656
2022-05-26,305.230010986328,313.910003662109,303.609985351562,313.459991455078,3284200,303.228698730469
2022-05-27,312.649993896484,324.079986572266,311.260009765625,323.480010986328,3694300,312.921691894531
2022-05-31,316.630004882812,318.459991455078,309.029998779297,313.440002441406,6298900,303.209411621094
2022-06-01,313.440002441406,313.899993896484,305.589996337891,311.079986572266,2731500,300.926422119141
2022-06-02,310.570007324219,310.670013427734,298.170013427734,302.429992675781,3703300,292.558807373047
2022-06-03,302.160003662109,305.809997558594,300.700012207031,301.649993896484,2490000,291.80419921875
2022-06-06,315.130004882812,315.130004882812,303.089996337891,303.359985351562,3734400,293.458404541016
2022-06-07,303.989990234375,312.149993896484,303.019989013672,312.100006103516,3652800,301.913116455078
2022-06-08,312.429992675781,315.5,310.809997558594,313.489990234375,2684500,303.257690429688
2022-06-09,311.600006103516,311.920013427734,303.109985351562,303.25,1963300,293.351959228516
2022-06-10,299.230010986328,301.660003662109,296.869995117188,297.010009765625,2469800,287.315704345703
2022-06-13,290.429992675781,293.160003662109,288.510009765625,291.279998779297,2898800,281.772674560547
2022-06-14,289.170013427734,292,287.290008544922,290.790008544922,2422600,281.298675537109
2022-06-15,291.600006103516,296.339996337891,288.529998779297,292.989990234375,1970100,283.426849365234
2022-06-16,290.200012207031,290.200012207031,283.109985351562,288.070007324219,2628600,278.66748046875
2022-06-17,290.010009765625,300.989990234375,289.679992675781,290.899993896484,6900000,281.405090332031
2022-06-21,292.380004882812,299.279998779297,290.309997558594,297.339996337891,2821300,287.634887695312
2022-06-22,296.959991455078,309.649993896484,296.429992675781,306.690002441406,4535700,296.6796875
2022-06-23,309.5,313.190002441406,307.190002441406,312.720001220703,3729300,302.512939453125
2022-06-24,319.549987792969,325.820007324219,319.010009765625,325.619995117188,5449900,314.991851806641
2022-06-27,324.230010986328,330.850006103516,322,327.269989013672,3218900,316.587982177734
2022-06-28,326.519989013672,329.070007324219,316.760009765625,317.619995117188,2742900,307.252899169922
2022-06-29,318.160003662109,324.700012207031,317.649993896484,323,2562500,312.457336425781
2022-06-30,322.130004882812,327.049987792969,320.010009765625,324.230010986328,2732900,313.647186279297
2022-07-01,323.880004882812,325.399993896484,317.760009765625,324.709991455078,1817800,314.111541748047
2022-07-05,322.440002441406,327.429992675781,318.929992675781,327.179992675781,2107700,316.500854492188
2022-07-06,328,332.739990234375,326.75,330.149993896484,2252500,319.373962402344
2022-07-07,327.25,330.5,326.239990234375,327.950012207031,2395000,317.245819091797
2022-07-08,326.549987792969,334.519989013672,326.160003662109,330.470001220703,1898200,319.683563232422
2022-07-11,330.609985351562,332.679992675781,329.429992675781,331.070007324219,1342600,320.263916015625
2022-07-12,330,331.989990234375,323.359985351562,323.589996337891,2058200,313.028167724609
2022-07-13,322.010009765625,324.679992675781,320.829986572266,322.459991455078,2564200,311.935028076172
2022-07-14,317.540008544922,327.760009765625,315.510009765625,326.890014648438,2615700,316.220397949219
2022-07-15,331.970001220703,335.329986572266,328.170013427734,331.600006103516,3340300,320.776641845703
2022-07-18,330.119995117188,331.970001220703,319.709991455078,321.769989013672,2116300,311.267486572266
2022-07-19,324.089996337891,327.380004882812,321.839996337891,326.200012207031,1628100,315.552917480469
2022-07-20,327.089996337891,327.820007324219,320.309997558594,322.029998779297,2051000,311.518981933594
2022-07-21,321.450012207031,328.049987792969,319.709991455078,326.920013427734,1692100,316.249359130859
2022-07-22,326.950012207031,329.220001220703,325.829986572266,328.75,1850800,318.019653320312
2022-07-25,328.75,332.269989013672,328.059997558594,331.549987792969,1741700,320.728240966797
2022-07-26,330.989990234375,332.570007324219,328.609985351562,331.559997558594,1812300,320.737976074219
2022-07-27,328.980010986328,330.869995117188,325.190002441406,328.940002441406,1643000,318.203491210938
2022-07-28,330.239990234375,333.589996337891,321.739990234375,330.799987792969,2350900,320.002746582031
2022-07-29,331.059997558594,331.059997558594,326.820007324219,329.690002441406,3399900,318.928955078125
2022-08-01,327.510009765625,330.429992675781,323.459991455078,324.149993896484,2464300,313.569854736328
2022-08-02,327.190002441406,328.980010986328,319.359985351562,320.200012207031,3405700,309.748748779297
2022-08-03,320.630004882812,320.980010986328,310.220001220703,313.829986572266,5152200,303.586639404297
2022-08-04,310.200012207031,310.25,302.239990234375,305.790008544922,4696300,295.809112548828
2022-08-05,302.480010986328,305.320007324219,300.309997558594,301.320007324219,2814300,291.485015869141
2022-08-08,300.649993896484,306.119995117188,296.529998779297,302.5,3218900,292.62646484375
2022-08-09,305.089996337891,306.700012207031,301.299987792969,303.019989013672,2122900,293.129486083984
2022-08-10,304.5,307.130004882812,302.589996337891,304.609985351562,2351000,294.667602539062
2022-08-11,301.029998779297,305.420013427734,299.630004882812,301.170013427734,2198800,291.339904785156
2022-08-12,302.920013427734,308.489990234375,301.299987792969,308.079986572266,2305100,298.997253417969
2022-08-15,309.209991455078,314.609985351562,307.309997558594,313.940002441406,2795800,304.684509277344
2022-08-16,313.929992675781,314.369995117188,309.630004882812,310.309997558594,2248000,301.161529541016
2022-08-17,310.010009765625,320.600006103516,310.010009765625,316.820007324219,2747200,307.479644775391
2022-08-18,316.75,318.959991455078,314.200012207031,316.720001220703,2261600,307.382537841797
2022-08-19,317.510009765625,325.75,317.5,322.769989013672,3393100,313.254180908203
2022-08-22,322.279998779297,325.769989013672,320.390014648438,323.100006103516,2488000,313.574493408203
2022-08-23,321.239990234375,321.839996337891,313.869995117188,315.100006103516,2962000,305.810272216797
2022-08-24,316.470001220703,320.859985351562,315.220001220703,318.869995117188,1827000,309.469146728516
2022-08-25,320.600006103516,323.369995117188,315.829986572266,323.140014648438,1977900,313.613250732422
2022-08-26,323.589996337891,324.589996337891,315.269989013672,315.559997558594,1858000,306.256774902344
2022-08-29,313.339996337891,314.869995117188,309.679992675781,310.149993896484,1697000,301.006225585938
2022-08-30,310.140014648438,311.970001220703,306.010009765625,307.040008544922,1980300,297.987945556641
2022-08-31,307.140014648438,308.820007324219,301.109985351562,301.230010986328,3183500,292.349243164062
2022-09-01,301,309.410003662109,300.5,309.130004882812,2939200,300.016326904297
2022-09-02,310.109985351562,310.220001220703,299.760009765625,301.329986572266,2525400,292.446228027344
2022-09-06,302.950012207031,312.829986572266,302.230010986328,306.820007324219,2322200,297.774444580078
2022-09-07,308.769989013672,312.399993896484,304.880004882812,311.600006103516,2228100,302.413482666016
2022-09-08,311.950012207031,315.730010986328,307.589996337891,315.5,2212500,306.198486328125
2022-09-09,316.450012207031,320.170013427734,315.220001220703,317.700012207031,2177000,308.333679199219
2022-09-12,318.890014648438,320.450012207031,314.880004882812,315.220001220703,2077400,305.926727294922
2022-09-13,310.010009765625,312.309997558594,304.989990234375,306.480010986328,2272400,297.444488525391
2022-09-14,307.209991455078,311.809997558594,305.899993896484,309.609985351562,2002900,300.482147216797
2022-09-15,309.709991455078,312.279998779297,305.75,309.470001220703,2348100,300.346282958984
2022-09-16,307.970001220703,311.959991455078,306.739990234375,308.890014648438,4380200,299.783416748047
2022-09-19,306.480010986328,306.519989013672,297.649993896484,305.089996337891,2515300,296.095428466797
2022-09-20,303.820007324219,303.820007324219,298.940002441406,301.730010986328,1816800,292.834533691406
2022-09-21,301,304.529998779297,296.320007324219,296.480010986328,2241200,287.7392578125
2022-09-22,300.799987792969,312.609985351562,299.959991455078,310.869995117188,5918300,301.704956054688
2022-09-23,311.869995117188,315.179992675781,305.119995117188,311.459991455078,4572600,302.277587890625
2022-09-26,308.799987792969,311.730010986328,304.880004882812,307.5,3760000,298.434326171875
2022-09-27,309.149993896484,313.950012207031,308.320007324219,311.100006103516,3019600,301.928283691406
2022-09-28,333.529998779297,341.700012207031,328.100006103516,334.380004882812,9436300,324.521911621094
2022-09-29,333.970001220703,334.679992675781,327.269989013672,330.010009765625,3743100,320.28076171875
2022-09-30,327.149993896484,329.510009765625,322.420013427734,323.350006103516,4474100,313.817108154297
2022-10-03,325.989990234375,329.350006103516,317.049987792969,321.549987792969,3340500,312.070190429688
2022-10-04,322.179992675781,330.100006103516,321.779998779297,329.890014648438,2622500,320.164276123047
2022-10-05,328.299987792969,333.850006103516,327.519989013672,331.779998779297,2186100,321.99853515625
2022-10-06,327.940002441406,339.260009765625,326.869995117188,332.950012207031,4299200,323.134063720703
2022-10-07,332.970001220703,333.070007324219,324.899993896484,326.660003662109,2601600,317.029479980469
2022-10-10,326.230010986328,327.010009765625,320.239990234375,323.890014648438,1956200,314.341217041016
2022-10-11,320,329.029998779297,319.429992675781,327.600006103516,2598900,317.941772460938
2022-10-12,327.380004882812,333.649993896484,323.880004882812,324.570007324219,1764700,315.001129150391
2022-10-13,319.119995117188,333.369995117188,319.100006103516,332.100006103516,2657400,322.309112548828
2022-10-14,331.559997558594,335.290008544922,328.230010986328,331.390014648438,2231400,321.620086669922
2022-10-17,332.790008544922,337.579986572266,331.75,332.760009765625,2230000,322.949676513672
2022-10-18,334.140014648438,335.329986572266,330.369995117188,335.029998779297,2087100,325.152740478516
2022-10-19,335.25,335.630004882812,325.970001220703,329.290008544922,2419000,319.581970214844
2022-10-20,331.149993896484,331.440002441406,325.899993896484,329.070007324219,1761200,319.368408203125
2022-10-21,329.070007324219,342.429992675781,326.769989013672,340.769989013672,3274700,330.723510742188
2022-10-24,344.220001220703,351.769989013672,344.220001220703,347.899993896484,3375900,337.643310546875
2022-10-25,346.519989013672,352.329986572266,343.049987792969,351.309997558594,2513100,340.952789306641
2022-10-26,352.5,361.480010986328,350.440002441406,357.859985351562,2373500,347.309631347656
2022-10-27,358.989990234375,361.119995117188,355.320007324219,356.329986572266,2347600,345.824768066406
2022-10-28,360.320007324219,362,357.040008544922,359.899993896484,2942100,349.28955078125
2022-10-31,358.649993896484,363.920013427734,350.459991455078,362.089996337891,4258200,351.414978027344
2022-11-01,345.829986572266,358.989990234375,340.75,352.579986572266,7013000,342.185302734375
2022-11-02,354.160003662109,363.149993896484,350.209991455078,354.959991455078,3774400,344.495147705078
2022-11-03,354.059997558594,362.829986572266,351.510009765625,361.679992675781,2602500,351.016998291016
2022-11-04,365.200012207031,365.880004882812,353.339996337891,357.410003662109,3004600,346.872955322266
2022-11-07,358,367,357.5,365.070007324219,2560300,354.30712890625
2022-11-08,365.149993896484,368.75,361.929992675781,366.660003662109,3278600,355.850280761719
2022-11-09,368.440002441406,369.799987792969,361.910003662109,363.269989013672,2323700,352.560150146484
2022-11-10,367.239990234375,369,363,368.720001220703,2994000,357.849456787109
2022-11-11,366.160003662109,367.829986572266,344.519989013672,352.299987792969,6646300,341.91357421875
2022-11-14,359.070007324219,360.799987792969,340.119995117188,356.059997558594,4717400,346.526672363281
2022-11-15,356.940002441406,356.989990234375,346.359985351562,349.950012207031,4180700,340.580261230469
2022-11-16,350,356.880004882812,349.959991455078,352.929992675781,3563800,343.480560302734
2022-11-17,352.910003662109,362.299987792969,352.709991455078,360.769989013672,2929700,351.110565185547
2022-11-18,362.549987792969,364.670013427734,359.350006103516,361.670013427734,2420900,351.986480712891
2022-11-21,360.390014648438,363.760009765625,355.369995117188,361.170013427734,1999200,351.499908447266
2022-11-22,362,362.799987792969,357.299987792969,360.880004882812,2460400,351.217651367188
2022-11-23,361.339996337891,362.470001220703,358.630004882812,361.720001220703,1993000,352.035125732422
2022-11-25,362.899993896484,365.829986572266,361.549987792969,365.25,1039100,355.470611572266
2022-11-28,363.450012207031,369.510009765625,361,365.769989013672,2481300,355.976684570312
2022-11-29,364.619995117188,366.109985351562,360.640014648438,363.950012207031,2207000,354.205413818359
2022-11-30,365.070007324219,372.350006103516,361.799987792969,371.079986572266,5556400,361.144500732422
2022-12-01,374.790008544922,375.190002441406,368.489990234375,370.329986572266,2516100,360.414642333984
2022-12-02,366.079986572266,375.040008544922,365,374.760009765625,1925600,364.725982666016
2022-12-05,373.760009765625,375.25,368.279998779297,369.290008544922,2296500,359.402526855469
2022-12-06,367,370.640014648438,365.519989013672,368.540008544922,1971000,358.672546386719
2022-12-07,369.320007324219,375.239990234375,368.760009765625,371.970001220703,1629100,362.010772705078
2022-12-08,373.260009765625,373.260009765625,366.5,371.790008544922,2090900,361.835479736328
2022-12-09,373,374,360.809997558594,360.989990234375,2787200,351.324615478516
2022-12-12,362.929992675781,367.829986572266,362.5,367.25,2639200,357.417083740234
2022-12-13,361.630004882812,372.739990234375,358.320007324219,358.660003662109,5032600,349.057067871094
2022-12-14,359.010009765625,369.429992675781,357.059997558594,363.5,5095500,353.767486572266
2022-12-15,360.660003662109,363.970001220703,356.690002441406,360.010009765625,3437100,350.370910644531
2022-12-16,357.929992675781,360.480010986328,355.170013427734,359.869995117188,6612200,350.234680175781
2022-12-19,357.809997558594,359.700012207031,354.609985351562,357.779998779297,2658400,348.200653076172
2022-12-20,358.5,361.450012207031,356.339996337891,359.640014648438,2276000,350.010864257812
2022-12-21,362.630004882812,370.679992675781,361.209991455078,368.010009765625,2211200,358.15673828125
2022-12-22,367.320007324219,369.760009765625,362.290008544922,365.309997558594,1958100,355.529083251953
2022-12-23,364.820007324219,367.899993896484,362.470001220703,367.899993896484,1030300,358.049621582031
2022-12-27,369.5,369.730010986328,364.329986572266,364.880004882812,1372100,355.110504150391
2022-12-28,366.170013427734,368.010009765625,363.940002441406,365.220001220703,996000,355.441436767578
2022-12-29,368.100006103516,370.950012207031,366.459991455078,367.019989013672,1077900,357.193206787109
2022-12-30,367.489990234375,367.950012207031,362.109985351562,365.839996337891,1388000,356.044860839844
2023-01-03,366.260009765625,369,361.459991455078,364.989990234375,2006700,355.217559814453
2023-01-04,364.640014648438,367.119995117188,360.339996337891,363.100006103516,1886200,353.378295898438
2023-01-05,360.950012207031,361.489990234375,352.959991455078,358.920013427734,2008500,349.310089111328
2023-01-06,360,366.700012207031,357.579986572266,362.940002441406,2131300,353.222473144531
2023-01-09,364,364.970001220703,348.790008544922,349.829986572266,2980600,340.463500976562
2023-01-10,349,353.209991455078,343.339996337891,352.75,2465200,343.305358886719
2023-01-11,354.339996337891,361.760009765625,351,360.410003662109,2602800,350.760223388672
2023-01-12,359.25,360.5,353.079986572266,359.119995117188,2019700,349.504760742188
2023-01-13,359.570007324219,363.309997558594,358.640014648438,361.619995117188,1690900,351.937805175781
2023-01-17,361.619995117188,362,356.549987792969,357.739990234375,2435200,348.161682128906
2023-01-18,356.320007324219,359,351.579986572266,352.010009765625,2302300,342.585113525391
2023-01-19,352.369995117188,355.799987792969,350.420013427734,351.079986572266,2658300,341.680023193359
2023-01-20,347,349.070007324219,341.579986572266,346.070007324219,5391900,336.80419921875
2023-01-23,346.609985351562,346.609985351562,340.220001220703,342.209991455078,3403100,333.047576904297
2023-01-24,346,346.630004882812,341.359985351562,346.390014648438,2242500,337.115600585938
2023-01-25,345.549987792969,349.779998779297,345.100006103516,349.730010986328,2503300,340.366149902344
2023-01-26,351,352.179992675781,346.730010986328,348.010009765625,2576200,338.692230224609
2023-01-27,346.109985351562,348.089996337891,341.529998779297,342.100006103516,2363600,332.940490722656
2023-01-30,344.329986572266,347.799987792969,339.459991455078,340.5,2647700,331.383331298828
2023-01-31,340.679992675781,344.399993896484,339.380004882812,344.149993896484,2406700,334.935607910156
2023-02-01,342.790008544922,345.940002441406,337.519989013672,342.570007324219,2990900,333.397796630859
2023-02-02,334,335.299987792969,317,330.700012207031,13036600,321.845672607422
2023-02-03,332.950012207031,342.329986572266,329.369995117188,339.079986572266,5670700,330.001251220703
2023-02-06,341.980010986328,343.420013427734,334.619995117188,337.660003662109,3055700,328.619323730469
2023-02-07,336.049987792969,340.959991455078,332.690002441406,339.679992675781,2464100,330.585235595703
2023-02-08,338.559997558594,342.869995117188,337.820007324219,340.730010986328,2399400,331.607177734375
2023-02-09,340.890014648438,347.350006103516,340.5,341.790008544922,3072800,332.638763427734
2023-02-10,343.269989013672,348.429992675781,342.730010986328,345.119995117188,1980000,335.879608154297
2023-02-13,346.470001220703,350.809997558594,346,350.399993896484,2291600,341.018188476562
2023-02-14,350.540008544922,353.820007324219,347.279998779297,347.559997558594,2028900,339.348663330078
2023-02-15,345.850006103516,346.869995117188,334.350006103516,335.010009765625,3600700,327.095092773438
2023-02-16,331,332.940002441406,325.720001220703,326.070007324219,3654200,318.366302490234
2023-02-17,323.149993896484,331.589996337891,320.5,328.399993896484,3695600,320.641326904297
2023-02-21,327.149993896484,331.720001220703,326.329986572266,327.510009765625,2515600,319.772338867188
2023-02-22,328.709991455078,332.600006103516,326.329986572266,329.070007324219,2379800,321.295501708984
2023-02-23,328.010009765625,332.829986572266,325.690002441406,327.519989013672,2229500,319.782104492188
2023-02-24,326,327.230010986328,320.089996337891,321.640014648438,2594600,314.041015625
2023-02-27,322.600006103516,323.399993896484,315.899993896484,316.619995117188,3043500,309.139617919922
2023-02-28,315.489990234375,315.489990234375,309.640014648438,311.220001220703,3966900,303.8671875
2023-03-01,310,316.910003662109,309.200012207031,314.170013427734,3580800,306.747497558594
2023-03-02,311.790008544922,316.299987792969,310.529998779297,315.049987792969,2885200,307.606628417969
2023-03-03,316.369995117188,320.160003662109,315.239990234375,318.429992675781,3002800,310.906829833984
2023-03-06,316.940002441406,320.239990234375,316.5,318.959991455078,2673700,311.424346923828
2023-03-07,319,320.350006103516,309.600006103516,310.630004882812,2620800,303.291168212891
2023-03-08,310.5,313.029998779297,309.320007324219,312.540008544922,2313200,305.156036376953
2023-03-09,312.309997558594,318.769989013672,312.309997558594,316.850006103516,3920300,309.364196777344
2023-03-10,318.850006103516,326.529998779297,314.339996337891,315.019989013672,4597300,307.577362060547
2023-03-13,317.239990234375,331.799987792969,317.239990234375,324.489990234375,5275600,316.823669433594
2023-03-14,324.049987792969,327.279998779297,321.440002441406,327.070007324219,4214300,319.342742919922
2023-03-15,326,331.359985351562,324.5,329.470001220703,4743500,321.686004638672
2023-03-16,327.640014648438,331.700012207031,325.040008544922,329.529998779297,3498200,321.74462890625
2023-03-17,331.5,334.950012207031,328.100006103516,329.179992675781,8679800,321.402862548828
2023-03-20,329.179992675781,333.940002441406,329.010009765625,333.600006103516,3540900,325.718475341797
2023-03-21,334.390014648438,334.440002441406,328.079986572266,331.079986572266,3240400,323.257995605469
2023-03-22,331.769989013672,335.600006103516,330.649993896484,330.970001220703,2472200,323.150634765625
2023-03-23,330.890014648438,335.339996337891,330.209991455078,332.640014648438,2703400,324.781097412109
2023-03-24,332.989990234375,336.929992675781,328.769989013672,336.130004882812,2791900,328.188598632812
2023-03-27,327.799987792969,336.220001220703,323.260009765625,334.600006103516,3102300,326.694885253906
2023-03-28,335.799987792969,338.829986572266,334.720001220703,337.649993896484,2433200,329.672760009766
2023-03-29,339,339.769989013672,334.579986572266,335.869995117188,2743800,327.934783935547
2023-03-30,336.070007324219,341.309997558594,336.070007324219,340.690002441406,2146900,332.640930175781
2023-03-31,342,343.649993896484,340.690002441406,343.420013427734,2933600,335.306488037109
2023-04-03,343.239990234375,351.540008544922,342.299987792969,350.739990234375,3039600,342.453491210938
2023-04-04,352.070007324219,359,351.269989013672,354.619995117188,3585900,346.241851806641
2023-04-05,358.079986572266,364.850006103516,357.929992675781,362.239990234375,3442700,353.681762695312
2023-04-06,364.850006103516,369.5,364.25,368.290008544922,3531700,359.588897705078
2023-04-10,368.179992675781,368.350006103516,363.040008544922,367,1868000,358.329345703125
2023-04-11,367.760009765625,368.799987792969,363.589996337891,364.040008544922,2027000,355.439300537109
2023-04-12,364.019989013672,372.440002441406,363.329986572266,369.049987792969,2672600,360.330932617188
2023-04-13,372.619995117188,375.559997558594,370.309997558594,375.149993896484,2839900,366.286834716797
2023-04-14,374.239990234375,376.309997558594,372.510009765625,374.730010986328,2287900,365.876800537109
2023-04-17,375,375.899993896484,371.160003662109,372.350006103516,2059700,363.553009033203
2023-04-18,373,374.260009765625,369.660003662109,369.910003662109,1925300,361.170623779297
2023-04-19,370.549987792969,371.279998779297,367.350006103516,370.470001220703,2173000,361.717407226562
2023-04-20,371.390014648438,376.059997558594,369.760009765625,374.809997558594,2766500,365.954833984375
2023-04-21,378.010009765625,386.269989013672,378,385.239990234375,3682500,376.138458251953
2023-04-24,385.239990234375,387.049987792969,381.630004882812,383.350006103516,2059700,374.293090820312
2023-04-25,385.049987792969,390.480010986328,384,384.839996337891,2648600,375.747894287109
2023-04-26,381.119995117188,381.5,370.679992675781,376.269989013672,3161200,367.380340576172
2023-04-27,391.260009765625,398.529998779297,380.769989013672,390.350006103516,4981300,381.127716064453
2023-04-28,398,404.309997558594,392.510009765625,395.859985351562,5350100,386.507507324219
2023-05-01,397.260009765625,407.350006103516,392.260009765625,405.809997558594,4091100,396.222442626953
2023-05-02,407,411.540008544922,399.260009765625,404.200012207031,3884600,394.650451660156
2023-05-03,415.029998779297,434.200012207031,414.309997558594,431.190002441406,10129800,421.002838134766
2023-05-04,431.450012207031,432.700012207031,425.220001220703,428.440002441406,4070700,418.317810058594
2023-05-05,428.100006103516,431.269989013672,424.559997558594,427.809997558594,2753400,417.702728271484
2023-05-08,426.200012207031,435,423,432.720001220703,2478600,422.496673583984
2023-05-09,431.769989013672,435.600006103516,428.049987792969,428.380004882812,2601600,418.259216308594
2023-05-10,426.059997558594,438.390014648438,426.059997558594,435.920013427734,2766300,425.621063232422
2023-05-11,436.700012207031,436.850006103516,431.119995117188,435.549987792969,2595900,425.259796142578
2023-05-12,440.160003662109,445.540008544922,434.420013427734,434.429992675781,3939200,425.269561767578
2023-05-15,435.369995117188,436,430.670013427734,434.510009765625,2234800,425.347930908203
2023-05-16,434.200012207031,438.480010986328,430.660003662109,436.649993896484,2128800,427.442840576172
2023-05-17,438.799987792969,438.950012207031,432.730010986328,437.470001220703,2274200,428.245483398438
2023-05-18,436.510009765625,439.519989013672,433.589996337891,437.890014648438,2268100,428.656616210938
2023-05-19,439,447.510009765625,439,442.380004882812,3442800,433.051940917969
2023-05-22,444.309997558594,454.950012207031,432.390014648438,433.989990234375,4398000,424.838806152344
2023-05-23,432.920013427734,435.890014648438,421.510009765625,423.209991455078,4492100,414.286193847656
2023-05-24,424,428.959991455078,420.260009765625,425.769989013672,3133000,416.792205810547
2023-05-25,426.380004882812,428.200012207031,419.799987792969,427.309997558594,2882200,418.299713134766
2023-05-26,424.899993896484,431.670013427734,423.670013427734,425.790008544922,2338400,416.811798095703
2023-05-30,423.790008544922,428.730010986328,422.059997558594,427.239990234375,2595700,418.231201171875
2023-05-31,427,430.559997558594,424.010009765625,429.459991455078,3950900,420.404357910156
2023-06-01,430.269989013672,436.790008544922,428.130004882812,436.489990234375,2914400,427.286163330078
2023-06-02,439.959991455078,444.700012207031,436.779998779297,442.329986572266,2499000,433.002960205078
2023-06-05,443,447.799987792969,441.709991455078,444.260009765625,2113800,434.892333984375
2023-06-06,447.829986572266,448.869995117188,440.019989013672,443.070007324219,1495300,433.727447509766
2023-06-07,440.200012207031,446.690002441406,435.679992675781,436.369995117188,2458300,427.168701171875
2023-06-08,435.880004882812,447.470001220703,432.339996337891,445.660003662109,2040300,436.262847900391
2023-06-09,449.299987792969,449.299987792969,442.600006103516,446.040008544922,2082000,436.634765625
2023-06-12,446.149993896484,446.989990234375,438.679992675781,445.309997558594,2566600,435.920166015625
2023-06-13,443.670013427734,447.399993896484,442.25,445.720001220703,1766300,436.321563720703
2023-06-14,444.290008544922,448.779998779297,443.540008544922,447.720001220703,2163300,438.279388427734
2023-06-15,448,456.579986572266,447.690002441406,453.929992675781,2287100,444.358428955078
2023-06-16,455.799987792969,456.980010986328,447.5,447.709991455078,4295700,438.269561767578
2023-06-20,445.859985351562,454.880004882812,445.109985351562,451.950012207031,2506300,442.420104980469
2023-06-21,454.5,455.339996337891,450.209991455078,453,2347500,443.448089599609
2023-06-22,455,462.260009765625,453.820007324219,457.679992675781,2912500,448.029357910156
2023-06-23,457,460.010009765625,452.320007324219,458.839996337891,4832100,449.164916992188
2023-06-26,465.260009765625,465.260009765625,448.920013427734,452.760009765625,3214700,443.213073730469
2023-06-27,462.5,467.980010986328,451.700012207031,464.5,4138700,454.705596923828
2023-06-28,468.510009765625,468.529998779297,457.320007324219,458.700012207031,2854700,449.02783203125
2023-06-29,459.059997558594,465.829986572266,457.510009765625,464.489990234375,2112400,454.695709228516
2023-06-30,464.649993896484,469.869995117188,464,468.980010986328,3173200,459.091125488281
2023-07-03,466.260009765625,466.260009765625,457.369995117188,461.420013427734,2113200,451.690521240234
2023-07-05,462.100006103516,467.25,460,465.700012207031,2130200,455.880249023438
2023-07-06,463.119995117188,467.600006103516,461.619995117188,463.209991455078,2191700,453.442749023438
2023-07-07,462.329986572266,463.609985351562,451.239990234375,452.079986572266,2914700,442.54736328125
2023-07-10,452.959991455078,454.670013427734,449.709991455078,453.160003662109,2011400,443.604675292969
2023-07-11,450,450.559997558594,437.609985351562,439.390014648438,3570900,430.125
2023-07-12,438.470001220703,444.299987792969,435.010009765625,440.600006103516,3107800,431.309509277344
2023-07-13,440.230010986328,442.239990234375,434.339996337891,434.700012207031,2865100,425.533905029297
2023-07-14,441.100006103516,450.450012207031,440.869995117188,449.459991455078,2955000,439.982666015625
2023-07-17,449.450012207031,450.619995117188,443.260009765625,447.140014648438,2347900,437.711608886719
2023-07-18,446.950012207031,453.320007324219,445.040008544922,451.200012207031,2237000,441.685974121094
2023-07-19,451.399993896484,455,448.559997558594,453.559997558594,2212800,443.996185302734
2023-07-20,455.149993896484,465.220001220703,455,463.820007324219,2624200,454.039886474609
2023-07-21,465.410003662109,467.040008544922,461.970001220703,462.040008544922,2226700,452.297393798828
2023-07-24,462,465.640014648438,457.670013427734,459.320007324219,2190700,449.634765625
2023-07-25,457.760009765625,460.920013427734,456.600006103516,457.540008544922,1737800,447.892333984375
2023-07-26,455,455,446.559997558594,453.589996337891,1959800,444.025604248047
2023-07-27,453.320007324219,458.679992675781,452.25,454.989990234375,1883500,445.396057128906
2023-07-28,455.130004882812,459.570007324219,451.779998779297,458.480010986328,1437600,448.8125
2023-07-31,459.019989013672,459.019989013672,450.799987792969,454.549987792969,2110200,444.965362548828
2023-08-01,455.350006103516,457.369995117188,451.450012207031,453.089996337891,1738200,443.536163330078
2023-08-02,455.230010986328,461.640014648438,451.320007324219,454.480010986328,2366600,444.896820068359
2023-08-03,450.779998779297,454.100006103516,448.260009765625,449.160003662109,2414100,439.689025878906
2023-08-04,449.239990234375,452.470001220703,446.890014648438,449.489990234375,1870400,440.012054443359
2023-08-07,453.25,455,450.579986572266,454.079986572266,2446400,444.505249023438
2023-08-08,506,538,502.709991455078,521.599975585938,15094500,510.601531982422
2023-08-09,520.369995117188,532.530029296875,516.890014648438,526.22998046875,5376600,515.133911132812
2023-08-10,523.469970703125,528.739990234375,519.989990234375,521.340026855469,4108500,510.347015380859
2023-08-11,523.719970703125,531.809997558594,520,528.280029296875,2524300,517.140686035156
2023-08-14,531.280029296875,542.299987792969,529.25,538,3981100,527.78466796875
2023-08-15,537.72998046875,547.289978027344,533.780029296875,546.619995117188,2826800,536.240966796875
2023-08-16,547.400024414062,552.869995117188,542.5,546.239990234375,2597100,535.868103027344
2023-08-17,543.210021972656,548.799987792969,537.390014648438,537.659973144531,2549900,527.451171875
2023-08-18,535.030029296875,547.77001953125,533.900024414062,546.429992675781,2958600,536.054626464844
2023-08-21,546.989990234375,553.5,545.75,550.049987792969,2305400,539.605834960938
2023-08-22,549.530029296875,556.099975585938,547.280029296875,553.659973144531,1936600,543.147338867188
2023-08-23,556.719970703125,557.400024414062,548.210021972656,553.359985351562,2121300,542.853088378906
2023-08-24,552.700012207031,556.97998046875,547.299987792969,548,1776700,537.594787597656
2023-08-25,549.630004882812,556.099975585938,547.080017089844,553.650024414062,1847600,543.137451171875
2023-08-28,550.130004882812,556.22998046875,550.119995117188,553.919982910156,1373700,543.402404785156
2023-08-29,553.450012207031,556.349975585938,549.859985351562,553.900024414062,1701200,543.382690429688
2023-08-30,555.010009765625,557.75,547.039978027344,547.989990234375,2191100,537.585021972656
2023-08-31,547.02001953125,557.409973144531,543,554.200012207031,3043400,543.677001953125
2023-09-01,556.320007324219,559.210021972656,553.510009765625,557.109985351562,2030800,546.531799316406
2023-09-05,559.22998046875,561.929992675781,556.710021972656,558.190002441406,2257200,547.591247558594
2023-09-06,561.02001953125,561.590026855469,552.700012207031,559.950012207031,2424300,549.318054199219
2023-09-07,564.190002441406,576.309997558594,562.619995117188,573.22998046875,3707100,562.345703125
2023-09-08,572.330017089844,587.549987792969,571.219970703125,586.460021972656,4308300,575.324645996094
2023-09-11,587.150024414062,598.159973144531,584.47998046875,595.559997558594,3876500,584.251708984375
2023-09-12,590.969970703125,601.130004882812,587.849975585938,599.299987792969,3212100,587.920715332031
2023-09-13,594.659973144531,600.75,591.700012207031,598.880004882812,3126600,587.508666992188
2023-09-14,599.239990234375,601.840026855469,590.010009765625,591.609985351562,3244800,580.376708984375
2023-09-15,592,594.059997558594,575.059997558594,575.659973144531,5941200,564.729614257812
2023-09-18,578,578,564.409973144531,571.280029296875,2723600,560.432800292969
2023-09-19,571.619995117188,578.409973144531,570.630004882812,574.960021972656,2185100,564.042907714844
2023-09-20,573.419982910156,575.25,569.190002441406,569.640014648438,1869900,558.823913574219
2023-09-21,567.190002441406,568,542.5,550.130004882812,4049900,539.684326171875
2023-09-22,548.809997558594,555.489990234375,547.630004882812,550.539978027344,2353800,540.086486816406
2023-09-25,550.099975585938,552.659973144531,545.75,552.289978027344,1686500,541.803283691406
2023-09-26,550.700012207031,554.130004882812,548,550.010009765625,1864300,539.566589355469
2023-09-27,549.890014648438,551.690002441406,543.669982910156,549.760009765625,2004200,539.321350097656
2023-09-28,551.320007324219,551.679992675781,541.400024414062,544.450012207031,2178800,534.112121582031
2023-09-29,545.489990234375,546.090026855469,532.200012207031,537.130004882812,2967700,526.931274414062
2023-10-02,536.010009765625,540.640014648438,526.809997558594,538.289978027344,2810100,528.069152832031
2023-10-03,536,537.340026855469,516.570007324219,525.190002441406,3266100,515.2177734375
2023-10-04,525.559997558594,536.169982910156,523.630004882812,531.460021972656,2220400,521.368896484375
2023-10-05,533.539978027344,542.5,531.609985351562,541.47998046875,2950700,531.198547363281
2023-10-06,544,566.359985351562,542.710021972656,565.219970703125,4745200,554.487854003906
2023-10-09,564.02001953125,579.789978027344,563.580017089844,571.760009765625,4208100,560.903686523438
2023-10-10,570,585.950012207031,569.72998046875,579.309997558594,3526700,568.310241699219
2023-10-11,596.200012207031,608.789978027344,585.010009765625,605.280029296875,5850600,593.787231445312
2023-10-12,605.460021972656,613,602.200012207031,610.5,4063500,598.908142089844
2023-10-13,617.890014648438,629.969970703125,602.559997558594,609.200012207031,3963800,597.6328125
2023-10-16,610.989990234375,621.97998046875,608.429992675781,616.640014648438,2941500,604.931457519531
2023-10-17,619,620.400024414062,602.530029296875,608.309997558594,2911700,596.759643554688
2023-10-18,607.239990234375,615.880004882812,603.239990234375,607.239990234375,2049100,595.709899902344
2023-10-19,605,605,578.340026855469,590.799987792969,3493700,579.58203125
2023-10-20,590,596.919982910156,580.880004882812,584.640014648438,3666900,573.5390625
2023-10-23,586.059997558594,588.340026855469,576.140014648438,576.650024414062,2781900,565.700744628906
2023-10-24,580,594.52001953125,579.109985351562,592.429992675781,2633000,581.18115234375
2023-10-25,596.940002441406,599.700012207031,585.869995117188,586.460021972656,2283300,575.324645996094
2023-10-26,580,581,566.159973144531,568.099975585938,2846500,557.313049316406
2023-10-27,563.010009765625,570.809997558594,556.640014648438,560.22998046875,2717400,549.592529296875
2023-10-30,571.210021972656,573.210021972656,562.549987792969,565.710021972656,2290900,554.968688964844
2023-10-31,568.969970703125,569.609985351562,547.609985351562,553.929992675781,3661400,543.412231445312
2023-11-01,555,558.429992675781,551.260009765625,554.460021972656,2935900,543.93212890625
2023-11-02,578.330017089844,597.440002441406,571.989990234375,580.289978027344,5181300,569.271606445312
2023-11-03,578.429992675781,583,567.179992675781,567.809997558594,3056500,557.028686523438
2023-11-06,571.099975585938,597.710021972656,571.010009765625,595.190002441406,3978500,583.888793945312
2023-11-07,597,601.940002441406,590.130004882812,599.929992675781,3168200,588.538818359375
2023-11-08,607.659973144531,625.869995117188,592.179992675781,619.130004882812,7776400,607.374206542969
2023-11-09,614.760009765625,615.650024414062,583.429992675781,591.320007324219,6279800,580.092163085938
2023-11-10,595,598.859985351562,586,597.710021972656,3645900,586.360900878906
2023-11-13,594.349975585938,618.75,578.150024414062,612.710021972656,5744800,601.076171875
2023-11-14,608.219970703125,616.039978027344,602.669982910156,610.820007324219,3827600,600.329223632812
2023-11-15,610.880004882812,612.909973144531,584.419982910156,588.539978027344,4287000,578.431823730469
2023-11-16,591.5,595.090026855469,581.75,588.75,3030500,578.638244628906
2023-11-17,592.450012207031,596.179992675781,587.210021972656,591.710021972656,2628200,581.547424316406
2023-11-20,591.440002441406,604.859985351562,590.690002441406,597.599975585938,2827200,587.336120605469
2023-11-21,598.440002441406,601.559997558594,591.77001953125,592.599975585938,1851600,582.421997070312
2023-11-22,595.400024414062,599.179992675781,586.75,595.090026855469,2052200,584.869323730469
2023-11-24,598.359985351562,603.5,596.97998046875,601.099975585938,1341700,590.776062011719
2023-11-27,601.169982910156,603.690002441406,591.140014648438,591.530029296875,2630700,581.370483398438
2023-11-28,592,595.380004882812,589.359985351562,591.599975585938,1793900,581.439270019531
2023-11-29,592.200012207031,594.539978027344,584.440002441406,591.859985351562,1908600,581.694763183594
2023-11-30,591.460021972656,596.22998046875,586.210021972656,591.039978027344,5658400,580.888793945312
2023-12-01,591.700012207031,601.969970703125,583,584.039978027344,3638600,574.009033203125
2023-12-04,582.130004882812,587.090026855469,574.330017089844,585.679992675781,2577100,575.620971679688
2023-12-05,583.280029296875,591.799987792969,579.369995117188,588.150024414062,2157300,578.048522949219
2023-12-06,590.739990234375,593.900024414062,584.400024414062,589.25,2093100,579.129638671875
2023-12-07,588.280029296875,588.869995117188,577.609985351562,588.27001953125,2095000,578.166381835938
2023-12-08,589,598.299987792969,584.77001953125,598.049987792969,2446800,587.778503417969
2023-12-11,598.659973144531,601.190002441406,567.409973144531,584.039978027344,5614100,574.009033203125
2023-12-12,582,585.849975585938,578.169982910156,584.760009765625,2846100,574.716796875
2023-12-13,583.260009765625,598.669982910156,582.309997558594,597.5,3112500,587.237976074219
2023-12-14,594.5,594.5,568.690002441406,573.669982910156,5275900,563.817260742188
2023-12-15,572.099975585938,573.710021972656,561.650024414062,572.039978027344,5317000,562.215270996094
2023-12-18,576.469970703125,583.049987792969,575.700012207031,579.760009765625,3033900,569.802612304688
2023-12-19,580.25,585.109985351562,577.25,579.809997558594,2192700,569.851745605469
2023-12-20,576.47998046875,579.859985351562,570.030029296875,570.210021972656,2647100,560.416625976562
2023-12-21,571.409973144531,575,567.02001953125,572,1786500,562.175964355469
2023-12-22,573.02001953125,575.900024414062,567.419982910156,570.390014648438,2226100,560.593566894531
2023-12-26,569.5,572.77001953125,567.640014648438,570.669982910156,1678700,560.868774414062
2023-12-27,570.5,583.679992675781,570.5,581.510009765625,2163400,571.522583007812
2023-12-28,581.97998046875,586.690002441406,580,580.849975585938,1973500,570.873901367188
2023-12-29,582.849975585938,586.169982910156,579.469970703125,582.919982910156,2000100,572.908386230469
2024-01-02,580.409973144531,592.719970703125,579.049987792969,592.200012207031,3226700,582.028869628906
2024-01-03,600,619.840026855469,598.799987792969,617.700012207031,5130300,607.090942382812
2024-01-04,625.260009765625,636.409973144531,613.27001953125,614.5,6272500,603.945922851562
2024-01-05,614,619.940002441406,610.190002441406,618.549987792969,2404000,607.926330566406
2024-01-08,622.429992675781,626.059997558594,609.590026855469,626.030029296875,2453900,615.277954101562
2024-01-09,630.109985351562,634.419982910156,623.719970703125,625.47998046875,2918900,614.737365722656
2024-01-10,628.489990234375,637.049987792969,625.760009765625,630.190002441406,2679100,619.366516113281
2024-01-11,634.390014648438,639.760009765625,628.140014648438,635.719970703125,2690300,624.801513671875
2024-01-12,638.200012207031,644,633.010009765625,642.919982910156,2067800,631.877807617188
2024-01-16,643.909973144531,647.72998046875,633.669982910156,634.570007324219,2413600,623.671264648438
2024-01-17,639.450012207031,640.52001953125,625.190002441406,628.909973144531,2124100,618.1083984375
2024-01-18,621.280029296875,623.880004882812,612.700012207031,623.349975585938,3385000,612.643920898438
2024-01-19,622.390014648438,629.590026855469,620,628.580017089844,3125000,617.784118652344
2024-01-22,630,632.640014648438,625,630.880004882812,2030200,620.044555664062
2024-01-23,627.690002441406,630,614.820007324219,629.679992675781,2525000,618.865234375
2024-01-24,633.52001953125,643.169982910156,632,633.700012207031,2276900,622.816162109375
2024-01-25,627.369995117188,632.609985351562,624.679992675781,627.619995117188,2407900,616.840576171875
2024-01-26,637.349975585938,639.599975585938,630.5,639.25,2410300,628.270935058594
2024-01-29,641.5,645.650024414062,639.77001953125,645,2718500,633.922180175781
2024-01-30,645.700012207031,646.799987792969,641,644.97998046875,2006100,633.902465820312
2024-01-31,650.380004882812,663.549987792969,637,645.609985351562,4719000,634.521606445312
2024-02-01,647.330017089844,660.52001953125,643.169982910156,660.429992675781,2494300,649.087097167969
2024-02-02,662.380004882812,672.619995117188,659.739990234375,667.650024414062,3019200,656.183166503906
2024-02-05,691.02001953125,711.880004882812,682.530029296875,706.200012207031,7602400,694.071044921875
2024-02-06,742,742,691.099975585938,705.030029296875,8187300,692.921142578125
2024-02-07,710.380004882812,740.989990234375,707.02001953125,725.380004882812,5798000,712.921569824219
2024-02-08,728.320007324219,741,725.75,735.679992675781,4636900,723.044738769531
2024-02-09,735.5,745.700012207031,733.609985351562,740.159973144531,2833900,727.44775390625
2024-02-12,740.799987792969,740.799987792969,726.450012207031,737.260009765625,2932300,724.597595214844
2024-02-13,730.179992675781,742.97998046875,730.179992675781,742.969970703125,2860300,730.20947265625
2024-02-14,745.820007324219,764.049987792969,745,757.309997558594,3394300,745.607849121094
2024-02-15,755.799987792969,762.989990234375,750.010009765625,757.780029296875,2507000,746.070556640625
2024-02-16,771.030029296875,794.469970703125,763.5,782.059997558594,5009400,769.975463867188
2024-02-20,790,793.380004882812,753.200012207031,755.659973144531,4701100,743.983337402344
2024-02-21,738.080017089844,749.5,733.239990234375,745.909973144531,3541800,734.384033203125
2024-02-22,763.580017089844,775.119995117188,756.27001953125,769.640014648438,3167400,757.747314453125
2024-02-23,774,777.650024414062,762.260009765625,769.539978027344,2394800,757.648864746094
2024-02-26,771.299987792969,780.219970703125,769.119995117188,771.919982910156,2243800,759.992065429688
2024-02-27,754.900024414062,772.950012207031,745.440002441406,765,2716700,753.178955078125
2024-02-28,762.25,763,751.659973144531,757.640014648438,2716300,745.932739257812
2024-02-29,753.080017089844,756.460021972656,744.030029296875,753.679992675781,3905400,742.033874511719
2024-03-01,769.02001953125,784.080017089844,764.130004882812,782.119995117188,4247500,770.034423828125
2024-03-04,796.440002441406,800.780029296875,786.159973144531,792.280029296875,3855600,780.037475585938
2024-03-05,785.309997558594,788.530029296875,769.280029296875,777.590026855469,3168700,765.574523925781
2024-03-06,784.289978027344,787.849975585938,774,779.77001953125,2518600,767.720764160156
2024-03-07,771.840026855469,792.989990234375,761.119995117188,780.159973144531,3977400,768.104675292969
2024-03-08,780,780,755,762.140014648438,4054900,750.363220214844
2024-03-11,752.210021972656,756.799987792969,727.619995117188,734.369995117188,3968900,723.022277832031
2024-03-12,740.960021972656,755.969970703125,738.010009765625,754.950012207031,2701700,743.284240722656
2024-03-13,757,760.77001953125,745.710021972656,757.840026855469,2357500,746.129699707031
2024-03-14,764.950012207031,768,749.400024414062,760.72998046875,2647500,748.974975585938
2024-03-15,755.380004882812,760.890014648438,747.710021972656,754.169982910156,3730100,742.516235351562
2024-03-18,762.280029296875,769.679992675781,758.25,762.659973144531,2521400,750.875183105469
2024-03-19,758.440002441406,773.849975585938,755,772.780029296875,2557100,760.838806152344
2024-03-20,770.109985351562,773.159973144531,756.640014648438,772.859985351562,2038000,760.917541503906
2024-03-21,774,780.539978027344,758.880004882812,770.260009765625,3013200,758.357788085938
2024-03-22,770,777,767.280029296875,770.609985351562,1981000,758.702209472656
2024-03-25,771.099975585938,778.489990234375,768.150024414062,773.140014648438,1806600,761.193176269531
2024-03-26,774.200012207031,778.330017089844,769,774.900024414062,2099000,762.926025390625
2024-03-27,778.710021972656,785.260009765625,767.380004882812,778.179992675781,2297700,766.1552734375
2024-03-28,780.320007324219,793.669982910156,776.440002441406,777.960021972656,3209400,765.938659667969
2024-04-01,776,777.5,753.820007324219,760.549987792969,2921300,748.7978515625
2024-04-02,755.070007324219,765.070007324219,753.5,763.960021972656,2596800,752.155090332031
2024-04-03,765.690002441406,787.25,765.409973144531,775.989990234375,3044900,763.999206542969
2024-04-04,781.539978027344,787.900024414062,767.820007324219,768.080017089844,2354000,756.211364746094
2024-04-05,765.469970703125,786.710021972656,763.090026855469,784.210021972656,2113400,772.092163085938
2024-04-08,785.02001953125,785.200012207031,773.349975585938,777.289978027344,1664200,765.278991699219
2024-04-09,777.640014648438,777.820007324219,750.650024414062,757.239990234375,2464100,745.538940429688
2024-04-10,751.280029296875,765.260009765625,746.830017089844,761.97998046875,1700300,750.20556640625
2024-04-11,759.780029296875,763.330017089844,750.669982910156,759.590026855469,1594800,747.852661132812
2024-04-12,759.570007324219,763.5,749.789978027344,751.640014648438,2495000,740.025451660156
2024-04-15,760.070007324219,768,749.52001953125,750.77001953125,2358600,739.168884277344
2024-04-16,751.679992675781,753.140014648438,743,746.739990234375,2569800,735.201110839844
2024-04-17,759.200012207031,771.830017089844,744.880004882812,750.77001953125,3069400,739.168884277344
2024-04-18,749.419982910156,752.200012207031,743.77001953125,745.950012207031,1717300,734.423400878906
2024-04-19,749.159973144531,750.010009765625,722.070007324219,726.309997558594,3505500,715.086853027344
2024-04-22,729.739990234375,737.880004882812,725.419982910156,731.330017089844,2354100,720.029357910156
2024-04-23,741.200012207031,746.159973144531,731.440002441406,745.690002441406,2042000,734.167419433594
2024-04-24,752.640014648438,752.640014648438,728.789978027344,732.200012207031,2133400,720.885986328125
2024-04-25,725,727.989990234375,718.299987792969,724.869995117188,2608800,713.669067382812
2024-04-26,723.47998046875,737.450012207031,721,733.510009765625,2009200,722.175598144531
2024-04-29,735.75,740.580017089844,729.609985351562,737.200012207031,2665600,725.808715820312
2024-04-30,775,795.5,767.659973144531,781.099975585938,7437100,769.0302734375
2024-05-01,774.760009765625,782.609985351562,768.25,776.75,2802100,764.747375488281
2024-05-02,777.340026855469,777.340026855469,754.289978027344,755.909973144531,3205600,744.229553222656
2024-05-03,743,745,730.340026855469,734.969970703125,4595100,723.613037109375
2024-05-06,738.039978027344,766.989990234375,736,766.679992675781,3398300,754.833068847656
2024-05-07,768.900024414062,779.090026855469,762.109985351562,777.77001953125,2879400,765.751770019531
2024-05-08,779.099975585938,781.349975585938,772.200012207031,775,2089800,763.0244140625
2024-05-09,777,784,769.200012207031,771.549987792969,2522100,759.627807617188
2024-05-10,774.02001953125,777.419982910156,760,760,2082300,748.25634765625
2024-05-13,763.5,763.549987792969,750.530029296875,757.700012207031,1848900,745.991821289062
2024-05-14,751.52001953125,764.5,751.52001953125,763.97998046875,1956200,752.174682617188
2024-05-15,764.150024414062,787.659973144531,763.099975585938,787.02001953125,3038300,776.179504394531
2024-05-16,784.710021972656,786.47998046875,770.140014648438,771.119995117188,2299700,760.498474121094
2024-05-17,772.890014648438,774.869995117188,767.099975585938,770,1670300,759.393859863281
2024-05-20,766.900024414062,784.330017089844,766.119995117188,783.179992675781,2188800,772.392333984375
2024-05-21,792.460021972656,816.609985351562,791.390014648438,803.169982910156,4334500,792.107055664062
2024-05-22,801,804.880004882812,795.25,802.909973144531,1767500,791.8505859375
2024-05-23,810,820.609985351562,802.159973144531,808.450012207031,3025800,797.314331054688
2024-05-24,808,810.119995117188,804.150024414062,807.429992675781,1778100,796.308410644531
2024-05-28,809,809,788.25,807.859985351562,2483500,796.732360839844
2024-05-29,803,815.609985351562,802.090026855469,811.530029296875,2380000,800.351867675781
2024-05-30,812.789978027344,819.989990234375,806.109985351562,815.059997558594,1984600,803.833312988281
2024-05-31,818.799987792969,826.210021972656,811.099975585938,820.340026855469,4472100,809.04052734375
2024-06-03,823.830017089844,838.280029296875,818.5,831.260009765625,2537200,819.810119628906
2024-06-04,834,835.469970703125,825.309997558594,832.590026855469,1748300,821.121826171875
2024-06-05,830.489990234375,838.450012207031,817.619995117188,831.760009765625,2169000,820.303283691406
2024-06-06,834.880004882812,846.969970703125,831.880004882812,837.289978027344,2109000,825.757080078125
2024-06-07,837.760009765625,856.809997558594,837.010009765625,849.989990234375,2468800,838.282165527344
2024-06-10,853.97998046875,871.630004882812,849.390014648438,865,3417500,853.085388183594
2024-06-11,882.140014648438,882.140014648438,852.22998046875,865.820007324219,4109100,853.894165039062
2024-06-12,872,872,853.849975585938,867.299987792969,2594600,855.353637695312
2024-06-13,869.030029296875,885.059997558594,861.5,883.330017089844,2243400,871.162902832031
2024-06-14,882.330017089844,884.609985351562,876,878.450012207031,2023300,866.35009765625
2024-06-17,878,892.200012207031,876.859985351562,885.010009765625,2532200,872.819763183594
2024-06-18,887,894.869995117188,884,891.460021972656,2437000,879.180908203125
2024-06-20,893,905.450012207031,870.130004882812,885.989990234375,3360000,873.786254882812
2024-06-21,885.659973144531,891.969970703125,879.799987792969,883.880004882812,3445900,871.705261230469
2024-06-24,889.97998046875,903.580017089844,882.940002441406,890.109985351562,2878200,877.849487304688
2024-06-25,891.77001953125,909.419982910156,891.5,904.609985351562,2830100,892.149719238281
2024-06-26,904,906.349975585938,897.840026855469,901.260009765625,2232100,888.845947265625
2024-06-27,903.530029296875,909.570007324219,899.719970703125,909.039978027344,1948100,896.518737792969
2024-06-28,911.309997558594,915.539978027344,905.380004882812,905.380004882812,3375400,892.9091796875
2024-07-01,911.77001953125,916.830017089844,904.309997558594,914.369995117188,2546100,901.775329589844
2024-07-02,902.710021972656,912,878.5,906.710021972656,4584600,894.220886230469
2024-07-03,911,918.5,884,898.099975585938,3078400,885.7294921875
2024-07-05,898.429992675781,916.460021972656,896.900024414062,914.570007324219,2880900,901.97265625
2024-07-08,917.890014648438,928.609985351562,912,918,2364600,905.355346679688
2024-07-09,929.049987792969,935,920.780029296875,932.5,2416000,919.655639648438
2024-07-10,936.570007324219,945.690002441406,933,939.780029296875,2683300,926.835388183594
2024-07-11,934.090026855469,942.880004882812,918.619995117188,934.140014648438,2855100,921.273071289062
2024-07-12,937,950.789978027344,936.030029296875,948.400024414062,2315100,935.336669921875
2024-07-15,956.200012207031,966.099975585938,948.090026855469,950.460021972656,2358700,937.368286132812
2024-07-16,955.75,956.390014648438,938.380004882812,941.599975585938,2111800,928.630310058594
2024-07-17,910.010009765625,925,902.640014648438,905.590026855469,4200600,893.116333007812
2024-07-18,907.030029296875,909.869995117188,836.659973144531,848.900024414062,7649600,837.207092285156
2024-07-19,867.659973144531,880.210021972656,853,857.469970703125,3782200,845.659057617188
2024-07-22,864.799987792969,874.419982910156,856.820007324219,865.969970703125,2904500,854.0419921875
2024-07-23,870,887.719970703125,864.080017089844,878.289978027344,2087700,866.1923828125
2024-07-24,872.5,878.340026855469,854.27001953125,859.880004882812,2726100,848.035949707031
2024-07-25,847,851.619995117188,806.380004882812,821.190002441406,5468000,809.878845214844
2024-07-26,811.869995117188,822.010009765625,801.299987792969,804.619995117188,4173900,793.537048339844
2024-07-29,814.010009765625,824.77001953125,804,807.789978027344,2473700,796.663330078125
2024-07-30,815.179992675781,821.900024414062,775.809997558594,790.210021972656,3848600,779.325622558594
2024-07-31,800.169982910156,811.140014648438,792.090026855469,804.27001953125,2961700,793.19189453125
2024-08-01,833.619995117188,840.890014648438,820.179992675781,832.440002441406,4060700,820.973815917969
2024-08-02,816.669982910156,820.190002441406,787.02001953125,804.460021972656,3515900,793.379333496094
2024-08-05,758,792.940002441406,747.549987792969,775.260009765625,4661800,764.581481933594
2024-08-06,789.140014648438,806.27001953125,785,793.179992675781,3437600,782.254638671875
2024-08-07,778.299987792969,786.580017089844,763.02001953125,772.140014648438,4407700,761.504455566406
2024-08-08,875,877.780029296875,825.239990234375,845.309997558594,9434900,833.666625976562
2024-08-09,860,908.489990234375,860,891.679992675781,6587600,879.397888183594
2024-08-12,904.210021972656,904.719970703125,883,884.380004882812,4206100,872.198486328125
2024-08-13,894.080017089844,914.690002441406,890.330017089844,908.049987792969,3506800,895.542419433594
2024-08-14,910,934.380004882812,903.789978027344,931.679992675781,3562900,918.846923828125
2024-08-15,936,937.960021972656,920,931.580017089844,3080000,920.032104492188
2024-08-16,928.390014648438,936.299987792969,919.390014648438,922.119995117188,2364900,910.689331054688
2024-08-19,922.119995117188,926,916.5,921.809997558594,2374600,910.383178710938
2024-08-20,932.099975585938,967,930.510009765625,949.969970703125,4961500,938.194091796875
2024-08-21,955.619995117188,956.5,939.169982910156,951.969970703125,2617000,940.169250488281
2024-08-22,951.97998046875,972.530029296875,948.140014648438,954.169982910156,3183700,942.342041015625
2024-08-23,955.440002441406,960.5,943.109985351562,952.739990234375,2063300,940.929748535156
2024-08-26,949.200012207031,955,942.77001953125,950.530029296875,2166000,938.747192382812
2024-08-27,952.5,972.47998046875,949.950012207031,954.47998046875,2912900,942.648132324219
2024-08-28,954.150024414062,958.340026855469,943.260009765625,948.940002441406,1701800,937.176818847656
2024-08-29,955,957.52001953125,936,940.200012207031,1762800,928.545227050781
2024-08-30,945,961,940.510009765625,960.02001953125,2555100,948.119567871094
2024-09-03,957.77001953125,969.650024414062,951.580017089844,956.530029296875,2529400,944.6728515625
2024-09-04,949.75,954,938.010009765625,946.309997558594,1891700,934.579406738281
2024-09-05,941.159973144531,943,906.169982910156,912.75,3201100,901.435424804688
2024-09-06,917.760009765625,927.900024414062,893,902.710021972656,3440000,891.520080566406
2024-09-09,912.570007324219,915.429992675781,895.919982910156,908.27001953125,2405900,897.011047363281
2024-09-10,914.109985351562,915.109985351562,895,901.25,1930400,890.078063964844
2024-09-11,902.150024414062,921.539978027344,897.200012207031,920.890014648438,2721100,909.474609375
2024-09-12,924.309997558594,937.619995117188,918.630004882812,935.02001953125,2510800,923.429504394531
2024-09-13,937.010009765625,942.349975585938,922.099975585938,923.710021972656,2045400,912.259643554688
2024-09-16,931.130004882812,932.609985351562,920.429992675781,923.539978027344,1760300,912.091735839844
2024-09-17,921.5,921.5,902.299987792969,906.179992675781,2248000,894.946899414062
2024-09-18,906.309997558594,915.5,903.460021972656,904.969970703125,1777000,893.751831054688
2024-09-19,912.849975585938,916.809997558594,903.859985351562,915.039978027344,2446500,903.697082519531
2024-09-20,921.989990234375,939.859985351562,913.200012207031,921.489990234375,9921800,910.067138671875
2024-09-23,921,922,909.450012207031,918.52001953125,2292000,907.133972167969
2024-09-24,922.119995117188,925.679992675781,909.200012207031,924.429992675781,2767400,912.970703125
2024-09-25,931.789978027344,939.299987792969,921.190002441406,924.559997558594,1805100,913.099060058594
2024-09-26,920.260009765625,921.849975585938,905.299987792969,909.320007324219,2693000,898.047912597656
2024-09-27,893.619995117188,901.210021972656,875.609985351562,877.789978027344,4377300,866.908874511719
2024-09-30,864.52001953125,887.429992675781,858.809997558594,885.940002441406,3244600,874.957763671875
2024-10-01,888.830017089844,891.27001953125,878.869995117188,884.47998046875,2455200,873.515930175781
2024-10-02,880,893.349975585938,878.700012207031,891.070007324219,1751600,880.024230957031
2024-10-03,889.539978027344,892,880.880004882812,885.549987792969,1974700,874.572631835938
2024-10-04,885.909973144531,888.969970703125,876.890014648438,887.159973144531,1970500,876.162658691406
2024-10-07,890.510009765625,905.280029296875,889.570007324219,898.400024414062,2915700,887.263305664062
2024-10-08,903,921.969970703125,902.22998046875,913.719970703125,2200000,902.393493652344
2024-10-09,916.289978027344,921.349975585938,912,919.739990234375,1820100,908.338745117188
2024-10-10,920,922,905.150024414062,910.690002441406,1682100,899.401000976562
2024-10-11,916.039978027344,932.239990234375,911.179992675781,932.059997558594,2293900,920.506164550781
2024-10-14,936,937,926,929.510009765625,1550400,917.987670898438
2024-10-15,924.440002441406,926.52001953125,907.799987792969,913.320007324219,2284200,901.998352050781
2024-10-16,910.030029296875,917.809997558594,897.840026855469,916.419982910156,1645400,905.059997558594
2024-10-17,921,930.510009765625,916.039978027344,917.119995117188,2191200,905.751342773438
2024-10-18,917.179992675781,920.919982910156,905.619995117188,917.969970703125,2286900,906.590698242188
2024-10-21,917.97998046875,918.859985351562,904.559997558594,906.130004882812,1592200,894.897583007812
2024-10-22,901.679992675781,911.119995117188,900.200012207031,909.150024414062,1391800,897.880187988281
2024-10-23,905.619995117188,907.950012207031,891.72998046875,903.25,2646600,892.05322265625
2024-10-24,898.330017089844,900,888.280029296875,891.320007324219,1797100,880.271118164062
2024-10-25,899.72998046875,900.960021972656,889.450012207031,892.700012207031,2228300,881.634033203125
2024-10-28,894.869995117188,898.210021972656,890.780029296875,895.590026855469,2084100,884.488220214844
2024-10-29,898.210021972656,907.97998046875,898.210021972656,903.580017089844,3187500,892.379150390625
2024-10-30,798.5,860.5,769,846.830017089844,18257200,836.332580566406
2024-10-31,836.510009765625,853.5,825.239990234375,829.739990234375,6582800,819.454467773438
2024-11-01,828,833,816.72998046875,818.929992675781,5266300,808.778442382812
2024-11-04,805,820.190002441406,803.679992675781,806.140014648438,3918100,796.147033691406
2024-11-05,803.830017089844,809.210021972656,797.489990234375,806.059997558594,3733300,796.067993164062
2024-11-06,817.330017089844,820.72998046875,767.609985351562,776.380004882812,8257900,766.755981445312
2024-11-07,784.650024414062,802.549987792969,778.190002441406,797.450012207031,4557600,787.564819335938
2024-11-08,803.5,847.27001953125,801.260009765625,831.539978027344,7212900,821.232177734375
2024-11-11,831.299987792969,844,824.630004882812,832.440002441406,3342800,822.120971679688
2024-11-12,830.200012207031,833.989990234375,810.719970703125,818.859985351562,3378600,808.709289550781
2024-11-13,820.320007324219,829.109985351562,811.289978027344,811.809997558594,3059300,801.746765136719
2024-11-14,809.190002441406,809.190002441406,783.510009765625,786.22998046875,3998800,776.483764648438
2024-11-15,775.190002441406,777.97998046875,744.200012207031,746.200012207031,7334600,738.170532226562
2024-11-18,733.190002441406,734,711.400024414062,727.200012207031,9148100,719.374938964844
2024-11-19,716.309997558594,730,712.419982910156,729.72998046875,5832500,721.877685546875
2024-11-20,735.789978027344,757.369995117188,735.460021972656,753.409973144531,5158900,745.302978515625
2024-11-21,746.119995117188,753,735,749.919982910156,4143200,741.850463867188
2024-11-22,757.049987792969,761.280029296875,745.080017089844,748.010009765625,4015500,739.961120605469
2024-11-25,750,755,740.010009765625,755,5690500,746.875854492188
2024-11-26,785.200012207031,807,773.950012207031,789.320007324219,6622600,780.826599121094
2024-11-27,788.119995117188,794.830017089844,780.299987792969,788.190002441406,2714700,779.708679199219
2024-11-29,791.330017089844,800.330017089844,789.330017089844,795.349975585938,2206900,786.791687011719
2024-12-02,798.109985351562,805.349975585938,795.219970703125,799.799987792969,2895600,791.193786621094
2024-12-03,802.929992675781,817.130004882812,801.609985351562,813.330017089844,2782100,804.578247070312
2024-12-04,828.099975585938,846.460021972656,820.5,829.840026855469,3871100,820.91064453125
2024-12-05,827.780029296875,831.130004882812,817.460021972656,825.619995117188,2423400,816.735961914062
2024-12-06,827.679992675781,841,825.690002441406,826.710021972656,3047100,817.814331054688
2024-12-09,823.700012207031,823.700012207031,801.280029296875,803.580017089844,3176000,794.933166503906
2024-12-10,809.27001953125,814,797,799.580017089844,2695200,790.976196289062
2024-12-11,795.25,799.5,786.369995117188,796.030029296875,3510900,787.464477539062
2024-12-12,796.72998046875,801.840026855469,778.390014648438,782.349975585938,2823800,773.931579589844
2024-12-13,777.130004882812,794.25,772.989990234375,789.119995117188,3059400,780.628723144531
2024-12-16,792,799.780029296875,775.25,779,3426200,770.61767578125
2024-12-17,777.859985351562,788,772.429992675781,778.619995117188,3924800,770.24169921875
2024-12-18,775,779,762.5,764.710021972656,3354200,756.481384277344
2024-12-19,765.099975585938,772.969970703125,752.400024414062,757.539978027344,4032600,749.388488769531
2024-12-20,811.349975585938,811.349975585938,766.609985351562,767.760009765625,9942300,759.49853515625
2024-12-23,785.169982910156,799.359985351562,773.070007324219,796.280029296875,3622300,787.711730957031
2024-12-24,791.369995117188,797.75,787.099975585938,795.669982910156,1165400,787.108215332031
2024-12-26,794.119995117188,803.909973144531,791.5,794.140014648438,1274200,785.5947265625
2024-12-27,790,793.299987792969,779.219970703125,783.169982910156,2096500,774.742736816406
2024-12-30,777.919982910156,779.760009765625,771,773.840026855469,1719100,765.51318359375
2024-12-31,771,773.909973144531,764.299987792969,772,2327000,763.69287109375
2025-01-02,780.590026855469,787,771.77001953125,778.070007324219,1938900,769.697631835938
2025-01-03,778.169982910156,785.840026855469,775.530029296875,781.97998046875,1799100,773.565551757812
2025-01-06,783.719970703125,784.77001953125,763.349975585938,765.099975585938,3991100,756.867126464844
2025-01-07,764.900024414062,783.960021972656,761.619995117188,773.289978027344,3576100,764.969055175781
2025-01-08,773.830017089844,792.559997558594,770.669982910156,787.219970703125,3478400,778.749206542969
2025-01-10,791.929992675781,800,784.859985351562,799.900024414062,3973100,791.292785644531
2025-01-13,794.400024414062,805.340026855469,783.609985351562,797.47998046875,3683800,788.898803710938
2025-01-14,784.22998046875,784.22998046875,729,744.909973144531,10373000,736.894409179688
2025-01-15,749,754.599975585938,735.27001953125,746.739990234375,5736900,738.704772949219
2025-01-16,747.5,765.510009765625,746.400024414062,757.599975585938,3070300,749.447937011719
2025-01-17,747.830017089844,755.280029296875,725.010009765625,725.719970703125,5560100,717.910888671875
2025-01-21,731.27001953125,743.280029296875,726.530029296875,742.349975585938,5122800,734.361938476562
2025-01-22,745.580017089844,760.369995117188,739.049987792969,753.97998046875,3737800,745.866760253906
2025-01-23,747.659973144531,766.599975585938,744.25,766.599975585938,3127200,758.35107421875
2025-01-24,761.950012207031,789.289978027344,760.489990234375,785.409973144531,4170600,776.958618164062
2025-01-27,778.710021972656,809.25,778.710021972656,808.169982910156,3915200,799.473754882812
2025-01-28,807.239990234375,816.150024414062,800.109985351562,804.989990234375,2808800,796.327880859375
2025-01-29,806.989990234375,809.119995117188,799,804.080017089844,1827600,795.427795410156
2025-01-30,808.409973144531,824.619995117188,805,823.22998046875,2643000,814.371704101562
2025-01-31,823,827.349975585938,811.030029296875,811.080017089844,2561600,802.352478027344
2025-02-03,804.27001953125,817.960021972656,801.75,810.429992675781,2808800,801.709411621094
2025-02-04,811.049987792969,829.039978027344,805.940002441406,826.070007324219,4299700,817.18115234375
2025-02-05,835.150024414062,846.900024414062,831.059997558594,842.179992675781,4578900,833.117797851562
2025-02-06,839.52001953125,887.739990234375,835.609985351562,870.369995117188,7138500,861.00439453125
2025-02-07,876.530029296875,889.359985351562,869.619995117188,878.309997558594,4426100,868.859008789062
2025-02-10,877.72998046875,880,859.369995117188,868.880004882812,3065600,859.530456542969
2025-02-11,867.030029296875,874.190002441406,860.5,865,1944200,855.692321777344
2025-02-12,856.929992675781,877.780029296875,856.109985351562,872.969970703125,2533400,863.576477050781
2025-02-13,877.070007324219,883.5,867.799987792969,871.859985351562,2472900,862.478393554688
2025-02-14,869.099975585938,873.5,841.489990234375,844.27001953125,3222300,836.624633789062
2025-02-18,856.419982910156,862.72998046875,851.359985351562,857.200012207031,4289400,849.437622070312
2025-02-19,857.179992675781,881.330017089844,857.179992675781,867.049987792969,3205500,859.198364257812
2025-02-20,866.840026855469,880.320007324219,864,873.119995117188,2990300,865.213500976562
2025-02-21,880.619995117188,894.400024414062,873.429992675781,873.679992675781,3940400,865.768310546875
2025-02-24,879.289978027344,893.109985351562,870.02001953125,881.400024414062,3017100,873.41845703125
2025-02-25,890.739990234375,912,890.739990234375,901.799987792969,5111300,893.633728027344
2025-02-26,898.369995117188,922.429992675781,896.599975585938,915.010009765625,3032800,906.72412109375
2025-02-27,915.719970703125,925.5,904.059997558594,905.159973144531,3085400,896.963256835938
2025-02-28,901.840026855469,921.219970703125,892.609985351562,920.630004882812,4071100,912.293151855469
2025-03-03,912.799987792969,935.630004882812,910,929.719970703125,3979800,921.30078125
2025-03-04,922.239990234375,929.159973144531,902.789978027344,911.059997558594,3343500,902.809936523438
2025-03-05,904.799987792969,930.489990234375,901.640014648438,929.719970703125,3109500,921.30078125
2025-03-06,920.419982910156,931.380004882812,898.280029296875,912.760009765625,3273100,904.494506835938
2025-03-07,905.390014648438,908,861.390014648438,869.580017089844,4818100,861.705505371094
2025-03-10,853.909973144531,863.190002441406,825.780029296875,829.760009765625,5962900,822.24609375
2025-03-11,827.200012207031,832.349975585938,811.640014648438,824.059997558594,3796500,816.59765625
2025-03-12,814.950012207031,834.650024414062,813.260009765625,821.859985351562,3014800,814.417602539062
2025-03-13,818.239990234375,821.109985351562,795.380004882812,801.650024414062,3566300,794.390625
2025-03-14,803.109985351562,815.210021972656,800,813.47998046875,3102300,806.113525390625
2025-03-17,816.950012207031,829,814.570007324219,824.760009765625,2546600,817.291442871094
2025-03-18,833.419982910156,836.289978027344,812.619995117188,822.510009765625,2354900,815.061706542969
2025-03-19,821.719970703125,842.130004882812,819.5,837.010009765625,3790500,829.430480957031
2025-03-20,839.030029296875,854.390014648438,832.460021972656,842.570007324219,4402700,834.940124511719
2025-03-21,837.799987792969,850.429992675781,825.320007324219,837.570007324219,5963800,829.985290527344
2025-03-24,845.320007324219,866.869995117188,837.760009765625,864.900024414062,3102400,857.067932128906
2025-03-25,869.549987792969,874.919982910156,847.919982910156,852.349975585938,2670600,844.631530761719
2025-03-26,845.690002441406,851.409973144531,826.400024414062,826.760009765625,2562100,819.273193359375
2025-03-27,822.820007324219,826.77001953125,815.289978027344,821.669982910156,2128200,814.229309082031
2025-03-28,820,829.780029296875,817.429992675781,822.510009765625,2124700,815.061706542969
2025-03-31,808.97998046875,828.010009765625,789.400024414062,825.909973144531,3737000,818.430908203125
2025-04-01,818.599975585938,820.659973144531,797,805.22998046875,2987700,797.938171386719
2025-04-02,795.039978027344,819.849975585938,795.039978027344,818.219970703125,2683800,810.810607910156
2025-04-03,810.510009765625,818.789978027344,787.059997558594,789.090026855469,2675100,781.944396972656
2025-04-04,762.109985351562,768.27001953125,734.700012207031,738.210021972656,5299400,731.525146484375
2025-04-07,697.929992675781,748,677.090026855469,723.72998046875,6274400,717.17626953125
2025-04-08,754.97998046875,763.5,713.280029296875,726.239990234375,4115200,719.663513183594
2025-04-09,704.400024414062,754.830017089844,689,753.710021972656,6619000,746.884765625
2025-04-10,738.900024414062,741.950012207031,691.77001953125,720.909973144531,4182700,714.381713867188
2025-04-11,722.890014648438,735.840026855469,711.97998046875,732.409973144531,3603400,725.777709960938
2025-04-14,750.450012207031,759.559997558594,734.52001953125,754.349975585938,3461200,747.518920898438
2025-04-15,755.570007324219,765.309997558594,751.489990234375,757.179992675781,2458100,750.323303222656
2025-04-16,755.640014648438,756.299987792969,730.340026855469,734.900024414062,3302600,728.2451171875
2025-04-17,840.799987792969,858,821.840026855469,839.960021972656,10853400,832.353698730469
2025-04-21,841.510009765625,843.909973144531,807,818.02001953125,3326600,810.6123046875
2025-04-22,821.880004882812,832,814,827.539978027344,3086500,820.046081542969
2025-04-23,836.960021972656,846.010009765625,818.640014648438,829.419982910156,2714600,821.909118652344
2025-04-24,836,862.25,829.210021972656,859.72998046875,2939500,851.944702148438
2025-04-25,859.659973144531,885.580017089844,851.070007324219,884.539978027344,3398900,876.530029296875
2025-04-28,870.440002441406,882.25,864.409973144531,877.289978027344,3457600,869.345642089844
2025-04-29,877.700012207031,892.469970703125,874.030029296875,885.200012207031,2454400,877.18408203125
2025-04-30,888.200012207031,902.5,882.119995117188,898.950012207031,4374100,890.8095703125
2025-05-01,844,850.929992675781,792.070007324219,794.099975585938,12601100,786.909057617188
2025-05-02,825.119995117188,831.530029296875,807.590026855469,823.619995117188,6059400,816.161682128906
2025-05-05,817,829.640014648438,812.030029296875,821.460021972656,2889600,814.021301269531
2025-05-06,816.890014648438,818.419982910156,770.349975585938,775.119995117188,5982000,768.100830078125
2025-05-07,780.5,784.340026855469,772.260009765625,776.719970703125,3807800,769.686279296875
2025-05-08,765,769.97998046875,739.080017089844,751.450012207031,6162000,744.645324707031
2025-05-09,752.010009765625,762.010009765625,733,734.570007324219,4072600,727.918090820312
2025-05-12,727.869995117188,765.330017089844,722.179992675781,755.570007324219,9176100,748.727966308594
2025-05-13,755.549987792969,759.5,740.849975585938,746.059997558594,4523900,739.303955078125
2025-05-14,749.239990234375,759.5,714.030029296875,715.559997558594,7558500,709.080139160156
2025-05-15,725.700012207031,738.679992675781,712.210021972656,733.289978027344,5212900,726.649658203125
2025-05-16,740,758.869995117188,738,757.390014648438,4645100,752.06982421875
2025-05-19,753,758.719970703125,747.559997558594,755.109985351562,4062700,749.805847167969
2025-05-20,756,763.5,743,747.010009765625,3873500,741.762817382812
2025-05-21,747.049987792969,750.52001953125,723.969970703125,724.950012207031,4060000,719.857727050781
2025-05-22,717.099975585938,722.190002441406,711.549987792969,715.200012207031,4249900,710.176208496094
2025-05-23,710,719.640014648438,709,713.710021972656,2635700,708.696655273438
2025-05-27,717.030029296875,731.309997558594,714.330017089844,725.219970703125,3792700,720.125793457031
2025-05-28,725.219970703125,729.989990234375,714.739990234375,719.390014648438,2948800,714.336791992188
2025-05-29,719.22998046875,727.330017089844,716.960021972656,722.570007324219,2785500,717.494445800781
2025-05-30,725,745.900024414062,717.109985351562,737.669982910156,6106200,732.488342285156
2025-06-02,732.5,747.369995117188,730.700012207031,747.119995117188,2946900,741.872009277344
2025-06-03,746.25,757,741.460021972656,750.780029296875,3056500,745.50634765625
2025-06-04,756.390014648438,772.619995117188,756,765.840026855469,3135900,760.460571289062
2025-06-05,769.5,770,753.049987792969,765.679992675781,3636400,760.301635742188
2025-06-06,768.47998046875,772.599975585938,765.200012207031,769.880004882812,2069900,764.47216796875
2025-06-09,771.950012207031,779.289978027344,767.590026855469,773.710021972656,2262200,768.275207519531
2025-06-10,777.090026855469,808.630004882812,777,807.190002441406,4744400,801.52001953125
2025-06-11,809.650024414062,820.719970703125,805.030029296875,808.609985351562,3125400,802.929992675781
2025-06-12,810.330017089844,818.559997558594,806.349975585938,812.030029296875,2271100,806.326049804688
2025-06-13,810.340026855469,825,808.099975585938,819.359985351562,2754600,813.604553222656
2025-06-16,821.679992675781,825,805.760009765625,807.580017089844,2821800,801.907287597656
2025-06-17,805.159973144531,805.159973144531,788.940002441406,791.239990234375,2875600,785.682006835938
2025-06-18,789.950012207031,790.630004882812,779.440002441406,785.030029296875,2442900,779.515747070312
2025-06-20,786,786,755.559997558594,762.72998046875,6210600,757.372253417969
2025-06-23,770.530029296875,793.210021972656,763.830017089844,770.640014648438,3951500,765.226745605469
2025-06-24,772.890014648438,784.440002441406,763.02001953125,778.080017089844,2788500,772.614562988281
2025-06-25,779,798.950012207031,773.599975585938,792.299987792969,3023100,786.734680175781
2025-06-26,793.950012207031,798.799987792969,788.25,795.119995117188,3118200,789.534790039062
2025-06-27,795.799987792969,802.5,774.640014648438,775.450012207031,4115100,770.002990722656
2025-06-30,778.539978027344,785,774,779.530029296875,3041500,774.054382324219
2025-07-01,779.530029296875,790,773,775.900024414062,2734000,770.449829101562
2025-07-02,776.5,779.840026855469,768,779.280029296875,1978300,773.806091308594
2025-07-03,780.460021972656,783.549987792969,773,780.669982910156,1450800,775.186279296875
2025-07-07,780.679992675781,781.150024414062,762.030029296875,772.869995117188,2576900,767.441101074219
2025-07-08,774.849975585938,792.690002441406,768.799987792969,777.659973144531,3301800,772.197509765625
2025-07-09,783.799987792969,794,781.989990234375,786.919982910156,2703100,781.392333984375
2025-07-10,789.669982910156,799.489990234375,786.429992675781,790.650024414062,3130400,785.096252441406
2025-07-11,786.349975585938,795.72998046875,777.200012207031,793.010009765625,2852500,787.439697265625
2025-07-14,790,800.880004882812,787.359985351562,799.340026855469,2401400,793.725219726562
2025-07-15,801.669982910156,805.419982910156,764.380004882812,771.75,4174100,766.328979492188
2025-07-16,773.5,796.039978027344,772.159973144531,789.799987792969,3255400,784.252197265625
2025-07-17,786.789978027344,790,760.02001953125,761.5,4107300,756.151000976562
2025-07-18,763.859985351562,775.960021972656,760.5,771.710021972656,3357700,766.289306640625
2025-07-21,768.169982910156,772,760.5,762.179992675781,3058000,756.826232910156
2025-07-22,763.340026855469,778.289978027344,762.5,776.440002441406,2496600,770.986022949219
2025-07-23,780,800.090026855469,777.080017089844,798.890014648438,2683600,793.2783203125
2025-07-24,801.359985351562,810.140014648438,797.650024414062,805.429992675781,2786400,799.772399902344
2025-07-25,809,815.190002441406,802.369995117188,812.690002441406,2976900,806.981384277344
2025-07-28,812.650024414062,820.219970703125,802.5,808.109985351562,2587700,802.433532714844
2025-07-29,774.5,779.489990234375,755.179992675781,762.950012207031,7100700,757.590759277344
2025-07-30,774,778.099975585938,758.409973144531,760.080017089844,4338700,754.741027832031
2025-07-31,747.299987792969,766.450012207031,735.440002441406,740.070007324219,5810300,734.871520996094
2025-08-01,746.820007324219,768,745.989990234375,762.330017089844,4859500,756.97509765625
2025-08-04,759.969970703125,774.47998046875,752.570007324219,769,3353400,763.598388671875
2025-08-05,765.570007324219,769.940002441406,759.52001953125,765.950012207031,3615200,760.569702148438
2025-08-06,756.559997558594,763,740.190002441406,746.369995117188,4752100,741.127258300781
2025-08-07,675.659973144531,678.289978027344,633.200012207031,640.859985351562,26101600,636.358337402344
2025-08-08,655,656.179992675781,623.780029296875,625.650024414062,14125100,621.255310058594
2025-08-11,629.419982910156,654.440002441406,625.900024414062,635.219970703125,11294200,630.757934570312
2025-08-12,639.5,646.179992675781,629.400024414062,639.429992675781,6897400,634.938415527344
2025-08-13,650.400024414062,661.75,644.5,660.489990234375,6310000,655.850524902344
2025-08-14,662,685.47998046875,655.099975585938,684.429992675781,8395900,679.622314453125
2025-08-15,694.200012207031,706.789978027344,685.799987792969,701.22998046875,8224600,697.833679199219
2025-08-18,695.02001953125,707.75,693.5,698.049987792969,4997300,694.669067382812
2025-08-19,706.609985351562,714.27001953125,698.549987792969,703.210021972656,5941000,699.804138183594
2025-08-20,701.52001953125,705.799987792969,685.150024414062,705.440002441406,4139400,702.023315429688
2025-08-21,705.200012207031,718.400024414062,705.200012207031,709.820007324219,3617300,706.382080078125
2025-08-22,715.039978027344,719.460021972656,709.429992675781,711.679992675781,3222700,708.233093261719
2025-08-25,711,713.5,694.22998046875,695.330017089844,2898100,691.962280273438
2025-08-26,716.239990234375,736.179992675781,713.099975585938,736.030029296875,7695600,732.465209960938
2025-08-27,736.960021972656,746.590026855469,731.549987792969,734.169982910156,4326200,730.614135742188
2025-08-28,735.799987792969,738.590026855469,726.340026855469,731.960021972656,3117000,728.414855957031
2025-08-29,732.320007324219,737.419982910156,728.5,732.580017089844,2551200,729.031860351562
2025-09-02,727.989990234375,737.140014648438,723.640014648438,735.190002441406,3222500,731.629272460938
2025-09-03,732.02001953125,737.830017089844,729.02001953125,737.830017089844,2222500,734.256469726562
2025-09-04,736.320007324219,747,735.330017089844,742.909973144531,2423400,739.311828613281
2025-09-05,744.700012207031,744.700012207031,722.570007324219,727.210021972656,3958200,723.687866210938
2025-09-08,729.710021972656,742.700012207031,719.219970703125,738.640014648438,4534600,735.0625
2025-09-09,734.179992675781,752.840026855469,733.869995117188,750.609985351562,2986900,746.974548339844
2025-09-10,748.090026855469,755.799987792969,742.489990234375,754.619995117188,2477400,750.965087890625
2025-09-11,752.47998046875,761.130004882812,750.369995117188,756.280029296875,2197500,752.617126464844
2025-09-12,760.169982910156,761.599975585938,748,755.390014648438,2198300,751.731384277344
2025-09-15,753.070007324219,756.340026855469,742.109985351562,748.190002441406,2790900,744.566345214844
2025-09-16,745.409973144531,770.380004882812,744.539978027344,764.710021972656,3881300,761.006225585938
2025-09-17,761.489990234375,776.960021972656,756.340026855469,760.130004882812,3471200,756.448425292969
2025-09-18,761.380004882812,772.539978027344,759.010009765625,762.929992675781,3464000,759.23486328125
2025-09-19,765,765,749.200012207031,751.989990234375,7349500,748.347900390625
2025-09-22,748.559997558594,762.039978027344,746.27001953125,754.950012207031,2527400,751.293518066406
2025-09-23,750.570007324219,753,743.169982910156,746.97998046875,2910100,743.362121582031
2025-09-24,745.989990234375,746.940002441406,736.159973144531,741.849975585938,2243000,738.256896972656
2025-09-25,737.669982910156,740,712.049987792969,714.590026855469,5136400,711.129028320312
2025-09-26,724.119995117188,729,717.080017089844,724.539978027344,3559700,721.03076171875
2025-09-29,725.549987792969,727.859985351562,716.080017089844,726.510009765625,3309200,722.991333007812
2025-09-30,726.960021972656,766.349975585938,725.309997558594,763,6234300,759.304565429688
2025-10-01,763.299987792969,833.299987792969,763.299987792969,825.419982910156,10124500,821.422180175781
2025-10-02,814.359985351562,834.460021972656,812.809997558594,819.849975585938,4291800,815.879211425781
2025-10-03,824.940002441406,848.130004882812,816.099975585938,839.869995117188,5088500,835.802185058594
2025-10-06,839.950012207031,856.570007324219,838.659973144531,845.049987792969,3651400,840.957092285156
2025-10-07,845,848.539978027344,836.580017089844,843.630004882812,2610800,839.544006347656
2025-10-08,850,856,844.989990234375,845.719970703125,2180900,841.623901367188
2025-10-09,851.690002441406,860.25,845.700012207031,855.349975585938,3071700,851.207214355469
2025-10-10,858,864.349975585938,830.109985351562,833.489990234375,3431000,829.453125
2025-10-13,832.679992675781,835.320007324219,817.349975585938,819.400024414062,2167500,815.431396484375
2025-10-14,822.090026855469,822.090026855469,806,812.349975585938,1928400,808.415466308594
2025-10-15,812.5,830.190002441406,808.580017089844,826.570007324219,2355800,822.566711425781
2025-10-16,825.070007324219,834.700012207031,815.369995117188,819.380004882812,2272900,815.411499023438
2025-10-17,788.960021972656,804.440002441406,783.849975585938,802.830017089844,3983000,798.941650390625
2025-10-20,805.599975585938,809.409973144531,799.77001953125,808.960021972656,2279700,805.041931152344
2025-10-21,806.929992675781,812.989990234375,798.710021972656,799.570007324219,2099500,795.697387695312
2025-10-22,798.400024414062,815.940002441406,793.820007324219,812.429992675781,2930600,808.4951171875
2025-10-23,806.400024414062,824.700012207031,806.02001953125,821.039978027344,2632900,817.063354492188
2025-10-24,815.210021972656,834.150024414062,812.5,825.450012207031,2211200,821.452087402344
2025-10-27,825,826.419982910156,811.47998046875,826.409973144531,2114800,822.407409667969
2025-10-28,826,829.460021972656,814.049987792969,820.099975585938,2493500,816.127990722656
2025-10-29,827.309997558594,830.289978027344,809.630004882812,813.530029296875,3591200,809.58984375
2025-10-30,837.5,853,812.25,844.5,6037200,840.409790039062
2025-10-31,839.159973144531,869.909973144531,834.190002441406,862.859985351562,5015000,858.680908203125
2025-11-03,866.530029296875,901.340026855469,862.619995117188,896.530029296875,5401500,892.187805175781
2025-11-04,891.409973144531,915.219970703125,883.640014648438,906.859985351562,5911500,902.467712402344
2025-11-05,911,955.460021972656,907.859985351562,925.809997558594,7272900,921.325988769531
2025-11-06,928,949.900024414062,916.260009765625,937.440002441406,6417400,932.899658203125
2025-11-07,931.169982910156,932,900.900024414062,924.369995117188,4373400,919.892944335938
2025-11-10,939.739990234375,981.989990234375,938.409973144531,966.640014648438,5696600,961.958251953125
2025-11-11,966.549987792969,999.950012207031,965.289978027344,988.619995117188,4166400,983.831726074219
2025-11-12,993.119995117188,1022.41998291016,990.099975585938,1017.78002929688,5185200,1012.8505859375
2025-11-13,1010.09002685547,1032.94995117188,1010.09002685547,1022.86999511719,4153600,1017.91589355469
2025-11-14,1009,1033.61999511719,1007.78997802734,1025.28002929688,3862300,1021.81268310547
2025-11-17,1003.71997070312,1032.14001464844,998.299987792969,1021.70001220703,4720000,1018.24481201172
2025-11-18,1014.01000976562,1040.71997070312,1014.01000976562,1030.05004882812,3430500,1026.56652832031
2025-11-19,1029.64001464844,1055.58996582031,1026.25,1049.59997558594,3571200,1046.05041503906
2025-11-20,1045.5,1057,1038.25,1043.2900390625,3135700,1039.76184082031
2025-11-21,1041,1066.65002441406,1038,1059.69995117188,4266700,1056.1162109375
2025-11-24,1056.77001953125,1075.71997070312,1049.38000488281,1070.16003417969,5497200,1066.541015625
2025-11-25,1075.82995605469,1111.10998535156,1073.25,1109.93994140625,4181500,1106.18627929688
2025-11-26,1102,1111.98999023438,1098.09997558594,1104.33996582031,3093700,1100.60534667969
2025-11-28,1096.71997070312,1099.05004882812,1067.68994140625,1075.46997070312,2732200,1071.83288574219
2025-12-01,1074.38000488281,1084.15002441406,1055,1057.89001464844,3070200,1054.31237792969
2025-12-02,1052.56994628906,1068.18005371094,1040.35998535156,1046.11999511719,3280000,1042.58215332031
2025-12-03,1046.39001464844,1051.47998046875,1022.32000732422,1033.56005859375,3447000,1030.06469726562
2025-12-04,1032.63000488281,1032.63000488281,1007.17999267578,1014.48999023438,3854900,1011.05914306641
2025-12-05,1023.84002685547,1027.39001464844,1004,1010.30999755859,2502100,1006.89324951172
2025-12-08,1010.73999023438,1014.20001220703,988.880004882812,997.590026855469,3088600,994.216369628906
2025-12-09,1002.84002685547,1012,979.179992675781,982.219970703125,2569700,978.898254394531
2025-12-10,985,1003,977.119995117188,993.640014648438,2966300,990.279663085938
2025-12-11,1008.15002441406,1031.56005859375,987,1009.38000488281,4517000,1005.96643066406
2025-12-12,1008.76000976562,1028.90002441406,1003.5,1027.51000976562,3275200,1024.03515625
2025-12-15,1032.55004882812,1065,1032.55004882812,1062.18994140625,4648400,1058.59777832031
2025-12-16,1063.5,1068.25,1036.22998046875,1054.2900390625,4024500,1050.724609375
2025-12-17,1064.30004882812,1064.30004882812,1036.41003417969,1041.7900390625,3726600,1038.26684570312
2025-12-18,1041.80004882812,1079.26000976562,1039.5400390625,1056.88000488281,3848600,1053.30578613281
2025-12-19,1059.01000976562,1075.38000488281,1059.01000976562,1071.43994140625,5829100,1067.81652832031
2025-12-22,1076.71997070312,1083.47998046875,1063,1076.47998046875,2625600,1072.83947753906
2025-12-23,1063.5,1088.47998046875,1063.5,1071.64001464844,2108600,1068.01586914062
2025-12-24,1074.64001464844,1085.72998046875,1072.7099609375,1076.97998046875,932800,1073.337890625
2025-12-26,1076.97998046875,1081.39001464844,1068.30004882812,1077.75,1014600,1074.10522460938
2025-12-29,1077.94995117188,1085.5,1074.38000488281,1078.72998046875,1653000,1075.08190917969
2025-12-30,1078.9599609375,1082.36999511719,1072.06994628906,1079.75,1251500,1076.09851074219
