"Date","META.Open","META.High","META.Low","META.Close","META.Volume","META.Adjusted"
2021-01-04,274.779998779297,275,265.200012207031,268.940002441406,15106100,266.845977783203
2021-01-05,268.290008544922,272.399993896484,268.209991455078,270.970001220703,9871600,268.860168457031
2021-01-06,262,267.75,260.010009765625,263.309997558594,24354100,261.259735107422
2021-01-07,265.899993896484,271.609985351562,264.779998779297,268.739990234375,15789800,266.647491455078
2021-01-08,268.309997558594,268.950012207031,263.179992675781,267.570007324219,18528300,265.486572265625
2021-01-11,260.480010986328,263.470001220703,255.899993896484,256.839996337891,30412300,254.840133666992
2021-01-12,256.630004882812,259.720001220703,250.300003051758,251.089996337891,26383500,249.134918212891
2021-01-13,251.550003051758,253.949996948242,249.199996948242,251.639999389648,19528900,249.6806640625
2021-01-14,253.399993896484,255.029998779297,244.610000610352,245.639999389648,29739400,243.72737121582
2021-01-15,247.899993896484,253.860000610352,247.160003662109,251.360000610352,24942900,249.402801513672
2021-01-19,256.899993896484,262.200012207031,252.720001220703,261.100006103516,28028500,259.066955566406
2021-01-20,268.929992675781,270.320007324219,263.600006103516,267.480010986328,25199900,265.397308349609
2021-01-21,269.260009765625,273.600006103516,267.489990234375,272.869995117188,20838700,270.745300292969
2021-01-22,272.010009765625,278.470001220703,272,274.5,21954000,272.362640380859
2021-01-25,278.140014648438,280.100006103516,271.510009765625,278.010009765625,19087000,275.845336914062
2021-01-26,278.140014648438,285.390014648438,277.809997558594,282.049987792969,19373600,279.853851318359
2021-01-27,282.529998779297,283.450012207031,268.119995117188,272.140014648438,35346200,270.021026611328
2021-01-28,277.179992675781,286.790008544922,264.700012207031,265,37758800,262.936614990234
2021-01-29,265.299987792969,266.559997558594,254.850006103516,258.329986572266,30389500,256.318572998047
2021-02-01,259.519989013672,264.170013427734,254.910003662109,262.010009765625,22914300,259.969879150391
2021-02-02,264,268.850006103516,263.269989013672,267.079986572266,17320800,265.000396728516
2021-02-03,265.619995117188,269.200012207031,263.839996337891,266.649993896484,14223400,264.57373046875
2021-02-04,267.010009765625,268.160003662109,264,266.489990234375,16060000,264.4150390625
2021-02-05,266.799987792969,269.170013427734,265.670013427734,268.100006103516,12454400,266.012481689453
2021-02-08,268.75,269.859985351562,265,266.579986572266,13755200,264.504302978516
2021-02-09,266.440002441406,273.390014648438,265.75,269.450012207031,14613400,267.351959228516
2021-02-10,272.450012207031,273.799987792969,267.720001220703,271.869995117188,14687200,269.753112792969
2021-02-11,271.890014648438,273.579986572266,268.489990234375,270.390014648438,12828600,268.28466796875
2021-02-12,270.519989013672,271.179992675781,268.339996337891,270.5,9097600,268.393768310547
2021-02-16,270.799987792969,276.600006103516,270.049987792969,273.970001220703,15417200,271.836700439453
2021-02-17,271.239990234375,273.970001220703,269.579986572266,273.570007324219,12763200,271.439910888672
2021-02-18,269.570007324219,271.950012207031,266.029998779297,269.390014648438,15249100,267.29248046875
2021-02-19,269.859985351562,270.269989013672,260.149993896484,261.559997558594,25622600,259.523376464844
2021-02-22,257.950012207031,263.070007324219,257.529998779297,260.329986572266,17434900,258.303009033203
2021-02-23,259.5,267.459991455078,254.960006713867,265.859985351562,21924600,263.789886474609
2021-02-24,262.329986572266,266.380004882812,258.390014648438,264.309997558594,15736100,262.251953125
2021-02-25,262.299987792969,266.940002441406,254.039993286133,254.690002441406,19053100,252.706878662109
2021-02-26,256.470001220703,265.549987792969,256.470001220703,257.619995117188,26619500,255.614059448242
2021-03-01,260.820007324219,266.649993896484,257.899993896484,264.910003662109,22157300,262.847290039062
2021-03-02,265.779998779297,266.709991455078,258.649993896484,259,15191700,256.983337402344
2021-03-03,260.290008544922,260.989990234375,255.100006103516,255.410003662109,15513500,253.421279907227
2021-03-04,256.470001220703,266.489990234375,253.5,257.640014648438,31626500,255.63395690918
2021-03-05,260.670013427734,265.450012207031,255.610000610352,264.279998779297,26820100,262.222198486328
2021-03-08,265.549987792969,265.579986572266,255.050003051758,255.309997558594,18391800,253.322036743164
2021-03-09,261.179992675781,268.529998779297,259.809997558594,265.739990234375,22039700,263.670867919922
2021-03-10,268.640014648438,268.970001220703,262.869995117188,264.899993896484,14210300,262.83740234375
2021-03-11,268.109985351562,277.899993896484,267.820007324219,273.880004882812,21834000,271.747497558594
2021-03-12,269.140014648438,269.739990234375,264.019989013672,268.399993896484,20600200,266.310089111328
2021-03-15,269.079986572266,275.959991455078,268.5,273.75,16844800,271.618499755859
2021-03-16,276.079986572266,282.140014648438,274.799987792969,279.279998779297,22437700,277.105438232422
2021-03-17,275.709991455078,286.230010986328,275.410003662109,284.010009765625,21315000,281.798614501953
2021-03-18,279.869995117188,285.190002441406,278.279998779297,278.619995117188,18728300,276.450561523438
2021-03-19,281.220001220703,292.799987792969,281.200012207031,290.109985351562,38930500,287.851013183594
2021-03-22,290.450012207031,299.709991455078,286.75,293.540008544922,28273100,291.25439453125
2021-03-23,293.149993896484,298,289.809997558594,290.630004882812,23000900,288.367004394531
2021-03-24,291,291.720001220703,281.160003662109,282.140014648438,18675000,279.943206787109
2021-03-25,280.980010986328,288.059997558594,277.75,278.739990234375,24505600,276.569580078125
2021-03-26,278.299987792969,284.5,277.769989013672,283.019989013672,17629200,280.816284179688
2021-03-29,285.769989013672,293.179992675781,284.700012207031,290.820007324219,21718800,288.555541992188
2021-03-30,289.829986572266,292.470001220703,286.700012207031,288,17474500,285.757507324219
2021-03-31,289.989990234375,296.5,288.609985351562,294.529998779297,19498200,292.236663818359
2021-04-01,298.399993896484,302.399993896484,296.600006103516,298.660003662109,17616000,296.334503173828
2021-04-05,300.890014648438,310.769989013672,300.679992675781,308.910003662109,28237000,306.504730224609
2021-04-06,308.839996337891,311.350006103516,305.25,306.260009765625,17335200,303.875335693359
2021-04-07,306.339996337891,314.25,305.5,313.089996337891,22855200,310.652160644531
2021-04-08,314.850006103516,315.880004882812,310.049987792969,313.019989013672,20894100,310.582733154297
2021-04-09,311.399993896484,314.739990234375,310.329986572266,312.459991455078,15988600,310.027069091797
2021-04-12,311.049987792969,312.149993896484,307.929992675781,311.540008544922,10881900,309.114227294922
2021-04-13,312.209991455078,314.429992675781,309.320007324219,309.760009765625,14036900,307.348083496094
2021-04-14,307.299987792969,308.029998779297,301.950012207031,302.820007324219,17421400,300.462097167969
2021-04-15,306.339996337891,310.140014648438,304.100006103516,307.820007324219,14558300,305.423187255859
2021-04-16,308.170013427734,308.950012207031,304.609985351562,306.179992675781,13059200,303.795989990234
2021-04-19,305.010009765625,307.700012207031,300.559997558594,302.239990234375,14553500,299.886657714844
2021-04-20,301.989990234375,305.100006103516,297.209991455078,302.649993896484,16796400,300.29345703125
2021-04-21,301.950012207031,301.980010986328,297.390014648438,301.470001220703,14863500,299.122650146484
2021-04-22,301.329986572266,302.920013427734,296.040008544922,296.519989013672,16375400,294.211151123047
2021-04-23,298.760009765625,302.589996337891,297.149993896484,301.130004882812,17536800,298.785278320312
2021-04-26,303.339996337891,305.799987792969,301.559997558594,303.040008544922,16172600,300.680419921875
2021-04-27,304.279998779297,305.339996337891,301.109985351562,303.570007324219,15309300,301.206298828125
2021-04-28,307.359985351562,310.920013427734,305.369995117188,307.100006103516,33907200,304.708831787109
2021-04-29,330.119995117188,331.809997558594,321.609985351562,329.510009765625,56526800,326.9443359375
2021-04-30,326.140014648438,329.820007324219,324.5,325.079986572266,26332400,322.548797607422
2021-05-03,326.170013427734,328.549987792969,321.839996337891,322.579986572266,18719500,320.068237304688
2021-05-04,320.019989013672,322.190002441406,313.119995117188,318.359985351562,24032600,315.881103515625
2021-05-05,318.190002441406,321.059997558594,314.489990234375,315.019989013672,15577600,312.567169189453
2021-05-06,314.519989013672,320.239990234375,313.269989013672,320.019989013672,19012200,317.528167724609
2021-05-07,322.380004882812,322.940002441406,318.75,319.079986572266,15916700,316.595520019531
2021-05-10,314.350006103516,314.579986572266,304.829986572266,305.970001220703,24239200,303.587585449219
2021-05-11,300.75,306.839996337891,299.690002441406,306.529998779297,18920100,304.143218994141
2021-05-12,301.130004882812,304.959991455078,298.190002441406,302.549987792969,24645500,300.194213867188
2021-05-13,306.079986572266,308.859985351562,302.769989013672,305.260009765625,18079200,302.883087158203
2021-05-14,309.540008544922,316.850006103516,309.079986572266,315.940002441406,19245700,313.47998046875
2021-05-17,313.549987792969,315.679992675781,311.579986572266,315.459991455078,15401300,313.003692626953
2021-05-18,315.589996337891,316.5,309.809997558594,309.959991455078,14522400,307.546539306641
2021-05-19,304.190002441406,314.660003662109,303.570007324219,313.589996337891,19106200,311.148284912109
2021-05-20,313.579986572266,319.25,313.160003662109,318.609985351562,17320200,316.129150390625
2021-05-21,319.290008544922,319.929992675781,315.809997558594,316.230010986328,13600900,313.767761230469
2021-05-24,318.209991455078,325.950012207031,318.029998779297,324.630004882812,16445400,322.102325439453
2021-05-25,327.079986572266,329.179992675781,324.799987792969,327.790008544922,16437000,325.237762451172
2021-05-26,328.350006103516,329.829986572266,325.820007324219,327.660003662109,9686900,325.108734130859
2021-05-27,328,333.779998779297,326.760009765625,332.75,20477700,330.159118652344
2021-05-28,331,332.869995117188,328.329986572266,328.730010986328,12037400,326.17041015625
2021-06-01,330.149993896484,331.420013427734,326.640014648438,329.130004882812,11765900,326.567321777344
2021-06-02,330.380004882812,331.869995117188,327.119995117188,329.149993896484,11654300,326.587066650391
2021-06-03,325.779998779297,327.380004882812,323.480010986328,326.040008544922,12610800,323.501342773438
2021-06-04,325.899993896484,332.459991455078,325.179992675781,330.350006103516,13289400,327.777740478516
2021-06-07,329.480010986328,337.690002441406,328.929992675781,336.579986572266,20136700,333.959289550781
2021-06-08,336.700012207031,338.299987792969,332.239990234375,333.679992675781,14580500,331.081848144531
2021-06-09,335.739990234375,336.799987792969,330,330.25,13727900,327.678527832031
2021-06-10,330.790008544922,333.940002441406,328.549987792969,332.459991455078,13240200,329.871337890625
2021-06-11,332.579986572266,332.829986572266,328.929992675781,331.260009765625,13587900,328.6806640625
2021-06-14,331.899993896484,336.820007324219,329.809997558594,336.769989013672,12250800,334.147827148438
2021-06-15,336.989990234375,339.920013427734,335.029998779297,336.75,15795200,334.127899169922
2021-06-16,336.700012207031,337.549987792969,328.720001220703,331.079986572266,17232200,328.502105712891
2021-06-17,330.489990234375,337.980010986328,330.149993896484,336.510009765625,17794100,333.889831542969
2021-06-18,334.529998779297,336.149993896484,329,329.660003662109,23039500,327.093170166016
2021-06-21,331.089996337891,332.920013427734,327.649993896484,332.290008544922,11337500,329.702667236328
2021-06-22,332.690002441406,339.920013427734,332.600006103516,339.029998779297,15345300,336.390167236328
2021-06-23,339.350006103516,343.420013427734,338.200012207031,340.589996337891,14817800,337.938079833984
2021-06-24,341.850006103516,344.899993896484,341.790008544922,343.179992675781,12329100,340.507873535156
2021-06-25,342.589996337891,344.119995117188,339.679992675781,341.369995117188,14594400,338.711975097656
2021-06-28,342.459991455078,358.140014648438,341.769989013672,355.640014648438,29156100,352.870849609375
2021-06-29,356.269989013672,356.739990234375,349.049987792969,351.890014648438,21417300,349.150054931641
2021-06-30,352.170013427734,352.920013427734,347.170013427734,347.709991455078,15107500,345.002593994141
2021-07-01,346.820007324219,354.670013427734,346.5,354.390014648438,17137000,351.630645751953
2021-07-02,355.100006103516,356.440002441406,352.619995117188,354.700012207031,11521300,351.938140869141
2021-07-06,356.5,358.790008544922,349.179992675781,352.779998779297,13488500,350.033142089844
2021-07-07,355.260009765625,356.489990234375,350,350.489990234375,14218900,347.760955810547
2021-07-08,345.730010986328,348.329986572266,342.559997558594,345.649993896484,14406500,342.958587646484
2021-07-09,345.320007324219,350.709991455078,345.269989013672,350.420013427734,13018700,347.691467285156
2021-07-12,351.230010986328,354.190002441406,349.640014648438,353.160003662109,10018600,350.41015625
2021-07-13,351.5,358.489990234375,348.799987792969,352.089996337891,11456000,349.348480224609
2021-07-14,354.559997558594,355.200012207031,346.730010986328,347.630004882812,13894200,344.923248291016
2021-07-15,349.230010986328,349.230010986328,340.220001220703,344.459991455078,14781600,341.777862548828
2021-07-16,344.910003662109,345.989990234375,340.140014648438,341.160003662109,11026100,338.503601074219
2021-07-19,337.570007324219,339.790008544922,334.540008544922,336.950012207031,14372300,334.326385498047
2021-07-20,338.799987792969,343.450012207031,334.5,341.660003662109,11024300,338.999725341797
2021-07-21,341.5,346.519989013672,341.25,346.230010986328,9279700,343.534149169922
2021-07-22,346.679992675781,351.540008544922,345.209991455078,351.190002441406,12385400,348.455535888672
2021-07-23,360.910003662109,375.329986572266,357.190002441406,369.790008544922,33694300,366.910675048828
2021-07-26,369.579986572266,374.440002441406,368.220001220703,372.459991455078,14925200,369.559875488281
2021-07-27,371.910003662109,373.149993896484,364.549987792969,367.809997558594,15705400,364.946075439453
2021-07-28,374.559997558594,377.549987792969,366.929992675781,373.279998779297,29676900,370.373504638672
2021-07-29,361,365.519989013672,356.739990234375,358.320007324219,33413200,355.530029296875
2021-07-30,354,360.730010986328,352.940002441406,356.299987792969,15976200,353.525726318359
2021-08-02,358.100006103516,359.399993896484,350.739990234375,351.950012207031,13180400,349.209594726562
2021-08-03,352.730010986328,353.769989013672,347.700012207031,351.239990234375,12406100,348.505096435547
2021-08-04,352.420013427734,360.480010986328,351.510009765625,358.920013427734,14180600,356.125335693359
2021-08-05,359.640014648438,363.899993896484,356.899993896484,362.970001220703,10247200,360.143798828125
2021-08-06,361.399993896484,365.149993896484,361.399993896484,363.510009765625,8925000,360.679595947266
2021-08-09,363.760009765625,365.779998779297,360.75,361.609985351562,7798900,358.794372558594
2021-08-10,361.829986572266,364.100006103516,359.040008544922,361.130004882812,7469900,358.318115234375
2021-08-11,362.100006103516,362.359985351562,357.809997558594,359.959991455078,8400300,357.157196044922
2021-08-12,358.450012207031,363,357.109985351562,362.649993896484,7170700,359.826293945312
2021-08-13,362.970001220703,364.660003662109,361.480010986328,363.179992675781,7195700,360.352111816406
2021-08-16,362.519989013672,366.950012207031,357.380004882812,366.559997558594,11222100,363.705810546875
2021-08-17,362.980010986328,364.670013427734,355.070007324219,358.450012207031,12328700,355.658966064453
2021-08-18,356.25,359.859985351562,355.149993896484,355.450012207031,10042400,352.682342529297
2021-08-19,351.350006103516,357.570007324219,351,355.119995117188,12004500,352.354888916016
2021-08-20,354.600006103516,359.989990234375,353.309997558594,359.369995117188,8697700,356.571807861328
2021-08-23,359.440002441406,365.690002441406,359.100006103516,363.350006103516,10942000,360.520812988281
2021-08-24,363.660003662109,367.959991455078,361.839996337891,365.510009765625,9235100,362.6640625
2021-08-25,365.600006103516,370.859985351562,365.399993896484,368.390014648438,9684500,365.521545410156
2021-08-26,368.380004882812,369.440002441406,364.130004882812,364.380004882812,7888700,361.542785644531
2021-08-27,365.100006103516,373.739990234375,364.079986572266,372.630004882812,11219100,369.728607177734
2021-08-30,372.559997558594,381.489990234375,370.519989013672,380.660003662109,13547300,377.696014404297
2021-08-31,379.950012207031,382.760009765625,378.799987792969,379.380004882812,12345400,376.426025390625
2021-09-01,379.589996337891,384.329986572266,378.809997558594,382.049987792969,11567200,379.075164794922
2021-09-02,381.5,381.75,374.059997558594,375.279998779297,14832900,372.357940673828
2021-09-03,374.75,377.160003662109,373.109985351562,376.260009765625,7509600,373.330261230469
2021-09-07,375.880004882812,382.959991455078,373.149993896484,382.179992675781,10793800,379.204254150391
2021-09-08,380.160003662109,380.869995117188,374.790008544922,377.570007324219,11067200,374.630096435547
2021-09-09,377.640014648438,379.829986572266,376.570007324219,378,9098900,375.056793212891
2021-09-10,381.359985351562,383.790008544922,378.260009765625,378.690002441406,11549600,375.741363525391
2021-09-13,381.679992675781,381.75,374.350006103516,376.510009765625,13026300,373.578308105469
2021-09-14,377.399993896484,378.589996337891,375.109985351562,376.529998779297,8711600,373.598236083984
2021-09-15,377,377.559997558594,367.670013427734,373.920013427734,17940300,371.008514404297
2021-09-16,372.790008544922,373.559997558594,369.709991455078,373.059997558594,11934200,370.155181884766
2021-09-17,371.410003662109,371.410003662109,361.589996337891,364.720001220703,26299000,361.880187988281
2021-09-20,359.299987792969,361.029998779297,349.799987792969,355.700012207031,19822800,352.930389404297
2021-09-21,358.5,360.040008544922,355.190002441406,357.480010986328,11751900,354.696533203125
2021-09-22,347.230010986328,349.839996337891,340.690002441406,343.209991455078,43692900,340.537628173828
2021-09-23,345.359985351562,349.670013427734,343,345.959991455078,21806300,343.266235351562
2021-09-24,343.239990234375,354.350006103516,342.369995117188,352.959991455078,18801900,350.211730957031
2021-09-27,349.809997558594,355.149993896484,347.079986572266,353.579986572266,15205800,350.826873779297
2021-09-28,347.970001220703,349.600006103516,338.920013427734,340.649993896484,21710300,337.99755859375
2021-09-29,343.149993896484,345.230010986328,338.880004882812,339.609985351562,14452200,336.965667724609
2021-09-30,340.450012207031,342.799987792969,338.149993896484,339.390014648438,16547100,336.747406005859
2021-10-01,341.609985351562,345.019989013672,338.640014648438,343.010009765625,14905300,340.339172363281
2021-10-04,335.529998779297,335.940002441406,322.700012207031,326.230010986328,42885000,323.689849853516
2021-10-05,328.579986572266,335.179992675781,326.160003662109,332.959991455078,35377900,330.367431640625
2021-10-06,329.739990234375,334.380004882812,325.799987792969,333.640014648438,26443000,331.042175292969
2021-10-07,337,338.839996337891,328.980010986328,329.220001220703,28307500,326.656555175781
2021-10-08,331.510009765625,333.399993896484,328.709991455078,330.049987792969,15946100,327.480102539062
2021-10-11,327.630004882812,330.459991455078,325.309997558594,325.450012207031,14708200,322.915924072266
2021-10-12,323.029998779297,324.380004882812,317.369995117188,323.769989013672,31658700,321.248992919922
2021-10-13,326.970001220703,327,322.660003662109,324.540008544922,14761500,322.013031005859
2021-10-14,328.359985351562,330.519989013672,327.100006103516,328.529998779297,14302200,325.971923828125
2021-10-15,328.679992675781,329.070007324219,322.510009765625,324.760009765625,21596400,322.231323242188
2021-10-18,328.950012207031,335.890014648438,327.5,335.339996337891,21585000,332.728912353516
2021-10-19,339.649993896484,342.459991455078,337.279998779297,339.989990234375,18786300,337.342712402344
2021-10-20,343.450012207031,343.980010986328,339.450012207031,340.779998779297,13639500,338.126556396484
2021-10-21,340.279998779297,342.309997558594,337.799987792969,341.880004882812,16354400,339.217926025391
2021-10-22,326.350006103516,329.630004882812,321.109985351562,324.609985351562,35224500,322.082427978516
2021-10-25,320.299987792969,329.559997558594,319.720001220703,328.690002441406,38409000,326.130706787109
2021-10-26,328.260009765625,330.209991455078,309.600006103516,315.809997558594,65654000,313.351013183594
2021-10-27,314.190002441406,319.25,312.059997558594,312.220001220703,29971800,309.788909912109
2021-10-28,312.989990234375,325.519989013672,308.109985351562,316.920013427734,50806800,314.452362060547
2021-10-29,320.190002441406,326,319.600006103516,323.570007324219,37059400,321.050537109375
2021-11-01,326.040008544922,333.450012207031,326,329.980010986328,31518900,327.410705566406
2021-11-02,331.380004882812,334.790008544922,323.799987792969,328.079986572266,28353000,325.525390625
2021-11-03,327.489990234375,332.149993896484,323.200012207031,331.619995117188,20786500,329.037841796875
2021-11-04,334.010009765625,337.269989013672,332.649993896484,335.850006103516,22495300,333.234893798828
2021-11-05,340.309997558594,346.790008544922,339.640014648438,341.130004882812,26872800,338.473815917969
2021-11-08,344.420013427734,344.790008544922,338.339996337891,338.619995117188,18342500,335.9833984375
2021-11-09,340,341.309997558594,334.470001220703,335.369995117188,17556700,332.758666992188
2021-11-10,332.489990234375,333.190002441406,325.510009765625,327.640014648438,21872600,325.0888671875
2021-11-11,329.820007324219,332.459991455078,327,327.739990234375,12376600,325.188049316406
2021-11-12,330.179992675781,341.859985351562,329.779998779297,340.890014648438,25414300,338.235717773438
2021-11-15,344.339996337891,353.649993896484,343.200012207031,347.559997558594,25076600,344.853729248047
2021-11-16,343.829986572266,346.649993896484,340.869995117188,342.959991455078,18181100,340.289581298828
2021-11-17,344.239990234375,347.299987792969,340.100006103516,340.769989013672,13602800,338.116638183594
2021-11-18,339.720001220703,342.459991455078,335.299987792969,338.690002441406,17487200,336.052825927734
2021-11-19,342.200012207031,352.100006103516,339.899993896484,345.299987792969,26488500,342.611358642578
2021-11-22,349.049987792969,353.829986572266,340.510009765625,341.010009765625,27116800,338.354797363281
2021-11-23,338.929992675781,341.399993896484,333.5,337.25,17225000,334.6240234375
2021-11-24,336,341.779998779297,332.809997558594,341.059997558594,13566200,338.404388427734
2021-11-26,335.799987792969,337.75,331.899993896484,333.119995117188,14750700,330.526214599609
2021-11-29,336.890014648438,340.670013427734,335.309997558594,338.029998779297,16650900,335.397979736328
2021-11-30,335,335.809997558594,323.429992675781,324.459991455078,25390000,321.933563232422
2021-12-01,330.290008544922,330.5,310.290008544922,310.600006103516,30329600,308.181549072266
2021-12-02,311.399993896484,314.600006103516,307.200012207031,310.390014648438,24396200,307.973175048828
2021-12-03,313.730010986328,313.75,299.5,306.839996337891,27471000,304.450836181641
2021-12-06,308.130004882812,320.100006103516,306.339996337891,317.869995117188,21758300,315.394958496094
2021-12-07,321.570007324219,326.540008544922,321,322.809997558594,18794000,320.296478271484
2021-12-08,325,332.75,323.070007324219,330.559997558594,19937700,327.986175537109
2021-12-09,329.540008544922,336.130004882812,328,329.820007324219,16879200,327.251922607422
2021-12-10,332.559997558594,335.029998779297,326.369995117188,329.75,14528000,327.182434082031
2021-12-13,330.950012207031,341.089996337891,329.589996337891,334.489990234375,22948700,331.885498046875
2021-12-14,328.049987792969,335.700012207031,327.649993896484,333.739990234375,20461000,331.141387939453
2021-12-15,332.489990234375,342.109985351562,323.980010986328,341.660003662109,24681300,338.999725341797
2021-12-16,338.980010986328,344.459991455078,333.739990234375,334.899993896484,22635000,332.292358398438
2021-12-17,332.799987792969,337.109985351562,330.75,333.790008544922,40012600,331.190979003906
2021-12-20,329.779998779297,329.899993896484,322.529998779297,325.450012207031,17901800,322.915924072266
2021-12-21,326.410003662109,336,323.75,334.200012207031,16116800,331.597808837891
2021-12-22,333.799987792969,334.510009765625,328.260009765625,330.450012207031,16764600,327.877014160156
2021-12-23,330.100006103516,336.670013427734,328.359985351562,335.239990234375,13987700,332.629669189453
2021-12-27,338.850006103516,347.869995117188,338.010009765625,346.179992675781,17795000,343.484497070312
2021-12-28,346.630004882812,352.709991455078,345.200012207031,346.220001220703,16637600,343.524169921875
2021-12-29,346.910003662109,349.690002441406,341.640014648438,342.940002441406,10747000,340.269744873047
2021-12-30,344,347.230010986328,343.220001220703,344.359985351562,10593300,341.678680419922
2021-12-31,343.019989013672,343.440002441406,336.269989013672,336.350006103516,12870500,333.731048583984
2022-01-03,338.299987792969,341.079986572266,337.190002441406,338.540008544922,14537900,335.903991699219
2022-01-04,339.950012207031,343.089996337891,331.869995117188,336.529998779297,15998000,333.909606933594
2022-01-05,333.019989013672,335.760009765625,323.839996337891,324.170013427734,20564500,321.645904541016
2022-01-06,322.820007324219,339.170013427734,322.720001220703,332.459991455078,27962800,329.871337890625
2022-01-07,332.739990234375,337,328.880004882812,331.790008544922,14722000,329.20654296875
2022-01-10,325.309997558594,328.339996337891,315.429992675781,328.070007324219,24942400,325.515563964844
2022-01-11,326.779998779297,334.630004882812,325.279998779297,334.369995117188,16226800,331.766448974609
2022-01-12,335.179992675781,336.369995117188,330.029998779297,333.260009765625,14104900,330.665130615234
2022-01-13,334.980010986328,335.630004882812,325.760009765625,326.480010986328,14797100,323.937957763672
2022-01-14,321.790008544922,332.730010986328,321.209991455078,331.899993896484,16868500,329.315643310547
2022-01-18,323.290008544922,324.209991455078,317.640014648438,318.149993896484,22645600,315.672790527344
2022-01-19,319.579986572266,327.100006103516,319.329986572266,319.589996337891,20814700,317.1015625
2022-01-20,323.899993896484,327.820007324219,315.980010986328,316.559997558594,16925000,314.095153808594
2022-01-21,314.809997558594,318.309997558594,303.040008544922,303.170013427734,28710700,300.809417724609
2022-01-24,297.839996337891,309.529998779297,289.010009765625,308.709991455078,38878100,306.306243896484
2022-01-25,299.950012207031,306.230010986328,297.579986572266,300.149993896484,25108500,297.812957763672
2022-01-26,307.010009765625,307.510009765625,290.850006103516,294.630004882812,28348800,292.335906982422
2022-01-27,297.75,301.709991455078,294.260009765625,294.640014648438,21629900,292.345855712891
2022-01-28,295.619995117188,301.899993896484,293.029998779297,301.709991455078,21871600,299.360778808594
2022-01-31,300.679992675781,313.790008544922,299.320007324219,313.260009765625,21579500,310.820831298828
2022-02-01,314.559997558594,319.660003662109,312.119995117188,319,18023800,316.516143798828
2022-02-02,327.820007324219,328,316.869995117188,323,58458300,320.485015869141
2022-02-03,244.649993896484,248,235.75,237.759994506836,188119900,235.90869140625
2022-02-04,234.970001220703,242.610000610352,230.110000610352,237.089996337891,89342200,235.243911743164
2022-02-07,237.699996948242,238.300003051758,224.009994506836,224.910003662109,88613800,223.158752441406
2022-02-08,220.850006103516,225.770004272461,216.149993896484,220.179992675781,94729700,218.465576171875
2022-02-09,224.199996948242,233.369995117188,222.210006713867,232,86563300,230.193557739258
2022-02-10,228.270004272461,235,226.699996948242,228.070007324219,49310400,226.294158935547
2022-02-11,228.460006713867,230.419998168945,218.770004272461,219.550003051758,46156900,217.840484619141
2022-02-14,219.309997558594,221,214.779998779297,217.699996948242,38184000,216.004913330078
2022-02-15,220.470001220703,221.149993896484,215.059997558594,221,42685500,219.279220581055
2022-02-16,212.410003662109,217.460006713867,212.360000610352,216.539993286133,45817500,214.853912353516
2022-02-17,214.020004272461,217.5,207.160003662109,207.710006713867,38747500,206.092697143555
2022-02-18,209.389999389648,210.75,205.179992675781,206.160003662109,37128400,204.554779052734
2022-02-22,202.339996337891,207.479995727539,200.059997558594,202.080001831055,39852400,200.506546020508
2022-02-23,204.160003662109,206.940002441406,198.050003051758,198.449996948242,44481400,196.90478515625
2022-02-24,191.059997558594,208.350006103516,190.220001220703,207.600006103516,49957200,205.98356628418
2022-02-25,204.940002441406,211.320007324219,203.179992675781,210.479995727539,37627600,208.841079711914
2022-02-28,207.679992675781,213.149993896484,206.830001831055,211.029998779297,34239800,209.386856079102
2022-03-01,209.869995117188,211.75,202.220001220703,203.490005493164,27094900,201.905563354492
2022-03-02,204.779998779297,209.149993896484,202.020004272461,208.110000610352,29452100,206.489562988281
2022-03-03,209.020004272461,209.080001831055,201.419998168945,202.970001220703,27263500,201.389617919922
2022-03-04,202.369995117188,205.889999389648,198.789993286133,200.059997558594,32130900,198.502243041992
2022-03-07,200.789993286133,200.889999389648,187.279998779297,187.470001220703,38560600,186.010299682617
2022-03-08,187.850006103516,196.699996948242,186.110000610352,190.289993286133,37508100,188.808319091797
2022-03-09,195.740005493164,199.100006103516,193.919998168945,198.5,31894700,196.954406738281
2022-03-10,194.839996337891,196.279998779297,191.070007324219,195.210006713867,24853000,193.690032958984
2022-03-11,192.639999389648,193.559997558594,186.669998168945,187.610000610352,34694500,186.149200439453
2022-03-14,187.029998779297,192.289993286133,185.820007324219,186.630004882812,31010500,185.176818847656
2022-03-15,190.800003051758,192.279998779297,185.910003662109,192.029998779297,31721700,190.534790039062
2022-03-16,194.699996948242,203.729995727539,194.520004272461,203.630004882812,40640300,202.044479370117
2022-03-17,201.699996948242,208.039993286133,201.110000610352,207.839996337891,29499700,206.221649169922
2022-03-18,206.699996948242,216.800003051758,206,216.490005493164,52128000,214.804336547852
2022-03-21,214.5,214.710006713867,207.630004882812,211.490005493164,30142300,209.843276977539
2022-03-22,211.369995117188,219.460006713867,210.179992675781,216.649993896484,31998800,214.963073730469
2022-03-23,213.330001831055,216.800003051758,212.160003662109,213.460006713867,23717300,211.797912597656
2022-03-24,215,220.669998168945,214.789993286133,219.570007324219,31502300,217.860321044922
2022-03-25,220.509994506836,225.5,218.889999389648,221.820007324219,40039000,220.092819213867
2022-03-28,222.130004882812,224.039993286133,219.539993286133,223.589996337891,26224100,221.849044799805
2022-03-29,226.070007324219,230.889999389648,225.289993286133,229.860000610352,31417900,228.070220947266
2022-03-30,228.910003662109,231.149993896484,226.710006713867,227.850006103516,25588000,226.075866699219
2022-03-31,228.449996948242,228.490005493164,222.259994506836,222.360000610352,24192300,220.628631591797
2022-04-01,224.550003051758,227.279998779297,222.699996948242,224.850006103516,19544800,223.099212646484
2022-04-04,225.979995727539,234.350006103516,225.860000610352,233.889999389648,28054800,232.068862915039
2022-04-05,234.080001831055,236.860000610352,231.020004272461,231.839996337891,29727200,230.034790039062
2022-04-06,226.910003662109,228.990005493164,221.410003662109,223.300003051758,28995100,221.561309814453
2022-04-07,223.929992675781,225.520004272461,218.559997558594,222.949996948242,21037200,221.214019775391
2022-04-08,222.380004882812,225.130004882812,220.029998779297,222.330001831055,18375700,220.598876953125
2022-04-11,218.419998168945,220.610000610352,215.220001220703,216.460006713867,20516600,214.774551391602
2022-04-12,220.240005493164,222.029998779297,213.130004882812,214.139999389648,20128800,212.472610473633
2022-04-13,211.820007324219,216.610000610352,211.330001831055,214.990005493164,19231800,213.315994262695
2022-04-14,214.889999389648,214.990005493164,210,210.179992675781,18379500,208.543426513672
2022-04-18,210,213.380004882812,208.300003051758,210.770004272461,16580800,209.128875732422
2022-04-19,210.520004272461,218.429992675781,209,217.309997558594,20089900,215.617965698242
2022-04-20,213.610000610352,214.160003662109,198.919998168945,200.419998168945,43036500,198.859451293945
2022-04-21,201.600006103516,202.970001220703,185.580001831055,188.070007324219,49954100,186.605621337891
2022-04-22,190.369995117188,192.720001220703,183.270004272461,184.110000610352,36426800,182.676467895508
2022-04-25,182.729995727539,187.179992675781,181.660003662109,186.990005493164,29281100,185.534027099609
2022-04-26,186.630004882812,187.190002441406,179.5,180.949996948242,31747400,179.541091918945
2022-04-27,174.429992675781,181.210006713867,169,174.949996948242,71062900,173.587753295898
2022-04-28,202.919998168945,208.529998779297,192.899993896484,205.729995727539,100890600,204.12809753418
2022-04-29,204.460006713867,212.479995727539,199.899993896484,200.470001220703,49193400,198.909057617188
2022-05-02,201.169998168945,211.880004882812,200.990005493164,211.130004882812,49915300,209.486083984375
2022-05-03,210.449996948242,214.899993896484,208.089996337891,212.029998779297,41556300,210.379043579102
2022-05-04,210.649993896484,224.300003051758,206.960006713867,223.410003662109,41375900,221.670455932617
2022-05-05,218.740005493164,220.169998168945,206.160003662109,208.279998779297,41129200,206.658264160156
2022-05-06,207.339996337891,209.380004882812,201.020004272461,203.770004272461,34747200,202.183349609375
2022-05-09,199.839996337891,202.570007324219,195.580001831055,196.210006713867,36303200,194.682235717773
2022-05-10,199.509994506836,202.960006713867,194.190002441406,197.649993896484,34452500,196.111022949219
2022-05-11,196.330001831055,200.669998168945,188.270004272461,188.740005493164,31153400,187.270401000977
2022-05-12,187.059997558594,198.050003051758,184.779998779297,191.240005493164,38262200,189.750946044922
2022-05-13,192.580001831055,199.889999389648,191.279998779297,198.619995117188,24549800,197.073471069336
2022-05-16,197.050003051758,205.369995117188,195.929992675781,200.039993286133,27112600,198.482406616211
2022-05-17,202.119995117188,205.460006713867,198.360000610352,202.619995117188,24872700,201.042327880859
2022-05-18,200,201,191.630004882812,192.240005493164,23960000,190.743148803711
2022-05-19,191.199996948242,195.289993286133,189.600006103516,191.289993286133,24446900,189.800552368164
2022-05-20,194.970001220703,197.910003662109,187.869995117188,193.539993286133,31465600,192.033004760742
2022-05-23,195.190002441406,196.990005493164,191.240005493164,196.229995727539,25059200,194.702072143555
2022-05-24,180.550003051758,183.679992675781,176.110000610352,181.279998779297,50406300,179.868469238281
2022-05-25,180.399993896484,185.449996948242,179.320007324219,183.830001831055,28030200,182.398635864258
2022-05-26,182.880004882812,192.830001831055,182.259994506836,191.630004882812,23056500,190.137893676758
2022-05-27,191.360000610352,195.330001831055,189.800003051758,195.130004882812,22562700,193.610656738281
2022-05-31,194.889999389648,197.600006103516,192.009994506836,193.639999389648,26131100,192.132247924805
2022-06-01,196.509994506836,199.529998779297,185,188.639999389648,36623500,187.171173095703
2022-06-02,188.449996948242,200.940002441406,187.729995727539,198.860000610352,31951600,197.311614990234
2022-06-03,195.979995727539,196.610000610352,189.779998779297,190.779998779297,19465000,189.294509887695
2022-06-06,193.990005493164,196.919998168945,188.399993896484,194.25,30574200,192.737503051758
2022-06-07,191.929992675781,196.529998779297,191.490005493164,195.649993896484,18828700,194.126586914062
2022-06-08,194.669998168945,202.029998779297,194.410003662109,196.639999389648,22267200,195.108871459961
2022-06-09,194.279998779297,199.449996948242,183.679992675781,184,23501600,182.567306518555
2022-06-10,183.039993286133,183.100006103516,175.020004272461,175.570007324219,27450800,174.202941894531
2022-06-13,170.589996337891,172.580001831055,164.029998779297,164.259994506836,31749300,162.981002807617
2022-06-14,166.029998779297,166.75,161.360000610352,163.729995727539,27244300,162.455139160156
2022-06-15,167.199996948242,172.160003662109,163.979995727539,169.350006103516,30008300,168.031372070312
2022-06-16,163.720001220703,165.080001831055,159.610000610352,160.869995117188,26944100,159.617370605469
2022-06-17,161.679992675781,165.899993896484,159.899993896484,163.740005493164,31374200,162.465057373047
2022-06-21,165.929992675781,167.759994506836,155.970001220703,157.050003051758,50724900,155.8271484375
2022-06-22,158.380004882812,160.789993286133,155.440002441406,155.850006103516,47267800,154.636505126953
2022-06-23,156.270004272461,159.75,154.25,158.75,40499200,157.513916015625
2022-06-24,161.729995727539,170.25,161.300003051758,170.160003662109,68736000,168.835083007812
2022-06-27,171.320007324219,171.75,168.009994506836,169.490005493164,29174600,168.170288085938
2022-06-28,169.899993896484,171.300003051758,160.610000610352,160.679992675781,27744500,159.42887878418
2022-06-29,163.570007324219,166.330001831055,160.320007324219,163.940002441406,28595200,162.663528442383
2022-06-30,162.149993896484,165.229995727539,158.490005493164,161.25,35250600,159.994445800781
2022-07-01,160.309997558594,160.619995117188,155,160.029998779297,31423900,158.783950805664
2022-07-05,158.139999389648,168.25,157.020004272461,168.190002441406,28618600,166.880386352539
2022-07-06,168.199996948242,171.589996337891,165.460006713867,169.770004272461,23085900,168.448104858398
2022-07-07,169.449996948242,172.720001220703,167.779998779297,172.190002441406,24083400,170.849258422852
2022-07-08,169.979995727539,172.399993896484,168.149993896484,170.880004882812,19249200,169.54948425293
2022-07-11,167.070007324219,167.490005493164,161.910003662109,162.880004882812,21885600,161.611770629883
2022-07-12,164.800003051758,165.910003662109,162.100006103516,163.270004272461,16639700,161.998718261719
2022-07-13,160.160003662109,164.979995727539,159.610000610352,163.490005493164,16555100,162.217010498047
2022-07-14,161.220001220703,162.589996337891,157.279998779297,158.050003051758,23765200,156.819366455078
2022-07-15,160.539993286133,164.979995727539,159.820007324219,164.699996948242,23342800,163.417572021484
2022-07-18,166.75,171.690002441406,165.639999389648,167.229995727539,23574300,165.927886962891
2022-07-19,170.369995117188,176.490005493164,169.509994506836,175.779998779297,25933700,174.41130065918
2022-07-20,177.490005493164,183.600006103516,176.699996948242,183.089996337891,24784300,181.664398193359
2022-07-21,180.630004882812,183.850006103516,178.869995117188,183.169998168945,27195800,181.743774414062
2022-07-22,173.070007324219,175.600006103516,168.410003662109,169.270004272461,42583900,167.951995849609
2022-07-25,169,170.570007324219,164.809997558594,166.649993896484,26166300,165.352401733398
2022-07-26,165.940002441406,166,157.949996948242,159.149993896484,28468400,157.910781860352
2022-07-27,162.589996337891,170.869995117188,162.020004272461,169.580001831055,43846600,168.25959777832
2022-07-28,161.059997558594,161.509994506836,154.850006103516,160.720001220703,73214300,159.468566894531
2022-07-29,157.690002441406,160.139999389648,155.169998168945,159.100006103516,42065400,157.861190795898
2022-08-01,157.25,165.190002441406,155.229995727539,159.929992675781,40596700,158.684692382812
2022-08-02,158.309997558594,162.240005493164,158.009994506836,160.190002441406,27374500,158.942733764648
2022-08-03,162.690002441406,169.539993286133,161.570007324219,168.800003051758,31721900,167.48567199707
2022-08-04,168.300003051758,172.149993896484,166.800003051758,170.570007324219,23938200,169.241882324219
2022-08-05,166.990005493164,171.610000610352,165.800003051758,167.110000610352,25832700,165.808822631836
2022-08-08,168,177.509994506836,167.130004882812,170.25,27299100,168.924362182617
2022-08-09,168.949996948242,169.529998779297,166.600006103516,168.529998779297,18655100,167.217742919922
2022-08-10,175.990005493164,180.479995727539,173.949996948242,178.339996337891,30262100,176.951385498047
2022-08-11,179.710006713867,183.100006103516,176.369995117188,177.490005493164,24079100,176.108016967773
2022-08-12,180.809997558594,181.460006713867,178.910003662109,180.5,21274000,179.094573974609
2022-08-15,178.960006713867,181.440002441406,178.199996948242,180.889999389648,15878700,179.481536865234
2022-08-16,179.440002441406,180.990005493164,177.039993286133,179.470001220703,21156700,178.07258605957
2022-08-17,176.759994506836,178.139999389648,174.169998168945,174.850006103516,20118100,173.488555908203
2022-08-18,174.339996337891,175.759994506836,171.860000610352,174.660003662109,18844500,173.300018310547
2022-08-19,170.199996948242,172.320007324219,167.050003051758,167.960006713867,26240800,166.65217590332
2022-08-22,165.490005493164,165.490005493164,162.259994506836,163.050003051758,19499700,161.78044128418
2022-08-23,162.479995727539,165.050003051758,160.699996948242,161.110000610352,18111800,159.855560302734
2022-08-24,160.600006103516,165.460006713867,159.770004272461,163.259994506836,20891500,161.988815307617
2022-08-25,165.179992675781,168.880004882812,164.020004272461,168.779998779297,15550500,167.4658203125
2022-08-26,168.479995727539,170.919998168945,161.669998168945,161.779998779297,24023600,160.520355224609
2022-08-29,160.660003662109,163.050003051758,159.009994506836,159.169998168945,20052700,157.930648803711
2022-08-30,160.350006103516,161.660003662109,155.910003662109,157.160003662109,19567900,155.936294555664
2022-08-31,167.070007324219,167.839996337891,162.139999389648,162.929992675781,40953000,161.661361694336
2022-09-01,163.580001831055,167.360000610352,160.350006103516,165.360000610352,30145700,164.072463989258
2022-09-02,167.449996948242,167.929992675781,159.220001220703,160.320007324219,22634200,159.071685791016
2022-09-06,160.100006103516,161.690002441406,157.690002441406,158.539993286133,19339800,157.305526733398
2022-09-07,157.759994506836,160.960006713867,156.809997558594,160.389999389648,16831200,159.141143798828
2022-09-08,158.710006713867,162.229995727539,157.740005493164,162.059997558594,22530800,160.798126220703
2022-09-09,163.25,169.539993286133,163.020004272461,169.149993896484,22086800,167.832901000977
2022-09-12,167.389999389648,171.389999389648,167.279998779297,168.960006713867,23220400,167.644393920898
2022-09-13,161.539993286133,161.630004882812,152.669998168945,153.130004882812,44444100,151.93766784668
2022-09-14,153.330001831055,153.539993286133,149.050003051758,151.470001220703,43064200,150.290588378906
2022-09-15,149.800003051758,154.199996948242,148.699996948242,149.550003051758,34606300,148.385559082031
2022-09-16,148.050003051758,148.580001831055,144.289993286133,146.289993286133,40122800,145.150924682617
2022-09-19,145.240005493164,148.580001831055,145.100006103516,148.020004272461,22169500,146.867462158203
2022-09-20,145.779998779297,148.839996337891,145.220001220703,146.089996337891,23217400,144.952453613281
2022-09-21,146.389999389648,149.600006103516,142,142.119995117188,38338600,141.013397216797
2022-09-22,141.550003051758,144.580001831055,140.869995117188,142.820007324219,34418500,141.707962036133
2022-09-23,141.419998168945,142.619995117188,138.889999389648,140.410003662109,31710700,139.31672668457
2022-09-26,140.119995117188,142.240005493164,136.190002441406,136.369995117188,30497000,135.308181762695
2022-09-27,137.919998168945,139.419998168945,134.119995117188,134.399993896484,30826500,133.353500366211
2022-09-28,134.619995117188,142.029998779297,134.270004272461,141.610000610352,32658500,140.507369995117
2022-09-29,139.360000610352,139.839996337891,135.199996948242,136.410003662109,38985400,135.347869873047
2022-09-30,136.050003051758,140.990005493164,135.5,135.679992675781,33166400,134.623519897461
2022-10-03,137.139999389648,139.619995117188,136.100006103516,138.610000610352,27723100,137.530715942383
2022-10-04,140.490005493164,142.389999389648,139.339996337891,140.279998779297,34670700,139.187698364258
2022-10-05,138.240005493164,140.210006713867,134.779998779297,138.979995727539,27979300,137.897857666016
2022-10-06,137.720001220703,141.449996948242,136.600006103516,139.070007324219,36231100,137.987152099609
2022-10-07,136.759994506836,138.289993286133,132.440002441406,133.449996948242,33214800,132.410903930664
2022-10-10,133.550003051758,136.110000610352,131.869995117188,133.789993286133,24024000,132.748260498047
2022-10-11,131.619995117188,132.660003662109,126.98999786377,128.539993286133,38481400,127.539123535156
2022-10-12,128.320007324219,129.669998168945,126.25,127.5,34605200,126.50724029541
2022-10-13,123.529998779297,131.139999389648,122.529998779297,130.289993286133,34325700,129.275527954102
2022-10-14,131,131.789993286133,126.519996643066,126.76000213623,23559400,125.772994995117
2022-10-17,130.300003051758,134.789993286133,130.179992675781,134.039993286133,29612200,132.996307373047
2022-10-18,137.089996337891,137.839996337891,131.399993896484,132.800003051758,25445000,131.765960693359
2022-10-19,132.889999389648,137,132.220001220703,133.229995727539,30691000,132.192626953125
2022-10-20,132.929992675781,136.770004272461,131.309997558594,131.529998779297,26356300,130.505844116211
2022-10-21,126.309997558594,130.119995117188,125.440002441406,130.009994506836,46348600,128.997680664062
2022-10-24,127.25,133.479995727539,124.569999694824,129.720001220703,63563400,128.709945678711
2022-10-25,130.880004882812,138.350006103516,130.589996337891,137.509994506836,38433200,136.439300537109
2022-10-26,131.679992675781,135.550003051758,128.529998779297,129.820007324219,82791500,128.809173583984
2022-10-27,97.9800033569336,102.5,96.379997253418,97.9400024414062,232316600,97.1774139404297
2022-10-28,99.5800018310547,100.849998474121,97.5100021362305,99.1999969482422,95928300,98.4275817871094
2022-10-31,98.2200012207031,99.3199996948242,92.5999984741211,93.1600036621094,121361400,92.4346313476562
2022-11-01,94.3300018310547,97.4899978637695,93.5500030517578,95.1999969482422,110189600,94.4587173461914
2022-11-02,94.2099990844727,95.1999969482422,90.4800033569336,90.5400009155273,71821100,89.8350219726562
2022-11-03,90.0800018310547,90.4599990844727,88.4100036621094,88.9100036621094,60664000,88.2177124023438
2022-11-04,90.3499984741211,91.3899993896484,88.0899963378906,90.7900009155273,55638100,90.0830764770508
2022-11-07,94.7799987792969,96.879997253418,93.0999984741211,96.7200012207031,81987300,95.9668884277344
2022-11-08,95.9199981689453,97.8000030517578,94.7900009155273,96.4700012207031,52088300,95.7188568115234
2022-11-09,101.720001220703,104.900001525879,100.73999786377,101.470001220703,107677300,100.679931640625
2022-11-10,107.120002746582,112.75,104.610000610352,111.870002746582,80671000,110.99893951416
2022-11-11,109.230003356934,114.900001525879,108.809997558594,113.019996643066,59961700,112.13996887207
2022-11-14,110.98999786377,116.269996643066,110.800003051758,114.220001220703,53395000,113.330642700195
2022-11-15,116.069999694824,118.73999786377,114.410003662109,117.080001831055,50670500,116.16837310791
2022-11-16,114.5,116.080001831055,112.660003662109,113.230003356934,33287800,112.348342895508
2022-11-17,110.410003662109,112.330001831055,109.800003051758,111.449996948242,35093800,110.582206726074
2022-11-18,113.800003051758,114.319999694824,110.620002746582,112.050003051758,33357700,111.177543640137
2022-11-21,111.519996643066,112.370002746582,109.190002441406,109.860000610352,24351100,109.004585266113
2022-11-22,109.860000610352,111.620002746582,108.319999694824,111.440002441406,29029000,110.572288513184
2022-11-23,111.720001220703,112.669998168945,110.730003356934,112.23999786377,21343100,111.366050720215
2022-11-25,111.300003051758,112.730003356934,111.019996643066,111.410003662109,12007600,110.542518615723
2022-11-28,110.779998779297,112.040000915527,108.379997253418,108.779998779297,23309400,107.932998657227
2022-11-29,109.540000915527,110.940002441406,108.540000915527,109.459999084473,23899200,108.607719421387
2022-11-30,109.51000213623,118.160003662109,109.379997253418,118.099998474121,43348600,117.18042755127
2022-12-01,119.199996948242,121.199996948242,118.400001525879,120.440002441406,36551400,119.502212524414
2022-12-02,117.830001831055,124.040000915527,117.610000610352,123.48999786377,39950500,122.528457641602
2022-12-05,121.75,124.669998168945,121.349998474121,122.430000305176,35474900,121.476715087891
2022-12-06,119.910003662109,120.550003051758,113.73999786377,114.120002746582,43689200,113.231422424316
2022-12-07,113.76000213623,115.879997253418,112.879997253418,113.930000305176,29461100,113.04288482666
2022-12-08,116.389999389648,117.339996337891,114.589996337891,115.330001831055,30619400,114.431999206543
2022-12-09,115.300003051758,117.540000915527,113.870002746582,115.900001525879,26033400,114.997566223145
2022-12-12,115.180000305176,115.720001220703,113.139999389648,114.709999084473,24747100,113.816833496094
2022-12-13,122.129997253418,123.300003051758,118.639999389648,120.150001525879,44701100,119.214469909668
2022-12-14,119.389999389648,124.139999389648,119.389999389648,121.589996337891,36922000,120.643249511719
2022-12-15,118.330001831055,118.629997253418,114.01000213623,116.150001525879,34531000,115.245620727539
2022-12-16,120.230003356934,123.309997558594,118.819999694824,119.430000305176,67064000,118.500076293945
2022-12-19,116.830001831055,117.800003051758,114.330001831055,114.480003356934,29769900,113.58861541748
2022-12-20,113.26000213623,117.330001831055,112.459999084473,117.089996337891,28742500,116.178298950195
2022-12-21,116.699996948242,120.339996337891,115.620002746582,119.76000213623,20392800,118.827499389648
2022-12-22,117.199996948242,118.620002746582,114.379997253418,117.120002746582,23618100,116.208053588867
2022-12-23,116.029998779297,118.180000305176,115.540000915527,118.040000915527,17796600,117.120887756348
2022-12-27,117.930000305176,118.599998474121,116.050003051758,116.879997253418,21392300,115.969932556152
2022-12-28,116.25,118.150001525879,115.51000213623,115.620002746582,19612500,114.719749450684
2022-12-29,116.400001525879,121.029998779297,115.769996643066,120.26000213623,22366200,119.323608398438
2022-12-30,118.160003662109,120.419998168945,117.73999786377,120.339996337891,19583800,119.402984619141
2023-01-03,122.819999694824,126.370002746582,122.279998779297,124.73999786377,35528500,123.76872253418
2023-01-04,127.379997253418,129.050003051758,125.849998474121,127.370002746582,32397100,126.378257751465
2023-01-05,126.129997253418,128.520004272461,124.540000915527,126.940002441406,25447100,125.951599121094
2023-01-06,128.970001220703,130.330001831055,126.040000915527,130.020004272461,27584500,129.007629394531
2023-01-09,131.160003662109,132.949996948242,129.279998779297,129.470001220703,26649100,128.461898803711
2023-01-10,127.269996643066,133.440002441406,127.150001525879,132.990005493164,28684400,131.954483032227
2023-01-11,130.960006713867,133.850006103516,130.339996337891,132.889999389648,25423000,131.855255126953
2023-01-12,133.440002441406,137.679992675781,131.759994506836,136.710006713867,30757700,135.645523071289
2023-01-13,134.970001220703,137.389999389648,134.839996337891,136.979995727539,22423800,135.913421630859
2023-01-17,136.179992675781,136.75,134.25,135.360000610352,21147600,134.306015014648
2023-01-18,135.809997558594,137.25,132.800003051758,133.020004272461,20215500,131.984268188477
2023-01-19,132.490005493164,137.449996948242,132.139999389648,136.149993896484,28625200,135.089874267578
2023-01-20,135.889999389648,139.940002441406,134.610000610352,139.369995117188,28688600,138.284790039062
2023-01-23,139.289993286133,143.759994506836,138.660003662109,143.270004272461,27470100,142.154434204102
2023-01-24,141.690002441406,145,141.360000610352,143.139999389648,21970200,142.025466918945
2023-01-25,141.220001220703,143.169998168945,140.309997558594,141.5,26622000,140.398223876953
2023-01-26,144.399993896484,147.509994506836,143.300003051758,147.300003051758,25482100,146.153076171875
2023-01-27,148.240005493164,153.190002441406,147.389999389648,151.740005493164,35771900,150.558486938477
2023-01-30,149.410003662109,151.119995117188,146.949996948242,147.059997558594,28040100,145.914916992188
2023-01-31,147.949996948242,149.880004882812,147.520004272461,148.970001220703,29842100,147.810043334961
2023-02-01,148.029998779297,153.580001831055,147.059997558594,153.119995117188,55661000,151.927764892578
2023-02-02,183.380004882812,197.160003662109,180.160003662109,188.770004272461,150475700,187.300170898438
2023-02-03,183.470001220703,196.770004272461,182.889999389648,186.529998779297,76809700,185.077590942383
2023-02-06,186.529998779297,190.699996948242,185.520004272461,186.059997558594,42483800,184.611267089844
2023-02-07,185.580001831055,193.779998779297,184.399993896484,191.619995117188,47080700,190.127960205078
2023-02-08,190,190.830001831055,182.919998168945,183.429992675781,36139100,182.001739501953
2023-02-09,186.130004882812,186.649993896484,177.270004272461,177.919998168945,37118800,176.534637451172
2023-02-10,176.350006103516,178.889999389648,173.350006103516,174.149993896484,33433600,172.794006347656
2023-02-13,178.220001220703,181,175.820007324219,179.429992675781,31463200,178.03288269043
2023-02-14,177.160003662109,181.509994506836,175.880004882812,179.479995727539,24034600,178.08251953125
2023-02-15,176.419998168945,178.190002441406,175.330001831055,177.160003662109,25308900,175.780578613281
2023-02-16,172.75,175.850006103516,171.789993286133,172.440002441406,25827500,171.097320556641
2023-02-17,170.220001220703,173.179992675781,169.699996948242,172.880004882812,24171300,171.533905029297
2023-02-21,174.309997558594,178.169998168945,171.880004882812,172.080001831055,34592600,170.740142822266
2023-02-22,171.070007324219,172.759994506836,169.690002441406,171.119995117188,22433200,169.787582397461
2023-02-23,172,173.690002441406,169.380004882812,172.039993286133,20017800,170.700424194336
2023-02-24,168.639999389648,170.720001220703,167.660003662109,170.389999389648,19791300,169.063278198242
2023-02-27,171.880004882812,173.119995117188,169.059997558594,169.539993286133,19277000,168.219909667969
2023-02-28,171.899993896484,177.550003051758,171.869995117188,174.940002441406,46051100,173.577850341797
2023-03-01,174.589996337891,177.850006103516,173.050003051758,173.419998168945,30998400,172.06965637207
2023-03-02,172.380004882812,175.009994506836,171.429992675781,174.529998779297,17352000,173.171020507812
2023-03-03,178.919998168945,186.619995117188,177.050003051758,185.25,45877700,183.807586669922
2023-03-06,188,189.660003662109,184.639999389648,184.899993896484,33209400,183.460311889648
2023-03-07,189,190.360000610352,184.009994506836,184.509994506836,36701500,183.073348999023
2023-03-08,182.869995117188,185.259994506836,181.339996337891,184.970001220703,19432400,183.529739379883
2023-03-09,186.350006103516,188.929992675781,180.300003051758,181.690002441406,26582800,180.275283813477
2023-03-10,181.009994506836,184.770004272461,178.800003051758,179.509994506836,25665000,178.112243652344
2023-03-13,177.960006713867,183.779998779297,174.820007324219,180.899993896484,24728000,179.491424560547
2023-03-14,187.580001831055,194.320007324219,186.559997558594,194.020004272461,41642600,192.509292602539
2023-03-15,192.949996948242,197.779998779297,190.839996337891,197.75,42123600,196.210250854492
2023-03-16,198.259994506836,205.759994506836,196.089996337891,204.929992675781,50447100,203.334320068359
2023-03-17,200.559997558594,201.899993896484,195.429992675781,195.610000610352,50141100,194.0869140625
2023-03-20,198.479995727539,199.360000610352,193.639999389648,197.809997558594,25186300,196.269775390625
2023-03-21,203.199996948242,203.550003051758,197.949996948242,202.160003662109,31827000,200.585922241211
2023-03-22,202.5,207.369995117188,199.669998168945,199.809997558594,28477800,198.254211425781
2023-03-23,202.839996337891,207.880004882812,202.149993896484,204.279998779297,27389700,202.689392089844
2023-03-24,205.179992675781,207.580001831055,203.550003051758,206.009994506836,27716400,204.40592956543
2023-03-27,204.809997558594,205.860000610352,201.360000610352,202.839996337891,18527200,201.260604858398
2023-03-28,200.149993896484,201.029998779297,197.899993896484,200.679992675781,19127300,199.117401123047
2023-03-29,203.559997558594,205.720001220703,202.539993286133,205.350006103516,18851100,203.751083374023
2023-03-30,203.380004882812,208.089996337891,202.820007324219,207.839996337891,22608300,206.221649169922
2023-03-31,207.240005493164,212.169998168945,206.770004272461,211.940002441406,25440300,210.289779663086
2023-04-03,208.839996337891,213.490005493164,208.199996948242,213.070007324219,17924600,211.410980224609
2023-04-04,213.389999389648,216.240005493164,212.539993286133,214.720001220703,21026400,213.048126220703
2023-04-05,214.149993896484,215.190002441406,209.940002441406,211.479995727539,19396600,209.833312988281
2023-04-06,209.25,216.940002441406,208.649993896484,216.100006103516,26104400,214.417388916016
2023-04-10,214.710006713867,215.660003662109,210.660003662109,214.75,16106100,213.077850341797
2023-04-11,215.479995727539,216.020004272461,213.410003662109,213.850006103516,16710100,212.184906005859
2023-04-12,214.839996337891,216.839996337891,212.580001831055,214,18972200,212.333694458008
2023-04-13,215.729995727539,221.149993896484,215.690002441406,220.350006103516,23310400,218.634292602539
2023-04-14,217.880004882812,222.110000610352,217.550003051758,221.490005493164,21591200,219.765426635742
2023-04-17,219.789993286133,220.979995727539,217.130004882812,218.860000610352,15481900,217.155868530273
2023-04-18,219.910003662109,220.440002441406,216.210006713867,217.889999389648,12281000,216.193405151367
2023-04-19,213.470001220703,217.330001831055,212.929992675781,215.699996948242,15898100,214.020477294922
2023-04-20,213.479995727539,216.75,212.770004272461,213.070007324219,16475400,211.410980224609
2023-04-21,210.210006713867,213.410003662109,209.580001831055,212.889999389648,17717200,211.232345581055
2023-04-24,213.679992675781,213.919998168945,210.710006713867,212.789993286133,15750900,211.133117675781
2023-04-25,210.820007324219,211.259994506836,207.130004882812,207.550003051758,19198200,205.933944702148
2023-04-26,212.5,214.110000610352,208.880004882812,209.399993896484,41992700,207.76953125
2023-04-27,239.889999389648,241.690002441406,236.770004272461,238.559997558594,71196500,236.702484130859
2023-04-28,239.009994506836,240.429992675781,235.75,240.320007324219,39554000,238.448776245117
2023-05-01,238.619995117188,244,236.460006713867,243.179992675781,29143900,241.286499023438
2023-05-02,243.179992675781,244.919998168945,238.990005493164,239.240005493164,24350100,237.377182006836
2023-05-03,239.470001220703,241.75,232.75,237.029998779297,34463900,235.18440246582
2023-05-04,236.059997558594,238.199996948242,232.929992675781,233.520004272461,17889400,231.701736450195
2023-05-05,232.240005493164,234.679992675781,229.850006103516,232.779998779297,27000500,230.967483520508
2023-05-08,231.419998168945,235.619995117188,230.270004272461,233.270004272461,16400500,231.453689575195
2023-05-09,231.460006713867,235.880004882812,231.080001831055,233.369995117188,16865600,231.552886962891
2023-05-10,236.169998168945,236.75,230.720001220703,233.080001831055,19119000,231.26513671875
2023-05-11,233.050003051758,238.210006713867,232.300003051758,235.789993286133,20449000,233.954040527344
2023-05-12,236.740005493164,236.960006713867,231.449996948242,233.809997558594,16161400,231.989471435547
2023-05-15,236.919998168945,240.259994506836,235.330001831055,238.860000610352,20653200,237.000152587891
2023-05-16,235.789993286133,239.639999389648,235.520004272461,238.820007324219,18163800,236.960479736328
2023-05-17,238.449996948242,243.839996337891,238.139999389648,242.490005493164,21193100,240.601867675781
2023-05-18,241.300003051758,247.089996337891,241.190002441406,246.850006103516,22943300,244.927932739258
2023-05-19,247.470001220703,248.690002441406,243.410003662109,245.639999389648,21733600,243.72737121582
2023-05-22,245.410003662109,253.570007324219,245.119995117188,248.320007324219,27738500,246.386520385742
2023-05-23,246.809997558594,251.610000610352,246.649993896484,246.740005493164,17748100,244.818756103516
2023-05-24,245.279998779297,249.589996337891,244.949996948242,249.210006713867,17724300,247.269577026367
2023-05-25,253.399993896484,255.619995117188,249.169998168945,252.690002441406,22371400,250.722473144531
2023-05-26,252.929992675781,262.309997558594,252.710006713867,262.040008544922,25727200,259.999664306641
2023-05-30,265.25,268.649993896484,261.290008544922,262.519989013672,23816500,260.475921630859
2023-05-31,260,265,258.450012207031,264.720001220703,25473700,262.658813476562
2023-06-01,265.899993896484,274,265.890014648438,272.609985351562,25609500,270.487335205078
2023-06-02,272.660003662109,275.350006103516,271.119995117188,272.609985351562,19416900,270.487335205078
2023-06-05,270.299987792969,275.570007324219,269.559997558594,271.390014648438,20742900,269.276885986328
2023-06-06,270.140014648438,276.570007324219,269.690002441406,271.119995117188,19419000,269.008972167969
2023-06-07,271.670013427734,274.25,262.799987792969,263.600006103516,26163600,261.547515869141
2023-06-08,260.619995117188,267.649993896484,258.880004882812,264.579986572266,20899400,262.519836425781
2023-06-09,262.480010986328,267.950012207031,261.700012207031,264.950012207031,16949800,262.886993408203
2023-06-12,267.170013427734,271.75,265.329986572266,271.049987792969,15442500,268.939514160156
2023-06-13,274.880004882812,275.720001220703,269.089996337891,271.320007324219,16164000,269.207397460938
2023-06-14,271.890014648438,274.989990234375,268.320007324219,273.350006103516,19175100,271.221649169922
2023-06-15,272.299987792969,283.989990234375,271.420013427734,281.829986572266,25973500,279.635559082031
2023-06-16,284.75,287.850006103516,280.130004882812,281,43127700,278.81201171875
2023-06-20,278.730010986328,284.799987792969,276.220001220703,284.329986572266,20701600,282.116058349609
2023-06-21,283.529998779297,284,278.359985351562,281.640014648438,20556200,279.447052001953
2023-06-22,279.079986572266,285.260009765625,277.790008544922,284.880004882812,17563100,282.661834716797
2023-06-23,281.510009765625,289.670013427734,278.950012207031,288.730010986328,51092000,286.481872558594
2023-06-26,288.700012207031,289.790008544922,277.600006103516,278.470001220703,24232700,276.3017578125
2023-06-27,282.010009765625,289.350006103516,280.649993896484,287.049987792969,26108300,284.814849853516
2023-06-28,284.820007324219,289.549987792969,284.059997558594,285.290008544922,16722100,283.068634033203
2023-06-29,284.5,286.570007324219,280.690002441406,281.529998779297,15395700,279.337951660156
2023-06-30,284.760009765625,289.049987792969,284.420013427734,286.980010986328,19694900,284.745513916016
2023-07-03,286.700012207031,289.399993896484,284.850006103516,286.019989013672,8629300,283.792938232422
2023-07-05,287.649993896484,298.119995117188,286.359985351562,294.369995117188,33865500,292.077911376953
2023-07-06,295.890014648438,298.119995117188,291.309997558594,291.989990234375,47600500,289.716430664062
2023-07-07,292.179992675781,296.200012207031,288.660003662109,290.529998779297,25586000,288.267822265625
2023-07-10,295.549987792969,298.130004882812,287.049987792969,294.100006103516,37058300,291.810089111328
2023-07-11,293.899993896484,300.179992675781,291.899993896484,298.290008544922,27585900,295.967407226562
2023-07-12,301.75,309.450012207031,300.100006103516,309.339996337891,36677100,306.931365966797
2023-07-13,313.619995117188,316.239990234375,310.290008544922,313.410003662109,30281000,310.969635009766
2023-07-14,311.790008544922,314.880004882812,307.359985351562,308.869995117188,23054100,306.464996337891
2023-07-17,307.540008544922,311.709991455078,304.709991455078,310.619995117188,25323100,308.201385498047
2023-07-18,310.880004882812,314.200012207031,307.619995117188,312.049987792969,20731900,309.620208740234
2023-07-19,313.029998779297,318.679992675781,310.519989013672,316.010009765625,21763700,313.549407958984
2023-07-20,313.5,315.540008544922,302.220001220703,302.519989013672,23836900,300.164459228516
2023-07-21,304.570007324219,305.459991455078,291.200012207031,294.260009765625,42139300,291.968811035156
2023-07-24,295.779998779297,297.519989013672,288.299987792969,291.609985351562,24915700,289.339447021484
2023-07-25,295.190002441406,298.299987792969,291.859985351562,294.470001220703,19585600,292.177185058594
2023-07-26,301.190002441406,301.769989013672,291.899993896484,298.570007324219,47256900,296.245269775391
2023-07-27,325.119995117188,325.350006103516,309.839996337891,311.709991455078,64229200,309.282867431641
2023-07-28,316.880004882812,326.200012207031,314.25,325.480010986328,39220300,322.945678710938
2023-07-31,323.690002441406,325.660003662109,317.589996337891,318.600006103516,25799600,316.119293212891
2023-08-01,317.540008544922,324.140014648438,314.660003662109,322.709991455078,22817900,320.197204589844
2023-08-02,318,318.390014648438,310.649993896484,314.309997558594,20461100,311.862670898438
2023-08-03,309.929992675781,315.950012207031,309.929992675781,313.190002441406,15180200,310.751403808594
2023-08-04,314.959991455078,318.410003662109,310.200012207031,310.730010986328,17612800,308.310546875
2023-08-07,313.230010986328,317.070007324219,310.459991455078,316.559997558594,16236500,314.095153808594
2023-08-08,314.399993896484,317.890014648438,310.109985351562,312.640014648438,15183500,310.205688476562
2023-08-09,312.880004882812,313.630004882812,302.850006103516,305.209991455078,19955800,302.833526611328
2023-08-10,307.940002441406,312.339996337891,303.869995117188,305.739990234375,14358900,303.359375
2023-08-11,302.570007324219,304.720001220703,300.359985351562,301.640014648438,14046300,299.291290283203
2023-08-14,300.980010986328,306.209991455078,298.25,306.190002441406,15641900,303.805877685547
2023-08-15,306.140014648438,307.230010986328,300.029998779297,301.950012207031,11623600,299.598876953125
2023-08-16,300.200012207031,301.079986572266,294.279998779297,294.290008544922,18547700,291.998565673828
2023-08-17,293.049987792969,296.049987792969,284.950012207031,285.089996337891,23950100,282.870178222656
2023-08-18,279.029998779297,285.690002441406,274.380004882812,283.25,35347900,281.044525146484
2023-08-21,283.450012207031,290.5,281.850006103516,289.899993896484,20181500,287.642761230469
2023-08-22,292.549987792969,292.899993896484,286.75,287.600006103516,12980200,285.360595703125
2023-08-23,288.5,297.399993896484,287.670013427734,294.239990234375,18287000,291.948913574219
2023-08-24,298.5,299.459991455078,286.640014648438,286.75,18360900,284.517303466797
2023-08-25,286.130004882812,288.390014648438,276.029998779297,285.5,23701400,283.276947021484
2023-08-28,288,291.450012207031,285.799987792969,290.260009765625,14239300,287.999908447266
2023-08-29,288.579986572266,299.149993896484,288.179992675781,297.989990234375,20844500,295.669738769531
2023-08-30,297.170013427734,298.290008544922,293.429992675781,295.100006103516,17717000,292.80224609375
2023-08-31,295.799987792969,301.100006103516,295.660003662109,295.890014648438,17229900,293.586151123047
2023-09-01,299.369995117188,301.739990234375,294.470001220703,296.380004882812,12842300,294.072326660156
2023-09-05,297.019989013672,301.390014648438,295.510009765625,300.149993896484,14956000,297.812957763672
2023-09-06,301.709991455078,303.299987792969,295.660003662109,299.170013427734,15418100,296.840545654297
2023-09-07,298,307.049987792969,292.220001220703,298.670013427734,33748700,296.344482421875
2023-09-08,299.220001220703,305.25,296.779998779297,297.890014648438,17548000,295.570556640625
2023-09-11,301.410003662109,309.040008544922,301.279998779297,307.559997558594,19489300,305.165191650391
2023-09-12,306.329986572266,308.660003662109,300.230010986328,301.660003662109,13480400,299.311187744141
2023-09-13,302.359985351562,307.179992675781,301.320007324219,305.059997558594,13210900,302.684692382812
2023-09-14,306.739990234375,312.869995117188,305.029998779297,311.720001220703,19343100,309.292846679688
2023-09-15,311.609985351562,312,298.75,300.309997558594,28131100,297.971710205078
2023-09-18,298.190002441406,303.600006103516,297.799987792969,302.549987792969,14234200,300.194213867188
2023-09-19,302.480010986328,306.170013427734,299.809997558594,305.070007324219,15924400,302.694580078125
2023-09-20,305.049987792969,308.059997558594,299.429992675781,299.670013427734,19379500,297.336700439453
2023-09-21,295.700012207031,300.260009765625,293.269989013672,295.730010986328,21319600,293.427337646484
2023-09-22,299.299987792969,305.380004882812,298.269989013672,299.079986572266,25369600,296.751220703125
2023-09-25,295.640014648438,300.950012207031,293.700012207031,300.829986572266,18987000,298.487640380859
2023-09-26,297.660003662109,300.299987792969,296.010009765625,298.959991455078,19417200,296.632202148438
2023-09-27,300.450012207031,301.299987792969,286.790008544922,297.739990234375,36429800,295.421722412109
2023-09-28,298.940002441406,306.329986572266,296.700012207031,303.959991455078,22167100,301.593200683594
2023-09-29,307.380004882812,310.640014648438,299.359985351562,300.209991455078,25373700,297.872406005859
2023-10-02,302.739990234375,307.179992675781,301.630004882812,306.820007324219,16265600,304.430999755859
2023-10-03,304.260009765625,306.769989013672,299.640014648438,300.940002441406,17362300,298.596740722656
2023-10-04,298.730010986328,306.899993896484,298.5,305.579986572266,16880500,303.200622558594
2023-10-05,304.630004882812,306.209991455078,299.5,304.790008544922,19130000,302.416809082031
2023-10-06,301.440002441406,316.309997558594,300.910003662109,315.429992675781,21803900,312.973907470703
2023-10-09,312.5,320.329986572266,311.820007324219,318.359985351562,22503700,315.881103515625
2023-10-10,319.119995117188,324.660003662109,318.160003662109,321.839996337891,19038000,319.334014892578
2023-10-11,323.010009765625,328.839996337891,322.950012207031,327.820007324219,22036300,325.267486572266
2023-10-12,328,330.540008544922,322.690002441406,324.160003662109,20530500,321.635955810547
2023-10-13,323.529998779297,325.049987792969,312.369995117188,314.690002441406,21341000,312.239685058594
2023-10-16,318.640014648438,321.820007324219,315.519989013672,321.149993896484,16536100,318.649444580078
2023-10-17,318.179992675781,324.399993896484,317.299987792969,324,16387800,321.477203369141
2023-10-18,321.390014648438,325.940002441406,315.559997558594,316.970001220703,16851000,314.501983642578
2023-10-19,319.880004882812,321.890014648438,311.75,312.809997558594,18709200,310.374359130859
2023-10-20,314.140014648438,315.299987792969,306.470001220703,308.649993896484,22312300,306.246795654297
2023-10-23,309.5,317.359985351562,307.260009765625,314.010009765625,17796800,311.565002441406
2023-10-24,316.779998779297,318.350006103516,310.630004882812,312.549987792969,19525500,310.116363525391
2023-10-25,310,310.880004882812,298.839996337891,299.529998779297,42192500,297.197723388672
2023-10-26,295,295,279.399993896484,288.350006103516,66684100,286.104827880859
2023-10-27,294.480010986328,299.309997558594,292.970001220703,296.730010986328,29596300,294.419586181641
2023-10-30,299.089996337891,309.399993896484,299.049987792969,302.660003662109,28435100,300.303436279297
2023-10-31,303.309997558594,303.679992675781,296.859985351562,301.269989013672,19434200,298.924194335938
2023-11-01,301.850006103516,312.739990234375,301.850006103516,311.850006103516,20434600,309.421813964844
2023-11-02,317.299987792969,318.820007324219,308.329986572266,310.869995117188,21631800,308.449462890625
2023-11-03,312.549987792969,315.549987792969,311.019989013672,314.600006103516,16764300,312.150390625
2023-11-06,315.980010986328,318.329986572266,314.450012207031,315.799987792969,12887700,313.341064453125
2023-11-07,317.059997558594,321,315.119995117188,318.820007324219,14055600,316.337524414062
2023-11-08,318.140014648438,321.329986572266,314.880004882812,319.779998779297,13609700,317.2900390625
2023-11-09,319.420013427734,324.179992675781,318.799987792969,320.549987792969,16103100,318.054077148438
2023-11-10,319.940002441406,329.100006103516,319.459991455078,328.769989013672,19096200,326.210052490234
2023-11-13,326.200012207031,332.329986572266,325.700012207031,329.190002441406,16908900,326.626800537109
2023-11-14,334.540008544922,338.100006103516,333.329986572266,336.309997558594,17179400,333.691345214844
2023-11-15,337.929992675781,338.399993896484,330.019989013672,332.709991455078,14531200,330.119384765625
2023-11-16,329.369995117188,334.579986572266,326.380004882812,334.190002441406,18932600,331.587890625
2023-11-17,330.260009765625,335.5,329.350006103516,335.040008544922,14494400,332.431304931641
2023-11-20,334.890014648438,341.869995117188,334.190002441406,339.970001220703,16960500,337.322845458984
2023-11-21,338.329986572266,339.899993896484,335.899993896484,336.980010986328,12027900,334.356140136719
2023-11-22,339.209991455078,342.920013427734,338.579986572266,341.489990234375,10702700,338.831024169922
2023-11-24,340.130004882812,341.859985351562,336.769989013672,338.230010986328,5467500,335.596435546875
2023-11-27,336.179992675781,339.899993896484,334.200012207031,334.700012207031,15684500,332.093963623047
2023-11-28,333.399993896484,339.380004882812,333.399993896484,338.989990234375,12637200,336.350463867188
2023-11-29,339.690002441406,339.899993896484,330.779998779297,332.200012207031,16024500,329.613433837891
2023-11-30,331.890014648438,333.5,322.399993896484,327.149993896484,23146400,324.602691650391
2023-12-01,325.480010986328,326.859985351562,320.760009765625,324.820007324219,15276400,322.290832519531
2023-12-04,317.290008544922,320.859985351562,313.660003662109,320.019989013672,19037100,317.528167724609
2023-12-05,318.980010986328,321.880004882812,315.390014648438,318.290008544922,16952100,315.811737060547
2023-12-06,321.929992675781,322.25,317.040008544922,317.450012207031,11294300,314.978240966797
2023-12-07,317.769989013672,328.239990234375,317.769989013672,326.589996337891,15905100,324.047088623047
2023-12-08,323.089996337891,333.170013427734,323,332.75,14087400,330.159118652344
2023-12-11,329.399993896484,329.890014648438,320,325.279998779297,25802500,322.747283935547
2023-12-12,324.600006103516,334.470001220703,324.559997558594,334.220001220703,18485500,331.617645263672
2023-12-13,333.929992675781,338.369995117188,332.640014648438,334.739990234375,16353300,332.133575439453
2023-12-14,333.850006103516,334.700012207031,328.640014648438,333.170013427734,19607300,330.575775146484
2023-12-15,331.989990234375,338.660003662109,331.220001220703,334.920013427734,31776900,332.312194824219
2023-12-18,337.480010986328,347.559997558594,337.019989013672,344.619995117188,18993900,341.936676025391
2023-12-19,345.579986572266,353.600006103516,345.119995117188,350.359985351562,17729400,347.631958007812
2023-12-20,348.649993896484,354.959991455078,347.790008544922,349.279998779297,16369900,346.560363769531
2023-12-21,352.980010986328,356.410003662109,349.209991455078,354.089996337891,15289600,351.332885742188
2023-12-22,355.579986572266,357.200012207031,351.220001220703,353.390014648438,11772800,350.638397216797
2023-12-26,354.989990234375,356.980010986328,353.450012207031,354.829986572266,9898600,352.067138671875
2023-12-27,356.070007324219,359,355.309997558594,357.829986572266,13207900,355.043762207031
2023-12-28,359.700012207031,361.899993896484,357.809997558594,358.320007324219,11798800,355.530029296875
2023-12-29,358.989990234375,360,351.820007324219,353.959991455078,14987100,351.203918457031
2024-01-02,351.320007324219,353.160003662109,340.010009765625,346.290008544922,19042200,343.593597412109
2024-01-03,344.980010986328,347.950012207031,343.179992675781,344.470001220703,15451100,341.787811279297
2024-01-04,344.5,348.149993896484,343.399993896484,347.119995117188,12099900,344.417175292969
2024-01-05,346.989990234375,353.5,346.260009765625,351.950012207031,13920700,349.209594726562
2024-01-08,354.700012207031,358.980010986328,352.049987792969,358.660003662109,13890200,355.867309570312
2024-01-09,356.399993896484,360.640014648438,355.359985351562,357.429992675781,13463900,354.646881103516
2024-01-10,360.170013427734,372.940002441406,359.079986572266,370.470001220703,22117200,367.585388183594
2024-01-11,372.130004882812,372.779998779297,362.929992675781,369.670013427734,17205400,366.791656494141
2024-01-12,370.160003662109,377.059997558594,369.540008544922,374.489990234375,19310000,371.574096679688
2024-01-16,373.649993896484,375.609985351562,367.230010986328,367.459991455078,15306900,364.598785400391
2024-01-17,366.299987792969,368.540008544922,358.609985351562,368.369995117188,12724800,365.501708984375
2024-01-18,371.489990234375,376.850006103516,370.950012207031,376.130004882812,16354300,373.201324462891
2024-01-19,379,384.359985351562,377.970001220703,383.450012207031,21670800,380.464324951172
2024-01-22,387.950012207031,390.350006103516,381.160003662109,381.779998779297,17680500,378.807342529297
2024-01-23,384.619995117188,388.380004882812,382.079986572266,385.200012207031,15506100,382.200744628906
2024-01-24,390,396.149993896484,387.809997558594,390.700012207031,15698500,387.657897949219
2024-01-25,390.170013427734,395.489990234375,385.660003662109,393.179992675781,15091100,390.118591308594
2024-01-26,394.350006103516,396.790008544922,391.589996337891,394.140014648438,13163700,391.071105957031
2024-01-29,394.989990234375,402.929992675781,393.100006103516,401.019989013672,18742400,397.897491455078
2024-01-30,403.589996337891,406.359985351562,399.570007324219,400.059997558594,18614700,396.944976806641
2024-01-31,389,398,387.100006103516,390.140014648438,20180800,387.102233886719
2024-02-01,393.940002441406,400.5,393.049987792969,394.779998779297,29727100,391.706085205078
2024-02-02,459.600006103516,485.959991455078,453.010009765625,474.989990234375,84707600,471.29150390625
2024-02-05,469.880004882812,471.899993896484,459.220001220703,459.410003662109,40832400,455.832885742188
2024-02-06,464,467.119995117188,453,454.720001220703,21655200,451.179412841797
2024-02-07,458,471.519989013672,456.179992675781,469.589996337891,23066000,465.933563232422
2024-02-08,468.320007324219,470.589996337891,465.029998779297,470,18815100,466.340423583984
2024-02-09,472.950012207031,473.589996337891,467.470001220703,468.109985351562,18413100,464.465087890625
2024-02-12,468.190002441406,479.149993896484,466.579986572266,468.899993896484,19382000,465.248931884766
2024-02-13,456.869995117188,467.890014648438,455.089996337891,460.119995117188,20916600,456.537322998047
2024-02-14,467.929992675781,474.109985351562,466.089996337891,473.279998779297,16858400,469.594848632812
2024-02-15,475.279998779297,488.619995117188,472.220001220703,484.029998779297,24212300,480.261169433594
2024-02-16,478.109985351562,478.959991455078,469.209991455078,473.320007324219,23324600,469.634552001953
2024-02-20,469.720001220703,476.179992675781,466.559997558594,471.75,18015500,468.076782226562
2024-02-21,466.5,469,461.790008544922,468.029998779297,12921800,464.878448486328
2024-02-22,480.239990234375,489.989990234375,476.059997558594,486.130004882812,21625800,482.856567382812
2024-02-23,488.049987792969,494.359985351562,482.350006103516,484.029998779297,18374300,480.770721435547
2024-02-26,483.470001220703,486.140014648438,480.600006103516,481.739990234375,12101400,478.496124267578
2024-02-27,479.980010986328,487.269989013672,479.920013427734,487.049987792969,10809600,483.770355224609
2024-02-28,485,491.049987792969,482.75,484.019989013672,12715500,480.760772705078
2024-02-29,488.440002441406,491.700012207031,482.609985351562,490.130004882812,17732000,486.829681396484
2024-03-01,492.109985351562,504.25,491.850006103516,502.299987792969,16273600,498.917633056641
2024-03-04,503,504.420013427734,496.420013427734,498.190002441406,12324100,494.835418701172
2024-03-05,495,495.579986572266,487.890014648438,490.220001220703,15325300,486.919036865234
2024-03-06,497.630004882812,502.970001220703,494.290008544922,496.089996337891,11757900,492.74951171875
2024-03-07,503.279998779297,519.849975585938,501.380004882812,512.190002441406,18586400,508.741149902344
2024-03-08,514.190002441406,523.570007324219,499.350006103516,505.950012207031,18597100,502.543182373047
2024-03-11,497.010009765625,497.320007324219,476,483.589996337891,20428300,480.333648681641
2024-03-12,493.260009765625,502.309997558594,484.730010986328,499.75,15448200,496.384887695312
2024-03-13,495.390014648438,500.980010986328,491.029998779297,495.570007324219,12090700,492.233032226562
2024-03-14,500.260009765625,501.350006103516,488.160003662109,491.829986572266,12620000,488.518218994141
2024-03-15,489.010009765625,491.829986572266,481.299987792969,484.100006103516,29153600,480.840301513672
2024-03-18,491.910003662109,497.420013427734,486.809997558594,496.980010986328,11755300,493.633544921875
2024-03-19,488.170013427734,496.630004882812,481.279998779297,496.239990234375,10903100,492.898498535156
2024-03-20,499.5,508.200012207031,495.170013427734,505.519989013672,11711100,502.115966796875
2024-03-21,514.710021972656,515.039978027344,506.010009765625,507.760009765625,9712500,504.340942382812
2024-03-22,507,509.970001220703,504.339996337891,509.579986572266,8120600,506.148681640625
2024-03-25,505.790008544922,507.220001220703,500.239990234375,503.019989013672,8380600,499.6328125
2024-03-26,505.130004882812,510,495.209991455078,495.890014648438,11205400,492.550872802734
2024-03-27,499.299987792969,499.890014648438,488.070007324219,493.859985351562,9989700,490.534545898438
2024-03-28,492.839996337891,492.890014648438,485.149993896484,485.579986572266,15212800,482.310302734375
2024-04-01,487.200012207031,497.429992675781,481.779998779297,491.350006103516,9247000,488.041412353516
2024-04-02,485.100006103516,497.529998779297,484.649993896484,497.369995117188,11081000,494.020843505859
2024-04-03,498.929992675781,507.239990234375,498.75,506.739990234375,12099200,503.327819824219
2024-04-04,516.419982910156,530,510.579986572266,510.920013427734,26476300,507.479705810547
2024-04-05,516.859985351562,530.700012207031,514.409973144531,527.340026855469,19263300,523.789123535156
2024-04-08,529.280029296875,531.489990234375,518.890014648438,519.25,13260600,515.753540039062
2024-04-09,522.22998046875,525.869995117188,506.739990234375,516.900024414062,10863800,513.419372558594
2024-04-10,509.290008544922,522.559997558594,505.799987792969,519.830017089844,11418500,516.329711914062
2024-04-11,521.109985351562,523.859985351562,517.289978027344,523.159973144531,10369500,519.637145996094
2024-04-12,517.75,520.190002441406,509.329986572266,511.899993896484,11984500,508.453063964844
2024-04-15,516.719970703125,518.530029296875,497.279998779297,500.230010986328,13512900,496.861602783203
2024-04-16,498.109985351562,504.769989013672,497.109985351562,499.760009765625,9847900,496.394805908203
2024-04-17,503.100006103516,503.160003662109,487.140014648438,494.170013427734,12193700,490.842468261719
2024-04-18,499.820007324219,512.210021972656,499.040008544922,501.799987792969,14808700,498.421081542969
2024-04-19,502.799987792969,502.799987792969,475.730010986328,481.070007324219,25215400,477.830657958984
2024-04-22,489.720001220703,492.010009765625,473.399993896484,481.730010986328,17271100,478.486236572266
2024-04-23,491.25,498.760009765625,488.970001220703,496.100006103516,15079200,492.759460449219
2024-04-24,508.059997558594,510,484.579986572266,493.5,37772700,490.176971435547
2024-04-25,421.399993896484,445.769989013672,414.5,441.380004882812,82890700,438.407958984375
2024-04-26,441.459991455078,446.440002441406,431.959991455078,443.290008544922,32691400,440.305114746094
2024-04-29,439.559997558594,439.760009765625,428.559997558594,432.619995117188,21502600,429.706909179688
2024-04-30,431.049987792969,439.619995117188,429.720001220703,430.170013427734,18429500,427.273406982422
2024-05-01,428.600006103516,449.959991455078,427.109985351562,439.190002441406,20344900,436.232696533203
2024-05-02,438.839996337891,443.959991455078,432.279998779297,441.679992675781,15221300,438.705871582031
2024-05-03,445.929992675781,454.170013427734,443.850006103516,451.959991455078,16489100,448.916687011719
2024-05-06,455.579986572266,466.160003662109,453.339996337891,465.679992675781,15094600,462.544281005859
2024-05-07,466.290008544922,471.529998779297,461.309997558594,468.239990234375,13406800,465.087066650391
2024-05-08,463.5,475.579986572266,463,472.600006103516,11683900,469.417694091797
2024-05-09,470,476.079986572266,467.630004882812,475.420013427734,9437700,472.218688964844
2024-05-10,477.089996337891,477.5,469.600006103516,476.200012207031,10750000,472.993438720703
2024-05-13,472.75,473.350006103516,462.850006103516,468.010009765625,14668800,464.858642578125
2024-05-14,463.369995117188,472.540008544922,460.079986572266,471.850006103516,10478600,468.672729492188
2024-05-15,474.980010986328,482.5,471.200012207031,481.540008544922,13100500,478.297515869141
2024-05-16,475,477.690002441406,472.75,473.230010986328,16608200,470.04345703125
2024-05-17,470.829986572266,472.799987792969,468.420013427734,471.910003662109,10807300,468.732330322266
2024-05-20,469.950012207031,473.200012207031,467.040008544922,468.839996337891,11745100,465.682983398438
2024-05-21,467.119995117188,470.700012207031,462.269989013672,464.630004882812,11742200,461.501373291016
2024-05-22,467.869995117188,473.720001220703,465.649993896484,467.779998779297,10078600,464.630187988281
2024-05-23,472.880004882812,474.359985351562,461.540008544922,465.779998779297,11747900,462.643615722656
2024-05-24,467.619995117188,479.850006103516,466.299987792969,478.220001220703,12024300,474.999847412109
2024-05-28,476.579986572266,480.859985351562,474.839996337891,479.920013427734,10175800,476.688385009766
2024-05-29,474.660003662109,479.850006103516,473.700012207031,474.359985351562,9226200,471.165802001953
2024-05-30,471.670013427734,471.730010986328,464.709991455078,467.049987792969,10719600,463.905029296875
2024-05-31,465.799987792969,469.119995117188,454.459991455078,466.829986572266,16919800,463.686553955078
2024-06-03,470.859985351562,479.600006103516,468.239990234375,477.489990234375,11279400,474.274719238281
2024-06-04,477,478.890014648438,473.230010986328,476.989990234375,7088700,473.778076171875
2024-06-05,484.450012207031,496.649993896484,483.910003662109,495.059997558594,15690500,491.726409912109
2024-06-06,492.980010986328,502.820007324219,490.890014648438,493.760009765625,10667300,490.435180664062
2024-06-07,495.910003662109,498.910003662109,490.170013427734,492.959991455078,9380700,489.640563964844
2024-06-10,493.859985351562,502.660003662109,493.410003662109,502.600006103516,11220900,499.215728759766
2024-06-11,500.160003662109,507.600006103516,498.269989013672,507.470001220703,9673700,504.052856445312
2024-06-12,513.989990234375,514.010009765625,504.470001220703,508.839996337891,11983200,505.413665771484
2024-06-13,505.709991455078,509.359985351562,501.359985351562,504.100006103516,9954600,500.705627441406
2024-06-14,502.649993896484,507.149993896484,500.75,504.160003662109,10243300,501.262390136719
2024-06-17,501.670013427734,510.75,496.010009765625,506.630004882812,11266600,503.718170166016
2024-06-18,504.559997558594,506,495.019989013672,499.489990234375,13060400,496.619201660156
2024-06-20,502,503.670013427734,496.769989013672,501.700012207031,11801200,498.816467285156
2024-06-21,503.450012207031,503.450012207031,492.390014648438,494.779998779297,22359200,491.936309814453
2024-06-24,499.200012207031,507.799987792969,494.290008544922,498.910003662109,13525300,496.042572021484
2024-06-25,497.049987792969,510.709991455078,495.5,510.600006103516,12063200,507.665374755859
2024-06-26,506.649993896484,513.809997558594,504.679992675781,513.119995117188,8882300,510.170867919922
2024-06-27,514.25,522.880004882812,513.900024414062,519.559997558594,10121200,516.573791503906
2024-06-28,517.150024414062,521.880004882812,503.839996337891,504.220001220703,15855100,501.321990966797
2024-07-01,504.950012207031,506.579986572266,493.170013427734,504.679992675781,10328200,501.779388427734
2024-07-02,500.760009765625,510.5,499.450012207031,509.5,7739500,506.571716308594
2024-07-03,506.369995117188,511.279998779297,506.019989013672,509.959991455078,6005600,507.029022216797
2024-07-05,511.600006103516,540.869995117188,511.600006103516,539.909973144531,21354100,536.806823730469
2024-07-08,542.349975585938,542.809997558594,526.650024414062,529.320007324219,14917500,526.277770996094
2024-07-09,533.75,537.47998046875,528.190002441406,530,8753200,526.953918457031
2024-07-10,530.789978027344,538.880004882812,528.359985351562,534.690002441406,10983300,531.616882324219
2024-07-11,530.890014648438,535.460021972656,508.369995117188,512.700012207031,16458300,509.753326416016
2024-07-12,497.760009765625,508.089996337891,494.230010986328,498.869995117188,19750500,496.002777099609
2024-07-15,498.630004882812,506.679992675781,493.369995117188,496.160003662109,12539200,493.308288574219
2024-07-16,501.5,503.950012207031,485.790008544922,489.790008544922,14075800,486.975036621094
2024-07-17,479.170013427734,479.170013427734,459.119995117188,461.989990234375,28076600,459.334686279297
2024-07-18,475,479.239990234375,464.540008544922,475.850006103516,19267200,473.115112304688
2024-07-19,476.059997558594,486.709991455078,475.709991455078,476.790008544922,15149400,474.049682617188
2024-07-22,486.579986572266,492.059997558594,483.899993896484,487.399993896484,12023100,484.598693847656
2024-07-23,489.839996337891,495.220001220703,487.720001220703,488.690002441406,9455500,485.881317138672
2024-07-24,472.309997558594,476.299987792969,460.579986572266,461.269989013672,17649700,458.618835449219
2024-07-25,463.260009765625,463.549987792969,442.649993896484,453.410003662109,18240500,450.804046630859
2024-07-26,464.200012207031,469.769989013672,459.420013427734,465.700012207031,14222400,463.0234375
2024-07-29,469.880004882812,473.959991455078,465.019989013672,465.709991455078,11339600,463.033355712891
2024-07-30,467,472.730010986328,456.700012207031,463.190002441406,11390400,460.52783203125
2024-07-31,471.019989013672,476.5,466.75,474.829986572266,24285800,472.100921630859
2024-08-01,521,527.169982910156,492.100006103516,497.739990234375,43083100,494.879272460938
2024-08-02,489,501.149993896484,476.149993896484,488.140014648438,24044700,485.334442138672
2024-08-05,451.350006103516,483.480010986328,450.799987792969,475.730010986328,21396200,472.995758056641
2024-08-06,479,502.559997558594,478.649993896484,494.089996337891,20955000,491.250244140625
2024-08-07,503.130004882812,510.149993896484,486.859985351562,488.920013427734,20105300,486.110015869141
2024-08-08,497.5,509.959991455078,494.720001220703,509.630004882812,16156800,506.700927734375
2024-08-09,507.709991455078,518.340026855469,505.700012207031,517.77001953125,13696600,514.794189453125
2024-08-12,516.859985351562,518.02001953125,509.100006103516,515.950012207031,9767400,512.984558105469
2024-08-13,520.010009765625,531.5,518.150024414062,528.539978027344,13743800,525.502258300781
2024-08-14,528.059997558594,534,523.130004882812,526.760009765625,11444200,523.732482910156
2024-08-15,531.789978027344,539.77001953125,526.700012207031,537.330017089844,13482100,534.241821289062
2024-08-16,531.900024414062,533.659973144531,524.659973144531,527.419982910156,14776700,524.388671875
2024-08-19,526.869995117188,531.659973144531,522.760009765625,529.280029296875,9879700,526.238037109375
2024-08-20,528.349975585938,531.090026855469,525.880004882812,526.72998046875,7944400,523.702697753906
2024-08-21,527.150024414062,539.400024414062,526.929992675781,535.159973144531,13423300,532.084167480469
2024-08-22,537,544.22998046875,528.590026855469,531.929992675781,15708300,528.872802734375
2024-08-23,536.919982910156,539.869995117188,525.059997558594,528,11323900,524.965393066406
2024-08-26,527.599975585938,528,514.950012207031,521.119995117188,9584000,518.124938964844
2024-08-27,518.97998046875,524.010009765625,515.309997558594,519.099975585938,6282700,516.116394042969
2024-08-28,517.669982910156,521.090026855469,512.450012207031,516.780029296875,9106100,513.809875488281
2024-08-29,519.049987792969,527.200012207031,515.679992675781,518.219970703125,8317400,515.241516113281
2024-08-30,521.349975585938,523.539978027344,515.200012207031,521.309997558594,9157500,518.313720703125
2024-09-03,519.640014648438,525.489990234375,508.619995117188,511.760009765625,12459100,508.818664550781
2024-09-04,506.070007324219,516.590026855469,504.070007324219,512.739990234375,8335200,509.793060302734
2024-09-05,511.720001220703,521.630004882812,511.149993896484,516.859985351562,8640900,513.889343261719
2024-09-06,521.880004882812,524.580017089844,498.25,500.269989013672,14744500,497.394714355469
2024-09-09,506.160003662109,511.329986572266,502.079986572266,504.790008544922,11047800,501.888763427734
2024-09-10,508.160003662109,514.179992675781,500.029998779297,504.790008544922,9899000,501.888763427734
2024-09-11,507.010009765625,513.119995117188,495.600006103516,511.829986572266,10782500,508.888244628906
2024-09-12,517.049987792969,526.710021972656,515.219970703125,525.599975585938,11970500,522.579040527344
2024-09-13,520.340026855469,527.580017089844,517.109985351562,524.619995117188,10321400,521.604797363281
2024-09-16,524.539978027344,534.099975585938,517.400024414062,533.280029296875,9527600,530.720825195312
2024-09-17,537.599975585938,542.099975585938,530.570007324219,536.320007324219,11690800,533.746215820312
2024-09-18,537.070007324219,544.200012207031,533.900024414062,537.950012207031,10323500,535.368408203125
2024-09-19,550,562.070007324219,546.52001953125,559.099975585938,15647000,556.416870117188
2024-09-20,560,564.5,556.299987792969,561.349975585938,22066800,558.656127929688
2024-09-23,569.5,573.97998046875,562.409973144531,564.409973144531,12830700,561.701416015625
2024-09-24,566.679992675781,567.75,554.190002441406,563.330017089844,12993000,560.626647949219
2024-09-25,564.049987792969,576.880004882812,563.719970703125,568.309997558594,16543400,565.582702636719
2024-09-26,575.72998046875,577.400024414062,562.349975585938,567.840026855469,14400800,565.115051269531
2024-09-27,570.099975585938,570.840026855469,564.510009765625,567.359985351562,9398400,564.637268066406
2024-09-30,567.700012207031,574.679992675781,564.799987792969,572.440002441406,12792300,569.692932128906
2024-10-01,577.97998046875,583.039978027344,570.099975585938,576.469970703125,15259300,573.703552246094
2024-10-02,574.859985351562,576,569.340026855469,572.809997558594,6524700,570.061096191406
2024-10-03,570.150024414062,583.359985351562,568.72998046875,582.77001953125,11581000,579.973266601562
2024-10-04,583.72998046875,596.849975585938,581.429992675781,595.940002441406,14169500,593.080139160156
2024-10-07,598.219970703125,602.950012207031,584.039978027344,584.780029296875,12014200,581.973693847656
2024-10-08,589.690002441406,593.559997558594,585.969970703125,592.890014648438,7857400,590.044799804688
2024-10-09,593.989990234375,594.390014648438,581.609985351562,590.510009765625,9529700,587.676147460938
2024-10-10,587.570007324219,590.22998046875,582.52001953125,583.830017089844,7740400,581.028259277344
2024-10-11,584.830017089844,591.210021972656,582.710021972656,589.950012207031,8587100,587.118896484375
2024-10-14,594.219970703125,600.099975585938,589.960021972656,590.419982910156,8252000,587.586547851562
2024-10-15,590.159973144531,590.609985351562,580.140014648438,586.27001953125,9564200,583.456604003906
2024-10-16,581.400024414062,582.080017089844,574.030029296875,576.789978027344,11268400,574.021911621094
2024-10-17,583.330017089844,584.969970703125,575.200012207031,576.929992675781,8701200,574.161376953125
2024-10-18,581.099975585938,583.969970703125,575.25,576.469970703125,7694300,573.703552246094
2024-10-21,576.030029296875,577.239990234375,569.109985351562,575.159973144531,8171900,572.399780273438
2024-10-22,574.289978027344,583.530029296875,572.119995117188,582.010009765625,8544500,579.216979980469
2024-10-23,579.969970703125,585,562.5,563.690002441406,14248400,560.98486328125
2024-10-24,567.130004882812,568.880004882812,561.52001953125,567.780029296875,7184700,565.055236816406
2024-10-25,573.929992675781,581.289978027344,571.719970703125,573.25,11337900,570.4990234375
2024-10-28,582,583.75,574.119995117188,578.159973144531,10925100,575.385314941406
2024-10-29,580.150024414062,593.669982910156,575.400024414062,593.280029296875,13019100,590.432983398438
2024-10-30,600.97998046875,601.200012207031,589.380004882812,591.799987792969,26864900,588.9599609375
2024-10-31,585,589.900024414062,563.010009765625,567.580017089844,26838400,564.856201171875
2024-11-01,567.609985351562,573.669982910156,562.559997558594,567.159973144531,15303200,564.438232421875
2024-11-04,564.099975585938,568.690002441406,557.890014648438,560.679992675781,12064600,557.989318847656
2024-11-05,567.299987792969,573.47998046875,566.669982910156,572.429992675781,9775400,569.682983398438
2024-11-06,562.75,573,555.169982910156,572.049987792969,18305400,569.304748535156
2024-11-07,576.890014648438,594.799987792969,575.210021972656,591.700012207031,14653700,588.860534667969
2024-11-08,591.539978027344,593.099975585938,584.52001953125,589.340026855469,9415700,586.511901855469
2024-11-11,586.359985351562,587,576.510009765625,583.169982910156,10209100,580.371398925781
2024-11-12,588.539978027344,599.659973144531,580.380004882812,584.820007324219,16287700,582.013488769531
2024-11-13,582.609985351562,585.640014648438,575.169982910156,580,10757600,577.216613769531
2024-11-14,577,580.760009765625,573.010009765625,577.159973144531,11053700,574.390258789062
2024-11-15,571.219970703125,572.570007324219,551.5,554.080017089844,17712900,551.420959472656
2024-11-18,557.039978027344,559.900024414062,550.090026855469,554.400024414062,14327300,551.739501953125
2024-11-19,551.859985351562,561.429992675781,550.599975585938,561.090026855469,9522400,558.397338867188
2024-11-20,562.929992675781,566.349975585938,554.200012207031,565.52001953125,9797300,562.806091308594
2024-11-21,569.52001953125,570,549.049987792969,563.090026855469,11154700,560.387756347656
2024-11-22,563.549987792969,563.830017089844,554.590026855469,559.140014648438,9164000,556.456787109375
2024-11-25,562.099975585938,572.590026855469,556.390014648438,565.109985351562,13599800,562.398071289062
2024-11-26,566,577.5,565.200012207031,573.539978027344,10356600,570.78759765625
2024-11-27,574.890014648438,574.97998046875,564.099975585938,569.200012207031,7200200,566.468566894531
2024-11-29,569,578.460021972656,566.900024414062,574.320007324219,7130500,571.563842773438
2024-12-02,577.5,594.5,575.570007324219,592.830017089844,12522400,589.985046386719
2024-12-03,595,614.200012207031,591.25,613.650024414062,14907200,610.705139160156
2024-12-04,612.960021972656,617.780029296875,605.099975585938,613.780029296875,14697000,610.834533691406
2024-12-05,617.080017089844,619.900024414062,607.049987792969,608.929992675781,8081200,606.007690429688
2024-12-06,610.099975585938,629.789978027344,608.530029296875,623.77001953125,16935500,620.776672363281
2024-12-09,623.919982910156,626.400024414062,606.169982910156,613.570007324219,11426000,610.625549316406
2024-12-10,617.559997558594,625.590026855469,612.739990234375,619.320007324219,10938900,616.347961425781
2024-12-11,623.369995117188,638.400024414062,621.530029296875,632.679992675781,10837200,629.643798828125
2024-12-12,631.5,636.659973144531,627.210021972656,630.789978027344,7474700,627.762817382812
2024-12-13,627.219970703125,631.080017089844,616.890014648438,620.349975585938,8453300,617.372863769531
2024-12-16,629.97998046875,631.150024414062,618.580017089844,624.239990234375,10885600,621.745422363281
2024-12-17,626.169982910156,632.369995117188,616.539978027344,619.440002441406,12897800,616.964599609375
2024-12-18,621,627.359985351562,596.320007324219,597.190002441406,17075500,594.803527832031
2024-12-19,610.390014648438,611.52001953125,595,595.570007324219,14958100,593.190063476562
2024-12-20,590.580017089844,603.109985351562,580,585.25,48989400,582.911254882812
2024-12-23,589.599975585938,601.090026855469,586.25,599.849975585938,10205800,597.452880859375
2024-12-24,602.719970703125,607.989990234375,599.280029296875,607.75,4726100,605.3212890625
2024-12-26,605.47998046875,606.299987792969,598.940002441406,603.349975585938,6081400,600.938842773438
2024-12-27,599.409973144531,601.849975585938,589.799987792969,599.809997558594,8084200,597.413024902344
2024-12-30,588.75,596.940002441406,585.580017089844,591.239990234375,7025900,588.877258300781
2024-12-31,592.27001953125,593.969970703125,583.849975585938,585.510009765625,6019500,583.170227050781
2025-01-02,589.719970703125,604.909973144531,587.820007324219,599.239990234375,12682300,596.845336914062
2025-01-03,604.760009765625,609.5,596.409973144531,604.630004882812,11436800,602.213806152344
2025-01-06,611.830017089844,630.989990234375,605.619995117188,630.200012207031,14560800,627.681579589844
2025-01-07,631.700012207031,632.099975585938,608.22998046875,617.890014648438,12071500,615.420776367188
2025-01-08,613.400024414062,616.440002441406,602.789978027344,610.719970703125,10085800,608.279418945312
2025-01-10,610.030029296875,629.909973144531,597.340026855469,615.859985351562,19256600,613.398864746094
2025-01-13,607.099975585938,608.969970703125,598.450012207031,608.330017089844,10785000,605.899047851562
2025-01-14,605.070007324219,605.489990234375,588.549987792969,594.25,13598000,591.875305175781
2025-01-15,610.210021972656,622.460021972656,606.5,617.119995117188,15524300,614.653869628906
2025-01-16,611.5,616.25,609.710021972656,611.299987792969,8355300,608.857116699219
2025-01-17,624.049987792969,624.969970703125,603.669982910156,612.77001953125,17280600,610.3212890625
2025-01-21,617.830017089844,621.5,609.010009765625,616.460021972656,11674000,613.99658203125
2025-01-22,623.299987792969,633.700012207031,619.429992675781,623.5,12274000,621.008361816406
2025-01-23,627.359985351562,636.599975585938,621.150024414062,636.450012207031,9910200,633.906616210938
2025-01-24,636.400024414062,652,634.200012207031,647.489990234375,19065300,644.902587890625
2025-01-27,626.609985351562,663.869995117188,625.099975585938,659.880004882812,28399200,657.242980957031
2025-01-28,666,682.580017089844,659.469970703125,674.330017089844,20950100,671.63525390625
2025-01-29,675,681.049987792969,665.669982910156,676.489990234375,21377800,673.786682128906
2025-01-30,696.820007324219,710.789978027344,676.099975585938,687,29322900,684.254577636719
2025-01-31,691,705.299987792969,685.580017089844,689.179992675781,19303900,686.425903320312
2025-02-03,675.909973144531,704,675.25,697.460021972656,21415700,694.6728515625
2025-02-04,702.5,707.710021972656,691.609985351562,704.190002441406,13826300,701.375915527344
2025-02-05,703.549987792969,718.140014648438,699.010009765625,704.869995117188,17778200,702.05322265625
2025-02-06,705.880004882812,718.900024414062,703.5,711.989990234375,13080700,709.144775390625
2025-02-07,716.799987792969,725.010009765625,711.75,714.52001953125,16427100,711.664672851562
2025-02-10,718.559997558594,721.200012207031,711.330017089844,717.400024414062,12904300,714.533142089844
2025-02-11,713.320007324219,723.659973144531,710.039978027344,719.799987792969,12998000,716.923583984375
2025-02-12,715.299987792969,727.099975585938,712.599975585938,725.380004882812,12016500,722.481201171875
2025-02-13,721.52001953125,729,718.039978027344,728.559997558594,12569100,725.648559570312
2025-02-14,726.140014648438,740.909973144531,725.619995117188,736.669982910156,16901200,733.726135253906
2025-02-18,736,737,706.440002441406,716.369995117188,21938700,713.507263183594
2025-02-19,704.099975585938,707,695.390014648438,703.77001953125,17535500,700.95751953125
2025-02-20,697.280029296875,705.630004882812,693.640014648438,694.840026855469,12587400,692.063293457031
2025-02-21,696.580017089844,703.869995117188,682.359985351562,683.549987792969,15660400,680.818420410156
2025-02-24,686.280029296875,687.27001953125,662.450012207031,668.130004882812,15677000,665.460083007812
2025-02-25,665.969970703125,668,641.859985351562,657.5,20579700,654.872497558594
2025-02-26,659.650024414062,683.010009765625,658,673.700012207031,14488700,671.007873535156
2025-02-27,682.450012207031,688.650024414062,657.570007324219,658.239990234375,12500000,655.609436035156
2025-02-28,658.039978027344,669.630004882812,642.599975585938,668.200012207031,17534200,665.529724121094
2025-03-03,673.679992675781,681.25,650.840026855469,655.049987792969,10843800,652.432312011719
2025-03-04,645.510009765625,649.75,623.650024414062,640,21495200,637.442443847656
2025-03-05,641,659.5,637.659973144531,656.469970703125,13770000,653.846618652344
2025-03-06,648,650.559997558594,624.109985351562,627.929992675781,13446500,625.420654296875
2025-03-07,625.369995117188,634.789978027344,600.609985351562,625.659973144531,21375700,623.159729003906
2025-03-10,608.070007324219,610.109985351562,586.869995117188,597.989990234375,21999900,595.600280761719
2025-03-11,595.049987792969,614.929992675781,593.330017089844,605.710021972656,17401500,603.28955078125
2025-03-12,629.900024414062,633.330017089844,609.349975585938,619.559997558594,15747000,617.084106445312
2025-03-13,620.25,620.5,586.510009765625,590.640014648438,16480300,588.279663085938
2025-03-14,602.799987792969,608.859985351562,594.780029296875,607.599975585938,12364500,605.710266113281
2025-03-17,607.460021972656,613.099975585938,598,604.900024414062,15473900,603.018737792969
2025-03-18,600.049987792969,600.25,574.659973144531,582.359985351562,20297700,580.548767089844
2025-03-19,584.280029296875,592.320007324219,574.77001953125,584.059997558594,20537500,582.243530273438
2025-03-20,582.760009765625,610.200012207031,579.510009765625,586,24336500,584.177551269531
2025-03-21,583.419982910156,597.539978027344,580.950012207031,596.25,25015900,594.395629882812
2025-03-24,614.969970703125,622.539978027344,612.200012207031,618.849975585938,15741300,616.925231933594
2025-03-25,626.760009765625,633.880004882812,621.179992675781,626.309997558594,15312500,624.362121582031
2025-03-26,624.890014648438,626.75,606.609985351562,610.97998046875,12609800,609.079772949219
2025-03-27,602,614.25,600.099975585938,602.580017089844,10436500,600.705932617188
2025-03-28,600.309997558594,601.75,573.919982910156,576.739990234375,17602800,574.9462890625
2025-03-31,563.5,578.700012207031,553.299987792969,576.359985351562,21124700,574.567443847656
2025-04-01,570.840026855469,589.909973144531,570,586,12836600,584.177551269531
2025-04-02,574.909973144531,592.659973144531,573.359985351562,583.929992675781,13470800,582.114013671875
2025-04-03,546.219970703125,552.559997558594,530.299987792969,531.619995117188,34777500,529.966613769531
2025-04-04,506.619995117188,518,494.200012207031,504.730010986328,38589800,503.160278320312
2025-04-07,485.100006103516,539.369995117188,481.899993896484,516.25,36606100,514.644409179688
2025-04-08,543.25,547.429992675781,502.859985351562,510.450012207031,28034200,508.862487792969
2025-04-09,509.269989013672,587.890014648438,502.109985351562,585.77001953125,39216600,583.9482421875
2025-04-10,575.489990234375,581.299987792969,535.299987792969,546.289978027344,28173500,544.590942382812
2025-04-11,535.510009765625,547.400024414062,528.590026855469,543.570007324219,17642300,541.879516601562
2025-04-14,556.169982910156,557.77001953125,528.280029296875,531.47998046875,14130900,529.827026367188
2025-04-15,532.109985351562,537.940002441406,517.5,521.52001953125,15558700,519.898071289062
2025-04-16,508.510009765625,513.369995117188,495.630004882812,502.309997558594,18735100,500.747802734375
2025-04-17,505.25,507.299987792969,498.010009765625,501.480010986328,14593500,499.92041015625
2025-04-21,491.329986572266,493.5,479.799987792969,484.660003662109,16166000,483.152679443359
2025-04-22,491.869995117188,506.880004882812,486.359985351562,500.279998779297,17399400,498.72412109375
2025-04-23,528.530029296875,535.340026855469,516.52001953125,520.27001953125,18173900,518.651977539062
2025-04-24,518.72998046875,533.900024414062,517.5,533.150024414062,13910000,531.491943359375
2025-04-25,546.799987792969,549.859985351562,536.25,547.27001953125,17098900,545.567993164062
2025-04-28,555.640014648438,558.489990234375,540.590026855469,549.739990234375,15179000,548.0302734375
2025-04-29,546,556.570007324219,544.119995117188,554.440002441406,11835000,552.715637207031
2025-04-30,538.400024414062,549.099975585938,529.5,549,29244000,547.292541503906
2025-05-01,592.080017089844,592.950012207031,570.5,572.210021972656,31159000,570.430419921875
2025-05-02,583.460021972656,604.340026855469,578.330017089844,597.02001953125,24739300,595.163208007812
2025-05-05,591.219970703125,603.210021972656,588.049987792969,599.27001953125,13887700,597.40625
2025-05-06,592.530029296875,596.030029296875,586.580017089844,587.309997558594,10600700,585.4833984375
2025-05-07,590.359985351562,603.080017089844,586.669982910156,596.809997558594,13139100,594.953857421875
2025-05-08,606.289978027344,611.299987792969,596.619995117188,598.010009765625,14622800,596.150207519531
2025-05-09,603.719970703125,606.969970703125,591.710021972656,592.489990234375,10427300,590.647338867188
2025-05-12,630.919982910156,640.390014648438,621.030029296875,639.429992675781,21965100,637.441284179688
2025-05-13,645.539978027344,660.919982910156,642.830017089844,656.030029296875,18570800,653.989685058594
2025-05-14,661.210021972656,662.669982910156,654.309997558594,659.359985351562,12348200,657.309326171875
2025-05-15,654.280029296875,657.309997558594,638.580017089844,643.880004882812,14341800,641.877502441406
2025-05-16,637.960021972656,640.440002441406,626.150024414062,640.340026855469,18519000,638.348510742188
2025-05-19,628.25,643,627.799987792969,640.429992675781,9592400,638.438232421875
2025-05-20,636.010009765625,639.349975585938,632.260009765625,637.099975585938,6743500,635.118591308594
2025-05-21,631.789978027344,646.609985351562,630.169982910156,635.5,11464600,633.523620605469
2025-05-22,634.049987792969,643.25,630.710021972656,636.570007324219,8228400,634.590209960938
2025-05-23,624,632.450012207031,622.650024414062,627.059997558594,8454100,625.109802246094
2025-05-27,635.409973144531,643.080017089844,632.75,642.320007324219,9508400,640.322326660156
2025-05-28,642.599975585938,650.880004882812,642.549987792969,643.580017089844,9042900,641.578430175781
2025-05-29,651.650024414062,653.320007324219,639.5,645.049987792969,8858800,643.043762207031
2025-05-30,642.5,649.409973144531,632.780029296875,647.489990234375,16241000,645.476257324219
2025-06-02,644.390014648438,673.260009765625,644.260009765625,670.900024414062,15766300,668.8134765625
2025-06-03,671.450012207031,675.580017089844,665.030029296875,666.849975585938,11585000,664.776062011719
2025-06-04,669.320007324219,689,668.570007324219,687.950012207031,14031900,685.810485839844
2025-06-05,691.659973144531,694.380004882812,682.25,684.619995117188,13083100,682.490783691406
2025-06-06,696.169982910156,702.809997558594,691.869995117188,697.710021972656,11728000,695.540100097656
2025-06-09,698.460021972656,705.190002441406,693.940002441406,694.059997558594,12773200,691.901489257812
2025-06-10,701.349975585938,703.22998046875,691.559997558594,702.400024414062,10850100,700.215515136719
2025-06-11,703.710021972656,708.869995117188,691.989990234375,694.140014648438,9582500,691.981201171875
2025-06-12,693.299987792969,695.380004882812,687,693.359985351562,7322700,691.203552246094
2025-06-13,687.950012207031,694.570007324219,681.010009765625,682.869995117188,9274400,680.746215820312
2025-06-16,699.330017089844,707.150024414062,693.510009765625,702.119995117188,13720300,700.474914550781
2025-06-17,702,705.969970703125,696.059997558594,697.22998046875,10066100,695.596374511719
2025-06-18,698.179992675781,701.590026855469,694.900024414062,695.77001953125,10068300,694.139831542969
2025-06-20,700.75,701.820007324219,678.669982910156,682.349975585938,22538600,680.751159667969
2025-06-23,683.690002441406,699.049987792969,678.75,698.530029296875,11080100,696.893371582031
2025-06-24,704.890014648438,713.190002441406,702.109985351562,712.200012207031,13823200,710.531311035156
2025-06-25,713.320007324219,716.580017089844,705.380004882812,708.679992675781,9320400,707.019470214844
2025-06-26,714.359985351562,728.219970703125,711.049987792969,726.090026855469,13964800,724.388732910156
2025-06-27,726.52001953125,735.429992675781,725.859985351562,733.630004882812,18775700,731.9111328125
2025-06-30,744.549987792969,747.900024414062,734.25,738.090026855469,15402100,736.360656738281
2025-07-01,736.880004882812,737.75,715.369995117188,719.219970703125,13431200,717.534851074219
2025-07-02,715.330017089844,720.299987792969,712.799987792969,713.570007324219,9336700,711.898071289062
2025-07-03,726.609985351562,729.030029296875,714.419982910156,719.010009765625,8601700,717.325378417969
2025-07-07,717.599975585938,727,713.510009765625,718.349975585938,9457100,716.666870117188
2025-07-08,721.570007324219,722.909973144531,714.809997558594,720.669982910156,7770700,718.9814453125
2025-07-09,722.719970703125,737.530029296875,722.719970703125,732.780029296875,11418000,731.063110351562
2025-07-10,731.549987792969,735.799987792969,719.599975585938,727.239990234375,9913600,725.536010742188
2025-07-11,722.5,725.159973144531,709.700012207031,717.510009765625,10873900,715.828918457031
2025-07-14,717.599975585938,728,716.549987792969,720.919982910156,8939400,719.230834960938
2025-07-15,723.900024414062,724.469970703125,709.820007324219,710.390014648438,11529500,708.725524902344
2025-07-16,713.369995117188,713.969970703125,699.27001953125,702.909973144531,13067600,701.263000488281
2025-07-17,704.390014648438,705.900024414062,697.109985351562,701.409973144531,11803300,699.766540527344
2025-07-18,702.190002441406,704.710021972656,691.650024414062,704.280029296875,12779800,702.6298828125
2025-07-21,706.799987792969,717,705.760009765625,712.969970703125,9404400,711.299438476562
2025-07-22,716.190002441406,716.599975585938,701.409973144531,704.809997558594,8921100,703.158630371094
2025-07-23,706.369995117188,714.630004882812,704.929992675781,713.580017089844,8771600,711.908081054688
2025-07-24,717.049987792969,723.619995117188,714,714.799987792969,10920800,713.125244140625
2025-07-25,716.919982910156,720.650024414062,711.900024414062,712.679992675781,8271700,711.010131835938
2025-07-28,715.200012207031,724.739990234375,712.679992675781,717.630004882812,8715700,715.948547363281
2025-07-29,720,724.469970703125,699.909973144531,700,13267000,698.35986328125
2025-07-30,708.090026855469,708.5,691.200012207031,695.210021972656,27077300,693.581115722656
2025-07-31,775.200012207031,784.75,765.510009765625,773.440002441406,38831100,771.627807617188
2025-08-01,760.72998046875,766,745.309997558594,750.010009765625,19028700,748.252746582031
2025-08-04,760,776.849975585938,758.409973144531,776.369995117188,15801700,774.550964355469
2025-08-05,776.450012207031,783.130004882812,763,763.460021972656,11640300,761.671203613281
2025-08-06,770,773.640014648438,760.460021972656,771.989990234375,9733900,770.18115234375
2025-08-07,773.489990234375,775,759.549987792969,761.830017089844,9019700,760.044982910156
2025-08-08,762.75,769.900024414062,758.580017089844,769.299987792969,7320800,767.497497558594
2025-08-11,770.080017089844,773.460021972656,764.669982910156,765.869995117188,7612000,764.075561523438
2025-08-12,773,793.669982910156,772.429992675781,790,14563100,788.148986816406
2025-08-13,791.150024414062,795.460021972656,778.22998046875,780.080017089844,8811800,778.252319335938
2025-08-14,777.880004882812,787.809997558594,772.510009765625,782.130004882812,8116200,780.297424316406
2025-08-15,784.150024414062,796.25,780.820007324219,785.22998046875,13375400,783.390197753906
2025-08-18,775.090026855469,775.809997558594,756.559997558594,767.369995117188,16513700,765.572021484375
2025-08-19,767.119995117188,767.169982910156,749.359985351562,751.47998046875,12286700,749.719299316406
2025-08-20,747.570007324219,750.200012207031,731,747.719970703125,11898200,745.968017578125
2025-08-21,744.710021972656,745.5,733.109985351562,739.099975585938,8876300,737.368225097656
2025-08-22,739.22998046875,756.900024414062,734.390014648438,754.789978027344,10612700,753.021484375
2025-08-25,754.820007324219,758.880004882812,750.130004882812,753.299987792969,6861200,751.535034179688
2025-08-26,750.799987792969,754.869995117188,747.940002441406,754.099975585938,7601800,752.333129882812
2025-08-27,752.299987792969,754.150024414062,742.840026855469,747.380004882812,8315400,745.62890625
2025-08-28,744,753.049987792969,740.799987792969,751.109985351562,7468000,749.350158691406
2025-08-29,745.280029296875,747.140014648438,735.349975585938,738.700012207031,9070500,736.96923828125
2025-09-02,726.039978027344,736,721.72998046875,735.109985351562,9350900,733.387573242188
2025-09-03,736,740.25,733.989990234375,737.049987792969,7699300,735.323059082031
2025-09-04,748.570007324219,761.159973144531,745.820007324219,748.650024414062,11439100,746.895935058594
2025-09-05,752.619995117188,757.950012207031,745.030029296875,752.450012207031,9663400,750.68701171875
2025-09-08,756,766.510009765625,752.02001953125,752.299987792969,13087800,750.537353515625
2025-09-09,757.489990234375,766.299987792969,753.429992675781,765.700012207031,10999000,763.905944824219
2025-09-10,765.130004882812,765.700012207031,751,751.97998046875,12478300,750.218078613281
2025-09-11,754.650024414062,757.099975585938,748.369995117188,750.900024414062,7923300,749.140686035156
2025-09-12,748.72998046875,757.570007324219,743.760009765625,755.590026855469,8248600,753.819641113281
2025-09-15,757.469970703125,774.070007324219,751.989990234375,764.700012207031,10533800,762.908325195312
2025-09-16,767,781.359985351562,765.099975585938,779,11782500,777.1748046875
2025-09-17,779.989990234375,783.289978027344,766.309997558594,775.719970703125,9400900,773.902465820312
2025-09-18,780.75,788.780029296875,773.359985351562,780.25,10955000,778.421813964844
2025-09-19,786.419982910156,790.799987792969,769.190002441406,778.380004882812,23696800,776.556274414062
2025-09-22,781.849975585938,785.72998046875,764.469970703125,765.159973144531,11706900,763.882446289062
2025-09-23,769.25,770.599975585938,751.070007324219,755.400024414062,10872600,754.138793945312
2025-09-24,757.5,761.109985351562,752.530029296875,760.659973144531,8828200,759.389953613281
2025-09-25,753.450012207031,756.77001953125,744.549987792969,748.909973144531,10591100,747.659545898438
2025-09-26,750,751.929992675781,737.349975585938,743.75,9696300,742.508178710938
2025-09-29,748.719970703125,750.780029296875,739.150024414062,743.400024414062,9246800,742.158813476562
2025-09-30,742.25,742.969970703125,726.299987792969,734.380004882812,16226800,733.15380859375
2025-10-01,721.489990234375,721.849975585938,710.200012207031,717.340026855469,20419600,716.142333984375
2025-10-02,722.580017089844,727.77001953125,718.140014648438,727.049987792969,11415300,725.836059570312
2025-10-03,729.630004882812,731,710.179992675781,710.559997558594,16154300,709.373596191406
2025-10-06,705.190002441406,716.880004882812,690.510009765625,715.659973144531,21654700,714.465087890625
2025-10-07,717.719970703125,718.5,705.75,713.080017089844,12062900,711.889404296875
2025-10-08,713.450012207031,719.650024414062,707.809997558594,717.840026855469,10790600,716.641479492188
2025-10-09,718.280029296875,733.510009765625,712.440002441406,733.510009765625,12717200,732.285278320312
2025-10-10,730.919982910156,735.27001953125,704.510009765625,705.299987792969,16980100,704.122375488281
2025-10-13,713.010009765625,719.940002441406,707.640014648438,715.700012207031,9251800,714.505004882812
2025-10-14,707.780029296875,715.549987792969,699.330017089844,708.650024414062,8829800,707.466857910156
2025-10-15,717.059997558594,723.900024414062,709.510009765625,717.549987792969,10246800,716.351928710938
2025-10-16,717.549987792969,725.489990234375,703.880004882812,712.070007324219,9017000,710.881103515625
2025-10-17,707.080017089844,718.539978027344,706.119995117188,716.919982910156,12232400,715.722961425781
2025-10-20,721.190002441406,733.77001953125,720.179992675781,732.169982910156,8900200,730.947509765625
2025-10-21,736.02001953125,738.5,728.75,733.27001953125,7647300,732.045715332031
2025-10-22,733.830017089844,740.599975585938,724.030029296875,733.409973144531,8734500,732.185424804688
2025-10-23,734.700012207031,742.409973144531,733.099975585938,734,9856000,732.774475097656
2025-10-24,736.789978027344,741.210021972656,731.150024414062,738.359985351562,9151300,737.127136230469
2025-10-27,749.72998046875,755.75,748.010009765625,750.820007324219,11321100,749.56640625
2025-10-28,752.630004882812,758.400024414062,745.52001953125,751.440002441406,12193800,750.185363769531
2025-10-29,754.75,759.159973144531,742.510009765625,751.669982910156,26818600,750.414978027344
2025-10-30,669.150024414062,680.960021972656,650.169982910156,666.469970703125,88440100,665.357177734375
2025-10-31,674.510009765625,674.890014648438,645.570007324219,648.349975585938,56953200,647.267456054688
2025-11-03,656,659.330017089844,636.179992675781,637.710021972656,33003600,636.645263671875
2025-11-04,628.039978027344,641.739990234375,626.010009765625,627.320007324219,27356600,626.272583007812
2025-11-05,632.309997558594,642.22998046875,626.539978027344,635.950012207031,20219900,634.88818359375
2025-11-06,635.849975585938,636,618,618.940002441406,23628800,617.906555175781
2025-11-07,616.489990234375,622.130004882812,601.200012207031,621.710021972656,29946800,620.671936035156
2025-11-10,631.090026855469,635,618.109985351562,631.760009765625,19245000,630.705139160156
2025-11-11,628,629.559997558594,619.390014648438,627.080017089844,13302200,626.033020019531
2025-11-12,628.130004882812,628.989990234375,607.77001953125,609.010009765625,24493300,607.9931640625
2025-11-13,613.070007324219,617.650024414062,603,609.890014648438,20973800,608.871704101562
2025-11-14,601.789978027344,613.679992675781,595.200012207031,609.460021972656,20724100,608.442443847656
2025-11-17,609.039978027344,611.690002441406,595.400024414062,602.010009765625,16501300,601.004821777344
2025-11-18,591.599975585938,603.659973144531,583.780029296875,597.690002441406,25500600,596.692077636719
2025-11-19,593.719970703125,595.330017089844,581.25,590.320007324219,24744700,589.334350585938
2025-11-20,603.5,606.719970703125,583.349975585938,589.150024414062,20603000,588.166381835938
2025-11-21,588.5,598.119995117188,581.859985351562,594.25,21052600,593.2578125
2025-11-24,598.719970703125,616.700012207031,597.630004882812,613.049987792969,23554900,612.026428222656
2025-11-25,624,637.049987792969,618.299987792969,636.219970703125,25213000,635.15771484375
2025-11-26,637.690002441406,638.359985351562,631.630004882812,633.609985351562,15209500,632.552124023438
2025-11-28,636.080017089844,648.049987792969,635.5,647.950012207031,11033200,646.8681640625
2025-12-01,639.549987792969,645.320007324219,637.760009765625,640.869995117188,13029900,639.799987792969
2025-12-02,642.340026855469,647.869995117188,638.070007324219,647.099975585938,11640900,646.01953125
2025-12-03,644.409973144531,648.849975585938,637.549987792969,639.599975585938,11134300,638.532104492188
2025-12-04,676,676.099975585938,660.049987792969,661.530029296875,29874600,660.425476074219
2025-12-05,664,674.690002441406,662.390014648438,673.419982910156,21207900,672.295593261719
2025-12-08,669.340026855469,676.710021972656,665.070007324219,666.799987792969,13161000,665.686645507812
2025-12-09,663.77001953125,664.47998046875,653.340026855469,656.960021972656,12997100,655.863098144531
2025-12-10,649.950012207031,654.510009765625,643.400024414062,650.130004882812,16910900,649.044494628906
2025-12-11,643.289978027344,655.280029296875,640.799987792969,652.710021972656,13056700,651.620239257812
2025-12-12,649.799987792969,711,638.609985351562,644.22998046875,14016900,643.154357910156
2025-12-15,645.700012207031,653,638.700012207031,647.510009765625,15549100,646.956115722656
2025-12-16,643.5,662.539978027344,643.200012207031,657.150024414062,14309100,656.587890625
2025-12-17,655.609985351562,661.22998046875,649.200012207031,649.5,15598500,648.944396972656
2025-12-18,657.030029296875,670.559997558594,656.460021972656,664.450012207031,20260300,663.881591796875
2025-12-19,666.419982910156,671,658.179992675781,658.77001953125,49977100,658.206481933594
2025-12-22,661.650024414062,673.580017089844,656.650024414062,661.5,15659400,660.934143066406
2025-12-23,660.049987792969,666,658.25,664.940002441406,8486800,664.371154785156
2025-12-24,662.530029296875,668.179992675781,662.200012207031,667.549987792969,5627500,666.978942871094
2025-12-26,668.059997558594,668.950012207031,661.320007324219,663.289978027344,7133800,662.722595214844
2025-12-29,658.010009765625,660.25,654.390014648438,658.690002441406,8506500,658.126525878906
2025-12-30,658.690002441406,672.219970703125,657.840026855469,665.950012207031,9187500,665.380310058594
