"Date","MSFT.Open","MSFT.High","MSFT.Low","MSFT.Close","MSFT.Volume","MSFT.Adjusted"
2021-01-04,222.529998779297,223,214.809997558594,217.690002441406,37130100,208.406539916992
2021-01-05,217.259994506836,218.520004272461,215.699996948242,217.899993896484,23823000,208.607559204102
2021-01-06,212.169998168945,216.490005493164,211.940002441406,212.25,35930700,203.198547363281
2021-01-07,214.039993286133,219.339996337891,213.710006713867,218.289993286133,27694500,208.980911254883
2021-01-08,218.679992675781,220.580001831055,217.029998779297,219.619995117188,22956200,210.254196166992
2021-01-11,218.470001220703,218.910003662109,216.729995727539,217.490005493164,23031300,208.215087890625
2021-01-12,216.5,217.100006103516,213.320007324219,214.929992675781,23249300,205.764236450195
2021-01-13,214.020004272461,216.759994506836,213.929992675781,216.339996337891,20087100,207.114074707031
2021-01-14,215.910003662109,217.460006713867,212.740005493164,213.020004272461,29480800,203.935699462891
2021-01-15,213.520004272461,214.509994506836,212.029998779297,212.649993896484,31746500,203.581420898438
2021-01-19,213.75,216.979995727539,212.630004882812,216.440002441406,30480900,207.209838867188
2021-01-20,217.699996948242,225.789993286133,217.289993286133,224.339996337891,37777300,214.772933959961
2021-01-21,224.699996948242,226.300003051758,222.419998168945,224.970001220703,30709400,215.376098632812
2021-01-22,227.080001831055,230.070007324219,225.800003051758,225.949996948242,30172700,216.31428527832
2021-01-25,229.119995117188,229.779998779297,224.220001220703,229.529998779297,33152100,219.741622924805
2021-01-26,231.860000610352,234.179992675781,230.080001831055,232.330001831055,49169600,222.422149658203
2021-01-27,238,240.440002441406,230.139999389648,232.899993896484,69870600,222.967895507812
2021-01-28,235.610000610352,242.639999389648,235.089996337891,238.929992675781,49111200,228.740768432617
2021-01-29,235.990005493164,238.020004272461,231.350006103516,231.960006713867,42503100,222.068023681641
2021-02-01,235.059997558594,242.5,232.429992675781,239.649993896484,33314200,229.430053710938
2021-02-02,241.300003051758,242.309997558594,238.690002441406,239.509994506836,25916300,229.295974731445
2021-02-03,239.570007324219,245.089996337891,239.259994506836,243,27158100,232.63720703125
2021-02-04,242.660003662109,243.240005493164,240.369995117188,242.009994506836,25296100,231.689376831055
2021-02-05,242.229995727539,243.279998779297,240.419998168945,242.199996948242,18054800,231.871292114258
2021-02-08,243.149993896484,243.679992675781,240.809997558594,242.470001220703,22211900,232.129776000977
2021-02-09,241.869995117188,244.759994506836,241.380004882812,243.770004272461,23565000,233.37434387207
2021-02-10,245,245.919998168945,240.889999389648,242.820007324219,22186700,232.464874267578
2021-02-11,244.779998779297,245.149993896484,242.149993896484,244.490005493164,15751100,234.06364440918
2021-02-12,243.929992675781,245.300003051758,242.729995727539,244.990005493164,16561100,234.54231262207
2021-02-16,245.029998779297,246.130004882812,242.919998168945,243.699996948242,26728500,233.307327270508
2021-02-17,241.320007324219,244.309997558594,240.940002441406,244.199996948242,21653500,234.324432373047
2021-02-18,241.800003051758,243.929992675781,240.860000610352,243.789993286133,16925600,233.930999755859
2021-02-19,243.75,243.860000610352,240.179992675781,240.970001220703,25262600,231.22509765625
2021-02-22,237.419998168945,237.929992675781,232.399993896484,234.509994506836,36446900,225.026351928711
2021-02-23,230.330001831055,234.830001831055,228.729995727539,233.270004272461,30228700,223.836456298828
2021-02-24,230.009994506836,235.199996948242,229,234.550003051758,26339700,225.064697265625
2021-02-25,232.080001831055,234.589996337891,227.880004882812,228.990005493164,39542200,219.729553222656
2021-02-26,231.529998779297,235.369995117188,229.539993286133,232.380004882812,37819200,222.982467651367
2021-03-01,235.899993896484,237.470001220703,233.149993896484,236.940002441406,25324000,227.358047485352
2021-03-02,237.009994506836,237.300003051758,233.449996948242,233.869995117188,22812500,224.412216186523
2021-03-03,232.160003662109,233.580001831055,227.259994506836,227.559997558594,34029500,218.357391357422
2021-03-04,226.740005493164,232.490005493164,224.259994506836,226.729995727539,44727800,217.560958862305
2021-03-05,229.520004272461,233.270004272461,226.460006713867,231.600006103516,41872800,222.233993530273
2021-03-08,231.369995117188,233.369995117188,227.130004882812,227.389999389648,35267400,218.194259643555
2021-03-09,232.880004882812,235.380004882812,231.669998168945,233.779998779297,33080500,224.32585144043
2021-03-10,237,237,232.039993286133,232.419998168945,29746800,223.020843505859
2021-03-11,234.960006713867,239.169998168945,234.309997558594,237.130004882812,29907600,227.540420532227
2021-03-12,234.009994506836,235.820007324219,233.229995727539,235.75,22653700,226.216186523438
2021-03-15,234.960006713867,235.190002441406,231.809997558594,234.809997558594,26034900,225.314208984375
2021-03-16,236.279998779297,240.059997558594,235.940002441406,237.710006713867,28092200,228.096908569336
2021-03-17,236.149993896484,238.550003051758,233.229995727539,237.039993286133,29562100,227.454010009766
2021-03-18,232.559997558594,234.190002441406,230.330001831055,230.720001220703,34833000,221.389572143555
2021-03-19,231.020004272461,232.470001220703,229.350006103516,230.350006103516,46430700,221.034591674805
2021-03-22,230.270004272461,236.899993896484,230.139999389648,235.990005493164,30127000,226.446487426758
2021-03-23,237.490005493164,241.050003051758,237.070007324219,237.580001831055,31638400,227.972183227539
2021-03-24,237.850006103516,238,235.320007324219,235.460006713867,25620100,225.937927246094
2021-03-25,235.300003051758,236.940002441406,231.570007324219,232.339996337891,34061900,222.944091796875
2021-03-26,231.550003051758,236.710006713867,231.550003051758,236.479995727539,25479900,226.916641235352
2021-03-29,236.589996337891,236.800003051758,231.880004882812,235.240005493164,25227500,225.726821899414
2021-03-30,233.529998779297,233.850006103516,231.100006103516,231.850006103516,24792000,222.473922729492
2021-03-31,232.910003662109,239.100006103516,232.389999389648,235.770004272461,43623500,226.235397338867
2021-04-01,238.470001220703,242.839996337891,238.050003051758,242.350006103516,30338000,232.549285888672
2021-04-05,242.759994506836,249.960006713867,242.699996948242,249.070007324219,36910600,238.997528076172
2021-04-06,247.610000610352,249.399993896484,246.880004882812,247.860000610352,22931900,237.83642578125
2021-04-07,247.809997558594,250.929992675781,247.190002441406,249.899993896484,22719800,239.7939453125
2021-04-08,252.770004272461,254.139999389648,252,253.25,23625200,243.00846862793
2021-04-09,252.869995117188,255.990005493164,252.440002441406,255.850006103516,24326800,245.503356933594
2021-04-12,254.710006713867,257.670013427734,254.619995117188,255.910003662109,27148700,245.560928344727
2021-04-13,257.260009765625,259.190002441406,256.829986572266,258.489990234375,23837500,248.036605834961
2021-04-14,257.480010986328,258.829986572266,255.160003662109,255.589996337891,23070900,245.253829956055
2021-04-15,257.929992675781,259.929992675781,257.730010986328,259.5,25627500,249.005676269531
2021-04-16,259.470001220703,261,257.600006103516,260.739990234375,24878600,250.195556640625
2021-04-19,260.190002441406,261.480010986328,257.820007324219,258.739990234375,23209300,248.276443481445
2021-04-20,257.820007324219,260.200012207031,256.839996337891,258.260009765625,19722900,247.815872192383
2021-04-21,258.940002441406,260.679992675781,257.25,260.579986572266,24030400,250.042022705078
2021-04-22,260.209991455078,261.779998779297,255.639999389648,257.170013427734,25606200,246.769958496094
2021-04-23,257.880004882812,261.510009765625,257.269989013672,261.149993896484,21462600,250.588958740234
2021-04-26,261.660003662109,262.440002441406,260.170013427734,261.549987792969,19763300,250.972778320312
2021-04-27,261.579986572266,263.190002441406,260.119995117188,261.970001220703,31014200,251.375823974609
2021-04-28,256.079986572266,256.540008544922,252.949996948242,254.559997558594,46903100,244.265487670898
2021-04-29,255.460006713867,256.100006103516,249,252.509994506836,40589000,242.298416137695
2021-04-30,249.740005493164,253.080001831055,249.600006103516,252.179992675781,30945100,241.981735229492
2021-05-03,253.399993896484,254.350006103516,251.119995117188,251.860000610352,19626600,241.674682617188
2021-05-04,250.970001220703,251.210006713867,245.759994506836,247.789993286133,32756100,237.769256591797
2021-05-05,249.059997558594,249.5,245.820007324219,246.470001220703,21901300,236.502670288086
2021-05-06,246.449996948242,249.860000610352,244.690002441406,249.729995727539,26491100,239.630813598633
2021-05-07,252.149993896484,254.300003051758,251.169998168945,252.460006713867,27032900,242.250427246094
2021-05-10,250.869995117188,251.729995727539,247.119995117188,247.179992675781,29299900,237.183929443359
2021-05-11,244.550003051758,246.600006103516,242.570007324219,246.229995727539,33641600,236.272384643555
2021-05-12,242.169998168945,244.380004882812,238.070007324219,239,36684400,229.334732055664
2021-05-13,241.800003051758,245.600006103516,241.419998168945,243.029998779297,29624300,233.201782226562
2021-05-14,245.580001831055,249.179992675781,245.490005493164,248.149993896484,23901100,238.114730834961
2021-05-17,246.550003051758,246.589996337891,243.520004272461,245.179992675781,24970200,235.264831542969
2021-05-18,246.270004272461,246.410003662109,242.899993896484,243.080001831055,20168000,233.249725341797
2021-05-19,239.309997558594,243.229995727539,238.600006103516,243.119995117188,25739800,233.826812744141
2021-05-20,243.960006713867,247.949996948242,243.860000610352,246.479995727539,21800700,237.058395385742
2021-05-21,247.570007324219,248.330001831055,244.740005493164,245.169998168945,21863100,235.798461914062
2021-05-24,247.789993286133,251.160003662109,247.509994506836,250.779998779297,21411500,241.193984985352
2021-05-25,251.770004272461,252.75,250.820007324219,251.720001220703,17704300,242.098068237305
2021-05-26,251.429992675781,252.940002441406,250.75,251.490005493164,17771600,241.876861572266
2021-05-27,251.169998168945,251.479995727539,249.25,249.309997558594,24426200,239.780166625977
2021-05-28,251,252.080001831055,249.559997558594,249.679992675781,18270200,240.136077880859
2021-06-01,251.229995727539,251.289993286133,246.960006713867,247.399993896484,23213300,237.943206787109
2021-06-02,248.130004882812,249.270004272461,245.839996337891,247.300003051758,19406700,237.847030639648
2021-06-03,245.220001220703,246.339996337891,243,245.710006713867,25307700,236.317810058594
2021-06-04,247.759994506836,251.649993896484,247.509994506836,250.789993286133,25281100,241.203628540039
2021-06-07,249.979995727539,254.089996337891,249.809997558594,253.809997558594,23079200,244.108200073242
2021-06-08,255.160003662109,256.010009765625,252.509994506836,252.570007324219,22455000,242.915588378906
2021-06-09,253.809997558594,255.529998779297,253.210006713867,253.589996337891,17937600,243.896591186523
2021-06-10,254.289993286133,257.459991455078,253.669998168945,257.239990234375,24563600,247.407073974609
2021-06-11,257.989990234375,258.489990234375,256.609985351562,257.890014648438,18999700,248.032241821289
2021-06-14,257.899993896484,259.950012207031,256.799987792969,259.890014648438,19150500,249.955780029297
2021-06-15,259.769989013672,259.989990234375,257.679992675781,258.359985351562,18038900,248.484222412109
2021-06-16,259.399993896484,260.579986572266,254.419998168945,257.380004882812,27220000,247.541702270508
2021-06-17,256.070007324219,261.75,256.010009765625,260.899993896484,27565500,250.927200317383
2021-06-18,259.630004882812,262.299987792969,258.75,259.429992675781,37202200,249.513320922852
2021-06-21,259.820007324219,263.519989013672,257.920013427734,262.630004882812,26696100,252.591064453125
2021-06-22,262.720001220703,265.790008544922,262.399993896484,265.510009765625,24694100,255.360961914062
2021-06-23,265.989990234375,266.829986572266,264.429992675781,265.269989013672,19518700,255.130126953125
2021-06-24,266.160003662109,267.850006103516,265.470001220703,266.690002441406,21446900,256.495910644531
2021-06-25,266.230010986328,267.25,264.760009765625,265.019989013672,25611100,254.889617919922
2021-06-28,266.190002441406,268.899993896484,265.910003662109,268.720001220703,19590000,258.448272705078
2021-06-29,268.869995117188,271.649993896484,267.980010986328,271.399993896484,19937800,261.025848388672
2021-06-30,270.690002441406,271.359985351562,269.600006103516,270.899993896484,21656500,260.544921875
2021-07-01,269.609985351562,271.839996337891,269.600006103516,271.600006103516,16725300,261.218139648438
2021-07-02,272.820007324219,278,272.5,277.649993896484,26458000,267.036895751953
2021-07-06,278.029998779297,279.369995117188,274.299987792969,277.660003662109,31565600,267.046600341797
2021-07-07,279.399993896484,280.690002441406,277.149993896484,279.929992675781,23260000,269.229797363281
2021-07-08,276.899993896484,278.730010986328,274.869995117188,277.420013427734,24618600,266.815765380859
2021-07-09,275.720001220703,278.049987792969,275.320007324219,277.940002441406,23916700,267.315795898438
2021-07-12,279.160003662109,279.769989013672,276.579986572266,277.320007324219,18931700,266.719573974609
2021-07-13,277.519989013672,282.850006103516,277.390014648438,280.980010986328,26120100,270.239685058594
2021-07-14,282.350006103516,283.660003662109,280.549987792969,282.510009765625,23113700,271.711181640625
2021-07-15,282,282.510009765625,279.829986572266,281.029998779297,22604200,270.287780761719
2021-07-16,282.070007324219,284.100006103516,279.459991455078,280.75,26186800,270.018402099609
2021-07-19,278.929992675781,280.369995117188,274.450012207031,277.010009765625,32935600,266.421447753906
2021-07-20,278.029998779297,280.970001220703,276.260009765625,279.320007324219,26259700,268.643127441406
2021-07-21,278.899993896484,281.519989013672,277.290008544922,281.399993896484,24364300,270.643615722656
2021-07-22,283.839996337891,286.420013427734,283.420013427734,286.140014648438,23384100,275.202423095703
2021-07-23,287.369995117188,289.989990234375,286.5,289.670013427734,22768100,278.597473144531
2021-07-26,289,289.690002441406,286.640014648438,289.049987792969,23176100,278.001159667969
2021-07-27,289.429992675781,289.579986572266,282.950012207031,286.540008544922,33604100,275.587158203125
2021-07-28,288.989990234375,290.149993896484,283.829986572266,286.220001220703,33566900,275.279388427734
2021-07-29,286.239990234375,288.619995117188,286.079986572266,286.5,18168300,275.548645019531
2021-07-30,285.170013427734,286.660003662109,283.910003662109,284.910003662109,20944800,274.019348144531
2021-08-02,286.359985351562,286.769989013672,283.739990234375,284.820007324219,16267400,273.932800292969
2021-08-03,285.420013427734,287.230010986328,284,287.119995117188,17879000,276.144897460938
2021-08-04,286.220001220703,287.589996337891,284.649993896484,286.510009765625,16191300,275.558258056641
2021-08-05,286.880004882812,289.630004882812,286.100006103516,289.519989013672,13900200,278.453186035156
2021-08-06,288.510009765625,289.5,287.619995117188,289.459991455078,16589300,278.3955078125
2021-08-09,289.75,291.549987792969,287.809997558594,288.329986572266,16117600,277.308685302734
2021-08-10,288.799987792969,289.25,285.200012207031,286.440002441406,18616600,275.490875244141
2021-08-11,287.209991455078,288.660003662109,285.859985351562,286.950012207031,13955900,275.9814453125
2021-08-12,286.630004882812,289.970001220703,286.339996337891,289.809997558594,14561300,278.732116699219
2021-08-13,289.480010986328,292.899993896484,289.299987792969,292.850006103516,18249000,281.655883789062
2021-08-16,293.190002441406,294.820007324219,290.019989013672,294.600006103516,22507600,283.339019775391
2021-08-17,292.390014648438,293.429992675781,291.079986572266,293.079986572266,20075300,281.877044677734
2021-08-18,292.040008544922,294.820007324219,290.269989013672,290.730010986328,21813000,280.152221679688
2021-08-19,288.690002441406,297.470001220703,288.640014648438,296.769989013672,29850500,285.972503662109
2021-08-20,299.720001220703,305.839996337891,298.059997558594,304.359985351562,40817600,293.286346435547
2021-08-23,303.25,305.399993896484,301.850006103516,304.649993896484,22830200,293.565734863281
2021-08-24,305.019989013672,305.649993896484,302,302.619995117188,18175800,291.609741210938
2021-08-25,304.299987792969,304.589996337891,300.420013427734,302.010009765625,20006100,291.021820068359
2021-08-26,300.989990234375,302.429992675781,298.950012207031,299.089996337891,17666100,288.208129882812
2021-08-27,298.989990234375,300.869995117188,296.829986572266,299.720001220703,22605700,288.815124511719
2021-08-30,301.119995117188,304.220001220703,301.059997558594,303.589996337891,16348100,292.544281005859
2021-08-31,304.420013427734,304.5,301.5,301.880004882812,26285300,290.896514892578
2021-09-01,302.869995117188,305.190002441406,301.489990234375,301.829986572266,18983800,290.848419189453
2021-09-02,302.200012207031,303.359985351562,300.179992675781,301.149993896484,16285600,290.193115234375
2021-09-03,300.989990234375,302.600006103516,300.260009765625,301.140014648438,14747900,290.183502197266
2021-09-07,301.010009765625,301.089996337891,298.200012207031,300.179992675781,17180400,289.258422851562
2021-09-08,299.779998779297,300.609985351562,297.470001220703,300.209991455078,15046800,289.287292480469
2021-09-09,300.820007324219,302.140014648438,297,297.25,19927000,286.435028076172
2021-09-10,298.420013427734,299.920013427734,295.380004882812,295.709991455078,19633400,284.951049804688
2021-09-13,297.549987792969,298.540008544922,294.079986572266,296.989990234375,23652900,286.184448242188
2021-09-14,299.559997558594,301.390014648438,298.100006103516,299.790008544922,21853400,288.882659912109
2021-09-15,303.260009765625,305.320007324219,301.820007324219,304.820007324219,28356300,293.729583740234
2021-09-16,303.760009765625,305.309997558594,300.760009765625,305.220001220703,19550800,294.115051269531
2021-09-17,304.170013427734,304.5,299.529998779297,299.869995117188,41372500,288.959716796875
2021-09-20,296.329986572266,298.720001220703,289.519989013672,294.299987792969,38278700,283.59228515625
2021-09-21,295.690002441406,297.540008544922,294.070007324219,294.799987792969,22364100,284.074096679688
2021-09-22,296.730010986328,300.220001220703,294.510009765625,298.579986572266,26626300,287.716613769531
2021-09-23,298.850006103516,300.899993896484,297.529998779297,299.559997558594,18604600,288.661010742188
2021-09-24,298.230010986328,299.799987792969,296.929992675781,299.350006103516,14999000,288.458648681641
2021-09-27,296.140014648438,296.470001220703,292.940002441406,294.170013427734,23571700,283.467102050781
2021-09-28,289.799987792969,290.779998779297,282.75,283.519989013672,43186200,273.204650878906
2021-09-29,285.100006103516,286.769989013672,283.010009765625,284,26353700,273.667053222656
2021-09-30,285.709991455078,287.829986572266,281.619995117188,281.920013427734,32343600,271.662811279297
2021-10-01,282.119995117188,289.980010986328,281.290008544922,289.100006103516,30086300,278.581634521484
2021-10-04,287.399993896484,287.75,280.25,283.109985351562,31350700,272.809478759766
2021-10-05,284.049987792969,290.399993896484,284.049987792969,288.760009765625,24993000,278.253936767578
2021-10-06,285.779998779297,293.630004882812,285.510009765625,293.109985351562,28002600,282.445587158203
2021-10-07,295.179992675781,296.640014648438,293.920013427734,294.850006103516,20430500,284.122344970703
2021-10-08,296.220001220703,296.640014648438,293.760009765625,294.850006103516,17685700,284.122344970703
2021-10-11,292.920013427734,297.970001220703,292.75,294.230010986328,19298600,283.524932861328
2021-10-12,295.339996337891,295.440002441406,292.350006103516,292.880004882812,17974100,282.224060058594
2021-10-13,294.910003662109,297.279998779297,293.489990234375,296.309997558594,23416300,285.529235839844
2021-10-14,299.209991455078,303.269989013672,297.829986572266,302.75,27262900,291.734954833984
2021-10-15,302.339996337891,304.450012207031,300.519989013672,304.209991455078,25384800,293.141784667969
2021-10-18,303.570007324219,308.209991455078,302.690002441406,307.290008544922,22729300,296.109710693359
2021-10-19,308.350006103516,309.299987792969,307.220001220703,308.230010986328,17682100,297.015533447266
2021-10-20,309.209991455078,309.700012207031,306.109985351562,307.410003662109,16537100,296.225372314453
2021-10-21,307.170013427734,311.019989013672,306.359985351562,310.760009765625,16918100,299.453460693359
2021-10-22,310.399993896484,311.089996337891,307.799987792969,309.160003662109,17449300,297.911590576172
2021-10-25,309.359985351562,309.399993896484,306.459991455078,308.130004882812,17554500,296.919189453125
2021-10-26,311,312.399993896484,308.600006103516,310.109985351562,28107300,298.8271484375
2021-10-27,316,326.100006103516,316,323.170013427734,52588700,311.411926269531
2021-10-28,324.329986572266,324.869995117188,321.359985351562,324.350006103516,26297900,312.549072265625
2021-10-29,324.130004882812,332,323.899993896484,331.619995117188,34766000,319.554565429688
2021-11-01,331.359985351562,331.489990234375,326.369995117188,329.369995117188,27073200,317.386383056641
2021-11-02,330.309997558594,333.450012207031,330,333.130004882812,26487100,321.009613037109
2021-11-03,333.899993896484,334.899993896484,330.649993896484,334,21500100,321.847900390625
2021-11-04,332.890014648438,336.540008544922,329.510009765625,336.440002441406,23992200,324.199188232422
2021-11-05,338.510009765625,338.790008544922,334.420013427734,336.059997558594,22570100,323.832977294922
2021-11-08,337.299987792969,337.649993896484,334.440002441406,336.989990234375,20897000,324.729187011719
2021-11-09,337.109985351562,338.720001220703,334.529998779297,335.950012207031,21307400,323.72705078125
2021-11-10,334.570007324219,334.630004882812,329.920013427734,330.799987792969,25500900,318.764312744141
2021-11-11,331.25,333.769989013672,330.510009765625,332.429992675781,16849800,320.334991455078
2021-11-12,333.920013427734,337.230010986328,333.790008544922,336.720001220703,23831000,324.468963623047
2021-11-15,337.540008544922,337.880004882812,334.029998779297,336.070007324219,16723000,323.842651367188
2021-11-16,335.679992675781,340.670013427734,335.510009765625,339.510009765625,20886800,327.157440185547
2021-11-17,338.940002441406,342.190002441406,338,339.119995117188,19053400,327.379486083984
2021-11-18,338.179992675781,342.450012207031,337.119995117188,341.269989013672,22463500,329.455047607422
2021-11-19,342.640014648438,345.100006103516,342.200012207031,343.109985351562,21963400,331.231384277344
2021-11-22,344.619995117188,349.670013427734,339.549987792969,339.829986572266,31031100,328.064910888672
2021-11-23,337.049987792969,339.450012207031,333.559997558594,337.679992675781,30427600,325.989288330078
2021-11-24,336.279998779297,338.160003662109,333.910003662109,337.910003662109,21661300,326.211364746094
2021-11-26,334.350006103516,337.929992675781,328.119995117188,329.679992675781,24217200,318.266265869141
2021-11-29,334.940002441406,339.029998779297,334.739990234375,336.630004882812,28563500,324.975677490234
2021-11-30,335.320007324219,337.779998779297,328.989990234375,330.589996337891,42885600,319.144836425781
2021-12-01,335.130004882812,339.279998779297,329.390014648438,330.079986572266,33337600,318.652465820312
2021-12-02,330.299987792969,333.489990234375,327.799987792969,329.489990234375,30766000,318.082885742188
2021-12-03,331.989990234375,332.700012207031,318.029998779297,323.010009765625,41779300,311.827301025391
2021-12-06,323.950012207031,327.450012207031,319.230010986328,326.190002441406,30032600,314.897155761719
2021-12-07,331.640014648438,335.799987792969,330.100006103516,334.920013427734,31021900,323.324951171875
2021-12-08,335.309997558594,335.5,330.799987792969,334.970001220703,24761000,323.373168945312
2021-12-09,334.410003662109,336.489990234375,332.119995117188,333.100006103516,22214200,321.567962646484
2021-12-10,334.980010986328,343,334.790008544922,342.540008544922,38095700,330.68115234375
2021-12-13,340.679992675781,343.790008544922,339.079986572266,339.399993896484,28899400,327.649810791016
2021-12-14,333.220001220703,334.640014648438,324.109985351562,328.339996337891,44438700,316.97265625
2021-12-15,328.609985351562,335.190002441406,324.5,334.649993896484,35381100,323.064239501953
2021-12-16,335.709991455078,336.760009765625,323.019989013672,324.899993896484,35034800,313.651733398438
2021-12-17,320.880004882812,324.920013427734,317.25,323.799987792969,47750300,312.589935302734
2021-12-20,320.049987792969,322.799987792969,317.570007324219,319.910003662109,28326500,308.834533691406
2021-12-21,323.290008544922,327.730010986328,319.799987792969,327.290008544922,24740600,315.959136962891
2021-12-22,328.299987792969,333.609985351562,325.75,333.200012207031,24831500,321.664398193359
2021-12-23,332.75,336.390014648438,332.730010986328,334.690002441406,19617800,323.102905273438
2021-12-27,335.459991455078,342.480010986328,335.429992675781,342.450012207031,19947000,330.59423828125
2021-12-28,343.149993896484,343.809997558594,340.320007324219,341.25,15661500,329.435791015625
2021-12-29,341.299987792969,344.299987792969,339.679992675781,341.950012207031,15042000,330.111480712891
2021-12-30,341.910003662109,343.130004882812,338.820007324219,339.320007324219,15994500,327.572509765625
2021-12-31,338.510009765625,339.359985351562,335.850006103516,336.320007324219,18000800,324.676422119141
2022-01-03,335.350006103516,338,329.779998779297,334.75,28865100,323.160766601562
2022-01-04,334.829986572266,335.200012207031,326.119995117188,329.010009765625,32674300,317.619506835938
2022-01-05,325.859985351562,326.070007324219,315.980010986328,316.380004882812,40054300,305.4267578125
2022-01-06,313.149993896484,318.700012207031,311.489990234375,313.880004882812,39646100,303.013305664062
2022-01-07,314.149993896484,316.5,310.089996337891,314.040008544922,32720000,303.167755126953
2022-01-10,309.489990234375,314.720001220703,304.690002441406,314.269989013672,44289500,303.389739990234
2022-01-11,313.380004882812,316.609985351562,309.890014648438,314.980010986328,29386800,304.075256347656
2022-01-12,319.670013427734,323.410003662109,317.079986572266,318.269989013672,34372200,307.251281738281
2022-01-13,320.470001220703,320.880004882812,304,304.799987792969,45366000,294.247650146484
2022-01-14,304.25,310.820007324219,303.75,310.200012207031,39846400,299.460693359375
2022-01-18,304.070007324219,309.799987792969,301.739990234375,302.649993896484,42333200,292.172058105469
2022-01-19,306.290008544922,313.910003662109,302.700012207031,303.329986572266,45933900,292.828491210938
2022-01-20,309.070007324219,311.649993896484,301.140014648438,301.600006103516,35380700,291.158416748047
2022-01-21,302.690002441406,304.109985351562,295.609985351562,296.029998779297,57984400,285.781341552734
2022-01-24,292.200012207031,297.109985351562,276.049987792969,296.369995117188,85731500,286.109497070312
2022-01-25,291.519989013672,294.989990234375,285.170013427734,288.489990234375,72848600,278.502349853516
2022-01-26,307.989990234375,308.5,293.029998779297,296.709991455078,90428900,286.437774658203
2022-01-27,302.660003662109,307.299987792969,297.929992675781,299.839996337891,53481300,289.459411621094
2022-01-28,300.230010986328,308.480010986328,294.450012207031,308.260009765625,49743700,297.587860107422
2022-01-31,308.950012207031,312.380004882812,306.369995117188,310.980010986328,46444500,300.213653564453
2022-02-01,310.410003662109,310.630004882812,305.130004882812,308.760009765625,40950400,298.070556640625
2022-02-02,309.630004882812,315.119995117188,308.880004882812,313.459991455078,36636000,302.607849121094
2022-02-03,309.489990234375,311.230010986328,299.959991455078,301.25,43730000,290.820526123047
2022-02-04,300.209991455078,308.799987792969,299.970001220703,305.940002441406,35096500,295.348205566406
2022-02-07,306.170013427734,307.839996337891,299.899993896484,300.950012207031,28533300,290.530944824219
2022-02-08,301.25,305.559997558594,299.950012207031,304.559997558594,32421200,294.015960693359
2022-02-09,309.869995117188,311.929992675781,307.390014648438,311.209991455078,31284700,300.435760498047
2022-02-10,304.040008544922,309.119995117188,300.700012207031,302.380004882812,45386200,291.911468505859
2022-02-11,303.190002441406,304.290008544922,294.220001220703,295.040008544922,39175600,284.825561523438
2022-02-14,293.769989013672,296.760009765625,291.350006103516,295,36359500,284.786926269531
2022-02-15,300.010009765625,300.799987792969,297.019989013672,300.470001220703,27058300,290.067596435547
2022-02-16,298.369995117188,300.869995117188,293.679992675781,299.5,29982100,289.728942871094
2022-02-17,296.359985351562,296.799987792969,290,290.730010986328,32461600,281.2451171875
2022-02-18,293.049987792969,293.859985351562,286.309997558594,287.929992675781,34264000,278.536499023438
2022-02-22,285,291.540008544922,284.5,287.720001220703,41736100,278.333343505859
2022-02-23,290.179992675781,291.700012207031,280.100006103516,280.269989013672,37811200,271.126312255859
2022-02-24,272.510009765625,295.160003662109,271.519989013672,294.589996337891,56989700,284.979187011719
2022-02-25,295.140014648438,297.630004882812,291.649993896484,297.309997558594,32546700,287.610412597656
2022-02-28,294.309997558594,299.140014648438,293,298.790008544922,34627500,289.042205810547
2022-03-01,296.399993896484,299.970001220703,292.149993896484,294.950012207031,31217800,285.327453613281
2022-03-02,295.359985351562,301.470001220703,293.700012207031,300.190002441406,31873000,290.396514892578
2022-03-03,302.890014648438,303.130004882812,294.049987792969,295.920013427734,27314500,286.265808105469
2022-03-04,294.290008544922,295.660003662109,287.170013427734,289.859985351562,32356500,280.403442382812
2022-03-07,288.529998779297,289.690002441406,278.529998779297,278.910003662109,43157200,269.810729980469
2022-03-08,277.799987792969,283.959991455078,270,275.850006103516,48159500,266.8505859375
2022-03-09,283.440002441406,289.600006103516,280.779998779297,288.5,35204500,279.087860107422
2022-03-10,283.019989013672,286.600006103516,280.579986572266,285.589996337891,30628000,276.272796630859
2022-03-11,287.959991455078,289.510009765625,279.429992675781,280.070007324219,27209300,270.932891845703
2022-03-14,280.339996337891,285.399993896484,275.820007324219,276.440002441406,30660700,267.421295166016
2022-03-15,280.350006103516,287.820007324219,278.730010986328,287.149993896484,34245100,277.781890869141
2022-03-16,289.109985351562,294.570007324219,283.200012207031,294.390014648438,37826300,284.785766601562
2022-03-17,293.290008544922,295.609985351562,289.369995117188,295.220001220703,30816600,285.588653564453
2022-03-18,295.369995117188,301,292.730010986328,300.429992675781,43390600,290.628631591797
2022-03-21,298.890014648438,300.140014648438,294.899993896484,299.160003662109,28351200,289.400085449219
2022-03-22,299.799987792969,305,298.769989013672,304.059997558594,27599700,294.140228271484
2022-03-23,300.510009765625,303.230010986328,297.720001220703,299.489990234375,25715400,289.719360351562
2022-03-24,299.140014648438,304.200012207031,298.320007324219,304.100006103516,24484500,294.178955078125
2022-03-25,305.230010986328,305.5,299.290008544922,303.679992675781,22566500,293.772674560547
2022-03-28,304.329986572266,310.799987792969,304.329986572266,310.700012207031,29578200,300.563598632812
2022-03-29,313.910003662109,315.820007324219,309.049987792969,315.410003662109,30393400,305.119995117188
2022-03-30,313.760009765625,315.950012207031,311.579986572266,313.859985351562,28163600,303.620513916016
2022-03-31,313.899993896484,315.140014648438,307.890014648438,308.309997558594,33422100,298.251556396484
2022-04-01,309.369995117188,310.130004882812,305.540008544922,309.420013427734,27110500,299.325378417969
2022-04-04,310.089996337891,315.109985351562,309.709991455078,314.970001220703,24289600,304.694244384766
2022-04-05,313.269989013672,314.869995117188,309.869995117188,310.880004882812,23156700,300.737762451172
2022-04-06,305.190002441406,307,296.709991455078,299.5,40110400,289.728942871094
2022-04-07,296.660003662109,303.649993896484,296.350006103516,301.369995117188,31411200,291.538024902344
2022-04-08,300.440002441406,301.119995117188,296.279998779297,296.970001220703,24361900,287.281555175781
2022-04-11,291.790008544922,292.609985351562,285,285.260009765625,34569300,275.953552246094
2022-04-12,289.239990234375,290.739990234375,280.489990234375,282.059997558594,30966700,272.858062744141
2022-04-13,282.730010986328,288.579986572266,281.299987792969,287.619995117188,21907200,278.236602783203
2022-04-14,288.089996337891,288.309997558594,279.320007324219,279.829986572266,28221600,270.700714111328
2022-04-18,278.910003662109,282.459991455078,278.339996337891,280.519989013672,20778000,271.368133544922
2022-04-19,279.380004882812,286.170013427734,278.410003662109,285.299987792969,22297700,275.992279052734
2022-04-20,289.399993896484,289.700012207031,285.369995117188,286.359985351562,22906700,277.017639160156
2022-04-21,288.579986572266,293.299987792969,280.059997558594,280.809997558594,29454600,271.648773193359
2022-04-22,281.679992675781,283.200012207031,273.380004882812,274.029998779297,29405800,265.089935302734
2022-04-25,273.290008544922,281.109985351562,270.769989013672,280.720001220703,35678900,271.561614990234
2022-04-26,277.5,278.359985351562,270,270.220001220703,46518400,261.404205322266
2022-04-27,282.100006103516,290.970001220703,279.160003662109,283.220001220703,63477700,273.980194091797
2022-04-28,285.190002441406,290.980010986328,281.459991455078,289.630004882812,33646600,280.180969238281
2022-04-29,288.609985351562,289.880004882812,276.5,277.519989013672,37073900,268.466033935547
2022-05-02,277.709991455078,284.940002441406,276.220001220703,284.470001220703,35151100,275.189392089844
2022-05-03,283.959991455078,284.130004882812,280.149993896484,281.779998779297,25978600,272.587127685547
2022-05-04,282.589996337891,290.880004882812,276.730010986328,289.980010986328,33599300,280.519592285156
2022-05-05,285.540008544922,286.350006103516,274.339996337891,277.350006103516,43260400,268.301666259766
2022-05-06,274.809997558594,279.25,271.269989013672,274.730010986328,37780300,265.767120361328
2022-05-09,270.059997558594,272.359985351562,263.320007324219,264.579986572266,47726000,255.948272705078
2022-05-10,271.690002441406,273.75,265.070007324219,269.5,39336400,260.707794189453
2022-05-11,265.679992675781,271.359985351562,259.299987792969,260.549987792969,48975900,252.049682617188
2022-05-12,257.690002441406,259.880004882812,250.020004272461,255.350006103516,51033800,247.019348144531
2022-05-13,257.350006103516,263.040008544922,255.350006103516,261.119995117188,34925100,252.601181030273
2022-05-16,259.959991455078,265.820007324219,255.779998779297,261.5,32550900,252.968719482422
2022-05-17,266.109985351562,268.329986572266,262.459991455078,266.820007324219,28828800,258.115234375
2022-05-18,263,263.600006103516,252.770004272461,254.080001831055,31356000,246.363250732422
2022-05-19,253.899993896484,257.670013427734,251.880004882812,253.139999389648,32692300,245.451812744141
2022-05-20,257.239990234375,258.540008544922,246.440002441406,252.559997558594,39199300,244.889450073242
2022-05-23,255.490005493164,261.5,253.429992675781,260.649993896484,33175400,252.73371887207
2022-05-24,257.890014648438,261.329986572266,253.5,259.619995117188,29043900,251.73503112793
2022-05-25,258.140014648438,264.579986572266,257.130004882812,262.519989013672,28547900,254.546905517578
2022-05-26,262.269989013672,267.109985351562,261.429992675781,265.899993896484,25002100,257.824310302734
2022-05-27,268.480010986328,273.339996337891,267.559997558594,273.239990234375,26910800,264.941284179688
2022-05-31,272.529998779297,274.769989013672,268.929992675781,271.869995117188,37827700,263.613006591797
2022-06-01,275.200012207031,277.690002441406,270.040008544922,272.420013427734,25292200,264.146270751953
2022-06-02,264.450012207031,274.649993896484,261.600006103516,274.579986572266,44008200,266.240692138672
2022-06-03,270.309997558594,273.450012207031,268.410003662109,270.019989013672,28059000,261.819183349609
2022-06-06,272.059997558594,274.179992675781,267.220001220703,268.75,22400300,260.587738037109
2022-06-07,266.640014648438,273.130004882812,265.940002441406,272.5,22860700,264.223876953125
2022-06-08,271.709991455078,273,269.609985351562,270.410003662109,17372300,262.197296142578
2022-06-09,267.779998779297,272.709991455078,264.630004882812,264.790008544922,26439700,256.748016357422
2022-06-10,260.579986572266,260.579986572266,252.529998779297,252.990005493164,31422800,245.306381225586
2022-06-13,245.110000610352,249.020004272461,241.529998779297,242.259994506836,46135800,234.902236938477
2022-06-14,243.860000610352,245.740005493164,241.509994506836,244.490005493164,28651500,237.064529418945
2022-06-15,248.309997558594,255.300003051758,246.419998168945,251.759994506836,33111700,244.113723754883
2022-06-16,245.979995727539,247.419998168945,243.020004272461,244.970001220703,33169200,237.529983520508
2022-06-17,244.699996948242,250.5,244.029998779297,247.649993896484,43084800,240.128570556641
2022-06-21,250.259994506836,254.75,249.509994506836,253.740005493164,29928300,246.033569335938
2022-06-22,251.889999389648,257.170013427734,250.369995117188,253.130004882812,25939900,245.442123413086
2022-06-23,255.570007324219,259.369995117188,253.630004882812,258.859985351562,25861400,250.998046875
2022-06-24,261.809997558594,267.980010986328,261.720001220703,267.700012207031,33923200,259.569671630859
2022-06-27,268.209991455078,268.299987792969,263.279998779297,264.890014648438,24615100,256.845001220703
2022-06-28,263.980010986328,266.910003662109,256.320007324219,256.480010986328,27295500,248.690383911133
2022-06-29,257.589996337891,261.970001220703,255.759994506836,260.260009765625,20069800,252.355575561523
2022-06-30,257.049987792969,259.529998779297,252.899993896484,256.829986572266,31730900,249.029739379883
2022-07-01,256.390014648438,259.769989013672,254.610000610352,259.579986572266,22837700,251.696197509766
2022-07-05,256.160003662109,262.980010986328,254.740005493164,262.850006103516,22941000,254.866943359375
2022-07-06,263.75,267.989990234375,262.399993896484,266.209991455078,23824400,258.124847412109
2022-07-07,265.119995117188,269.059997558594,265.019989013672,268.399993896484,20859900,260.248321533203
2022-07-08,264.790008544922,268.100006103516,263.290008544922,267.660003662109,19658800,259.530822753906
2022-07-11,265.649993896484,266.529998779297,262.179992675781,264.510009765625,19455200,256.476470947266
2022-07-12,265.880004882812,265.940002441406,252.039993286133,253.669998168945,35868500,245.965728759766
2022-07-13,250.190002441406,253.550003051758,248.110000610352,252.720001220703,29497400,245.044586181641
2022-07-14,250.570007324219,255.139999389648,245.940002441406,254.080001831055,25102800,246.363250732422
2022-07-15,255.720001220703,260.369995117188,254.770004272461,256.720001220703,29774100,248.923110961914
2022-07-18,259.75,260.839996337891,253.300003051758,254.25,20975000,246.528106689453
2022-07-19,257.579986572266,259.720001220703,253.679992675781,259.529998779297,25012600,251.647735595703
2022-07-20,259.899993896484,264.869995117188,258.910003662109,262.269989013672,22788300,254.304458618164
2022-07-21,259.790008544922,264.890014648438,257.029998779297,264.839996337891,22404700,256.796508789062
2022-07-22,265.239990234375,265.329986572266,259.070007324219,260.359985351562,21881300,252.452484130859
2022-07-25,261,261.5,256.809997558594,258.829986572266,21056000,250.969009399414
2022-07-26,259.859985351562,259.880004882812,249.570007324219,251.899993896484,39348000,244.249465942383
2022-07-27,261.160003662109,270.049987792969,258.850006103516,268.739990234375,45994000,260.578002929688
2022-07-28,269.75,277.839996337891,267.869995117188,276.410003662109,33459300,268.01513671875
2022-07-29,277.700012207031,282,276.630004882812,280.739990234375,32152800,272.213592529297
2022-08-01,277.820007324219,281.279998779297,275.839996337891,278.010009765625,21539600,269.566528320312
2022-08-02,276,277.890014648438,272.380004882812,274.820007324219,22754200,266.473388671875
2022-08-03,276.760009765625,283.5,276.609985351562,282.470001220703,23518900,273.891021728516
2022-08-04,281.799987792969,283.799987792969,280.170013427734,283.649993896484,18098700,275.035217285156
2022-08-05,279.149993896484,283.649993896484,278.679992675781,282.910003662109,16774600,274.317626953125
2022-08-08,284.049987792969,285.920013427734,279.320007324219,280.320007324219,18739200,271.806335449219
2022-08-09,279.640014648438,283.079986572266,277.609985351562,282.299987792969,23405200,273.726165771484
2022-08-10,288.170013427734,289.809997558594,286.940002441406,289.160003662109,24687800,280.377838134766
2022-08-11,290.850006103516,291.209991455078,286.510009765625,287.019989013672,20065900,278.302856445312
2022-08-12,288.480010986328,291.910003662109,286.940002441406,291.910003662109,22619700,283.044342041016
2022-08-15,291,294.179992675781,290.109985351562,293.470001220703,18085700,284.556945800781
2022-08-16,291.989990234375,294.040008544922,290.420013427734,292.709991455078,18102900,283.820007324219
2022-08-17,289.739990234375,293.350006103516,289.470001220703,291.320007324219,18253400,283.071868896484
2022-08-18,290.190002441406,291.910003662109,289.079986572266,290.170013427734,17186200,281.954406738281
2022-08-19,288.899993896484,289.25,285.559997558594,286.149993896484,20570000,278.048156738281
2022-08-22,282.079986572266,282.459991455078,277.220001220703,277.75,25061100,269.886016845703
2022-08-23,276.440002441406,278.859985351562,275.399993896484,276.440002441406,17527400,268.613098144531
2022-08-24,275.410003662109,277.230010986328,275.109985351562,275.790008544922,18137000,267.981567382812
2022-08-25,277.329986572266,279.019989013672,274.519989013672,278.850006103516,16583400,270.954895019531
2022-08-26,279.079986572266,280.339996337891,267.980010986328,268.089996337891,27549300,260.499542236328
2022-08-29,265.850006103516,267.399993896484,263.850006103516,265.230010986328,20338500,257.720520019531
2022-08-30,266.670013427734,267.049987792969,260.660003662109,262.970001220703,22767100,255.524536132812
2022-08-31,265.390014648438,267.109985351562,261.329986572266,261.470001220703,24791800,254.066940307617
2022-09-01,258.869995117188,260.890014648438,255.410003662109,260.399993896484,23263400,253.027236938477
2022-09-02,261.700012207031,264.739990234375,254.470001220703,256.059997558594,22855400,248.810119628906
2022-09-06,256.200012207031,257.829986572266,251.940002441406,253.25,21328200,246.079727172852
2022-09-07,254.699996948242,258.829986572266,253.220001220703,258.089996337891,24126700,250.782669067383
2022-09-08,257.510009765625,260.429992675781,254.789993286133,258.519989013672,20319900,251.200454711914
2022-09-09,260.5,265.230010986328,260.290008544922,264.459991455078,22084700,256.972320556641
2022-09-12,265.779998779297,267.450012207031,265.160003662109,266.649993896484,18747700,259.100341796875
2022-09-13,258.839996337891,260.399993896484,251.589996337891,251.990005493164,33353300,244.855377197266
2022-09-14,253.529998779297,254.229995727539,249.860000610352,252.220001220703,23913000,245.078857421875
2022-09-15,249.770004272461,251.399993896484,244.020004272461,245.380004882812,31530900,238.432510375977
2022-09-16,244.259994506836,245.300003051758,242.059997558594,244.740005493164,39791800,237.810653686523
2022-09-19,242.470001220703,245.139999389648,240.850006103516,244.520004272461,26826900,237.596893310547
2022-09-20,242.070007324219,243.509994506836,239.639999389648,242.449996948242,26660300,235.585494995117
2022-09-21,244.270004272461,247.660003662109,238.899993896484,238.949996948242,28625600,232.1845703125
2022-09-22,237.869995117188,243.860000610352,237.570007324219,240.979995727539,31061200,234.157104492188
2022-09-23,239.539993286133,241.130004882812,235.199996948242,237.919998168945,34176000,231.183746337891
2022-09-26,237.050003051758,241.449996948242,236.899993896484,237.449996948242,27694200,230.727066040039
2022-09-27,239.979995727539,241.800003051758,234.5,236.410003662109,27018700,229.716461181641
2022-09-28,236.809997558594,242.330001831055,234.729995727539,241.070007324219,29029700,234.244552612305
2022-09-29,238.889999389648,239.949996948242,234.410003662109,237.5,27484200,230.775619506836
2022-09-30,238.289993286133,240.539993286133,232.729995727539,232.899993896484,35694800,226.305892944336
2022-10-03,235.410003662109,241.610000610352,234.660003662109,240.740005493164,28880400,233.923904418945
2022-10-04,245.089996337891,250.360000610352,244.979995727539,248.880004882812,34888400,241.833435058594
2022-10-05,245.990005493164,250.580001831055,244.100006103516,249.199996948242,20347100,242.144378662109
2022-10-06,247.929992675781,250.339996337891,246.080001831055,246.789993286133,20239900,239.802612304688
2022-10-07,240.899993896484,241.320007324219,233.169998168945,234.240005493164,37769600,227.607940673828
2022-10-10,233.050003051758,234.559997558594,226.729995727539,229.25,29743600,222.759201049805
2022-10-11,227.619995117188,229.059997558594,224.110000610352,225.410003662109,30474000,219.027969360352
2022-10-12,225.399993896484,227.860000610352,223.960006713867,225.75,21903900,219.358322143555
2022-10-13,219.850006103516,236.100006103516,219.130004882812,234.240005493164,42551800,227.607940673828
2022-10-14,235.539993286133,237.240005493164,228.339996337891,228.559997558594,30198600,222.088714599609
2022-10-17,235.820007324219,238.960006713867,235.139999389648,237.529998779297,28142300,230.804779052734
2022-10-18,243.240005493164,243.929992675781,235.369995117188,238.5,26329600,231.747329711914
2022-10-19,237.039993286133,239.610000610352,234.289993286133,236.479995727539,19985700,229.784484863281
2022-10-20,235.770004272461,241.309997558594,234.869995117188,236.149993896484,21811000,229.463882446289
2022-10-21,234.740005493164,243,234.5,242.119995117188,26299700,235.26481628418
2022-10-24,243.759994506836,247.839996337891,241.300003051758,247.25,24911200,240.249588012695
2022-10-25,247.259994506836,251.039993286133,245.830001831055,250.660003662109,34775500,243.563049316406
2022-10-26,231.169998168945,238.300003051758,230.059997558594,231.320007324219,82543200,224.770599365234
2022-10-27,231.039993286133,233.690002441406,225.779998779297,226.75,40424600,220.330032348633
2022-10-28,226.240005493164,236.600006103516,226.050003051758,235.869995117188,40647700,229.191787719727
2022-10-31,233.759994506836,234.919998168945,231.149993896484,232.130004882812,28357300,225.557662963867
2022-11-01,234.600006103516,235.740005493164,227.330001831055,228.169998168945,30592300,221.70979309082
2022-11-02,229.460006713867,231.300003051758,220.039993286133,220.100006103516,38407000,213.868286132812
2022-11-03,220.089996337891,220.410003662109,213.979995727539,214.25,36633900,208.183898925781
2022-11-04,217.550003051758,221.589996337891,213.429992675781,221.389999389648,36789100,215.121765136719
2022-11-07,221.990005493164,228.410003662109,221.279998779297,227.869995117188,33498000,221.418273925781
2022-11-08,228.699996948242,231.649993896484,225.839996337891,228.869995117188,28192500,222.389984130859
2022-11-09,227.369995117188,228.630004882812,224.330001831055,224.509994506836,27852900,218.153396606445
2022-11-10,235.429992675781,243.330001831055,235,242.979995727539,46268000,236.100448608398
2022-11-11,242.990005493164,247.990005493164,241.929992675781,247.110000610352,34620200,240.113555908203
2022-11-14,241.990005493164,243.910003662109,239.210006713867,241.550003051758,31123300,234.710983276367
2022-11-15,245.660003662109,247,240.029998779297,241.970001220703,31390100,235.119064331055
2022-11-16,242.789993286133,243.800003051758,240.419998168945,241.729995727539,24093300,235.547821044922
2022-11-17,237.779998779297,243.25,237.630004882812,241.679992675781,23123500,235.499069213867
2022-11-18,243.509994506836,243.740005493164,239.029998779297,241.220001220703,27613500,235.050872802734
2022-11-21,241.429992675781,244.669998168945,241.190002441406,242.050003051758,26394700,235.859634399414
2022-11-22,243.589996337891,245.309997558594,240.710006713867,245.029998779297,19665700,238.763397216797
2022-11-23,245.110000610352,248.279998779297,244.270004272461,247.580001831055,19508500,241.248184204102
2022-11-25,247.309997558594,248.699996948242,246.729995727539,247.490005493164,9200800,241.16047668457
2022-11-28,246.080001831055,246.649993896484,240.800003051758,241.759994506836,24778200,235.577056884766
2022-11-29,241.399993896484,242.789993286133,238.210006713867,240.330001831055,17956300,234.183624267578
2022-11-30,240.570007324219,255.330001831055,239.860000610352,255.139999389648,47594200,248.614868164062
2022-12-01,253.869995117188,256.119995117188,250.919998168945,254.690002441406,26041500,248.176361083984
2022-12-02,249.820007324219,256.059997558594,249.690002441406,255.020004272461,21528500,248.497955322266
2022-12-05,252.009994506836,253.820007324219,248.059997558594,250.199996948242,23435300,243.801177978516
2022-12-06,250.820007324219,251.860000610352,243.779998779297,245.119995117188,22463700,238.851104736328
2022-12-07,244.830001831055,246.160003662109,242.210006713867,244.369995117188,20481500,238.12028503418
2022-12-08,244.839996337891,248.740005493164,243.059997558594,247.399993896484,22611800,241.072799682617
2022-12-09,244.699996948242,248.309997558594,244.160003662109,245.419998168945,20609700,239.143447875977
2022-12-12,247.449996948242,252.539993286133,247.169998168945,252.509994506836,30665100,246.052139282227
2022-12-13,261.690002441406,263.920013427734,253.070007324219,256.920013427734,42196900,250.349334716797
2022-12-14,257.130004882812,262.589996337891,254.309997558594,257.220001220703,35410900,250.641677856445
2022-12-15,253.720001220703,254.199996948242,247.339996337891,249.009994506836,35560400,242.641616821289
2022-12-16,248.550003051758,249.839996337891,243.509994506836,244.690002441406,86102000,238.43212890625
2022-12-19,244.860000610352,245.210006713867,238.710006713867,240.449996948242,29696400,234.300582885742
2022-12-20,239.399993896484,242.910003662109,238.419998168945,241.800003051758,25150800,235.616027832031
2022-12-21,241.690002441406,245.619995117188,240.110000610352,244.429992675781,23690600,238.178756713867
2022-12-22,241.259994506836,241.990005493164,233.869995117188,238.190002441406,28651700,232.098342895508
2022-12-23,236.110000610352,238.869995117188,233.940002441406,238.729995727539,21207000,232.624526977539
2022-12-27,238.699996948242,238.929992675781,235.830001831055,236.960006713867,16688600,230.899826049805
2022-12-28,236.889999389648,239.720001220703,234.169998168945,234.529998779297,17457100,228.531951904297
2022-12-29,235.649993896484,241.919998168945,235.649993896484,241.009994506836,19770700,234.846237182617
2022-12-30,238.210006713867,239.960006713867,236.660003662109,239.820007324219,21938500,233.686660766602
2023-01-03,243.080001831055,245.75,237.399993896484,239.580001831055,25740000,233.45280456543
2023-01-04,232.279998779297,232.869995117188,225.960006713867,229.100006103516,50623400,223.240844726562
2023-01-05,227.199996948242,227.550003051758,221.759994506836,222.309997558594,39585600,216.624481201172
2023-01-06,223,225.759994506836,219.350006103516,224.929992675781,43613600,219.177459716797
2023-01-09,226.449996948242,231.240005493164,226.410003662109,227.119995117188,27369800,221.311462402344
2023-01-10,227.759994506836,231.309997558594,227.330001831055,228.850006103516,27033900,222.997222900391
2023-01-11,231.289993286133,235.949996948242,231.110000610352,235.770004272461,28669300,229.740249633789
2023-01-12,235.259994506836,239.899993896484,233.559997558594,238.509994506836,27269500,232.41015625
2023-01-13,237,239.369995117188,234.919998168945,239.229995727539,21333300,233.111740112305
2023-01-17,237.970001220703,240.910003662109,237.089996337891,240.350006103516,29831300,234.203125
2023-01-18,241.570007324219,242.380004882812,235.520004272461,235.809997558594,30028700,229.779235839844
2023-01-19,233.779998779297,235.520004272461,230.679992675781,231.929992675781,28623000,225.998458862305
2023-01-20,234.860000610352,240.740005493164,234.509994506836,240.220001220703,35389800,234.076477050781
2023-01-23,241.100006103516,245.169998168945,239.649993896484,242.580001831055,31934000,236.376098632812
2023-01-24,242.5,243.949996948242,240.440002441406,242.039993286133,40234400,235.849899291992
2023-01-25,234.479995727539,243.300003051758,230.899993896484,240.610000610352,66526600,234.456466674805
2023-01-26,243.649993896484,248.309997558594,242,248,33454500,241.657470703125
2023-01-27,248.990005493164,249.830001831055,246.830001831055,248.160003662109,26498900,241.813385009766
2023-01-30,244.509994506836,245.600006103516,242.199996948242,242.710006713867,25867400,236.50276184082
2023-01-31,243.449996948242,247.949996948242,242.949996948242,247.809997558594,26541100,241.472320556641
2023-02-01,248,255.179992675781,245.470001220703,252.75,31259900,246.285980224609
2023-02-02,258.820007324219,264.690002441406,257.25,264.600006103516,39940400,257.832916259766
2023-02-03,259.540008544922,264.200012207031,257.100006103516,258.350006103516,29077300,251.742767333984
2023-02-06,257.440002441406,258.299987792969,254.779998779297,256.769989013672,22518000,250.203155517578
2023-02-07,260.529998779297,268.769989013672,260.079986572266,267.559997558594,50841400,260.717254638672
2023-02-08,273.200012207031,276.760009765625,266.209991455078,266.730010986328,54686000,259.908477783203
2023-02-09,273.799987792969,273.980010986328,262.799987792969,263.619995117188,42375100,256.877960205078
2023-02-10,261.529998779297,264.089996337891,260.660003662109,263.100006103516,25818500,256.371307373047
2023-02-13,267.640014648438,274.600006103516,267.149993896484,271.320007324219,44630900,264.381011962891
2023-02-14,272.670013427734,274.970001220703,269.279998779297,272.170013427734,37047900,265.209320068359
2023-02-15,268.320007324219,270.730010986328,266.179992675781,269.320007324219,28922400,263.089538574219
2023-02-16,264.019989013672,266.739990234375,261.899993896484,262.149993896484,29603600,256.085357666016
2023-02-17,259.390014648438,260.089996337891,256,258.059997558594,30000100,252.09001159668
2023-02-21,254.479995727539,255.490005493164,251.589996337891,252.669998168945,28397400,246.82470703125
2023-02-22,254.089996337891,254.339996337891,250.339996337891,251.509994506836,22491100,245.691513061523
2023-02-23,255.559997558594,256.839996337891,250.479995727539,254.770004272461,29219100,248.876129150391
2023-02-24,249.960006713867,251,248.100006103516,249.220001220703,24990900,243.454544067383
2023-02-27,252.460006713867,252.820007324219,249.389999389648,250.160003662109,21190000,244.372772216797
2023-02-28,249.070007324219,251.490005493164,248.729995727539,249.419998168945,22491000,243.649887084961
2023-03-01,250.759994506836,250.929992675781,245.789993286133,246.270004272461,27565300,240.572738647461
2023-03-02,246.550003051758,251.399993896484,245.610000610352,251.110000610352,24808200,245.300811767578
2023-03-03,252.190002441406,255.619995117188,251.389999389648,255.289993286133,30760100,249.384094238281
2023-03-06,256.429992675781,260.119995117188,255.979995727539,256.869995117188,24109800,250.927520751953
2023-03-07,256.299987792969,257.690002441406,253.389999389648,254.149993896484,21473200,248.270477294922
2023-03-08,254.039993286133,254.539993286133,250.809997558594,253.699996948242,17340200,247.830871582031
2023-03-09,255.820007324219,259.559997558594,251.580001831055,252.320007324219,26653400,246.482803344727
2023-03-10,251.080001831055,252.789993286133,247.600006103516,248.589996337891,28333900,242.839080810547
2023-03-13,247.399993896484,257.910003662109,245.729995727539,253.919998168945,33339700,248.045776367188
2023-03-14,256.75,261.070007324219,255.860000610352,260.790008544922,33620300,254.756790161133
2023-03-15,259.980010986328,266.480010986328,259.209991455078,265.440002441406,46028000,259.299285888672
2023-03-16,265.209991455078,276.559997558594,263.279998779297,276.200012207031,54768800,269.810363769531
2023-03-17,278.260009765625,283.329986572266,276.320007324219,279.429992675781,69527400,272.965606689453
2023-03-20,276.980010986328,277.480010986328,269.850006103516,272.230010986328,43466600,265.932220458984
2023-03-21,274.880004882812,275,269.519989013672,273.779998779297,34558700,267.446319580078
2023-03-22,273.399993896484,281.040008544922,272.179992675781,272.290008544922,34873300,265.990814208984
2023-03-23,277.940002441406,281.059997558594,275.200012207031,277.660003662109,36610900,271.236602783203
2023-03-24,277.239990234375,280.630004882812,275.279998779297,280.570007324219,28172000,274.079315185547
2023-03-27,280.5,281.459991455078,275.519989013672,276.380004882812,26840200,269.986206054688
2023-03-28,275.790008544922,276.140014648438,272.049987792969,275.230010986328,21878600,268.86279296875
2023-03-29,278.959991455078,281.140014648438,278.410003662109,280.510009765625,25087000,274.020721435547
2023-03-30,284.230010986328,284.459991455078,281.480010986328,284.049987792969,25053400,277.478759765625
2023-03-31,283.730010986328,289.269989013672,283,288.299987792969,32766000,281.630432128906
2023-04-03,286.519989013672,288.269989013672,283.950012207031,287.230010986328,24883300,280.585235595703
2023-04-04,287.230010986328,290.450012207031,285.670013427734,287.179992675781,25824300,280.536376953125
2023-04-05,285.850006103516,287.149993896484,282.920013427734,284.339996337891,22064800,277.762054443359
2023-04-06,283.209991455078,292.079986572266,282.029998779297,291.600006103516,29770300,284.854156494141
2023-04-10,289.209991455078,289.600006103516,284.709991455078,289.390014648438,23103000,282.695220947266
2023-04-11,285.75,285.980010986328,281.640014648438,282.829986572266,27276600,276.286956787109
2023-04-12,284.790008544922,287.010009765625,281.959991455078,283.489990234375,27403400,276.931671142578
2023-04-13,283.589996337891,289.899993896484,283.170013427734,289.839996337891,24222700,283.134765625
2023-04-14,287,288.480010986328,283.690002441406,286.140014648438,20987900,279.520446777344
2023-04-17,289.929992675781,291.600006103516,286.160003662109,288.799987792969,23836200,282.118896484375
2023-04-18,291.570007324219,291.760009765625,287.010009765625,288.369995117188,20161800,281.698791503906
2023-04-19,285.989990234375,289.049987792969,284.540008544922,288.450012207031,17150300,281.776947021484
2023-04-20,285.25,289.029998779297,285.079986572266,286.109985351562,23244400,279.491088867188
2023-04-21,285.010009765625,286.269989013672,283.059997558594,285.760009765625,21676400,279.149230957031
2023-04-24,282.089996337891,284.950012207031,278.720001220703,281.769989013672,26611000,275.25146484375
2023-04-25,279.510009765625,281.600006103516,275.369995117188,275.420013427734,45772200,269.048400878906
2023-04-26,296.700012207031,299.570007324219,292.730010986328,295.369995117188,64599200,288.536834716797
2023-04-27,295.970001220703,305.200012207031,295.25,304.829986572266,46462600,297.778045654297
2023-04-28,304.010009765625,308.929992675781,303.309997558594,307.260009765625,36469600,300.151824951172
2023-05-01,306.970001220703,308.600006103516,305.149993896484,305.559997558594,21294100,298.491180419922
2023-05-02,307.760009765625,309.179992675781,303.910003662109,305.410003662109,26404400,298.344696044922
2023-05-03,306.619995117188,308.609985351562,304.089996337891,304.399993896484,22360800,297.357940673828
2023-05-04,306.239990234375,307.760009765625,303.399993896484,305.410003662109,22519900,298.344696044922
2023-05-05,305.720001220703,311.970001220703,304.269989013672,310.649993896484,28197100,303.463409423828
2023-05-08,310.130004882812,310.200012207031,306.089996337891,308.649993896484,21318600,301.509613037109
2023-05-09,308,310.040008544922,306.309997558594,307,21340800,299.897857666016
2023-05-10,308.619995117188,313,307.670013427734,312.309997558594,30078000,305.085021972656
2023-05-11,310.100006103516,311.119995117188,306.260009765625,310.109985351562,31680200,302.935882568359
2023-05-12,310.549987792969,310.649993896484,306.600006103516,308.970001220703,19774700,301.822326660156
2023-05-15,309.100006103516,309.899993896484,307.589996337891,309.459991455078,16336500,302.300933837891
2023-05-16,309.829986572266,313.709991455078,309.829986572266,311.739990234375,26730300,304.528106689453
2023-05-17,312.290008544922,314.429992675781,310.739990234375,314,24315000,307.406463623047
2023-05-18,314.529998779297,319.040008544922,313.720001220703,318.519989013672,27276000,311.83154296875
2023-05-19,316.739990234375,318.75,316.369995117188,318.339996337891,27546700,311.655303955078
2023-05-22,318.600006103516,322.589996337891,318.010009765625,321.179992675781,24115700,314.435668945312
2023-05-23,320.029998779297,322.720001220703,315.25,315.260009765625,30797200,308.639984130859
2023-05-24,314.730010986328,316.5,312.609985351562,313.850006103516,23384900,307.259643554688
2023-05-25,323.239990234375,326.899993896484,320,325.920013427734,43301700,319.076110839844
2023-05-26,324.019989013672,333.399993896484,323.880004882812,332.890014648438,36630600,325.899749755859
2023-05-30,335.230010986328,335.739990234375,330.519989013672,331.209991455078,29503100,324.255035400391
2023-05-31,332.290008544922,335.940002441406,327.329986572266,328.390014648438,45950600,321.494323730469
2023-06-01,325.929992675781,333.529998779297,324.720001220703,332.579986572266,26773900,325.596313476562
2023-06-02,334.25,337.5,332.549987792969,335.399993896484,25873800,328.357055664062
2023-06-05,335.220001220703,338.559997558594,334.660003662109,335.940002441406,21307100,328.8857421875
2023-06-06,335.329986572266,335.369995117188,332.170013427734,333.679992675781,20396200,326.673187255859
2023-06-07,331.649993896484,334.489990234375,322.5,323.380004882812,40717100,316.589447021484
2023-06-08,323.940002441406,326.640014648438,323.350006103516,325.260009765625,23277700,318.429962158203
2023-06-09,324.989990234375,329.989990234375,324.410003662109,326.790008544922,22529000,319.927886962891
2023-06-12,328.579986572266,332.100006103516,325.160003662109,331.850006103516,24260300,324.881652832031
2023-06-13,334.470001220703,336.980010986328,330.390014648438,334.290008544922,22951300,327.270385742188
2023-06-14,334.339996337891,339.040008544922,332.809997558594,337.339996337891,26003800,330.25634765625
2023-06-15,337.480010986328,349.839996337891,337.200012207031,348.100006103516,38899100,340.790374755859
2023-06-16,351.320007324219,351.470001220703,341.950012207031,342.329986572266,46552000,335.141510009766
2023-06-20,339.309997558594,342.079986572266,335.859985351562,338.049987792969,26375400,330.951416015625
2023-06-21,336.369995117188,337.730010986328,332.070007324219,333.559997558594,25117800,326.5556640625
2023-06-22,334.119995117188,340.119995117188,333.339996337891,339.709991455078,23556800,332.576507568359
2023-06-23,334.359985351562,337.959991455078,333.450012207031,335.019989013672,23146900,327.985046386719
2023-06-26,333.720001220703,336.109985351562,328.489990234375,328.600006103516,21520600,321.699829101562
2023-06-27,331.859985351562,336.149993896484,329.299987792969,334.570007324219,24354100,327.544464111328
2023-06-28,334.660003662109,337.980010986328,333.809997558594,335.850006103516,20259500,328.797607421875
2023-06-29,334.709991455078,336.109985351562,332.619995117188,335.049987792969,16997000,328.014434814453
2023-06-30,337.75,342.730010986328,337.200012207031,340.540008544922,26832800,333.389129638672
2023-07-03,339.190002441406,340.899993896484,336.570007324219,337.989990234375,12508700,330.892669677734
2023-07-05,335.089996337891,341.649993896484,334.730010986328,338.149993896484,18172400,331.049255371094
2023-07-06,337.299987792969,342.989990234375,335.5,341.269989013672,28161200,334.103790283203
2023-07-07,339.320007324219,341.790008544922,337,337.220001220703,21214800,330.138824462891
2023-07-10,334.600006103516,335.230010986328,327.589996337891,331.829986572266,32791400,324.861999511719
2023-07-11,331.059997558594,332.859985351562,327,332.470001220703,26698200,325.488586425781
2023-07-12,336.600006103516,341.649993896484,335.670013427734,337.200012207031,29995300,330.119262695312
2023-07-13,339.559997558594,343.739990234375,339.019989013672,342.660003662109,20567200,335.464630126953
2023-07-14,347.589996337891,351.429992675781,344.309997558594,345.239990234375,28352700,337.990386962891
2023-07-17,345.679992675781,346.989990234375,342.200012207031,345.730010986328,20363900,338.470092773438
2023-07-18,345.829986572266,366.779998779297,342.170013427734,359.489990234375,64738600,351.941192626953
2023-07-19,361.75,362.459991455078,352.440002441406,355.079986572266,39732900,347.623779296875
2023-07-20,353.570007324219,357.970001220703,345.369995117188,346.869995117188,33778400,339.586181640625
2023-07-21,349.149993896484,350.299987792969,339.829986572266,343.769989013672,69405400,336.551330566406
2023-07-24,345.850006103516,346.920013427734,342.309997558594,345.109985351562,26678100,337.863128662109
2023-07-25,347.109985351562,351.890014648438,345.070007324219,350.980010986328,41637700,343.609924316406
2023-07-26,341.440002441406,344.670013427734,333.109985351562,337.769989013672,58383700,330.677307128906
2023-07-27,340.480010986328,341.329986572266,329.049987792969,330.720001220703,39635300,323.775390625
2023-07-28,333.670013427734,340.010009765625,333.170013427734,338.369995117188,28484900,331.264678955078
2023-07-31,336.920013427734,337.700012207031,333.359985351562,335.920013427734,25446000,328.866180419922
2023-08-01,335.190002441406,338.540008544922,333.700012207031,336.339996337891,18311900,329.277313232422
2023-08-02,333.630004882812,333.630004882812,326.359985351562,327.5,27761300,320.622985839844
2023-08-03,326,329.880004882812,325.950012207031,326.660003662109,18253700,319.800598144531
2023-08-04,331.880004882812,335.140014648438,327.239990234375,327.779998779297,23741500,320.897064208984
2023-08-07,328.369995117188,331.109985351562,327.519989013672,330.109985351562,17741500,323.178131103516
2023-08-08,326.959991455078,328.75,323,326.049987792969,22327600,319.203399658203
2023-08-09,326.470001220703,327.109985351562,321.049987792969,322.230010986328,22373300,315.463653564453
2023-08-10,326.019989013672,328.260009765625,321.179992675781,322.929992675781,20113700,316.14892578125
2023-08-11,320.260009765625,322.410003662109,319.209991455078,321.010009765625,24355500,314.269226074219
2023-08-14,321.390014648438,324.059997558594,320.079986572266,324.040008544922,18836100,317.235565185547
2023-08-15,323,325.089996337891,320.899993896484,321.859985351562,16966300,315.101409912109
2023-08-16,320.799987792969,324.420013427734,319.799987792969,320.399993896484,20698900,314.336120605469
2023-08-17,320.540008544922,321.869995117188,316.209991455078,316.880004882812,21257200,310.882751464844
2023-08-18,314.489990234375,318.380004882812,311.549987792969,316.480010986328,24755000,310.490386962891
2023-08-21,317.929992675781,322.769989013672,317.040008544922,321.880004882812,24040000,315.788146972656
2023-08-22,325.5,326.079986572266,321.459991455078,322.459991455078,16084600,316.357147216797
2023-08-23,323.820007324219,329.200012207031,323.459991455078,327,21166400,320.811218261719
2023-08-24,332.850006103516,332.980010986328,319.959991455078,319.970001220703,23281400,313.914306640625
2023-08-25,321.470001220703,325.359985351562,318.799987792969,322.980010986328,21684100,316.867340087891
2023-08-28,325.660003662109,326.149993896484,321.720001220703,323.700012207031,14808500,317.57373046875
2023-08-29,321.880004882812,328.980010986328,321.880004882812,328.410003662109,19284600,322.194580078125
2023-08-30,328.670013427734,329.809997558594,326.450012207031,328.790008544922,15222100,322.5673828125
2023-08-31,329.200012207031,330.910003662109,326.779998779297,327.760009765625,26411000,321.556854248047
2023-09-01,331.309997558594,331.989990234375,326.779998779297,328.660003662109,14942000,322.439849853516
2023-09-05,329,334.850006103516,328.660003662109,333.549987792969,18553900,327.2373046875
2023-09-06,333.380004882812,334.459991455078,330.179992675781,332.880004882812,17535800,326.579956054688
2023-09-07,331.290008544922,333.079986572266,329.029998779297,329.910003662109,18381000,323.666198730469
2023-09-08,330.089996337891,336.160003662109,329.459991455078,334.269989013672,19530100,327.943664550781
2023-09-11,337.239990234375,338.420013427734,335.429992675781,337.940002441406,16583300,331.544189453125
2023-09-12,335.820007324219,336.790008544922,331.480010986328,331.769989013672,17565500,325.490966796875
2023-09-13,331.309997558594,336.850006103516,331.170013427734,336.059997558594,16544400,329.699829101562
2023-09-14,339.149993896484,340.859985351562,336.570007324219,338.700012207031,20267000,332.289794921875
2023-09-15,336.920013427734,337.399993896484,329.649993896484,330.220001220703,37679800,323.970336914062
2023-09-18,327.799987792969,330.399993896484,326.359985351562,329.059997558594,16834200,322.832214355469
2023-09-19,326.170013427734,329.390014648438,324.510009765625,328.649993896484,16505900,322.429992675781
2023-09-20,329.510009765625,329.589996337891,320.510009765625,320.769989013672,21436500,314.699127197266
2023-09-21,319.260009765625,325.350006103516,315,319.529998779297,35560400,313.482604980469
2023-09-22,321.320007324219,321.450012207031,316.149993896484,317.010009765625,21447900,311.010375976562
2023-09-25,316.589996337891,317.670013427734,315,317.540008544922,17836000,311.5302734375
2023-09-26,315.130004882812,315.880004882812,310.019989013672,312.140014648438,26297600,306.232574462891
2023-09-27,312.299987792969,314.299987792969,309.690002441406,312.790008544922,19410100,306.870178222656
2023-09-28,310.989990234375,315.480010986328,309.450012207031,313.640014648438,19683600,307.7041015625
2023-09-29,317.75,319.470001220703,314.980010986328,315.75,24147300,309.774139404297
2023-10-02,316.279998779297,321.890014648438,315.179992675781,321.799987792969,20570000,315.709625244141
2023-10-03,320.829986572266,321.390014648438,311.209991455078,313.390014648438,21033500,307.458862304688
2023-10-04,314.029998779297,320.040008544922,314,318.959991455078,20720100,312.923431396484
2023-10-05,319.089996337891,319.980010986328,314.899993896484,319.359985351562,16965600,313.315795898438
2023-10-06,316.549987792969,329.190002441406,316.299987792969,327.260009765625,25673600,321.066314697266
2023-10-09,324.75,330.299987792969,323.179992675781,329.820007324219,19891200,323.577880859375
2023-10-10,330.959991455078,331.100006103516,327.670013427734,328.390014648438,20557100,322.174957275391
2023-10-11,331.209991455078,332.820007324219,329.140014648438,332.420013427734,20063200,326.128631591797
2023-10-12,330.570007324219,333.630004882812,328.720001220703,331.160003662109,19313100,324.892486572266
2023-10-13,332.380004882812,333.829986572266,326.359985351562,327.730010986328,21072400,321.527465820312
2023-10-16,331.049987792969,336.140014648438,330.600006103516,332.640014648438,22158000,326.344512939453
2023-10-17,329.589996337891,333.459991455078,327.410003662109,332.059997558594,18338500,325.775451660156
2023-10-18,332.489990234375,335.589996337891,328.299987792969,330.109985351562,23153600,323.862365722656
2023-10-19,332.149993896484,336.880004882812,330.910003662109,331.320007324219,25052100,325.049499511719
2023-10-20,331.720001220703,331.920013427734,325.450012207031,326.670013427734,25027700,320.487518310547
2023-10-23,325.470001220703,332.730010986328,324.390014648438,329.320007324219,24374700,323.087341308594
2023-10-24,331.299987792969,331.839996337891,327.600006103516,330.529998779297,31153600,324.274444580078
2023-10-25,345.019989013672,346.200012207031,337.619995117188,340.670013427734,55053800,334.222534179688
2023-10-26,340.540008544922,341.630004882812,326.940002441406,327.890014648438,37828500,321.684417724609
2023-10-27,330.429992675781,336.720001220703,328.399993896484,329.809997558594,29856500,323.568054199219
2023-10-30,333.410003662109,339.450012207031,331.829986572266,337.309997558594,22828100,330.926116943359
2023-10-31,338.850006103516,339,334.690002441406,338.109985351562,20265300,331.7109375
2023-11-01,339.790008544922,347.420013427734,339.649993896484,346.070007324219,28158800,339.520385742188
2023-11-02,347.239990234375,348.829986572266,344.769989013672,348.320007324219,24348100,341.727813720703
2023-11-03,349.630004882812,354.390014648438,347.329986572266,352.799987792969,23637700,346.122955322266
2023-11-06,353.450012207031,357.540008544922,353.350006103516,356.529998779297,23828300,349.782409667969
2023-11-07,359.399993896484,362.459991455078,357.630004882812,360.529998779297,25833900,353.706695556641
2023-11-08,361.679992675781,363.869995117188,360.549987792969,363.200012207031,26767800,356.326141357422
2023-11-09,362.299987792969,364.790008544922,360.359985351562,360.690002441406,24847300,353.863616943359
2023-11-10,361.489990234375,370.100006103516,361.070007324219,369.670013427734,28042100,362.673675537109
2023-11-13,368.220001220703,368.470001220703,365.899993896484,366.679992675781,19986500,359.740203857422
2023-11-14,371.010009765625,371.950012207031,367.350006103516,370.269989013672,27683900,363.262298583984
2023-11-15,371.279998779297,373.130004882812,367.109985351562,369.670013427734,26860100,363.409820556641
2023-11-16,370.959991455078,376.350006103516,370.179992675781,376.170013427734,27182300,369.799743652344
2023-11-17,373.609985351562,374.369995117188,367,369.850006103516,40157000,363.586730957031
2023-11-20,371.220001220703,378.869995117188,371,377.440002441406,52465100,371.048187255859
2023-11-21,375.670013427734,376.220001220703,371.119995117188,373.070007324219,28423100,366.752227783203
2023-11-22,378,379.790008544922,374.970001220703,377.850006103516,23345300,371.451202392578
2023-11-24,377.329986572266,377.970001220703,375.140014648438,377.429992675781,10176600,371.038391113281
2023-11-27,376.779998779297,380.640014648438,376.200012207031,378.609985351562,22179200,372.198394775391
2023-11-28,378.350006103516,383,378.160003662109,382.700012207031,20453100,376.219177246094
2023-11-29,383.760009765625,384.299987792969,377.440002441406,378.850006103516,28963400,372.434326171875
2023-11-30,378.489990234375,380.089996337891,375.470001220703,378.910003662109,30554400,372.493286132812
2023-12-01,376.760009765625,378.160003662109,371.309997558594,374.510009765625,33040500,368.167877197266
2023-12-04,369.100006103516,369.519989013672,362.899993896484,369.140014648438,32063300,362.888732910156
2023-12-05,366.450012207031,373.079986572266,365.619995117188,372.519989013672,23065000,366.211486816406
2023-12-06,373.540008544922,374.179992675781,368.029998779297,368.799987792969,21182100,362.554473876953
2023-12-07,368.230010986328,371.450012207031,366.320007324219,370.950012207031,23118900,364.668090820312
2023-12-08,369.200012207031,374.459991455078,368.230010986328,374.230010986328,20154400,367.892547607422
2023-12-11,368.480010986328,371.600006103516,366.100006103516,371.299987792969,27708800,365.012145996094
2023-12-12,370.850006103516,374.420013427734,370.459991455078,374.380004882812,24838300,368.0400390625
2023-12-13,376.019989013672,377.640014648438,370.769989013672,374.369995117188,30955500,368.030181884766
2023-12-14,373.309997558594,373.760009765625,364.130004882812,365.929992675781,43277500,359.733154296875
2023-12-15,366.850006103516,372.399993896484,366.279998779297,370.730010986328,78502300,364.451843261719
2023-12-18,369.450012207031,373,368.679992675781,372.649993896484,21802900,366.339294433594
2023-12-19,371.489990234375,373.260009765625,369.839996337891,373.260009765625,20603700,366.93896484375
2023-12-20,375,376.029998779297,370.529998779297,370.619995117188,26316700,364.34375
2023-12-21,372.559997558594,374.410003662109,370.040008544922,373.540008544922,17708000,367.214263916016
2023-12-22,373.679992675781,375.179992675781,372.709991455078,374.579986572266,17107500,368.236633300781
2023-12-26,375,376.940002441406,373.5,374.660003662109,12673100,368.315338134766
2023-12-27,373.690002441406,375.059997558594,372.809997558594,374.070007324219,14905400,367.735290527344
2023-12-28,375.369995117188,376.459991455078,374.160003662109,375.279998779297,14327000,368.924774169922
2023-12-29,376,377.160003662109,373.480010986328,376.040008544922,18730800,369.671936035156
2024-01-02,373.859985351562,375.899993896484,366.769989013672,370.869995117188,25258600,364.589416503906
2024-01-03,369.010009765625,373.260009765625,368.510009765625,370.600006103516,23083500,364.324035644531
2024-01-04,370.670013427734,373.100006103516,367.170013427734,367.940002441406,20901500,361.709106445312
2024-01-05,368.970001220703,372.059997558594,366.5,367.75,21004600,361.522247314453
2024-01-08,369.299987792969,375.200012207031,369.010009765625,374.690002441406,23134000,368.344787597656
2024-01-09,372.010009765625,375.989990234375,371.190002441406,375.790008544922,20830000,369.426147460938
2024-01-10,376.369995117188,384.170013427734,376.320007324219,382.769989013672,25514200,376.287902832031
2024-01-11,386,390.679992675781,380.380004882812,384.630004882812,27850800,378.116424560547
2024-01-12,385.489990234375,388.679992675781,384.649993896484,388.470001220703,21661200,381.891387939453
2024-01-16,393.660003662109,394.029998779297,387.619995117188,390.269989013672,27202300,383.660888671875
2024-01-17,387.980010986328,390.109985351562,384.809997558594,389.470001220703,22234100,382.87451171875
2024-01-18,391.720001220703,393.989990234375,390.119995117188,393.869995117188,23392100,387.199951171875
2024-01-19,395.760009765625,398.670013427734,393.5,398.670013427734,29331100,391.918670654297
2024-01-22,400.019989013672,400.619995117188,393.589996337891,396.510009765625,27016900,389.795257568359
2024-01-23,395.75,399.380004882812,393.929992675781,398.899993896484,20525900,392.144775390625
2024-01-24,401.540008544922,405.630004882812,400.450012207031,402.559997558594,24867000,395.742828369141
2024-01-25,404.320007324219,407.010009765625,402.529998779297,404.869995117188,21021200,398.013671875
2024-01-26,404.369995117188,406.170013427734,402.429992675781,403.929992675781,17803300,397.089630126953
2024-01-29,406.059997558594,409.980010986328,404.329986572266,409.720001220703,24510200,402.781555175781
2024-01-30,412.260009765625,413.049987792969,406.450012207031,408.589996337891,33477600,401.670684814453
2024-01-31,406.959991455078,415.320007324219,397.209991455078,397.579986572266,47871100,390.84716796875
2024-02-01,401.829986572266,408,401.799987792969,403.779998779297,30657700,396.942169189453
2024-02-02,403.809997558594,412.649993896484,403.559997558594,411.220001220703,28256700,404.256134033203
2024-02-05,409.899993896484,411.160003662109,403.989990234375,405.649993896484,25352300,398.780487060547
2024-02-06,405.880004882812,407.970001220703,402.910003662109,405.489990234375,18382600,398.623138427734
2024-02-07,407.440002441406,414.299987792969,407.399993896484,414.049987792969,22340500,407.038208007812
2024-02-08,414.049987792969,415.559997558594,412.529998779297,414.109985351562,21225300,407.09716796875
2024-02-09,415.25,420.820007324219,415.089996337891,420.549987792969,22032800,413.428131103516
2024-02-12,420.559997558594,420.739990234375,414.75,415.260009765625,21202900,408.227722167969
2024-02-13,404.940002441406,410.070007324219,403.390014648438,406.320007324219,27824900,399.439117431641
2024-02-14,408.070007324219,409.839996337891,404.570007324219,409.489990234375,20401200,403.299835205078
2024-02-15,408.140014648438,409.130004882812,404.290008544922,406.559997558594,21825500,400.414184570312
2024-02-16,407.959991455078,408.290008544922,403.440002441406,404.059997558594,22296500,397.951965332031
2024-02-20,403.239990234375,404.489990234375,398.010009765625,402.790008544922,24307900,396.701171875
2024-02-21,400.170013427734,402.290008544922,397.220001220703,402.179992675781,18518900,396.100372314453
2024-02-22,410.190002441406,412.829986572266,408.570007324219,411.649993896484,27009900,405.427215576172
2024-02-23,415.670013427734,415.859985351562,408.970001220703,410.339996337891,16295900,404.136993408203
2024-02-26,411.459991455078,412.160003662109,407.359985351562,407.540008544922,16193500,401.379364013672
2024-02-27,407.989990234375,408.320007324219,403.850006103516,407.480010986328,14835800,401.320281982422
2024-02-28,408.179992675781,409.299987792969,405.320007324219,407.720001220703,13183100,401.556640625
2024-02-29,408.640014648438,414.200012207031,405.920013427734,413.640014648438,31947300,407.387145996094
2024-03-01,411.269989013672,415.869995117188,410.880004882812,415.5,17823400,409.219024658203
2024-03-04,413.440002441406,417.350006103516,412.320007324219,414.920013427734,17596000,408.647796630859
2024-03-05,413.959991455078,414.25,400.640014648438,402.649993896484,26919200,396.563293457031
2024-03-06,402.970001220703,405.160003662109,398.390014648438,402.089996337891,22344100,396.01171875
2024-03-07,406.119995117188,409.779998779297,402.239990234375,409.140014648438,18718500,402.955200195312
2024-03-08,407.959991455078,410.420013427734,404.329986572266,406.220001220703,18002200,400.079345703125
2024-03-11,403.760009765625,405.679992675781,401.260009765625,404.519989013672,16120800,398.404998779297
2024-03-12,407.619995117188,415.570007324219,406.790008544922,415.279998779297,22457000,409.002319335938
2024-03-13,418.100006103516,418.179992675781,411.450012207031,415.100006103516,17115900,408.825103759766
2024-03-14,420.239990234375,427.820007324219,417.989990234375,425.220001220703,34157300,418.792083740234
2024-03-15,419.290008544922,422.600006103516,412.790008544922,416.420013427734,45079900,410.125122070312
2024-03-18,414.25,420.730010986328,413.779998779297,417.320007324219,20106000,411.011505126953
2024-03-19,417.829986572266,421.670013427734,415.549987792969,421.410003662109,19837900,415.039703369141
2024-03-20,422,425.959991455078,420.660003662109,425.230010986328,17860100,418.801971435547
2024-03-21,429.829986572266,430.820007324219,427.160003662109,429.369995117188,21296200,422.879333496094
2024-03-22,429.700012207031,429.859985351562,426.070007324219,428.739990234375,17648500,422.258880615234
2024-03-25,425.239990234375,427.410003662109,421.609985351562,422.859985351562,18060500,416.467712402344
2024-03-26,425.609985351562,425.989990234375,421.350006103516,421.649993896484,16725600,415.276092529297
2024-03-27,424.440002441406,424.450012207031,419.010009765625,421.429992675781,16705000,415.059387207031
2024-03-28,420.959991455078,421.869995117188,419.119995117188,420.720001220703,21871200,414.360076904297
2024-04-01,423.950012207031,427.890014648438,422.220001220703,424.570007324219,16316000,418.151885986328
2024-04-02,420.109985351562,422.380004882812,417.839996337891,421.440002441406,17912000,415.069213867188
2024-04-03,419.730010986328,423.260009765625,419.089996337891,420.450012207031,16502300,414.094177246094
2024-04-04,424.989990234375,428.670013427734,417.570007324219,417.880004882812,19370900,411.563018798828
2024-04-05,420.010009765625,426.510009765625,418.320007324219,425.519989013672,16554800,419.087524414062
2024-04-08,425.170013427734,427.279998779297,423.299987792969,424.589996337891,14272400,418.171600341797
2024-04-09,426.440002441406,427.739990234375,421.619995117188,426.279998779297,12496900,419.836029052734
2024-04-10,422.190002441406,424.029998779297,419.700012207031,423.260009765625,16216600,416.861785888672
2024-04-11,425.820007324219,429.369995117188,422.359985351562,427.929992675781,17966400,421.461090087891
2024-04-12,424.049987792969,425.179992675781,419.769989013672,421.899993896484,19253800,415.522247314453
2024-04-15,426.600006103516,426.820007324219,413.429992675781,413.640014648438,20273500,407.387145996094
2024-04-16,414.570007324219,418.399993896484,413.730010986328,414.579986572266,16765600,408.312927246094
2024-04-17,417.25,418.880004882812,410.329986572266,411.839996337891,15855500,405.614318847656
2024-04-18,410.630004882812,411.890014648438,403.950012207031,404.269989013672,21029900,398.158752441406
2024-04-19,404.029998779297,405.480010986328,397.769989013672,399.119995117188,30565800,393.086608886719
2024-04-22,400.079986572266,402.850006103516,395.75,400.959991455078,20286900,394.898803710938
2024-04-23,404.239990234375,408.200012207031,403.059997558594,407.570007324219,15734500,401.408935546875
2024-04-24,409.559997558594,412.470001220703,406.779998779297,409.059997558594,15065300,402.876342773438
2024-04-25,394.029998779297,399.890014648438,388.029998779297,399.040008544922,40586500,393.007904052734
2024-04-26,412.170013427734,413,405.760009765625,406.320007324219,29694700,400.177764892578
2024-04-29,405.25,406.320007324219,399.190002441406,402.25,19582100,396.169311523438
2024-04-30,401.489990234375,402.160003662109,389.170013427734,389.329986572266,28781400,383.444610595703
2024-05-01,392.609985351562,401.720001220703,390.309997558594,394.940002441406,23562500,388.969757080078
2024-05-02,397.660003662109,399.929992675781,394.649993896484,397.839996337891,17709400,391.825958251953
2024-05-03,402.279998779297,407.149993896484,401.859985351562,406.660003662109,17446700,400.512634277344
2024-05-06,408.760009765625,413.929992675781,406.369995117188,413.540008544922,16996600,407.288665771484
2024-05-07,414.660003662109,414.670013427734,409.089996337891,409.339996337891,20018200,403.152160644531
2024-05-08,408.170013427734,412.230010986328,406.709991455078,410.540008544922,11792300,404.333984375
2024-05-09,410.570007324219,412.720001220703,409.100006103516,412.320007324219,14689700,406.087127685547
2024-05-10,412.940002441406,415.380004882812,411.799987792969,414.739990234375,13402300,408.470458984375
2024-05-13,418.010009765625,418.350006103516,410.820007324219,413.720001220703,15440200,407.465942382812
2024-05-14,412.019989013672,417.489990234375,411.549987792969,416.559997558594,15109300,410.263000488281
2024-05-15,417.899993896484,423.809997558594,417.269989013672,423.079986572266,22239500,417.43603515625
2024-05-16,421.799987792969,425.420013427734,420.350006103516,420.989990234375,17530100,415.373931884766
2024-05-17,422.540008544922,422.920013427734,418.029998779297,420.209991455078,15352200,414.604278564453
2024-05-20,420.209991455078,426.769989013672,419.989990234375,425.339996337891,16272100,419.665893554688
2024-05-21,426.829986572266,432.970001220703,424.850006103516,429.040008544922,21453300,423.316528320312
2024-05-22,430.089996337891,432.410003662109,427.130004882812,430.519989013672,18073700,424.776794433594
2024-05-23,432.970001220703,433.600006103516,425.420013427734,427,17211700,421.303741455078
2024-05-24,427.190002441406,431.059997558594,424.410003662109,430.160003662109,11855300,424.421569824219
2024-05-28,429.630004882812,430.820007324219,426.600006103516,430.320007324219,15718000,424.579467773438
2024-05-29,425.690002441406,430.940002441406,425.690002441406,429.170013427734,15517100,423.444763183594
2024-05-30,424.299987792969,424.299987792969,414.239990234375,414.670013427734,28394500,409.138244628906
2024-05-31,416.75,416.75,404.510009765625,415.130004882812,47995300,409.592071533203
2024-06-03,415.529998779297,416.429992675781,408.920013427734,413.519989013672,17484700,408.003540039062
2024-06-04,412.429992675781,416.440002441406,409.679992675781,416.070007324219,14348900,410.51953125
2024-06-05,417.809997558594,424.079986572266,416.299987792969,424.010009765625,16988000,418.353607177734
2024-06-06,424.010009765625,425.309997558594,420.579986572266,424.519989013672,14861300,418.856781005859
2024-06-07,426.200012207031,426.279998779297,423,423.850006103516,13621700,418.195739746094
2024-06-10,424.700012207031,428.079986572266,423.890014648438,427.869995117188,13982900,422.162109375
2024-06-11,425.480010986328,432.820007324219,425.25,432.679992675781,14551100,426.907928466797
2024-06-12,435.320007324219,443.399993896484,433.25,441.059997558594,22366200,435.176147460938
2024-06-13,440.850006103516,443.390014648438,439.369995117188,441.579986572266,15960600,435.689208984375
2024-06-14,438.279998779297,443.140014648438,436.720001220703,442.570007324219,13582000,436.666015625
2024-06-17,442.589996337891,450.940002441406,440.720001220703,448.369995117188,20790000,442.388610839844
2024-06-18,449.709991455078,450.140014648438,444.890014648438,446.339996337891,17112500,440.385711669922
2024-06-20,446.299987792969,446.529998779297,441.269989013672,445.700012207031,19877400,439.754241943359
2024-06-21,447.380004882812,450.579986572266,446.510009765625,449.779998779297,34187100,443.779815673828
2024-06-24,449.799987792969,452.75,446.410003662109,447.670013427734,15913700,441.698028564453
2024-06-25,448.25,451.420013427734,446.75,450.950012207031,16413400,444.934204101562
2024-06-26,449,453.600006103516,448.190002441406,452.160003662109,16507000,446.128112792969
2024-06-27,452.179992675781,456.170013427734,451.769989013672,452.850006103516,14806300,446.808898925781
2024-06-28,453.070007324219,455.380004882812,446.410003662109,446.950012207031,28362300,440.987609863281
2024-07-01,448.660003662109,457.369995117188,445.660003662109,456.730010986328,17662800,450.637084960938
2024-07-02,453.200012207031,459.589996337891,453.109985351562,459.279998779297,13979800,453.153137207031
2024-07-03,458.190002441406,461.019989013672,457.880004882812,460.769989013672,9932800,454.623168945312
2024-07-05,459.609985351562,468.350006103516,458.970001220703,467.559997558594,16000300,461.322692871094
2024-07-08,466.549987792969,467.700012207031,464.459991455078,466.239990234375,12962300,460.020263671875
2024-07-09,467,467.329986572266,458,459.540008544922,17207200,453.409637451172
2024-07-10,461.220001220703,466.459991455078,458.859985351562,466.25,18196100,460.030090332031
2024-07-11,462.980010986328,464.779998779297,451.549987792969,454.700012207031,23111200,448.634216308594
2024-07-12,454.329986572266,456.359985351562,450.649993896484,453.549987792969,16324300,447.49951171875
2024-07-15,453.299987792969,457.260009765625,451.429992675781,453.959991455078,14429400,447.904052734375
2024-07-16,454.220001220703,454.299987792969,446.660003662109,449.519989013672,17175700,443.523284912109
2024-07-17,442.589996337891,444.850006103516,439.179992675781,443.519989013672,21778000,437.603363037109
2024-07-18,444.339996337891,444.649993896484,434.399993896484,440.369995117188,20794800,434.495391845703
2024-07-19,433.100006103516,441.140014648438,432,437.109985351562,20940400,431.278839111328
2024-07-22,441.790008544922,444.600006103516,438.910003662109,442.940002441406,15808800,437.031066894531
2024-07-23,443.899993896484,448.390014648438,443.100006103516,444.850006103516,13107100,438.915649414062
2024-07-24,440.450012207031,441.480010986328,427.589996337891,428.899993896484,26805800,423.178375244141
2024-07-25,428.799987792969,429.799987792969,417.510009765625,418.399993896484,29943800,412.818420410156
2024-07-26,418.200012207031,428.920013427734,417.269989013672,425.269989013672,23583800,419.596801757812
2024-07-29,431.579986572266,432.149993896484,424.700012207031,426.730010986328,15125800,421.037322998047
2024-07-30,427.720001220703,429.049987792969,417.359985351562,422.920013427734,32687600,417.278137207031
2024-07-31,420.5,421.779998779297,412.209991455078,418.350006103516,42891400,412.769104003906
2024-08-01,420.790008544922,427.459991455078,413.089996337891,417.109985351562,30296400,411.545654296875
2024-08-02,412.489990234375,415,404.339996337891,408.489990234375,29437900,403.040618896484
2024-08-05,389.170013427734,401.040008544922,385.579986572266,395.149993896484,40709200,389.878631591797
2024-08-06,400,405.670013427734,398.5,399.609985351562,24946500,394.279083251953
2024-08-07,408.640014648438,410.079986572266,397.470001220703,398.429992675781,20650900,393.114837646484
2024-08-08,402.440002441406,405.859985351562,399.940002441406,402.690002441406,20203000,397.317993164062
2024-08-09,404.029998779297,408.049987792969,402.260009765625,406.019989013672,19276700,400.603607177734
2024-08-12,407.059997558594,408.760009765625,404.239990234375,406.809997558594,16762900,401.383026123047
2024-08-13,409.589996337891,414.950012207031,409.570007324219,414.010009765625,19414300,408.487030029297
2024-08-14,414.799987792969,417.720001220703,412.450012207031,416.859985351562,18267000,411.298950195312
2024-08-15,419.799987792969,421.109985351562,417.660003662109,421.029998779297,20752100,416.162109375
2024-08-16,420.600006103516,421.339996337891,417.299987792969,418.470001220703,22775600,413.631683349609
2024-08-19,418.959991455078,421.75,416.459991455078,421.529998779297,15234000,416.656341552734
2024-08-20,421.700012207031,425.859985351562,421.640014648438,424.799987792969,16387600,419.888519287109
2024-08-21,424.079986572266,426.399993896484,421.720001220703,424.140014648438,16067300,419.236206054688
2024-08-22,424.359985351562,426.790008544922,414.609985351562,415.549987792969,19361900,410.745422363281
2024-08-23,416.980010986328,419.260009765625,412.089996337891,416.790008544922,18493800,411.971130371094
2024-08-26,416.369995117188,417.279998779297,411.339996337891,413.489990234375,13152800,408.709289550781
2024-08-27,412.859985351562,414.359985351562,410.25,413.839996337891,13492900,409.055236816406
2024-08-28,414.880004882812,415,407.309997558594,410.600006103516,14882700,405.852722167969
2024-08-29,414.940002441406,422.049987792969,410.600006103516,413.119995117188,17045200,408.343536376953
2024-08-30,415.600006103516,417.489990234375,412.130004882812,417.140014648438,24308300,412.317077636719
2024-09-03,417.910003662109,419.880004882812,407.029998779297,409.440002441406,20313600,404.706085205078
2024-09-04,405.910003662109,411.239990234375,404.369995117188,408.899993896484,15135800,404.172332763672
2024-09-05,407.619995117188,413.100006103516,406.130004882812,408.390014648438,14195500,403.668243408203
2024-09-06,409.059997558594,410.649993896484,400.799987792969,401.700012207031,19609500,397.0556640625
2024-09-09,407.239990234375,408.649993896484,402.149993896484,405.720001220703,15295100,401.029113769531
2024-09-10,408.200012207031,416.329986572266,407.700012207031,414.200012207031,19594300,409.4111328125
2024-09-11,415.5,423.989990234375,409.579986572266,423.040008544922,19266900,418.148864746094
2024-09-12,423.309997558594,427.369995117188,419.75,427,17395700,422.063049316406
2024-09-13,425.829986572266,431.829986572266,425.459991455078,430.589996337891,15874600,425.611572265625
2024-09-16,430.600006103516,433.529998779297,428.220001220703,431.339996337891,13834700,426.352905273438
2024-09-17,440.230010986328,441.850006103516,432.269989013672,435.149993896484,18874200,430.118835449219
2024-09-18,435,436.029998779297,430.410003662109,430.809997558594,18898000,425.829010009766
2024-09-19,441.230010986328,441.5,436.899993896484,438.690002441406,21706600,433.617950439453
2024-09-20,437.220001220703,439.239990234375,434.220001220703,435.269989013672,55167100,430.237457275391
2024-09-23,434.279998779297,436.459991455078,430.390014648438,433.510009765625,15128900,428.497833251953
2024-09-24,433,433.350006103516,426.100006103516,429.170013427734,17015800,424.2080078125
2024-09-25,429.829986572266,433.119995117188,428.570007324219,432.109985351562,13396400,427.113952636719
2024-09-26,435.089996337891,435.299987792969,429.130004882812,431.309997558594,14492000,426.3232421875
2024-09-27,431.519989013672,431.850006103516,427.470001220703,428.019989013672,14896100,423.0712890625
2024-09-30,428.209991455078,430.420013427734,425.369995117188,430.299987792969,16807300,425.324951171875
2024-10-01,428.450012207031,428.480010986328,418.809997558594,420.690002441406,19092900,415.826049804688
2024-10-02,422.579986572266,422.820007324219,416.709991455078,417.130004882812,16582300,412.307189941406
2024-10-03,417.630004882812,419.549987792969,414.290008544922,416.540008544922,13686400,411.723999023438
2024-10-04,418.239990234375,419.75,414.970001220703,416.059997558594,19169700,411.249572753906
2024-10-07,416,417.109985351562,409,409.540008544922,20919800,404.804962158203
2024-10-08,410.899993896484,415.660003662109,408.170013427734,414.709991455078,19229300,409.915191650391
2024-10-09,415.859985351562,420.380004882812,414.299987792969,417.459991455078,14974300,412.633361816406
2024-10-10,415.230010986328,417.350006103516,413.149993896484,415.839996337891,13848400,411.032165527344
2024-10-11,416.140014648438,417.130004882812,413.25,416.320007324219,14144900,411.506591796875
2024-10-14,417.769989013672,424.040008544922,417.519989013672,419.140014648438,16653100,414.293975830078
2024-10-15,422.179992675781,422.480010986328,415.260009765625,418.739990234375,18900200,413.898559570312
2024-10-16,415.170013427734,416.359985351562,410.480010986328,416.119995117188,15508900,411.308898925781
2024-10-17,422.359985351562,422.5,415.589996337891,416.720001220703,14820000,411.901947021484
2024-10-18,417.140014648438,419.649993896484,416.260009765625,418.160003662109,17145300,413.325317382812
2024-10-21,416.119995117188,418.959991455078,413.75,418.779998779297,14206100,413.938110351562
2024-10-22,418.489990234375,430.579986572266,418.040008544922,427.510009765625,25482200,422.567199707031
2024-10-23,430.859985351562,431.079986572266,422.529998779297,424.600006103516,19654400,419.690826416016
2024-10-24,425.329986572266,425.980010986328,422.399993896484,424.730010986328,13581600,419.819305419922
2024-10-25,426.760009765625,432.519989013672,426.570007324219,428.149993896484,16899100,423.199798583984
2024-10-28,431.660003662109,431.940002441406,426.299987792969,426.589996337891,14882400,421.657806396484
2024-10-29,428,433.170013427734,425.799987792969,431.950012207031,17644100,426.955871582031
2024-10-30,437.440002441406,438.5,432.100006103516,432.529998779297,29749100,427.529174804688
2024-10-31,415.359985351562,416.160003662109,406.299987792969,406.350006103516,53971000,401.651824951172
2024-11-01,409.010009765625,415.5,407.5,410.369995117188,24230400,405.625366210938
2024-11-04,409.799987792969,410.420013427734,405.570007324219,408.459991455078,19672300,403.737426757812
2024-11-05,408.369995117188,414.899993896484,408.079986572266,411.459991455078,17626000,406.702728271484
2024-11-06,412.420013427734,420.450012207031,410.519989013672,420.179992675781,26681800,415.321960449219
2024-11-07,421.279998779297,426.850006103516,419.880004882812,425.429992675781,19901800,420.51123046875
2024-11-08,425.320007324219,426.5,421.779998779297,422.540008544922,16891400,417.654663085938
2024-11-11,422.519989013672,424.809997558594,416,418.010009765625,24503300,413.177062988281
2024-11-12,418.25,424.440002441406,417.200012207031,423.029998779297,19401200,418.138977050781
2024-11-13,421.640014648438,429.329986572266,418.209991455078,425.200012207031,21502200,420.283874511719
2024-11-14,425,428.170013427734,420,426.890014648438,30246900,421.954406738281
2024-11-15,419.820007324219,422.799987792969,413.640014648438,415,28247600,410.201812744141
2024-11-18,414.869995117188,418.399993896484,412.100006103516,415.760009765625,24727000,410.953094482422
2024-11-19,413.109985351562,417.940002441406,411.549987792969,417.790008544922,18133500,412.959594726562
2024-11-20,416.869995117188,417.290008544922,410.579986572266,415.489990234375,19191700,410.686157226562
2024-11-21,419.5,419.779998779297,410.290008544922,412.869995117188,20780200,408.913330078125
2024-11-22,411.369995117188,417.399993896484,411.059997558594,417,24814600,413.003753662109
2024-11-25,418.380004882812,421.079986572266,414.850006103516,418.790008544922,27691100,414.776580810547
2024-11-26,419.589996337891,429.040008544922,418.850006103516,427.989990234375,23458900,423.888427734375
2024-11-27,425.109985351562,427.230010986328,422.019989013672,422.989990234375,18332400,418.936340332031
2024-11-29,420.089996337891,424.880004882812,417.799987792969,423.459991455078,16271900,419.40185546875
2024-12-02,421.570007324219,433,421.309997558594,430.980010986328,20207200,426.849792480469
2024-12-03,429.839996337891,432.470001220703,427.739990234375,431.200012207031,18302000,427.067687988281
2024-12-04,433.029998779297,439.670013427734,432.630004882812,437.420013427734,26009400,433.228057861328
2024-12-05,437.920013427734,444.660003662109,436.170013427734,442.619995117188,21697800,438.378204345703
2024-12-06,442.299987792969,446.100006103516,441.769989013672,443.570007324219,18821000,439.319091796875
2024-12-09,442.600006103516,448.329986572266,440.5,446.019989013672,19144400,441.745635986328
2024-12-10,444.390014648438,449.619995117188,441.600006103516,443.329986572266,18469500,439.081420898438
2024-12-11,444.049987792969,450.350006103516,444.049987792969,448.989990234375,19200200,444.687194824219
2024-12-12,449.109985351562,456.160003662109,449.109985351562,449.559997558594,20834800,445.251678466797
2024-12-13,448.440002441406,451.429992675781,445.579986572266,447.269989013672,20177800,442.983612060547
2024-12-16,447.269989013672,452.179992675781,445.279998779297,451.589996337891,23598800,447.262268066406
2024-12-17,451.010009765625,455.290008544922,449.570007324219,454.459991455078,22733500,450.104736328125
2024-12-18,451.320007324219,452.649993896484,437.019989013672,437.390014648438,24444500,433.198364257812
2024-12-19,441.619995117188,443.179992675781,436.320007324219,437.029998779297,22963700,432.841796875
2024-12-20,433.109985351562,443.739990234375,428.630004882812,436.600006103516,64263700,432.415893554688
2024-12-23,436.739990234375,437.649993896484,432.829986572266,435.25,19152500,431.078857421875
2024-12-24,434.649993896484,439.600006103516,434.190002441406,439.329986572266,7164500,435.119720458984
2024-12-26,439.079986572266,440.940002441406,436.630004882812,438.109985351562,8194200,433.911437988281
2024-12-27,434.600006103516,435.220001220703,426.350006103516,430.529998779297,18117700,426.404083251953
2024-12-30,426.059997558594,427.549987792969,421.899993896484,424.829986572266,13158700,420.758697509766
2024-12-31,426.100006103516,426.730010986328,420.660003662109,421.5,13246500,417.460571289062
2025-01-02,425.529998779297,426.070007324219,414.850006103516,418.579986572266,16896500,414.568572998047
2025-01-03,421.079986572266,424.029998779297,419.540008544922,423.350006103516,16662900,419.292877197266
2025-01-06,428,434.320007324219,425.480010986328,427.850006103516,20573600,423.749786376953
2025-01-07,429,430.649993896484,420.799987792969,422.369995117188,18139100,418.322265625
2025-01-08,423.459991455078,426.970001220703,421.540008544922,424.559997558594,15054600,420.491302490234
2025-01-10,424.630004882812,424.709991455078,415.019989013672,418.950012207031,20201100,414.93505859375
2025-01-13,415.239990234375,418.5,412.290008544922,417.190002441406,17604800,413.191925048828
2025-01-14,417.809997558594,419.739990234375,410.720001220703,415.670013427734,16935900,411.686492919922
2025-01-15,419.130004882812,428.149993896484,418.269989013672,426.309997558594,19637800,422.224517822266
2025-01-16,428.700012207031,429.489990234375,424.390014648438,424.579986572266,15300000,420.511077880859
2025-01-17,434.089996337891,434.480010986328,428.170013427734,429.029998779297,26197500,424.91845703125
2025-01-21,430.200012207031,430.899993896484,425.600006103516,428.5,26085700,424.3935546875
2025-01-22,437.559997558594,447.269989013672,436,446.200012207031,27803800,441.923919677734
2025-01-23,442,446.75,441.5,446.709991455078,18389300,442.429016113281
2025-01-24,445.160003662109,446.649993896484,441.399993896484,444.059997558594,15549500,439.804412841797
2025-01-27,424.010009765625,435.200012207031,423.5,434.559997558594,35647800,430.395477294922
2025-01-28,434.600006103516,448.380004882812,431.380004882812,447.200012207031,23491700,442.914337158203
2025-01-29,446.690002441406,446.880004882812,440.399993896484,442.329986572266,23581400,438.090972900391
2025-01-30,418.769989013672,422.859985351562,413.160003662109,414.989990234375,54586300,411.013000488281
2025-01-31,418.980010986328,420.690002441406,414.910003662109,415.059997558594,34161900,411.082366943359
2025-02-03,411.600006103516,415.410003662109,408.660003662109,410.920013427734,25679100,406.982025146484
2025-02-04,412.690002441406,413.920013427734,409.739990234375,412.369995117188,20532100,408.418090820312
2025-02-05,412.350006103516,413.829986572266,410.399993896484,413.290008544922,16316700,409.329284667969
2025-02-06,414,418.200012207031,414,415.820007324219,16309800,411.835021972656
2025-02-07,416.480010986328,418.649993896484,408.100006103516,409.75,22886800,405.823211669922
2025-02-10,413.709991455078,415.459991455078,410.920013427734,412.220001220703,20817900,408.26953125
2025-02-11,409.640014648438,412.489990234375,409.299987792969,411.440002441406,18140600,407.497009277344
2025-02-12,407.209991455078,410.75,404.369995117188,409.040008544922,19121700,405.120025634766
2025-02-13,407,411,406.359985351562,410.540008544922,23891700,406.605651855469
2025-02-14,407.790008544922,408.910003662109,405.880004882812,408.429992675781,22758500,404.515869140625
2025-02-18,408,410.600006103516,406.5,409.640014648438,21423100,405.714263916016
2025-02-19,407.880004882812,415.489990234375,407.649993896484,414.769989013672,24114200,410.795074462891
2025-02-20,415.290008544922,419.309997558594,412.540008544922,416.130004882812,23508700,412.968475341797
2025-02-21,417.339996337891,418.049987792969,407.890014648438,408.209991455078,27524800,405.108642578125
2025-02-24,408.510009765625,409.369995117188,399.320007324219,404,26443700,400.9306640625
2025-02-25,401.100006103516,401.920013427734,396.700012207031,397.899993896484,29387400,394.876953125
2025-02-26,398.010009765625,403.600006103516,394.25,399.730010986328,19619000,396.693084716797
2025-02-27,401.269989013672,405.739990234375,392.170013427734,392.529998779297,21127400,389.547760009766
2025-02-28,392.660003662109,397.630004882812,386.570007324219,396.989990234375,32845700,393.973907470703
2025-03-03,398.820007324219,398.820007324219,386.160003662109,388.489990234375,23007700,385.538452148438
2025-03-04,383.399993896484,392.579986572266,381,388.609985351562,29342900,385.657531738281
2025-03-05,389.339996337891,401.670013427734,388.809997558594,401.019989013672,23433100,397.973266601562
2025-03-06,394.279998779297,402.149993896484,392.679992675781,396.890014648438,23304600,393.874694824219
2025-03-07,392.320007324219,394.799987792969,385.540008544922,393.309997558594,22034100,390.321838378906
2025-03-10,385.839996337891,386.399993896484,377.220001220703,380.160003662109,32840100,377.271759033203
2025-03-11,379,386,376.910003662109,380.450012207031,30380200,377.5595703125
2025-03-12,382.950012207031,385.220001220703,378.950012207031,383.269989013672,24253600,380.358123779297
2025-03-13,383.160003662109,385.320007324219,377.450012207031,378.769989013672,20473000,375.892303466797
2025-03-14,379.779998779297,390.230010986328,379.510009765625,388.559997558594,19952800,385.607940673828
2025-03-17,386.700012207031,392.709991455078,385.570007324219,388.700012207031,22474300,385.746887207031
2025-03-18,387.070007324219,387.369995117188,381.100006103516,383.519989013672,19486900,380.606201171875
2025-03-19,385.529998779297,389.679992675781,384,387.820007324219,19185500,384.873565673828
2025-03-20,385.739990234375,391.790008544922,383.279998779297,386.839996337891,18470500,383.901031494141
2025-03-21,383.220001220703,391.739990234375,382.799987792969,391.260009765625,39675900,388.287445068359
2025-03-24,395.399993896484,395.399993896484,389.809997558594,393.079986572266,21004500,390.093597412109
2025-03-25,393.920013427734,396.359985351562,392.640014648438,395.160003662109,15775000,392.157775878906
2025-03-26,395,395.309997558594,388.570007324219,389.970001220703,16108400,387.007202148438
2025-03-27,390.130004882812,392.239990234375,387.399993896484,390.579986572266,13766800,387.612548828125
2025-03-28,388.079986572266,389.130004882812,376.929992675781,378.799987792969,21632000,375.922088623047
2025-03-31,372.540008544922,377.070007324219,367.239990234375,375.390014648438,35184700,372.537994384766
2025-04-01,374.649993896484,382.850006103516,373.230010986328,382.190002441406,19689500,379.286376953125
2025-04-02,377.970001220703,385.079986572266,376.619995117188,382.140014648438,16092600,379.236724853516
2025-04-03,374.790008544922,377.480010986328,369.350006103516,373.109985351562,30198000,370.275299072266
2025-04-04,364.130004882812,374.589996337891,359.480010986328,359.839996337891,49209900,357.106140136719
2025-04-07,350.880004882812,371,344.790008544922,357.859985351562,50425000,355.141174316406
2025-04-08,368.260009765625,373.649993896484,350.25,354.559997558594,35868900,351.866241455078
2025-04-09,353.540008544922,393.230010986328,353.100006103516,390.489990234375,50199700,387.523254394531
2025-04-10,382.059997558594,383.899993896484,367.799987792969,381.350006103516,38024400,378.452728271484
2025-04-11,380.640014648438,390.049987792969,378.890014648438,388.450012207031,23839200,385.498748779297
2025-04-14,393.220001220703,394.649993896484,384.209991455078,387.809997558594,19251200,384.863616943359
2025-04-15,388.510009765625,391.890014648438,384.160003662109,385.730010986328,17199900,382.799407958984
2025-04-16,380.670013427734,381.609985351562,368,371.609985351562,21967800,368.786682128906
2025-04-17,373.75,374.320007324219,366.890014648438,367.779998779297,21120200,364.985809326172
2025-04-21,362.820007324219,364.480010986328,355.670013427734,359.119995117188,20807300,356.3916015625
2025-04-22,363.380004882812,367.769989013672,359.859985351562,366.820007324219,19485000,364.033081054688
2025-04-23,376.059997558594,380.390014648438,373.019989013672,374.390014648438,20545500,371.545623779297
2025-04-24,375.700012207031,388.450012207031,375.190002441406,387.299987792969,22232300,384.357482910156
2025-04-25,387,392.160003662109,384.600006103516,391.850006103516,18973200,388.872955322266
2025-04-28,391.959991455078,392.739990234375,386.640014648438,391.160003662109,16579400,388.188171386719
2025-04-29,391.299987792969,395.100006103516,390.380004882812,394.040008544922,14974000,391.046295166016
2025-04-30,390.299987792969,396.660003662109,384.440002441406,395.260009765625,36461100,392.257019042969
2025-05-01,431.109985351562,436.989990234375,424.899993896484,425.399993896484,58938100,422.168060302734
2025-05-02,431.739990234375,439.440002441406,429.989990234375,435.279998779297,30757400,431.972991943359
2025-05-05,432.869995117188,439.5,432.109985351562,436.170013427734,20136100,432.856262207031
2025-05-06,432.200012207031,437.730010986328,431.170013427734,433.309997558594,15104200,430.017944335938
2025-05-07,433.839996337891,438.119995117188,431.109985351562,433.350006103516,23295300,430.057647705078
2025-05-08,437.929992675781,443.670013427734,435.660003662109,438.170013427734,23491300,434.841033935547
2025-05-09,440,440.739990234375,435.880004882812,438.730010986328,15324200,435.396759033203
2025-05-12,445.940002441406,449.369995117188,439.779998779297,449.260009765625,22821900,445.846771240234
2025-05-13,447.779998779297,450.670013427734,445.359985351562,449.140014648438,23618800,445.727722167969
2025-05-14,448.140014648438,453.899993896484,448.140014648438,452.940002441406,19902800,449.498809814453
2025-05-15,450.769989013672,456.190002441406,450.429992675781,453.130004882812,21992300,450.512939453125
2025-05-16,452.049987792969,454.359985351562,448.730010986328,454.269989013672,23849800,451.646331787109
2025-05-19,450.880004882812,459.589996337891,450.799987792969,458.869995117188,21336500,456.219757080078
2025-05-20,455.589996337891,458.339996337891,454.320007324219,458.170013427734,15441800,455.523834228516
2025-05-21,454.570007324219,457.779998779297,451.809997558594,452.570007324219,19216900,449.956176757812
2025-05-22,454.950012207031,460.25,453.899993896484,454.859985351562,18025600,452.23291015625
2025-05-23,449.980010986328,453.690002441406,448.910003662109,450.179992675781,16883500,447.579956054688
2025-05-27,456.480010986328,460.950012207031,456.119995117188,460.690002441406,20974300,458.029266357422
2025-05-28,461.220001220703,462.519989013672,456.929992675781,457.359985351562,17086300,454.718475341797
2025-05-29,461.549987792969,461.720001220703,455.309997558594,458.679992675781,13974800,456.030883789062
2025-05-30,459.720001220703,461.679992675781,455.540008544922,460.359985351562,34770500,457.701141357422
2025-06-02,457.140014648438,462.109985351562,456.890014648438,461.970001220703,16626500,459.301849365234
2025-06-03,461.470001220703,464.140014648438,460.859985351562,462.970001220703,15743800,460.296112060547
2025-06-04,464,465.690002441406,463.019989013672,463.869995117188,14162700,461.19091796875
2025-06-05,464.959991455078,469.649993896484,464.029998779297,467.679992675781,20131700,464.978881835938
2025-06-06,470.089996337891,473.339996337891,468.779998779297,470.380004882812,15285600,467.663299560547
2025-06-09,469.700012207031,473.429992675781,468.619995117188,472.75,16469900,470.019622802734
2025-06-10,471.190002441406,472.799987792969,466.959991455078,470.920013427734,15375900,468.200164794922
2025-06-11,470.019989013672,475.470001220703,469.660003662109,472.619995117188,16399200,469.890380859375
2025-06-12,475.019989013672,480.420013427734,473.519989013672,478.869995117188,18950600,476.104248046875
2025-06-13,476.410003662109,479.179992675781,472.760009765625,474.959991455078,16814500,472.216857910156
2025-06-16,475.209991455078,480.690002441406,475,479.140014648438,15626100,476.372711181641
2025-06-17,475.399993896484,478.739990234375,474.079986572266,478.040008544922,15414100,475.279052734375
2025-06-18,478,481,474.459991455078,480.239990234375,17526500,477.466339111328
2025-06-20,482.230010986328,483.459991455078,476.869995117188,477.399993896484,37576200,474.642761230469
2025-06-23,478.209991455078,487.75,472.510009765625,486,24864000,483.193054199219
2025-06-24,488.950012207031,491.850006103516,486.799987792969,490.109985351562,22305600,487.279296875
2025-06-25,492.040008544922,494.559997558594,489.390014648438,492.269989013672,17495100,489.426849365234
2025-06-26,492.980010986328,498.040008544922,492.809997558594,497.450012207031,21578900,494.576965332031
2025-06-27,497.549987792969,499.299987792969,493.029998779297,495.940002441406,34539200,493.075653076172
2025-06-30,497.040008544922,500.760009765625,495.329986572266,497.410003662109,28369000,494.537170410156
2025-07-01,496.470001220703,498.049987792969,490.980010986328,492.049987792969,19945400,489.208129882812
2025-07-02,489.989990234375,493.5,488.700012207031,491.089996337891,16319600,488.253662109375
2025-07-03,493.809997558594,500.130004882812,493.440002441406,498.839996337891,13984800,495.958923339844
2025-07-07,497.380004882812,498.75,495.230010986328,497.720001220703,13981600,494.845428466797
2025-07-08,497.239990234375,498.200012207031,494.109985351562,496.619995117188,11846600,493.751770019531
2025-07-09,500.299987792969,506.779998779297,499.739990234375,503.510009765625,18659500,500.601989746094
2025-07-10,503.049987792969,504.440002441406,497.75,501.480010986328,16492100,498.583679199219
2025-07-11,498.470001220703,505.029998779297,497.799987792969,503.320007324219,16459500,500.4130859375
2025-07-14,501.519989013672,503.970001220703,501.029998779297,503.019989013672,12058800,500.114776611328
2025-07-15,503.019989013672,508.299987792969,502.790008544922,505.820007324219,14927200,502.898620605469
2025-07-16,505.179992675781,506.720001220703,501.890014648438,505.619995117188,15154400,502.699768066406
2025-07-17,505.679992675781,513.369995117188,505.619995117188,511.700012207031,17503100,508.744659423828
2025-07-18,514.47998046875,514.640014648438,507.429992675781,510.049987792969,21209700,507.104156494141
2025-07-21,506.709991455078,512.090026855469,505.549987792969,510.059997558594,14066800,507.114135742188
2025-07-22,510.970001220703,511.200012207031,505.269989013672,505.269989013672,13868600,502.351745605469
2025-07-23,506.75,506.790008544922,500.700012207031,505.869995117188,16396600,502.948303222656
2025-07-24,508.769989013672,513.669982910156,507.299987792969,510.880004882812,16107000,507.929412841797
2025-07-25,512.469970703125,518.289978027344,510.359985351562,513.710021972656,19125700,510.743041992188
2025-07-28,514.080017089844,515,510.119995117188,512.5,14308000,509.5400390625
2025-07-29,515.530029296875,517.619995117188,511.559997558594,512.570007324219,16469200,509.609619140625
2025-07-30,515.169982910156,515.950012207031,509.440002441406,513.239990234375,26380400,510.275787353516
2025-07-31,555.22998046875,555.450012207031,531.900024414062,533.5,51617300,530.418762207031
2025-08-01,535,535.799987792969,520.859985351562,524.109985351562,28977600,521.082946777344
2025-08-04,528.27001953125,538.25,528.130004882812,535.640014648438,25349000,532.54638671875
2025-08-05,537.179992675781,537.299987792969,527.239990234375,527.75,19171600,524.701965332031
2025-08-06,530.900024414062,531.700012207031,524.030029296875,524.940002441406,21355700,521.908203125
2025-08-07,526.799987792969,528.090026855469,517.549987792969,520.840026855469,16079100,517.831909179688
2025-08-08,522.599975585938,524.659973144531,519.409973144531,522.039978027344,15531000,519.02490234375
2025-08-11,522.299987792969,527.590026855469,519.719970703125,521.77001953125,20194400,518.756469726562
2025-08-12,523.75,530.97998046875,522.700012207031,529.239990234375,18667000,526.183349609375
2025-08-13,532.109985351562,532.700012207031,519.369995117188,520.580017089844,19619200,517.573425292969
2025-08-14,522.559997558594,525.950012207031,520.140014648438,522.47998046875,20269100,519.46240234375
2025-08-15,522.77001953125,526.099975585938,519.080017089844,520.169982910156,25213300,517.165710449219
2025-08-18,521.590026855469,522.820007324219,514.02001953125,517.099975585938,23760600,514.113464355469
2025-08-19,515,515.159973144531,508.549987792969,509.769989013672,21481000,506.825775146484
2025-08-20,509.869995117188,511,504.440002441406,505.720001220703,27723000,502.799194335938
2025-08-21,503.690002441406,507.630004882812,502.720001220703,504.239990234375,18443300,502.15185546875
2025-08-22,504.25,510.730010986328,502.410003662109,507.230010986328,24324200,505.129516601562
2025-08-25,506.630004882812,508.190002441406,504.119995117188,504.260009765625,21638600,502.171813964844
2025-08-26,504.359985351562,504.980010986328,498.510009765625,502.040008544922,30835700,499.960998535156
2025-08-27,502,507.290008544922,499.899993896484,506.739990234375,17277900,504.641540527344
2025-08-28,507.089996337891,511.089996337891,505.5,509.640014648438,18015600,507.529541015625
2025-08-29,508.660003662109,509.600006103516,504.489990234375,506.690002441406,20961600,504.591735839844
2025-09-02,500.470001220703,506,496.809997558594,505.119995117188,18128000,503.028228759766
2025-09-03,503.790008544922,507.790008544922,502.320007324219,505.350006103516,16345100,503.257293701172
2025-09-04,504.299987792969,508.149993896484,503.149993896484,507.970001220703,15509500,505.866455078125
2025-09-05,509.070007324219,511.970001220703,492.369995117188,495,31994800,492.950164794922
2025-09-08,498.109985351562,501.200012207031,495.029998779297,498.200012207031,16771000,496.136901855469
2025-09-09,501.429992675781,502.25,497.700012207031,498.410003662109,14410500,496.346008300781
2025-09-10,502.980010986328,503.230010986328,496.720001220703,500.369995117188,21611800,498.297912597656
2025-09-11,502.25,503.170013427734,497.880004882812,501.010009765625,18881600,498.935272216797
2025-09-12,506.649993896484,512.549987792969,503.850006103516,509.899993896484,23624900,507.788452148438
2025-09-15,508.790008544922,515.469970703125,507,515.359985351562,17143800,513.225830078125
2025-09-16,516.880004882812,517.22998046875,508.600006103516,509.040008544922,19711900,506.932006835938
2025-09-17,510.619995117188,511.290008544922,505.929992675781,510.019989013672,15816600,507.907928466797
2025-09-18,511.489990234375,513.070007324219,507.660003662109,508.450012207031,18913700,506.344451904297
2025-09-19,510.559997558594,519.299987792969,510.309997558594,517.929992675781,52474100,515.785217285156
2025-09-22,515.590026855469,517.739990234375,512.539978027344,514.450012207031,20009300,512.319641113281
2025-09-23,513.799987792969,514.590026855469,507.309997558594,509.230010986328,19799600,507.121246337891
2025-09-24,510.380004882812,512.47998046875,506.920013427734,510.149993896484,13533700,508.037384033203
2025-09-25,508.299987792969,510.010009765625,505.040008544922,507.029998779297,15786500,504.930328369141
2025-09-26,510.059997558594,513.940002441406,506.619995117188,511.459991455078,16213100,509.341949462891
2025-09-29,511.5,516.849975585938,508.880004882812,514.599975585938,17617800,512.468933105469
2025-09-30,513.239990234375,518.159973144531,509.660003662109,517.950012207031,19728200,515.805114746094
2025-10-01,514.799987792969,520.510009765625,511.690002441406,519.710021972656,22632300,517.557800292969
2025-10-02,517.640014648438,521.599975585938,510.679992675781,515.739990234375,21222900,513.604187011719
2025-10-03,517.099975585938,520.489990234375,515,517.349975585938,15112300,515.20751953125
2025-10-06,518.609985351562,531.030029296875,518.200012207031,528.570007324219,21388600,526.381164550781
2025-10-07,528.289978027344,529.799987792969,521.440002441406,523.97998046875,14615200,521.810119628906
2025-10-08,523.280029296875,526.950012207031,523.090026855469,524.849975585938,13363400,522.676513671875
2025-10-09,522.340026855469,524.330017089844,517.400024414062,522.400024414062,18343600,520.236694335938
2025-10-10,519.640014648438,523.580017089844,509.630004882812,510.959991455078,24133800,508.844055175781
2025-10-13,516.409973144531,516.409973144531,511.679992675781,514.049987792969,14284200,511.921264648438
2025-10-14,510.230010986328,515.280029296875,506,513.570007324219,14684300,511.443206787109
2025-10-15,514.960021972656,517.190002441406,510,513.429992675781,14694700,511.303833007812
2025-10-16,512.580017089844,516.849975585938,508.130004882812,511.609985351562,15559600,509.491333007812
2025-10-17,509.040008544922,515.47998046875,507.309997558594,513.580017089844,19867800,511.453216552734
2025-10-20,514.609985351562,518.700012207031,513.429992675781,516.789978027344,14665600,514.649841308594
2025-10-21,517.5,518.690002441406,513.039978027344,517.659973144531,15586200,515.516296386719
2025-10-22,521.150024414062,525.22998046875,517.710021972656,520.539978027344,18962700,518.384338378906
2025-10-23,522.460021972656,523.950012207031,518.609985351562,520.559997558594,14023500,518.404296875
2025-10-24,522.789978027344,525.349975585938,520.710021972656,523.609985351562,15532400,521.441650390625
2025-10-27,531.780029296875,534.580017089844,529.010009765625,531.52001953125,18734700,529.318969726562
2025-10-28,550,553.719970703125,540.77001953125,542.070007324219,29986700,539.8251953125
2025-10-29,544.940002441406,546.27001953125,536.72998046875,541.549987792969,36023000,539.307312011719
2025-10-30,530.47998046875,534.969970703125,522.119995117188,525.760009765625,41023100,523.582763671875
2025-10-31,528.880004882812,529.320007324219,515.099975585938,517.809997558594,34006400,515.665649414062
2025-11-03,519.809997558594,524.960021972656,514.590026855469,517.030029296875,22374700,514.888916015625
2025-11-04,511.760009765625,515.549987792969,507.839996337891,514.330017089844,20958700,512.200134277344
2025-11-05,513.299987792969,514.830017089844,506.579986572266,507.160003662109,23024300,505.059783935547
2025-11-06,505.660003662109,505.700012207031,495.809997558594,497.100006103516,27406500,495.041442871094
2025-11-07,496.950012207031,499.380004882812,493.25,496.820007324219,24019800,494.762603759766
2025-11-10,500.040008544922,506.850006103516,498.799987792969,506,26101500,503.904602050781
2025-11-11,504.799987792969,509.600006103516,502.350006103516,508.679992675781,17980000,506.573486328125
2025-11-12,509.359985351562,511.670013427734,499.119995117188,511.140014648438,26574900,509.023315429688
2025-11-13,510.309997558594,513.5,501.290008544922,503.290008544922,25273100,501.205810546875
2025-11-14,498.230010986328,511.600006103516,497.440002441406,510.179992675781,28505700,508.067291259766
2025-11-17,508.450012207031,512.119995117188,504.910003662109,507.489990234375,19092800,505.388427734375
2025-11-18,495.369995117188,502.980010986328,486.779998779297,493.790008544922,33815100,491.745178222656
2025-11-19,490.100006103516,495.190002441406,482.829986572266,487.119995117188,23245300,485.102783203125
2025-11-20,492.709991455078,493.570007324219,475.5,478.429992675781,26802500,477.340484619141
2025-11-21,478.5,478.920013427734,468.269989013672,472.119995117188,31769200,471.044860839844
2025-11-24,475,476.899993896484,468.019989013672,474,34421000,472.920593261719
2025-11-25,474.070007324219,479.149993896484,464.890014648438,476.989990234375,28019800,475.903747558594
2025-11-26,486.309997558594,488.309997558594,481.200012207031,485.5,25709100,484.394378662109
2025-11-28,487.600006103516,492.630004882812,486.649993896484,492.010009765625,14386700,490.889587402344
2025-12-01,488.440002441406,489.859985351562,484.649993896484,486.739990234375,23964000,485.631561279297
2025-12-02,486.720001220703,493.5,486.320007324219,490,19562700,488.884155273438
2025-12-03,476.320007324219,484.239990234375,475.200012207031,477.730010986328,34615100,476.64208984375
2025-12-04,479.760009765625,481.320007324219,476.489990234375,480.839996337891,22318200,479.744995117188
2025-12-05,482.519989013672,483.399993896484,478.880004882812,483.160003662109,22608700,482.059722900391
2025-12-08,484.890014648438,492.299987792969,484.380004882812,491.019989013672,21965900,489.901824951172
2025-12-09,489.100006103516,492.119995117188,488.5,492.019989013672,14696100,490.899536132812
2025-12-10,484.029998779297,484.25,475.079986572266,478.559997558594,35756200,477.470184326172
2025-12-11,476.630004882812,486.029998779297,475.859985351562,483.470001220703,24669200,482.369018554688
2025-12-12,479.820007324219,482.450012207031,476.339996337891,478.529998779297,21248100,477.440277099609
2025-12-15,480.100006103516,480.720001220703,472.519989013672,474.820007324219,23727700,473.738708496094
2025-12-16,471.910003662109,477.890014648438,470.880004882812,476.390014648438,20705600,475.305145263672
2025-12-17,476.910003662109,480,475,476.119995117188,24527200,475.035736083984
2025-12-18,478.190002441406,489.600006103516,477.890014648438,483.980010986328,28573500,482.877868652344
2025-12-19,487.359985351562,487.850006103516,482.489990234375,485.920013427734,70836100,484.813446044922
2025-12-22,486.119995117188,488.730010986328,482.690002441406,484.920013427734,16963000,483.815734863281
2025-12-23,484.980010986328,487.829986572266,484.739990234375,486.850006103516,14683600,485.741333007812
2025-12-24,485.679992675781,489.160003662109,484.829986572266,488.019989013672,5855900,486.908630371094
2025-12-26,486.709991455078,488.119995117188,485.959991455078,487.709991455078,8842200,486.599365234375
2025-12-29,484.859985351562,488.350006103516,484.179992675781,487.100006103516,10893400,485.990753173828
2025-12-30,485.929992675781,489.679992675781,485.5,487.480010986328,13944500,486.369903564453
