"Date","NFLX.Open","NFLX.High","NFLX.Low","NFLX.Close","NFLX.Volume","NFLX.Adjusted"
2021-01-04,53.9000015258789,54.0800018310547,51.5089988708496,52.2859992980957,44444000,52.2859992980957
2021-01-05,52.1549987792969,52.6780014038086,51.5890007019043,52.0800018310547,31339000,52.0800018310547
2021-01-06,51.1969985961914,51.310001373291,49.9500007629395,50.048999786377,53462000,50.048999786377
2021-01-07,50.8279991149902,51.6440010070801,50.6419982910156,50.8889999389648,36864000,50.8889999389648
2021-01-08,51.1310005187988,51.3240013122559,50.451000213623,51.0400009155273,29739000,51.0400009155273
2021-01-11,50.7840003967285,51.0730018615723,49.7949981689453,49.9099998474121,38062000,49.9099998474121
2021-01-12,50,50.109001159668,48.5670013427734,49.4249992370605,59904000,49.4249992370605
2021-01-13,49.5499992370605,51.2350006103516,49.3009986877441,50.7789993286133,50321000,50.7789993286133
2021-01-14,50.7350006103516,51.4500007629395,49.9580001831055,50.0859985351562,41774000,50.0859985351562
2021-01-15,50,50.6319999694824,49.5099983215332,49.7980003356934,58958000,49.7980003356934
2021-01-19,50.0999984741211,50.9249992370605,49.3540000915527,50.1769981384277,123158000,50.1769981384277
2021-01-20,56.5419998168945,59.3289985656738,55.6860008239746,58.6339988708496,326375000,58.6339988708496
2021-01-21,58.2449989318848,58.875,57.0400009155273,57.984001159668,118021000,57.984001159668
2021-01-22,58.2099990844727,58.398998260498,56.435001373291,56.5169982910156,75508000,56.5169982910156
2021-01-25,56.7000007629395,56.9749984741211,54.8650016784668,55.6780014038086,72073000,55.6780014038086
2021-01-26,55.4729995727539,56.798999786377,55.4059982299805,56.193000793457,50238000,56.193000793457
2021-01-27,55.0709991455078,55.6419982910156,51.5730018615723,52.3279991149902,86703000,52.3279991149902
2021-01-28,53.5880012512207,55.314998626709,53.0740013122559,53.8600006103516,59690000,53.8600006103516
2021-01-29,53.7999992370605,54.0999984741211,53.0180015563965,53.2389984130859,43253000,53.2389984130859
2021-02-01,53.6790008544922,54.5060005187988,53.1730003356934,53.9039993286133,35475000,53.9039993286133
2021-02-02,54.201000213623,55.5480003356934,53.8930015563965,54.8160018920898,37676000,54.8160018920898
2021-02-03,55.0169982910156,55.0480003356934,53.8240013122559,53.9449996948242,31723000,53.9449996948242
2021-02-04,53.9809989929199,55.9480018615723,53.7509994506836,55.2159996032715,51645000,55.2159996032715
2021-02-05,55.226001739502,55.4440002441406,54.5480003356934,55.0789985656738,23762000,55.0789985656738
2021-02-08,55.5,55.5,54.3699989318848,54.7919998168945,27917000,54.7919998168945
2021-02-09,54.5999984741211,56.5999984741211,54.2999992370605,55.9070014953613,37035000,55.9070014953613
2021-02-10,56.25,56.6650009155273,55.3460006713867,56.359001159668,39913000,56.359001159668
2021-02-11,56.4440002441406,56.5929985046387,55.4220008850098,55.7589988708496,27306000,55.7589988708496
2021-02-12,55.6940002441406,56.125,55.0849990844727,55.6520004272461,21971000,55.6520004272461
2021-02-16,55.7290000915527,56.3629989624023,55.2729988098145,55.7280006408691,26241000,55.7280006408691
2021-02-17,55.0989990234375,55.5250015258789,54.3030014038086,55.1339988708496,20696000,55.1339988708496
2021-02-18,54.9000015258789,55,53.8230018615723,54.8219985961914,24562000,54.8219985961914
2021-02-19,54.7999992370605,54.898998260498,53.8810005187988,54.0219993591309,28415000,54.0219993591309
2021-02-22,53.4990005493164,54.1790008544922,53.0789985656738,53.3779983520508,30786000,53.3779983520508
2021-02-23,52.5,54.8540000915527,51.8279991149902,54.6150016784668,41365000,54.6150016784668
2021-02-24,53.9799995422363,55.685001373291,53.9070014953613,55.3409996032715,32450000,55.3409996032715
2021-02-25,55.0270004272461,55.6479988098145,53.5750007629395,54.6699981689453,42529000,54.6699981689453
2021-02-26,54.6510009765625,55.3089981079102,53.7999992370605,53.8849983215332,37556000,53.8849983215332
2021-03-01,54.556999206543,55.2140007019043,54.2000007629395,55.0639991760254,30414000,55.0639991760254
2021-03-02,55.3339996337891,55.6990013122559,54.6020011901855,54.7820014953613,30422000,54.7820014953613
2021-03-03,54.5929985046387,54.8009986877441,51.7809982299805,52.0699996948242,53624000,52.0699996948242
2021-03-04,52.1500015258789,53.1500015258789,50.7680015563965,51.1290016174316,50348000,51.1290016174316
2021-03-05,51.1980018615723,51.7760009765625,49.8790016174316,51.6389999389648,50700000,51.6389999389648
2021-03-08,51.4459991455078,51.8839988708496,49.2849998474121,49.3330001831055,39818000,49.3330001831055
2021-03-09,50.7309989929199,51.3110008239746,50.3819999694824,50.6440010070801,34700000,50.6440010070801
2021-03-10,51.3499984741211,51.8969993591309,50.4249992370605,50.4539985656738,37715000,50.4539985656738
2021-03-11,51.2200012207031,53.023998260498,51.0709991455078,52.3059997558594,47145000,52.3059997558594
2021-03-12,51.25,52.6510009765625,50.6590003967285,51.8019981384277,39817000,51.8019981384277
2021-03-15,51.6319999694824,52.0730018615723,50.8030014038086,52.0250015258789,34843000,52.0250015258789
2021-03-16,52.4469985961914,53.3419990539551,52.3209991455078,52.4029998779297,32389000,52.4029998779297
2021-03-17,52.2000007629395,52.8370018005371,51.4300003051758,52.4440002441406,28174000,52.4440002441406
2021-03-18,51.6399993896484,51.7900009155273,50.3849983215332,50.4790000915527,40945000,50.4790000915527
2021-03-19,50.4959983825684,51.3190002441406,50.1629981994629,51.2179985046387,43864000,51.2179985046387
2021-03-22,50.9129981994629,52.9309997558594,50.9129981994629,52.3110008239746,33606000,52.3110008239746
2021-03-23,52.9869995117188,54.3120002746582,52.939998626709,53.5089988708496,55835000,53.5089988708496
2021-03-24,53.3779983520508,53.4420013427734,52,52.0810012817383,41022000,52.0810012817383
2021-03-25,51.6990013122559,51.8530006408691,49.7000007629395,50.2859992980957,49268000,50.2859992980957
2021-03-26,50.2820014953613,50.8720016479492,49.6679992675781,50.8050003051758,34678000,50.8050003051758
2021-03-29,50.5660018920898,51.7999992370605,50.439998626709,51.3950004577637,33300000,51.3950004577637
2021-03-30,51.0509986877441,51.4410018920898,50.6910018920898,51.3390007019043,24181000,51.3390007019043
2021-03-31,51.5670013427734,52.8129997253418,51.5439987182617,52.1660003662109,35031000,52.1660003662109
2021-04-01,52.9930000305176,54.0499992370605,52.7029991149902,53.9420013427734,39386000,53.9420013427734
2021-04-05,54.0009994506836,54.2849998474121,52.9230003356934,54.0670013427734,33559000,54.0670013427734
2021-04-06,54.4809989929199,55.4169998168945,54.3300018310547,54.4529991149902,34742000,54.4529991149902
2021-04-07,54.3499984741211,54.9640007019043,54.1450004577637,54.6990013122559,21513000,54.6990013122559
2021-04-08,55.1129989624023,55.689998626709,54.7569999694824,55.4580001831055,43098000,55.4580001831055
2021-04-09,55.2690010070801,55.689998626709,54.7109985351562,55.5309982299805,28940000,55.5309982299805
2021-04-12,55.1049995422363,55.7980003356934,54.9580001831055,55.2779998779297,29441000,55.2779998779297
2021-04-13,55.7000007629395,55.9749984741211,55.0299987792969,55.3730010986328,27203000,55.3730010986328
2021-04-14,55.4869995117188,55.4869995117188,53.8530006408691,54.0019989013672,37403000,54.0019989013672
2021-04-15,54.4169998168945,55.3489990234375,54.265998840332,54.9220008850098,31391000,54.9220008850098
2021-04-16,55.0540008544922,55.1980018615723,53.951000213623,54.6539993286133,32091000,54.6539993286133
2021-04-19,54.689998626709,55.6440010070801,54.5530014038086,55.4440002441406,42887000,55.4440002441406
2021-04-20,55.4420013427734,56.3559989929199,54.6300010681152,54.9570007324219,112576000,54.9570007324219
2021-04-21,50.7999992370605,51.5460014343262,50.3600006103516,50.8899993896484,228974000,50.8899993896484
2021-04-22,51.3819999694824,51.3959999084473,50.0550003051758,50.8779983520508,90611000,50.8779983520508
2021-04-23,50.9010009765625,50.9700012207031,50.0699996948242,50.5550003051758,73077000,50.5550003051758
2021-04-26,50.6759986877441,51.0480003356934,50.2999992370605,51.0299987792969,43888000,51.0299987792969
2021-04-27,51.2620010375977,51.298999786377,50.4580001831055,50.5550003051758,37613000,50.5550003051758
2021-04-28,50.5200004577637,50.8400001525879,50.3339996337891,50.6520004272461,31930000,50.6520004272461
2021-04-29,50.7599983215332,50.9290008544922,49.9000015258789,50.9000015258789,51278000,50.9000015258789
2021-04-30,50.5,51.4550018310547,50.5,51.3470001220703,44132000,51.3470001220703
2021-05-03,51.2649993896484,51.8950004577637,50.5200004577637,50.9109992980957,40919000,50.9109992980957
2021-05-04,51.0779991149902,51.1629981994629,49.6790008544922,50.318000793457,43495000,50.318000793457
2021-05-05,50.4990005493164,50.7779998779297,49.4630012512207,49.6080017089844,31294000,49.6080017089844
2021-05-06,49.5989990234375,49.9550018310547,49.1370010375977,49.9550018310547,37837000,49.9550018310547
2021-05-07,50.4620018005371,50.8549995422363,50.1119995117188,50.3839988708496,31328000,50.3839988708496
2021-05-10,50.2000007629395,50.314998626709,48.6110000610352,48.6689987182617,51316000,48.6689987182617
2021-05-11,47.9749984741211,49.798999786377,47.8629989624023,49.507999420166,44010000,49.507999420166
2021-05-12,48.6829986572266,49.3540000915527,48.2700004577637,48.4980010986328,41215000,48.4980010986328
2021-05-13,48.9129981994629,49.0779991149902,48.2709999084473,48.6660003662109,27125000,48.6660003662109
2021-05-14,48.7859992980957,49.4850006103516,48.6590003967285,49.3370018005371,28825000,49.3370018005371
2021-05-17,48.5589981079102,49.2709999084473,48.2809982299805,48.8940010070801,27052000,48.8940010070801
2021-05-18,48.8400001525879,49.3479995727539,48.6189994812012,48.6279983520508,23505000,48.6279983520508
2021-05-19,48.1629981994629,48.8569984436035,47.8540000915527,48.7700004577637,33499000,48.7700004577637
2021-05-20,48.9550018310547,50.2700004577637,48.8979988098145,50.1669998168945,37212000,50.1669998168945
2021-05-21,50.3120002746582,50.5400009155273,49.726001739502,49.7890014648438,33229000,49.7890014648438
2021-05-24,50.1049995422363,50.4249992370605,49.951000213623,50.2900009155273,24126000,50.2900009155273
2021-05-25,50.5999984741211,50.6370010375977,49.9220008850098,50.1339988708496,26995000,50.1339988708496
2021-05-26,50.234001159668,50.4140014648438,50.0499992370605,50.2360000610352,24653000,50.2360000610352
2021-05-27,50.1800003051758,50.5099983215332,49.8540000915527,50.3860015869141,32538000,50.3860015869141
2021-05-28,50.439998626709,51.1759986877441,50.2529983520508,50.2809982299805,29103000,50.2809982299805
2021-06-01,50.4010009765625,50.5410003662109,49.773998260498,49.9080009460449,24826000,49.9080009460449
2021-06-02,49.9819984436035,50.3219985961914,49.5820007324219,49.923999786377,22690000,49.923999786377
2021-06-03,49.5190010070801,49.6660003662109,48.7249984741211,48.943000793457,38874000,48.943000793457
2021-06-04,49.2000007629395,50.1860008239746,49.0950012207031,49.4739990234375,31605000,49.4739990234375
2021-06-07,49.2919998168945,49.6699981689453,49.0550003051758,49.4659996032715,27919000,49.4659996032715
2021-06-08,49.7000007629395,49.8819999694824,48.9370002746582,49.2389984130859,23740000,49.2389984130859
2021-06-09,49.4500007629395,49.609001159668,48.4650001525879,48.5810012817383,30550000,48.5810012817383
2021-06-10,48.7169990539551,49.0209999084473,48.2140007019043,48.7270011901855,43829000,48.7270011901855
2021-06-11,49,49.140998840332,48.7779998779297,48.8769989013672,31240000,48.8769989013672
2021-06-14,48.9679985046387,50.3499984741211,48.6910018920898,49.9889984130859,44002000,49.9889984130859
2021-06-15,50.1230010986328,50.1230010986328,49.0400009155273,49.189998626709,31041000,49.189998626709
2021-06-16,49.5,49.6459999084473,48.6279983520508,49.2410011291504,35332000,49.2410011291504
2021-06-17,49.0250015258789,50.1800003051758,49.0149993896484,49.8339996337891,31983000,49.8339996337891
2021-06-18,49.6399993896484,50.4490013122559,49.523998260498,50.0769996643066,51976000,50.0769996643066
2021-06-21,50.1640014648438,50.2050018310547,49.2280006408691,49.7000007629395,52773000,49.7000007629395
2021-06-22,49.8540000915527,51.3549995422363,49.5800018310547,50.8819999694824,58093000,50.8819999694824
2021-06-23,50.8479995727539,51.6629981994629,50.8199996948242,51.273998260498,39448000,51.273998260498
2021-06-24,51.7960014343262,52.0960006713867,51.439998626709,51.8059997558594,33612000,51.8059997558594
2021-06-25,52.8839988708496,53.3059997558594,52.5,52.7070007324219,52991000,52.7070007324219
2021-06-28,52.8120002746582,53.3940010070801,52.4560012817383,53.3030014038086,28202000,53.3030014038086
2021-06-29,53.3549995422363,53.6129989624023,52.8569984436035,53.3499984741211,23146000,53.3499984741211
2021-06-30,53.4059982299805,53.4379997253418,52.681999206543,52.8209991455078,27734000,52.8209991455078
2021-07-01,52.5719985961914,53.7039985656738,52.5719985961914,53.3540000915527,28054000,53.3540000915527
2021-07-02,53.5499992370605,53.8540000915527,52.9389991760254,53.3979988098145,19755000,53.3979988098145
2021-07-06,53.2999992370605,54.2859992980957,53.2999992370605,54.1640014648438,27751000,54.1640014648438
2021-07-07,54.423999786377,54.4640007019043,53.1660003662109,53.5960006713867,27225000,53.5960006713867
2021-07-08,53.0929985046387,53.5499992370605,52.9090003967285,53.076000213623,32690000,53.076000213623
2021-07-09,53.0999984741211,53.826000213623,52.8580017089844,53.5979995727539,27772000,53.5979995727539
2021-07-12,54.0299987792969,54.064998626709,53.2919998168945,53.7309989929199,17807000,53.7309989929199
2021-07-13,53.576000213623,54.5330009460449,53.576000213623,54.068000793457,27516000,54.068000793457
2021-07-14,54.101001739502,55.4099998474121,54.101001739502,54.7949981689453,46595000,54.7949981689453
2021-07-15,55.3969993591309,55.7540016174316,53.8199996948242,54.2949981689453,57139000,54.2949981689453
2021-07-16,54.1809997558594,54.4059982299805,52.7050018310547,53.0309982299805,34421000,53.0309982299805
2021-07-19,52.6049995422363,53.4910011291504,52.2239990234375,53.2280006408691,38858000,53.2280006408691
2021-07-20,52.6069984436035,53.6640014648438,52.0299987792969,53.1049995422363,69304000,53.1049995422363
2021-07-21,52.6129989624023,53.0989990234375,50.5610008239746,51.3629989624023,119068000,51.3629989624023
2021-07-22,51.0209999084473,51.3680000305176,50.7000007629395,51.1769981384277,43281000,51.1769981384277
2021-07-23,51.2159996032715,51.7410011291504,50.4659996032715,51.5410003662109,38205000,51.5410003662109
2021-07-26,51.4379997253418,52.1129989624023,50.9010009765625,51.648998260498,22545000,51.648998260498
2021-07-27,51.8079986572266,52.1949996948242,51.2050018310547,51.890998840332,27590000,51.890998840332
2021-07-28,52.181999206543,52.4469985961914,51.6980018615723,51.9300003051758,23905000,51.9300003051758
2021-07-29,51.9959983825684,52.0779991149902,51.3790016174316,51.4249992370605,17360000,51.4249992370605
2021-07-30,51.2690010070801,51.9790000915527,51.0960006713867,51.7569999694824,25371000,51.7569999694824
2021-08-02,51.9000015258789,51.9850006103516,51.0509986877441,51.5149993896484,20966000,51.5149993896484
2021-08-03,51.4389991760254,51.5629997253418,50.5369987487793,51.0820007324219,25794000,51.0820007324219
2021-08-04,51.2999992370605,51.7980003356934,51.0369987487793,51.7350006103516,20394000,51.7350006103516
2021-08-05,51.7130012512207,52.5410003662109,51.4020004272461,52.4889984130859,25567000,52.4889984130859
2021-08-06,52.4000015258789,52.6839981079102,51.9389991760254,52.0550003051758,19198000,52.0550003051758
2021-08-09,52.1150016784668,52.2669982910156,51.798999786377,51.9970016479492,13678000,51.9970016479492
2021-08-10,52,52.0789985656738,51.2970008850098,51.5839996337891,19605000,51.5839996337891
2021-08-11,51.7000007629395,51.9570007324219,50.9770011901855,51.2400016784668,16739000,51.2400016784668
2021-08-12,51.1860008239746,51.2999992370605,50.7200012207031,51.0719985961914,16857000,51.0719985961914
2021-08-13,51.2639999389648,52.1440010070801,51.1510009765625,51.5919990539551,21777000,51.5919990539551
2021-08-16,51.523998260498,52.3380012512207,51.2299995422363,51.7919998168945,20328000,51.7919998168945
2021-08-17,51.5470008850098,52.0789985656738,51.4199981689453,51.890998840332,23098000,51.890998840332
2021-08-18,52,52.6380004882812,51.8650016784668,52.1870002746582,25820000,52.1870002746582
2021-08-19,52.273998260498,54.8390007019043,52.1870002746582,54.3709983825684,74973000,54.3709983825684
2021-08-20,54.5089988708496,55.1389999389648,53.9099998474121,54.6879997253418,37764000,54.6879997253418
2021-08-23,54.5979995727539,55.5550003051758,54.3740005493164,55.3330001831055,26020000,55.3330001831055
2021-08-24,55.1479988098145,55.5309982299805,54.9269981384277,55.3409996032715,21095000,55.3409996032715
2021-08-25,55.015998840332,55.2840003967285,54.5449981689453,54.757999420166,20656000,54.757999420166
2021-08-26,54.6160011291504,55.2599983215332,54.5900001525879,55.0120010375977,15955000,55.0120010375977
2021-08-27,55.1599998474121,56.4169998168945,54.9249992370605,55.8919982910156,32526000,55.8919982910156
2021-08-30,55.7249984741211,56.7159996032715,55.6450004577637,56.6180000305176,24348000,56.6180000305176
2021-08-31,56.6119995117188,56.9480018615723,56.1609992980957,56.9189987182617,24319000,56.9189987182617
2021-09-01,56.9000015258789,59.0999984741211,56.9000015258789,58.2070007324219,56262000,58.2070007324219
2021-09-02,58.3680000305176,59.8759994506836,58.3680000305176,58.8549995422363,61799000,58.8549995422363
2021-09-03,58.5800018310547,59.1879997253418,58.3139991760254,59.0530014038086,26812000,59.0530014038086
2021-09-07,59.4690017700195,61.3849983215332,59.398998260498,60.6710014343262,58214000,60.6710014343262
2021-09-08,60.3839988708496,61.560001373291,59.5709991455078,60.6049995422363,54245000,60.6049995422363
2021-09-09,60.6469993591309,60.9440002441406,59.6549987792969,59.7540016174316,29542000,59.7540016174316
2021-09-10,59.8160018920898,60.9449996948242,59.367000579834,59.8720016479492,39508000,59.8720016479492
2021-09-13,59.8569984436035,59.8569984436035,58.2779998779297,58.9290008544922,30629000,58.9290008544922
2021-09-14,58.4889984130859,58.7280006408691,57.5559997558594,57.7760009765625,34570000,57.7760009765625
2021-09-15,57.8170013427734,58.4620018005371,57.5369987487793,58.2869987487793,27556000,58.2869987487793
2021-09-16,58.4300003051758,58.7480010986328,57.7719993591309,58.6500015258789,18320000,58.6500015258789
2021-09-17,58.7849998474121,59.0279998779297,58.0849990844727,58.935001373291,41451000,58.935001373291
2021-09-20,58.6790008544922,59.1529998779297,56.8079986572266,57.5429992675781,37322000,57.5429992675781
2021-09-21,57.8310012817383,58.1879997253418,56.9370002746582,57.3139991760254,22509000,57.3139991760254
2021-09-22,57.9690017700195,59.564998626709,57.9690017700195,59.064998626709,40218000,59.064998626709
2021-09-23,59.0789985656738,59.931999206543,58.9129981994629,59.326000213623,25262000,59.326000213623
2021-09-24,59.25,59.2980003356934,58.3639984130859,59.2389984130859,21262000,59.2389984130859
2021-09-27,58.7949981689453,59.3580017089844,57.693000793457,59.2639999389648,25047000,59.2639999389648
2021-09-28,58.9000015258789,59.9539985656738,58.015998840332,58.3849983215332,44311000,58.3849983215332
2021-09-29,58.9010009765625,60.9879989624023,58.8009986877441,59.9059982299805,62210000,59.9059982299805
2021-09-30,60.8050003051758,61.9000015258789,60.8050003051758,61.0340003967285,66126000,61.0340003967285
2021-10-01,60.423999786377,61.4990005493164,59.7509994506836,61.314998626709,40908000,61.314998626709
2021-10-04,61.3390007019043,62.6129989624023,59.4679985046387,60.3349990844727,49959000,60.3349990844727
2021-10-05,60.6940002441406,64.0390014648438,60.6889991760254,63.4809989929199,95343000,63.4809989929199
2021-10-06,62.818000793457,63.9869995117188,62.6360015869141,63.9099998474121,45804000,63.9099998474121
2021-10-07,64.2229995727539,64.6839981079102,63.0449981689453,63.185001373291,35569000,63.185001373291
2021-10-08,63.4169998168945,64.379997253418,63.0859985351562,63.265998840332,32721000,63.265998840332
2021-10-11,63.3199996948242,63.9420013427734,62.6780014038086,62.7039985656738,28625000,62.7039985656738
2021-10-12,63.3019981384277,63.765998840332,62.1990013122559,62.4939994812012,32273000,62.4939994812012
2021-10-13,63.2179985046387,63.2179985046387,62.2099990844727,62.976001739502,24203000,62.976001739502
2021-10-14,63.2229995727539,63.6879997253418,62.6790008544922,63.3800010681152,26717000,63.3800010681152
2021-10-15,63.7999992370605,63.9420013427734,62.515998840332,62.8289985656738,41169000,62.8289985656738
2021-10-18,63.2099990844727,63.8409996032715,62.0589981079102,63.7970008850098,46691000,63.7970008850098
2021-10-19,63.6969985961914,64.0999984741211,63.2299995422363,63.9000015258789,76331000,63.9000015258789
2021-10-20,62.556999206543,63.7400016784668,61.7150001525879,62.5139999389648,106220000,62.5139999389648
2021-10-21,62.8889999389648,65.4010009765625,62.8650016784668,65.3160018920898,84371000,65.3160018920898
2021-10-22,65.1809997558594,66.5459976196289,65.1809997558594,66.4779968261719,61860000,66.4779968261719
2021-10-25,66.3740005493164,67.5879974365234,65.7070007324219,67.1660003662109,38335000,67.1660003662109
2021-10-26,67.3759994506836,67.6490020751953,66.2770004272461,66.8519973754883,29048000,66.8519973754883
2021-10-27,66.9000015258789,67.140998840332,66.1849975585938,66.2919998168945,22769000,66.2919998168945
2021-10-28,67.0950012207031,67.6800003051758,66.8030014038086,67.4049987792969,28594000,67.4049987792969
2021-10-29,67.3059997558594,69.0970001220703,67.1240005493164,69.0309982299805,38253000,69.0309982299805
2021-11-01,68.9059982299805,68.9970016479492,67.6539993286133,68.1169967651367,31109000,68.1169967651367
2021-11-02,68.3109970092773,68.7679977416992,67.3820037841797,67.7720031738281,38886000,67.7720031738281
2021-11-03,67.7269973754883,68.9390029907227,67.7269973754883,68.8290023803711,23349000,68.8290023803711
2021-11-04,68.588996887207,68.5940017700195,66.5500030517578,66.8399963378906,48650000,66.8399963378906
2021-11-05,66.3970031738281,66.5640029907227,64.5009994506836,64.5719985961914,52835000,64.5719985961914
2021-11-08,65.0289993286133,65.5999984741211,64.3789978027344,65.1449966430664,28875000,65.1449966430664
2021-11-09,65.370002746582,66.0500030517578,65.052001953125,65.5989990234375,24156000,65.5989990234375
2021-11-10,65.3010025024414,66.0329971313477,64.2109985351562,64.6910018920898,24058000,64.6910018920898
2021-11-11,65.0240020751953,66.5820007324219,64.9710006713867,65.7580032348633,28683000,65.7580032348633
2021-11-12,66.0009994506836,68.3339996337891,65.3820037841797,68.2610015869141,41984000,68.2610015869141
2021-11-15,68.1240005493164,68.5260009765625,67.1490020751953,67.9329986572266,28722000,67.9329986572266
2021-11-16,67.8270034790039,68.8359985351562,67.6900024414062,68.7399978637695,20774000,68.7399978637695
2021-11-17,69,70.0989990234375,68.609001159668,69.1689987182617,27328000,69.1689987182617
2021-11-18,69.161003112793,69.1740036010742,67.9739990234375,68.2020034790039,20129000,68.2020034790039
2021-11-19,69.2350006103516,69.4160003662109,67.5,67.879997253418,26137000,67.879997253418
2021-11-22,67.6019973754883,67.947998046875,65.6470031738281,65.9199981689453,27644000,65.9199981689453
2021-11-23,65.818000793457,66.6429977416992,64.6050033569336,65.4059982299805,23202000,65.4059982299805
2021-11-24,65.8010025024414,66.1439971923828,65.1100006103516,65.8290023803711,18673000,65.8290023803711
2021-11-26,67.5,67.640998840332,66.0670013427734,66.5640029907227,28725000,66.5640029907227
2021-11-29,66.3199996948242,66.7990036010742,65.8290023803711,66.3840026855469,25294000,66.3840026855469
2021-11-30,66.8199996948242,67.5380020141602,64.0009994506836,64.1900024414062,56089000,64.1900024414062
2021-12-01,64.947998046875,65.4520034790039,61.7070007324219,61.7770004272461,38828000,61.7770004272461
2021-12-02,61.7099990844727,62.5359992980957,61.2879981994629,61.6469993591309,33311000,61.6469993591309
2021-12-03,62.2750015258789,62.5499992370605,59.4000015258789,60.2130012512207,48293000,60.2130012512207
2021-12-06,60.601001739502,61.7290000915527,60.0999984741211,61.2690010070801,30757000,61.2690010070801
2021-12-07,61.9830017089844,62.8889999389648,61.1399993896484,62.5579986572266,31252000,62.5579986572266
2021-12-08,63,63.2459983825684,62.3199996948242,62.8079986572266,22203000,62.8079986572266
2021-12-09,62.757999420166,63.023998260498,61.0439987182617,61.0999984741211,23763000,61.0999984741211
2021-12-10,61.6780014038086,61.773998260498,60.5880012512207,61.1660003662109,27488000,61.1660003662109
2021-12-13,61.2000007629395,61.2639999389648,59.9519996643066,60.4560012817383,25179000,60.4560012817383
2021-12-14,59.8709983825684,60.2290000915527,58.8129997253418,59.798999786377,29845000,59.798999786377
2021-12-15,59.818000793457,60.5690002441406,58.451000213623,60.5040016174316,28662000,60.5040016174316
2021-12-16,59.7089996337891,60.2830009460449,58.7999992370605,59.1059989929199,31432000,59.1059989929199
2021-12-17,59.1609992980957,59.3250007629395,58.173999786377,58.6730003356934,43869000,58.6730003356934
2021-12-20,58.6430015563965,60.2879981994629,58.4259986877441,59.3740005493164,33584000,59.3740005493164
2021-12-21,59.7540016174316,60.7820014953613,59.3860015869141,60.492000579834,23194000,60.492000579834
2021-12-22,60.3359985351562,61.4819984436035,60.2630004882812,61.423999786377,23357000,61.423999786377
2021-12-23,61.6399993896484,61.6879997253418,60.7569999694824,61.4090003967285,16211000,61.4090003967285
2021-12-27,61.5,61.5,60.9249992370605,61.3120002746582,20615000,61.3120002746582
2021-12-28,61.4949989318848,61.8409996032715,60.9690017700195,61.0709991455078,18828000,61.0709991455078
2021-12-29,61.0709991455078,61.3979988098145,60.4679985046387,61.0540008544922,12872000,61.0540008544922
2021-12-30,61.298999786377,62.0610008239746,61.1240005493164,61.2089996337891,16251000,61.2089996337891
2021-12-31,61.0009994506836,61.4080009460449,60.2050018310547,60.2439994812012,19959000,60.2439994812012
2022-01-03,60.5610008239746,60.9990005493164,59.0559997558594,59.7369995117188,30675000,59.7369995117188
2022-01-04,59.9910011291504,60.0410003662109,58.1599998474121,59.1150016784668,43931000,59.1150016784668
2022-01-05,59.2000007629395,59.2840003967285,56.6879997253418,56.7519989013672,41487000,56.7519989013672
2022-01-06,55.4339981079102,56.3359985351562,54.201000213623,55.3289985656738,57118000,55.3289985656738
2022-01-07,54.9459991455078,55.3429985046387,53.8219985961914,54.1059989929199,33829000,54.1059989929199
2022-01-10,53.8489990234375,54.3689994812012,52.6319999694824,53.9850006103516,44861000,53.9850006103516
2022-01-11,53.6990013122559,54.390998840332,53.0069999694824,54.0839996337891,30778000,54.0839996337891
2022-01-12,54.4269981384277,54.4269981384277,53.2019996643066,53.7220001220703,37874000,53.7220001220703
2022-01-13,53.7060012817383,54.0789985656738,51.826000213623,51.9199981689453,44751000,51.9199981689453
2022-01-14,51.7599983215332,53.8370018005371,51.1879997253418,52.5690002441406,78611000,52.5690002441406
2022-01-18,52.007999420166,52.1749992370605,50.8680000305176,51.0800018310547,48391000,51.0800018310547
2022-01-19,51.5,52.3209991455078,51.0509986877441,51.5859985351562,43535000,51.5859985351562
2022-01-20,51.7750015258789,52.6640014648438,50.693000793457,50.8250007629395,126590000,50.8250007629395
2022-01-21,40.0429992675781,40.9150009155273,37.9990005493164,39.75,589043000,39.75
2022-01-24,38.390998840332,38.726001739502,35.1459999084473,38.7150001525879,323460000,38.7150001525879
2022-01-25,37.9140014648438,38.7709999084473,36.5130004882812,36.6419982910156,151458000,36.6419982910156
2022-01-26,37.8269996643066,38.265998840332,35.6619987487793,35.9700012207031,126840000,35.9700012207031
2022-01-27,38.2060012817383,39.4799995422363,37.810001373291,38.6699981689453,243247000,38.6699981689453
2022-01-28,38.6759986877441,38.7000007629395,37.2080001831055,38.4360008239746,119666000,38.4360008239746
2022-01-31,40.1969985961914,42.7700004577637,39.8199996948242,42.7140007019043,200475000,42.7140007019043
2022-02-01,43.2960014343262,45.8479995727539,42.5540008544922,45.7130012512207,225681000,45.7130012512207
2022-02-02,44.8250007629395,45.1980018615723,42.6479988098145,42.9480018615723,143460000,42.9480018615723
2022-02-03,42.1440010070801,42.9259986877441,40.4280014038086,40.560001373291,99052000,40.560001373291
2022-02-04,40.7309989929199,41.2770004272461,39.6640014648438,41.0169982910156,77898000,41.0169982910156
2022-02-07,41.0169982910156,41.2350006103516,39.3549995422363,40.2099990844727,82329000,40.2099990844727
2022-02-08,39.818000793457,40.6609992980957,39.5830001831055,40.3530006408691,68185000,40.3530006408691
2022-02-09,40.8650016784668,41.2980003356934,39.8790016174316,41.2890014648438,77382000,41.2890014648438
2022-02-10,40.2099990844727,40.7999992370605,39.6360015869141,40.6269989013672,84529000,40.6269989013672
2022-02-11,40.5330009460449,41.1609992980957,38.7649993896484,39.1310005187988,75589000,39.1310005187988
2022-02-14,38.7589988708496,40.9360008239746,38.6889991760254,39.6570014953613,72022000,39.6570014953613
2022-02-15,40.3790016174316,40.9160003662109,40.101001739502,40.7459983825684,53923000,40.7459983825684
2022-02-16,40.1529998779297,40.1559982299805,39.0379981994629,39.8079986572266,52777000,39.8079986572266
2022-02-17,39.423999786377,39.9109992980957,38.5699996948242,38.6669998168945,46692000,38.6669998168945
2022-02-18,39.2529983520508,40.2869987487793,38.9049987792969,39.1290016174316,68017000,39.1290016174316
2022-02-22,38.8950004577637,39.242000579834,37.3019981384277,37.7379989624023,66975000,37.7379989624023
2022-02-23,38.2719993591309,38.5999984741211,36.6660003662109,36.7459983825684,46143000,36.7459983825684
2022-02-24,35.5089988708496,39.0730018615723,35.4720001220703,39.0029983520508,70687000,39.0029983520508
2022-02-25,38.6609992980957,39.1290016174316,37.5579986572266,39.0800018310547,48416000,39.0800018310547
2022-02-28,38.7330017089844,39.7750015258789,38.2130012512207,39.4519996643066,50350000,39.4519996643066
2022-03-01,39.1599998474121,39.5,38.3709983825684,38.6240005493164,32904000,38.6240005493164
2022-03-02,38.8930015563965,38.9220008850098,37.5209999084473,38.0029983520508,53568000,38.0029983520508
2022-03-03,38.5999984741211,38.6119995117188,36.4650001525879,36.806999206543,60768000,36.806999206543
2022-03-04,36.7999992370605,37.4819984436035,35.7169990539551,36.1730003356934,53255000,36.1730003356934
2022-03-07,36.0410003662109,36.2000007629395,35.0200004577637,35.0260009765625,57084000,35.0260009765625
2022-03-08,34.9799995422363,35.8860015869141,34.0670013427734,34.1759986877441,64287000,34.1759986877441
2022-03-09,35.7690010070801,36.4140014648438,35.0509986877441,35.8790016174316,65202000,35.8790016174316
2022-03-10,35.6199989318848,36.7019996643066,35.3300018310547,35.6769981384277,48078000,35.6769981384277
2022-03-11,36.1189994812012,36.3359985351562,34,34.0320014953613,48199000,34.0320014953613
2022-03-14,33.8720016479492,34.1319999694824,32.9819984436035,33.101001739502,59078000,33.101001739502
2022-03-15,33.5099983215332,34.5359992980957,33.2360000610352,34.375,54606000,34.375
2022-03-16,34.8199996948242,35.9990005493164,34.3059997558594,35.7529983520508,69825000,35.7529983520508
2022-03-17,35.9700012207031,37.3310012817383,35.4879989624023,37.1399993896484,58183000,37.1399993896484
2022-03-18,37.2000007629395,38.1800003051758,36.8470001220703,38.060001373291,83248000,38.060001373291
2022-03-21,37.8019981384277,38.181999206543,36.8940010070801,37.4589996337891,48665000,37.4589996337891
2022-03-22,37.1139984130859,38.6660003662109,36.6759986877441,38.2919998168945,42428000,38.2919998168945
2022-03-23,37.9770011901855,38.2459983825684,37.4490013122559,37.4490013122559,37290000,37.4490013122559
2022-03-24,37.976001739502,37.976001739502,36.8899993896484,37.5709991455078,38885000,37.5709991455078
2022-03-25,37.7070007324219,37.7639999389648,36.6430015563965,37.3849983215332,35745000,37.3849983215332
2022-03-28,37.5229988098145,38.0279998779297,36.6730003356934,37.851001739502,43234000,37.851001739502
2022-03-29,38.4389991760254,39.6500015258789,38.0330009460449,39.181999206543,58807000,39.181999206543
2022-03-30,38.9550018310547,39.2700004577637,37.8629989624023,38.1469993591309,40233000,38.1469993591309
2022-03-31,38.359001159668,38.4000015258789,37.3610000610352,37.4589996337891,41347000,37.4589996337891
2022-04-01,37.6800003051758,38.0870018005371,36.8499984741211,37.3470001220703,46442000,37.3470001220703
2022-04-04,37.3549995422363,39.6020011901855,37.3129997253418,39.1500015258789,70018000,39.1500015258789
2022-04-05,38.9300003051758,39,37.7309989929199,38.0149993896484,42345000,38.0149993896484
2022-04-06,37.4150009155273,37.6469993591309,36.2729988098145,36.8349990844727,43549000,36.8349990844727
2022-04-07,36.5,36.8540000915527,35.3689994812012,36.2150001525879,49489000,36.2150001525879
2022-04-08,36.1959991455078,36.25,35.4869995117188,35.5880012512207,40252000,35.5880012512207
2022-04-11,35,35.4780006408691,34.5200004577637,34.7999992370605,37771000,34.7999992370605
2022-04-12,35.5909996032715,35.9410018920898,34.2249984741211,34.4099998474121,38243000,34.4099998474121
2022-04-13,34.3919982910156,35.2000007629395,34.1160011291504,35.0429992675781,32310000,35.0429992675781
2022-04-14,35.0950012207031,35.2000007629395,33.9860000610352,34.1129989624023,43438000,34.1129989624023
2022-04-18,34,34.2360000610352,33.1619987487793,33.7859992980957,51050000,33.7859992980957
2022-04-19,33.3219985961914,35.1679992675781,33.3219985961914,34.8610000610352,209069000,34.8610000610352
2022-04-20,24.5200004577637,24.8700008392334,21.2509994506836,22.6189994812012,1333875000,22.6189994812012
2022-04-21,22,22.7679996490479,21.1520004272461,21.82200050354,535016000,21.82200050354
2022-04-22,22.0179996490479,22.6270008087158,21.0049991607666,21.5520000457764,375151000,21.5520000457764
2022-04-25,21.3810005187988,21.6660003662109,20.451000213623,20.9909992218018,281520000,20.9909992218018
2022-04-26,20.8799991607666,20.9150009155273,19.8279991149902,19.8400001525879,203181000,19.8400001525879
2022-04-27,19.4009990692139,20.0189990997314,18.7770004272461,18.8540000915527,222984000,18.8540000915527
2022-04-28,19.1560001373291,20.1480007171631,18.5599994659424,19.9519996643066,213632000,19.9519996643066
2022-04-29,19.8680000305176,20.4710006713867,19,19.0359992980957,163919000,19.0359992980957
2022-05-02,19.1709995269775,20.0209999084473,19.0009994506836,19.9459991455078,145916000,19.9459991455078
2022-05-03,19.8290004730225,20.3199996948242,19.4769992828369,19.9869995117188,118394000,19.9869995117188
2022-05-04,19.7649993896484,20.4379997253418,19.1009998321533,20.4009990692139,122188000,20.4009990692139
2022-05-05,20.0450000762939,20.0709991455078,18.6000003814697,18.8320007324219,139713000,18.8320007324219
2022-05-06,18.6749992370605,18.7210006713867,17.5809993743896,18.0970001220703,171855000,18.0970001220703
2022-05-09,17.7660007476807,18.3199996948242,17.2299995422363,17.3099994659424,140313000,17.3099994659424
2022-05-10,17.6009998321533,18.1870002746582,17.056999206543,17.7660007476807,138839000,17.7660007476807
2022-05-11,17.6089992523193,18.0919990539551,16.5550003051758,16.636999130249,126655000,16.636999130249
2022-05-12,16.3959999084473,17.757999420166,16.2709999084473,17.4309997558594,176621000,17.4309997558594
2022-05-13,17.7159996032715,18.7770004272461,17.6009998321533,18.7639999389648,131363000,18.7639999389648
2022-05-16,19.3299999237061,19.5890007019043,18.5699996948242,18.6509990692139,161450000,18.6509990692139
2022-05-17,18.9169998168945,19.1399993896484,18.5170001983643,19.0559997558594,98767000,19.0559997558594
2022-05-18,18.6720008850098,18.7700004577637,17.6270008087158,17.7189998626709,96656000,17.7189998626709
2022-05-19,17.8050003051758,18.6299991607666,17.5709991455078,18.3479995727539,104485000,18.3479995727539
2022-05-20,18.5869998931885,19.0189990997314,17.9769992828369,18.6350002288818,104294000,18.6350002288818
2022-05-23,18.6149997711182,18.7660007476807,17.7889995574951,18.7439994812012,96020000,18.7439994812012
2022-05-24,18.2000007629395,18.3999996185303,17.7169990539551,18.0340003967285,77064000,18.0340003967285
2022-05-25,18.0279998779297,18.886999130249,18.0170001983643,18.7830009460449,85221000,18.7830009460449
2022-05-26,18.6490001678467,19.2339992523193,18.3090000152588,19.1399993896484,80499000,19.1399993896484
2022-05-27,19.3190002441406,19.5249996185303,19.0370006561279,19.5189990997314,85860000,19.5189990997314
2022-05-31,19.6180000305176,19.9950008392334,19.0799999237061,19.7439994812012,113985000,19.7439994812012
2022-06-01,19.8700008392334,20.2740001678467,19.1660003662109,19.2910003662109,84162000,19.2910003662109
2022-06-02,19.2019996643066,20.5470008850098,19.1720008850098,20.5090007781982,96231000,20.5090007781982
2022-06-03,20.0139999389648,20.2950000762939,19.8050003051758,19.8980007171631,71918000,19.8980007171631
2022-06-06,20.2089996337891,20.386999130249,19.5380001068115,19.7140007019043,53720000,19.7140007019043
2022-06-07,19.4869995117188,19.9599990844727,19.2999992370605,19.8610000610352,48395000,19.8610000610352
2022-06-08,19.7950000762939,20.738000869751,19.7639999389648,20.2830009460449,72441000,20.2830009460449
2022-06-09,20.0650005340576,20.1690006256104,19.253999710083,19.2770004272461,69490000,19.2770004272461
2022-06-10,18.2639999389648,18.5860004425049,18.0849990844727,18.2940006256104,130656000,18.2940006256104
2022-06-13,17.7070007324219,17.9090003967285,16.8959999084473,16.9689998626709,102224000,16.9689998626709
2022-06-14,16.9750003814697,17.2059993743896,16.42799949646,16.753999710083,115553000,16.753999710083
2022-06-15,16.9260005950928,18.3850002288818,16.8530006408691,18.0109996795654,123960000,18.0109996795654
2022-06-16,17.3999996185303,17.6270008087158,17.1560001373291,17.3349990844727,82013000,17.3349990844727
2022-06-17,17.363000869751,17.9650001525879,17.3339996337891,17.5510005950928,121334000,17.5510005950928
2022-06-21,17.7600002288818,17.8619995117188,16.9799995422363,17.0909996032715,121776000,17.0909996032715
2022-06-22,17.0750007629395,18.2819995880127,17.0200004577637,17.8889999389648,119924000,17.8889999389648
2022-06-23,18.0499992370605,18.2759990692139,17.5869998931885,18.1709995269775,95382000,18.1709995269775
2022-06-24,18.3500003814697,19.1189994812012,18.1840000152588,19.0849990844727,124240000,19.0849990844727
2022-06-27,19.1770000457764,19.17799949646,18.2390003204346,18.9139995574951,83639000,18.9139995574951
2022-06-28,18.9200000762939,19.2199993133545,17.9370002746582,17.9599990844727,71854000,17.9599990844727
2022-06-29,17.9549999237061,18.0669994354248,17.5100002288818,17.8360004425049,57668000,17.8360004425049
2022-06-30,17.7070007324219,17.9449996948242,17.0300006866455,17.4869995117188,78947000,17.4869995117188
2022-07-01,17.6490001678467,18.0100002288818,17.4270000457764,17.9950008392334,52016000,17.9950008392334
2022-07-05,17.6280002593994,18.5919990539551,17.2679996490479,18.5879993438721,73343000,18.5879993438721
2022-07-06,18.5200004577637,18.6219997406006,18.0820007324219,18.4060001373291,57534000,18.4060001373291
2022-07-07,18.4270000457764,19.0209999084473,18.3500003814697,18.9270000457764,63345000,18.9270000457764
2022-07-08,18.6019992828369,18.9909992218018,18.2749996185303,18.6979999542236,58357000,18.6979999542236
2022-07-11,18.4729995727539,18.4990005493164,17.6889991760254,17.7339992523193,60388000,17.7339992523193
2022-07-12,17.7329998016357,17.9780006408691,17.3419990539551,17.4449996948242,68453000,17.4449996948242
2022-07-13,17.0499992370605,17.9179992675781,16.9699993133545,17.6560001373291,127344000,17.6560001373291
2022-07-14,17.5559997558594,17.7520008087158,17.181999206543,17.4780006408691,90395000,17.4780006408691
2022-07-15,17.5580005645752,18.9220008850098,17.4559993743896,18.9109992980957,163191000,18.9109992980957
2022-07-18,19.25,19.9669990539551,18.9799995422363,19.0919990539551,163228000,19.0919990539551
2022-07-19,19.3020000457764,20.19700050354,18.8400001525879,20.1630001068115,281787000,20.1630001068115
2022-07-20,20.8169994354248,21.69700050354,20.0100002288818,21.6439990997314,539203000,21.6439990997314
2022-07-21,21.4300003051758,22.431999206543,21.1499996185303,22.3880004882812,234301000,22.3880004882812
2022-07-22,22.238000869751,22.9349994659424,21.8439998626709,22.0440006256104,178055000,22.0440006256104
2022-07-25,22.1310005187988,22.5230007171631,21.6350002288818,21.8509998321533,109352000,21.8509998321533
2022-07-26,21.6660003662109,21.9389991760254,21.1639995574951,21.3910007476807,95085000,21.3910007476807
2022-07-27,21.6480007171631,22.7779998779297,21.4580001831055,22.6749992370605,105084000,22.6749992370605
2022-07-28,22.4599990844727,22.8099994659424,21.9669990539551,22.6019992828369,89727000,22.6019992828369
2022-07-29,22.3290004730225,23.0750007629395,22.2399997711182,22.4899997711182,90649000,22.4899997711182
2022-08-01,22.3099994659424,22.8390007019043,22.1000003814697,22.621000289917,55250000,22.621000289917
2022-08-02,22.2759990692139,22.8199996948242,22.0879993438721,22.1420001983643,63613000,22.1420001983643
2022-08-03,22.4790000915527,22.8099994659424,22.242000579834,22.6730003356934,64007000,22.6730003356934
2022-08-04,22.7679996490479,23.2070007324219,22.5049991607666,22.9909992218018,71427000,22.9909992218018
2022-08-05,22.5300006866455,22.8619995117188,22.2870006561279,22.67799949646,55397000,22.67799949646
2022-08-08,22.7490005493164,24.1959991455078,22.6410007476807,23.3490009307861,109821000,23.3490009307861
2022-08-09,23.1620006561279,23.2199993133545,22.4650001525879,22.9939994812012,61812000,22.9939994812012
2022-08-10,23.6989994049072,24.4540004730225,23.6599998474121,24.4109992980957,92548000,24.4109992980957
2022-08-11,24.4680004119873,25.1620006561279,24.1509990692139,24.2700004577637,87801000,24.2700004577637
2022-08-12,24.4810009002686,24.9409999847412,24.3759994506836,24.9300003051758,60985000,24.9300003051758
2022-08-15,24.8110008239746,25.1989994049072,24.7509994506836,24.9109992980957,65274000,24.9109992980957
2022-08-16,24.7159996032715,24.9290008544922,24.4029998779297,24.5690002441406,51368000,24.5690002441406
2022-08-17,24.1180000305176,24.423999786377,23.7560005187988,24.1149997711182,56272000,24.1149997711182
2022-08-18,24.1959991455078,24.6480007171631,23.92799949646,24.5170001983643,52804000,24.5170001983643
2022-08-19,24.0949993133545,24.3290004730225,23.568000793457,24.1159992218018,75047000,24.1159992218018
2022-08-22,23.2549991607666,23.3479995727539,22.4589996337891,22.6539993286133,86301000,22.6539993286133
2022-08-23,22.6459999084473,22.9899997711182,22.4300003051758,22.4549999237061,52769000,22.4549999237061
2022-08-24,22.5659999847412,23.4099998474121,22.3939990997314,22.9610004425049,54263000,22.9610004425049
2022-08-25,23.0240001678467,23.4160003662109,22.8999996185303,23.3980007171631,37669000,23.3980007171631
2022-08-26,23.363000869751,23.6949996948242,22.3150005340576,22.3279991149902,53498000,22.3279991149902
2022-08-29,22.193000793457,22.9869995117188,22.1520004272461,22.4570007324219,71094000,22.4570007324219
2022-08-30,22.6660003662109,22.9790000915527,21.8740005493164,22.0650005340576,57404000,22.0650005340576
2022-08-31,22.7000007629395,23.3880004882812,22.3430004119873,22.3560009002686,86159000,22.3560009002686
2022-09-01,22.07200050354,23.0370006561279,21.94700050354,23.003999710083,72929000,23.003999710083
2022-09-02,23.1030006408691,23.3880004882812,22.503999710083,22.6110000610352,81649000,22.6110000610352
2022-09-06,22.5590000152588,22.6849994659424,21.4689998626709,21.8390007019043,74690000,21.8390007019043
2022-09-07,22.0209999084473,22.9330005645752,21.8269996643066,22.8959999084473,81493000,22.8959999084473
2022-09-08,22.4160003662109,22.8740005493164,22.1299991607666,22.7439994812012,67374000,22.7439994812012
2022-09-09,22.9619998931885,23.4780006408691,22.9619998931885,23.3570003509521,66996000,23.3570003509521
2022-09-12,23.3610000610352,23.9489994049072,23.3369998931885,23.6529998779297,60474000,23.6529998779297
2022-09-13,22.6499996185303,22.7689990997314,21.7719993591309,21.8129997253418,80001000,21.8129997253418
2022-09-14,21.9820003509521,22.7999992370605,21.5799999237061,22.4120006561279,82303000,22.4120006561279
2022-09-15,23.0470008850098,24.2290000915527,22.9099998474121,23.5380001068115,194541000,23.5380001068115
2022-09-16,23.1219997406006,24.1359996795654,22.7830009460449,24.0130004882812,189142000,24.0130004882812
2022-09-19,24.5049991607666,24.5249996185303,23.5750007629395,24.363000869751,179124000,24.363000869751
2022-09-20,24.0370006561279,25.048999786377,23.9659996032715,24.2849998474121,160374000,24.2849998474121
2022-09-21,24.2670001983643,24.8299999237061,23.6679992675781,23.6870002746582,91668000,23.6870002746582
2022-09-22,23.5349998474121,24.0499992370605,23.1660003662109,23.7049999237061,100180000,23.7049999237061
2022-09-23,23.5139999389648,23.6450004577637,22.1429996490479,22.6410007476807,112072000,22.6410007476807
2022-09-26,22.5599994659424,23.2700004577637,22.3010005950928,22.4069995880127,82343000,22.4069995880127
2022-09-27,22.863000869751,23.0639991760254,22.07200050354,22.4360008239746,77622000,22.4360008239746
2022-09-28,22.9689998626709,24.6650009155273,22.738000869751,24.5200004577637,175797000,24.5200004577637
2022-09-29,24.1609992980957,24.6979999542236,23.568000793457,23.9710006713867,189949000,23.9710006713867
2022-09-30,23.7000007629395,24.2439994812012,23.326000213623,23.5440006256104,118486000,23.5440006256104
2022-10-03,23.7849998474121,24.1539993286133,23.2849998474121,23.9039993286133,86574000,23.9039993286133
2022-10-04,24.4839992523193,24.5799999237061,23.3250007629395,24.0739994049072,139259000,24.0739994049072
2022-10-05,23.8759994506836,24.1590003967285,22.738000869751,23.6730003356934,108256000,23.6730003356934
2022-10-06,23.6679992675781,24.42799949646,23.3910007476807,24.0020008087158,91889000,24.0020008087158
2022-10-07,23.5769996643066,23.7329998016357,22.42799949646,22.4750003814697,98061000,22.4750003814697
2022-10-10,22.5639991760254,23.382999420166,22.4230003356934,22.9979991912842,99911000,22.9979991912842
2022-10-11,22.6049995422363,23.0440006256104,21.3700008392334,21.4290008544922,152824000,21.4290008544922
2022-10-12,21.4300003051758,22.367000579834,21.2639999389648,22.0869998931885,129526000,22.0869998931885
2022-10-13,21.2689990997314,23.44700050354,21.1730003356934,23.2509994506836,175050000,23.2509994506836
2022-10-14,23.7800006866455,23.8799991607666,22.951000213623,23,152934000,23
2022-10-17,23.4409999847412,24.992000579834,23.4400005340576,24.5100002288818,210578000,24.5100002288818
2022-10-18,24.9799995422363,25.0370006561279,23.7730007171631,24.0860004425049,257767000,24.0860004425049
2022-10-19,26.5,27.9300003051758,26.2660007476807,27.238000869751,466853000,27.238000869751
2022-10-20,27.2779998779297,27.8379993438721,26.6380004882812,26.8159999847412,172071000,26.8159999847412
2022-10-21,26.8950004577637,29.0750007629395,26.568000793457,28.9570007324219,248891000,28.9570007324219
2022-10-24,29.0230007171631,29.048999786377,28.0359992980957,28.2450008392334,133264000,28.2450008392334
2022-10-25,28.6949996948242,29.7590007781982,28.5550003051758,29.1019992828369,151007000,29.1019992828369
2022-10-26,29.003999710083,30.5629997253418,28.8040008544922,29.8619995117188,157141000,29.8619995117188
2022-10-27,29.8330001831055,30.5209999084473,29.4780006408691,29.6940002441406,146126000,29.6940002441406
2022-10-28,29.7700004577637,30.1189994812012,29.2290000915527,29.57200050354,99605000,29.57200050354
2022-10-31,29.5130004882812,29.761999130249,28.9500007629395,29.1879997253418,75051000,29.1879997253418
2022-11-01,29.617000579834,29.9699993133545,28.6420001983643,28.6749992370605,69164000,28.6749992370605
2022-11-02,28.6399993896484,28.7329998016357,27.2840003967285,27.2999992370605,103676000,27.2999992370605
2022-11-03,27.125,27.628999710083,26.8799991607666,26.9060001373291,70574000,26.9060001373291
2022-11-04,27.2019996643066,27.4969997406006,25.5319995880127,26.0790004730225,111247000,26.0790004730225
2022-11-07,26.1060009002686,26.1149997711182,25.2089996337891,25.8600006103516,79270000,25.8600006103516
2022-11-08,25.992000579834,26.6079998016357,25.6879997253418,26.3460006713867,76838000,26.3460006713867
2022-11-09,25.9659996032715,26.0900001525879,25.4220008850098,25.4659996032715,72660000,25.4659996032715
2022-11-10,26.5990009307861,27.5359992980957,26.0090007781982,27.4969997406006,96673000,27.4969997406006
2022-11-11,27.44700050354,29.0659999847412,27.1560001373291,29.0130004882812,95738000,29.0130004882812
2022-11-14,29,31.1000003814697,28.8190002441406,29.9270000457764,179782000,29.9270000457764
2022-11-15,30.9200000762939,31.2709999084473,30.2549991607666,31.0200004577637,146269000,31.0200004577637
2022-11-16,30.9939994812012,31.048999786377,30.3610000610352,30.6019992828369,80386000,30.6019992828369
2022-11-17,29.4720001220703,29.9820003509521,29.1000003814697,29.5279998779297,98382000,29.5279998779297
2022-11-18,29.7329998016357,29.7999992370605,28.7000007629395,28.7980003356934,84001000,28.7980003356934
2022-11-21,29.1000003814697,29.1870002746582,28.2660007476807,28.5049991607666,72565000,28.5049991607666
2022-11-22,28.4990005493164,28.6979999542236,27.7339992523193,28.6690006256104,62451000,28.6690006256104
2022-11-23,28.5909996032715,29.2469997406006,28.3759994506836,29.1499996185303,59190000,29.1499996185303
2022-11-25,28.8999996185303,28.9209995269775,28.4169998168945,28.5540008544922,32360000,28.5540008544922
2022-11-28,28.3999996185303,28.9549999237061,28.05299949646,28.117000579834,47034000,28.117000579834
2022-11-29,28.25,28.2959995269775,27.5939998626709,28.0960006713867,57869000,28.0960006713867
2022-11-30,28.136999130249,30.826000213623,28.0410003662109,30.55299949646,160701000,30.55299949646
2022-12-01,30.3990001678467,31.9799995422363,30.30299949646,31.6949996948242,146649000,31.6949996948242
2022-12-02,31.048999786377,32.1990013122559,31,32.0410003662109,126906000,32.0410003662109
2022-12-05,31.6459999084473,32.2770004272461,31.0919990539551,31.2590007781982,84230000,31.2590007781982
2022-12-06,31.1000003814697,31.32200050354,30.3129997253418,30.5559997558594,71954000,30.5559997558594
2022-12-07,30.6499996185303,30.9610004425049,30.2099990844727,30.8419990539551,78216000,30.8419990539551
2022-12-08,30.9109992980957,31.238000869751,30.4810009002686,31.0259990692139,72053000,31.0259990692139
2022-12-09,32.1450004577637,32.9000015258789,31.9519996643066,32.0009994506836,143640000,32.0009994506836
2022-12-12,32,32.318000793457,30.8850002288818,31.5179996490479,101486000,31.5179996490479
2022-12-13,32.7999992370605,33.2719993591309,31.7199993133545,32.0340003967285,107564000,32.0340003967285
2022-12-14,31.8969993591309,32.4710006713867,31.4419994354248,31.7830009460449,75433000,31.7830009460449
2022-12-15,30.2119998931885,30.3390007019043,28.6550006866455,29.0410003662109,177246000,29.0410003662109
2022-12-16,28.8759994506836,29.4720001220703,28.8700008392334,29.0709991455078,140800000,29.0709991455078
2022-12-19,28.9729995727539,29.2250003814697,28.613000869751,28.8299999237061,61637000,28.8299999237061
2022-12-20,28.1240005493164,28.92799949646,28.0809993743896,28.8190002441406,69181000,28.8190002441406
2022-12-21,28.9990005493164,30.0659999847412,28.6499996185303,29.7959995269775,63762000,29.7959995269775
2022-12-22,29.8090000152588,29.8880004882812,29.0809993743896,29.7749996185303,78562000,29.7749996185303
2022-12-23,29.6180000305176,29.8460006713867,29.1909999847412,29.496000289917,42511000,29.496000289917
2022-12-27,29.3190002441406,29.3570003509521,28.2129993438721,28.4169998168945,57781000,28.4169998168945
2022-12-28,28.1919994354248,28.5189990997314,27.3409996032715,27.6879997253418,59644000,27.6879997253418
2022-12-29,28.318000793457,29.5499992370605,28.1009998321533,29.1119995117188,95885000,29.1119995117188
2022-12-30,28.55299949646,29.5009994506836,28.32200050354,29.488000869751,75669000,29.488000869751
2023-01-03,29.8059997558594,29.8390007019043,28.8700008392334,29.4950008392334,67640000,29.4950008392334
2023-01-04,29.8239994049072,31.1140003204346,29.5510005950928,30.9409999847412,93451000,30.9409999847412
2023-01-05,30.7000007629395,31.4179992675781,30.4549999237061,30.9699993133545,83284000,30.9699993133545
2023-01-06,31.1569995880127,31.6770000457764,30.3689994812012,31.5550003051758,89598000,31.5550003051758
2023-01-09,31.6830005645752,32.1699981689453,31.32200050354,31.5170001983643,67666000,31.5170001983643
2023-01-10,31.1070003509521,32.935001373291,31.1070003509521,32.7540016174316,130723000,32.7540016174316
2023-01-11,32.6500015258789,32.8880004882812,32.1349983215332,32.726001739502,95797000,32.726001739502
2023-01-12,33.25,33.2949981689453,32.3139991760254,33.0130004882812,108562000,33.0130004882812
2023-01-13,32.9970016479492,33.6650009155273,32.8889999389648,33.2820014953613,82868000,33.2820014953613
2023-01-17,33.1080017089844,33.25,32.3600006103516,32.6220016479492,92470000,32.6220016479492
2023-01-18,32.6749992370605,33.007999420166,32.125,32.632999420166,78141000,32.632999420166
2023-01-19,32.2569999694824,32.4889984130859,31.3390007019043,31.5779991149902,180082000,31.5779991149902
2023-01-20,33.6790008544922,34.4000015258789,33.2630004882812,34.25,284303000,34.25
2023-01-23,34.1720008850098,36.2249984741211,34.0629997253418,35.742000579834,156469000,35.742000579834
2023-01-24,35.7529983520508,36.564998626709,35.5139999389648,36.382999420166,117965000,36.382999420166
2023-01-25,36.056999206543,36.8899993896484,35.8499984741211,36.7960014343262,77669000,36.7960014343262
2023-01-26,36.8769989013672,36.9020004272461,36.1699981689453,36.4869995117188,82568000,36.4869995117188
2023-01-27,36.3199996948242,36.5919990539551,36.0589981079102,36.0769996643066,67035000,36.0769996643066
2023-01-30,35.8440017700195,36.0950012207031,35.2859992980957,35.3110008239746,51276000,35.3110008239746
2023-01-31,34.9980010986328,35.5950012207031,34.8709983825684,35.3860015869141,56607000,35.3860015869141
2023-02-01,35.3860015869141,36.5390014648438,34.9910011291504,36.1990013122559,80052000,36.1990013122559
2023-02-02,36.515998840332,36.8320007324219,35.8429985046387,36.6889991760254,78570000,36.6889991760254
2023-02-03,35.9080009460449,37.943000793457,35.9000015258789,36.5900001525879,94020000,36.5900001525879
2023-02-06,36.3639984130859,36.8450012207031,36.068000793457,36.1479988098145,49949000,36.1479988098145
2023-02-07,35.851001739502,36.4179992675781,35.4179992675781,36.2949981689453,62894000,36.2949981689453
2023-02-08,36.0019989013672,36.8190002441406,35.8310012817383,36.6829986572266,62532000,36.6829986572266
2023-02-09,37.2410011291504,37.382999420166,36.173999786377,36.25,69011000,36.25
2023-02-10,35.9160003662109,36.2140007019043,34.7140007019043,34.7360000610352,72911000,34.7360000610352
2023-02-13,34.9500007629395,35.9700012207031,34.4249992370605,35.8569984436035,71344000,35.8569984436035
2023-02-14,35.7550010681152,36.375,35.3400001525879,35.9959983825684,46248000,35.9959983825684
2023-02-15,35.6629981994629,36.2879981994629,35.423999786377,36.1419982910156,39660000,36.1419982910156
2023-02-16,35.5,36.1500015258789,35.0309982299805,35.0709991455078,52157000,35.0709991455078
2023-02-17,34.7910003662109,34.9000015258789,34.2439994812012,34.7960014343262,52947000,34.7960014343262
2023-02-21,34.2849998474121,34.4129981994629,33.6419982910156,33.75,57103000,33.75
2023-02-22,33.75,34.1910018920898,33.2820014953613,33.4879989624023,45462000,33.4879989624023
2023-02-23,33.1230010986328,33.1279983520508,31.4300003051758,32.3650016784668,132387000,32.3650016784668
2023-02-24,31.9300003051758,32.1500015258789,31.4519996643066,31.7150001525879,68307000,31.7150001525879
2023-02-27,32.3870010375977,33,32.2120018005371,32.3030014038086,61426000,32.3030014038086
2023-02-28,32.3699989318848,32.7620010375977,32.117000579834,32.2130012512207,36761000,32.2130012512207
2023-03-01,32.1549987792969,32.6599998474121,31.2360000610352,31.3479995727539,49113000,31.3479995727539
2023-03-02,31.0960006713867,31.556999206543,31.0380001068115,31.1879997253418,49110000,31.1879997253418
2023-03-03,31.5450000762939,31.7490005493164,31.0820007324219,31.5179996490479,59533000,31.5179996490479
2023-03-06,31.7000007629395,32.3300018310547,31.1840000152588,31.2029991149902,56607000,31.2029991149902
2023-03-07,31.2679996490479,31.4300003051758,30.6620006561279,30.8470001220703,45531000,30.8470001220703
2023-03-08,30.9290008544922,31.1830005645752,30.5750007629395,31.1790008544922,34795000,31.1790008544922
2023-03-09,31.2080001831055,31.2509994506836,29.488000869751,29.7779998779297,74434000,29.7779998779297
2023-03-10,29.7900009155273,29.878999710083,28.8999996185303,29.2759990692139,57593000,29.2759990692139
2023-03-13,28.7339992523193,29.923999786377,28.5330009460449,29.3509998321533,62924000,29.3509998321533
2023-03-14,29.5970001220703,29.7450008392334,29.0310001373291,29.4939994812012,59567000,29.4939994812012
2023-03-15,29.2509994506836,30.6310005187988,29.2280006408691,30.378999710083,92153000,30.378999710083
2023-03-16,30.4750003814697,31.6599998474121,30.1709995269775,31.0060005187988,79037000,31.0060005187988
2023-03-17,31.0060005187988,31.076000213623,30,30.3500003814697,69188000,30.3500003814697
2023-03-20,29.9790000915527,30.75,29.6000003814697,30.5130004882812,51134000,30.5130004882812
2023-03-21,30.6319999694824,30.7919998168945,30.0429992675781,30.5790004730225,48863000,30.5790004730225
2023-03-22,30.6310005187988,30.6450004577637,29.3540000915527,29.3899993896484,58080000,29.3899993896484
2023-03-23,30.4680004119873,32.2779998779297,30.4139995574951,32.0369987487793,156533000,32.0369987487793
2023-03-24,32.0629997253418,33.1829986572266,32.0629997253418,32.8390007019043,129917000,32.8390007019043
2023-03-27,32.7550010681152,33.6440010070801,32.4410018920898,32.765998840332,86258000,32.765998840332
2023-03-28,32.6059989929199,33.3320007324219,32.1279983520508,32.3520011901855,64894000,32.3520011901855
2023-03-29,32.6290016174316,33.2849998474121,32.5730018615723,33.2029991149902,62873000,33.2029991149902
2023-03-30,34.0270004272461,34.3289985656738,33.5299987792969,33.8429985046387,71315000,33.8429985046387
2023-03-31,34.0050010681152,34.5839996337891,33.7200012207031,34.5480003356934,56102000,34.5480003356934
2023-04-03,34.1829986572266,34.8580017089844,34.0400009155273,34.8279991149902,44137000,34.8279991149902
2023-04-04,34.8489990234375,34.9799995422363,34.3950004577637,34.6749992370605,32981000,34.6749992370605
2023-04-05,34.5299987792969,34.5429992675781,33.625,34.2350006103516,42055000,34.2350006103516
2023-04-06,33.9339981079102,34.0480003356934,33.2630004882812,33.9329986572266,46605000,33.9329986572266
2023-04-10,33.5270004272461,33.9879989624023,33.3359985351562,33.898998260498,26579000,33.898998260498
2023-04-11,34.3450012207031,34.7140007019043,33.7639999389648,33.8209991455078,40448000,33.8209991455078
2023-04-12,34.0810012817383,34.2799987792969,33.0040016174316,33.1030006408691,39654000,33.1030006408691
2023-04-13,33.9990005493164,34.6430015563965,33.875,34.6189994812012,74064000,34.6189994812012
2023-04-14,34.2939987182617,34.4850006103516,33.640998840332,33.8629989624023,53505000,33.8629989624023
2023-04-17,33.7999992370605,33.8390007019043,32.75,33.2719993591309,61360000,33.2719993591309
2023-04-18,33.5,33.7190017700195,33.0499992370605,33.3699989318848,179445000,33.3699989318848
2023-04-19,32.4210014343262,32.5750007629395,31.6100006103516,32.3120002746582,221283000,32.3120002746582
2023-04-20,32.0390014648438,33.1430015563965,31.8330001831055,32.5349998474121,99478000,32.5349998474121
2023-04-21,32.2999992370605,32.8289985656738,31.9500007629395,32.7980003356934,63480000,32.7980003356934
2023-04-24,33.0200004577637,33.4659996032715,32.6749992370605,32.9020004272461,55866000,32.9020004272461
2023-04-25,32.8499984741211,32.8660011291504,32.1100006103516,32.2550010681152,54266000,32.2550010681152
2023-04-26,32.1360015869141,32.5900001525879,32.0470008850098,32.1150016784668,46232000,32.1150016784668
2023-04-27,32.4300003051758,32.7449989318848,31.7439994812012,32.5849990844727,56188000,32.5849990844727
2023-04-28,32.523998260498,33.0810012817383,32.4000015258789,32.9930000305176,42284000,32.9930000305176
2023-05-01,32.9440002441406,33.1230010986328,31.8090000152588,32.4119987487793,53415000,32.4119987487793
2023-05-02,32.5,32.6069984436035,31.5620002746582,31.7549991607666,43186000,31.7549991607666
2023-05-03,31.7549991607666,32.4620018005371,31.5849990844727,31.9300003051758,50641000,31.9300003051758
2023-05-04,31.9009990692139,32.3610000610352,31.7950000762939,32.0779991149902,38797000,32.0779991149902
2023-05-05,32.3610000610352,32.4150009155273,31.9440002441406,32.2760009765625,39906000,32.2760009765625
2023-05-08,32.298999786377,33.2560005187988,32.2029991149902,33.1209983825684,54886000,33.1209983825684
2023-05-09,33.0670013427734,33.6319999694824,32.9739990234375,33.2140007019043,55449000,33.2140007019043
2023-05-10,33.5209999084473,33.7109985351562,32.951000213623,33.5419998168945,42899000,33.5419998168945
2023-05-11,33.4980010986328,34.5470008850098,33.1839981079102,34.476001739502,80335000,34.476001739502
2023-05-12,34.476001739502,34.8170013427734,33.7360000610352,33.9889984130859,60824000,33.9889984130859
2023-05-15,34.0620002746582,34.189998626709,33.5540008544922,33.5890007019043,36530000,33.5890007019043
2023-05-16,33.4000015258789,33.5169982910156,33.1910018920898,33.375,33322000,33.375
2023-05-17,33.1759986877441,34.1380004882812,32.9620018005371,33.9959983825684,39588000,33.9959983825684
2023-05-18,34.7249984741211,37.5870018005371,34.6370010375977,37.1290016174316,209252000,37.1290016174316
2023-05-19,36.9860000610352,36.9990005493164,36.3810005187988,36.5359992980957,78597000,36.5359992980957
2023-05-22,36.5359992980957,37.201000213623,36.25,36.3009986877441,54064000,36.3009986877441
2023-05-23,36.023998260498,36.4169998168945,35.4309997558594,35.5989990234375,68661000,35.5989990234375
2023-05-24,35.693000793457,36.7150001525879,35.6629981994629,36.4850006103516,79733000,36.4850006103516
2023-05-25,35.9609985351562,36.7449989318848,35.742000579834,35.9000015258789,62631000,35.9000015258789
2023-05-26,36.1100006103516,38.3759994506836,35.5999984741211,37.8880004882812,93604000,37.8880004882812
2023-05-30,39.7480010986328,40.5110015869141,38.5789985656738,39.2980003356934,108650000,39.2980003356934
2023-05-31,39.1889991760254,39.6259994506836,38.890998840332,39.5229988098145,69880000,39.5229988098145
2023-06-01,39.7410011291504,40.7519989013672,39.3079986572266,40.3129997253418,71601000,40.3129997253418
2023-06-02,40.2890014648438,40.6580009460449,39.5900001525879,40.0470008850098,59024000,40.0470008850098
2023-06-05,40.0470008850098,41.3860015869141,40.0149993896484,40.3540000915527,72474000,40.3540000915527
2023-06-06,40.5,40.5120010375977,39.693000793457,39.9290008544922,49915000,39.9290008544922
2023-06-07,41.0429992675781,41.8950004577637,39.9230003356934,39.9770011901855,119324000,39.9770011901855
2023-06-08,39.9770011901855,40.9539985656738,39.6339988708496,40.9370002746582,59911000,40.9370002746582
2023-06-09,42.4500007629395,42.5900001525879,41.476001739502,42.0019989013672,123630000,42.0019989013672
2023-06-12,41.882999420166,42.4700012207031,41.6570014953613,42.3969993591309,59595000,42.3969993591309
2023-06-13,43.0009994506836,43.7270011901855,42.8400001525879,43.5730018615723,78205000,43.5730018615723
2023-06-14,43.4990005493164,44.7330017089844,43.3499984741211,44.0859985351562,84131000,44.0859985351562
2023-06-15,44.4099998474121,44.8650016784668,43.9500007629395,44.5270004272461,70999000,44.5270004272461
2023-06-16,44.6150016784668,44.7509994506836,43.0900001525879,43.1959991455078,87537000,43.1959991455078
2023-06-20,43.0180015563965,44,43,43.4700012207031,47560000,43.4700012207031
2023-06-21,43.2649993896484,43.4550018310547,42.2540016174316,42.4449996948242,51464000,42.4449996948242
2023-06-22,42.2929992675781,42.4710006713867,41.8680000305176,42.2480010986328,48695000,42.2480010986328
2023-06-23,41.859001159668,42.5820007324219,41.7729988098145,42.4020004272461,82986000,42.4020004272461
2023-06-26,42.2439994812012,43.0960006713867,41.4900016784668,41.5940017700195,46400000,41.5940017700195
2023-06-27,41.7389984130859,42.0880012512207,41.1500015258789,41.7080001831055,48181000,41.7080001831055
2023-06-28,42.310001373291,43.7290000915527,42.2890014648438,42.984001159668,88113000,42.984001159668
2023-06-29,43.4329986572266,43.7849998474121,42.6150016784668,42.8240013122559,49323000,42.8240013122559
2023-06-30,43.1100006103516,44.4119987487793,43.1100006103516,44.048999786377,73464000,44.048999786377
2023-07-03,43.976001739502,44.1549987792969,43.1619987487793,44.1440010070801,37332000,44.1440010070801
2023-07-05,44.4910011291504,45.0970001220703,43.9620018005371,44.5900001525879,68695000,44.5900001525879
2023-07-06,44,44.2799987792969,43.0719985961914,43.8839988708496,49388000,43.8839988708496
2023-07-07,43.8600006103516,44.2330017089844,43.5839996337891,43.810001373291,41651000,43.810001373291
2023-07-10,43.8520011901855,44.4410018920898,43.681999206543,44.1710014343262,42517000,44.1710014343262
2023-07-11,43.8650016784668,44.0800018310547,43.1040000915527,44.0209999084473,45692000,44.0209999084473
2023-07-12,44.4550018310547,44.5410003662109,43.7750015258789,44.4049987792969,57317000,44.4049987792969
2023-07-13,44.7000007629395,45.1669998168945,44.1180000305176,45.0379981994629,61575000,45.0379981994629
2023-07-14,45.2789993286133,45.6479988098145,43.9700012207031,44.1910018920898,71959000,44.1910018920898
2023-07-17,44.556999206543,45.6679992675781,44.5110015869141,45.0050010681152,68917000,45.0050010681152
2023-07-18,45.0999984741211,47.814998626709,44.8779983520508,47.4799995422363,130418000,47.4799995422363
2023-07-19,47.6860008239746,48.5,47,47.7589988708496,209965000,47.7589988708496
2023-07-20,44.7000007629395,44.8499984741211,43.2000007629395,43.742000579834,239897000,43.742000579834
2023-07-21,43.7369995117188,43.8240013122559,42.3190002441406,42.75,173400000,42.75
2023-07-24,42.5,42.8639984130859,41.9189987182617,42.8370018005371,82644000,42.8370018005371
2023-07-25,42.7179985046387,43.0880012512207,42.6129989624023,42.7700004577637,48598000,42.7700004577637
2023-07-26,42.4199981689453,42.5260009765625,41.5589981079102,42.2669982910156,60092000,42.2669982910156
2023-07-27,42.689998626709,42.7519989013672,41.1879997253418,41.3170013427734,65945000,41.3170013427734
2023-07-28,41.5559997558594,42.7470016479492,41.3759994506836,42.5779991149902,64242000,42.5779991149902
2023-07-31,42.6510009765625,43.9129981994629,42.6300010681152,43.8969993591309,65876000,43.8969993591309
2023-08-01,43.7369995117188,44.5250015258789,43.1399993896484,43.8619995117188,57115000,43.8619995117188
2023-08-02,43.5229988098145,43.5559997558594,42.6559982299805,42.9700012207031,49122000,42.9700012207031
2023-08-03,42.7799987792969,44.193000793457,42.7190017700195,43.0999984741211,62439000,43.0999984741211
2023-08-04,43.3059997558594,43.6500015258789,42.6269989013672,43.1599998474121,54418000,43.1599998474121
2023-08-07,43.6459999084473,44.1110000610352,42.890998840332,44.076000213623,47813000,44.076000213623
2023-08-08,44.0359992980957,44.3569984436035,43.5099983215332,43.8300018310547,37672000,43.8300018310547
2023-08-09,43.9739990234375,44.0620002746582,42.7589988708496,42.8899993896484,38466000,42.8899993896484
2023-08-10,43.1119995117188,43.8120002746582,42.8689994812012,42.9980010986328,54676000,42.9980010986328
2023-08-11,42.8979988098145,43.0629997253418,42.132999420166,42.1660003662109,39279000,42.1660003662109
2023-08-14,42.1990013122559,42.8849983215332,41.8779983520508,42.7779998779297,39660000,42.7779998779297
2023-08-15,42.4410018920898,42.9119987487793,42.1040000915527,42.3699989318848,33680000,42.3699989318848
2023-08-16,42.3730010986328,42.451000213623,41.5250015258789,41.5449981689453,39670000,41.5449981689453
2023-08-17,41.5,41.523998260498,40.1580009460449,40.2999992370605,60315000,40.2999992370605
2023-08-18,39.9329986572266,40.6520004272461,39.814998626709,40.4529991149902,43122000,40.4529991149902
2023-08-21,40.2229995727539,40.9609985351562,39.9500007629395,40.8289985656738,38616000,40.8289985656738
2023-08-22,40.9000015258789,41.5740013122559,40.7400016784668,41.3170013427734,35997000,41.3170013427734
2023-08-23,41.8400001525879,43.7019996643066,41.7709999084473,42.7550010681152,81747000,42.7550010681152
2023-08-24,42.5410003662109,42.7589988708496,40.617000579834,40.693000793457,56878000,40.693000793457
2023-08-25,41.2000007629395,41.9249992370605,40.7560005187988,41.6030006408691,53909000,41.6030006408691
2023-08-28,41.8040008544922,41.9830017089844,41.3269996643066,41.8059997558594,29286000,41.8059997558594
2023-08-29,41.5999984741211,43.2169990539551,41.4500007629395,42.9990005493164,44867000,42.9990005493164
2023-08-30,43.0849990844727,43.8160018920898,42.8349990844727,43.4669990539551,36254000,43.4669990539551
2023-08-31,43.1230010986328,43.7150001525879,43.1230010986328,43.3680000305176,38030000,43.3680000305176
2023-09-01,43.7729988098145,44.5499992370605,43.5929985046387,43.9879989624023,47934000,43.9879989624023
2023-09-05,43.8390007019043,45.3450012207031,43.7999992370605,44.8680000305176,61559000,44.8680000305176
2023-09-06,44.8610000610352,45.1389999389648,44.048999786377,44.576000213623,38623000,44.576000213623
2023-09-07,44.1150016784668,44.4599990844727,43.6699981689453,44.3139991760254,29227000,44.3139991760254
2023-09-08,44.3559989929199,44.6809997558594,43.8849983215332,44.2799987792969,26975000,44.2799987792969
2023-09-11,44.306999206543,44.9889984130859,44.2750015258789,44.5359992980957,29138000,44.5359992980957
2023-09-12,44.2849998474121,44.5439987182617,43.4119987487793,43.4690017700195,31240000,43.4690017700195
2023-09-13,43.5499992370605,43.8400001525879,41.0690002441406,41.2239990234375,118430000,41.2239990234375
2023-09-14,41.0400009155273,41.1389999389648,40,40.048999786377,107090000,40.048999786377
2023-09-15,40.0999984741211,40.4700012207031,39.5029983520508,39.6940002441406,91167000,39.6940002441406
2023-09-18,39.5499992370605,39.9469985961914,39.2599983215332,39.439998626709,47047000,39.439998626709
2023-09-19,39.2840003967285,39.8230018615723,39.0250015258789,39.6199989318848,40768000,39.6199989318848
2023-09-20,39.7050018310547,39.798999786377,38.6119995117188,38.6300010681152,38666000,38.6300010681152
2023-09-21,38.6500015258789,39.5900001525879,38.3419990539551,38.4150009155273,55479000,38.4150009155273
2023-09-22,38.5,38.6879997253418,37.8359985351562,37.9809989929199,36928000,37.9809989929199
2023-09-25,38.2900009155273,38.6619987487793,38.0810012817383,38.4799995422363,37573000,38.4799995422363
2023-09-26,38.2879981994629,38.4560012817383,37.7360000610352,37.9249992370605,40894000,37.9249992370605
2023-09-27,38.2400016784668,38.4220008850098,37.625,37.7589988708496,38435000,37.7589988708496
2023-09-28,37.560001373291,37.8959999084473,37.1100006103516,37.6360015869141,43699000,37.6360015869141
2023-09-29,38,38.257999420166,37.5349998474121,37.7599983215332,42053000,37.7599983215332
2023-10-02,37.7480010986328,38.4809989929199,37.6800003051758,38.0330009460449,31021000,38.0330009460449
2023-10-03,37.7109985351562,39.4900016784668,37.2849998474121,37.6749992370605,88781000,37.6749992370605
2023-10-04,37.6500015258789,38.0219993591309,37.3580017089844,37.689998626709,43037000,37.689998626709
2023-10-05,37.8009986877441,37.8600006103516,36.7239990234375,37.2589988708496,50348000,37.2589988708496
2023-10-06,36.8429985046387,38.2519989013672,36.7770004272461,38.1510009765625,47781000,38.1510009765625
2023-10-09,37.8050003051758,38.7169990539551,37.7760009765625,38.5950012207031,32998000,38.5950012207031
2023-10-10,38.5579986572266,38.8699989318848,37.2249984741211,37.3320007324219,72889000,37.3320007324219
2023-10-11,37.2779998779297,37.7809982299805,36.5340003967285,36.5929985046387,91514000,36.5929985046387
2023-10-12,36.6479988098145,36.882999420166,35.9049987792969,36.1199989318848,73761000,36.1199989318848
2023-10-13,35.5639991760254,35.8930015563965,35.2050018310547,35.568000793457,63126000,35.568000793457
2023-10-16,35.6209983825684,36.3079986572266,35.4770011901855,36.0820007324219,51289000,36.0820007324219
2023-10-17,36.1100006103516,36.2700004577637,35.3889999389648,35.5719985961914,59084000,35.5719985961914
2023-10-18,35.0999984741211,35.4790000915527,34.4729995727539,34.6189994812012,114296000,34.6189994812012
2023-10-19,40.4739990234375,40.8950004577637,39.226001739502,40.1769981384277,280744000,40.1769981384277
2023-10-20,40.5629997253418,41.0639991760254,39.8009986877441,40.0960006713867,127829000,40.0960006713867
2023-10-23,40.3320007324219,40.7540016174316,39.8520011901855,40.6839981079102,73900000,40.6839981079102
2023-10-24,40.9679985046387,41.6689987182617,40.8390007019043,41.3730010986328,64592000,41.3730010986328
2023-10-25,41.6020011901855,41.8839988708496,41.0110015869141,41.125,62996000,41.125
2023-10-26,41.1419982910156,41.7309989929199,40.1539993286133,40.3540000915527,68497000,40.3540000915527
2023-10-27,40.6419982910156,41.0209999084473,39.5620002746582,39.7869987487793,49976000,39.7869987487793
2023-10-30,40.2350006103516,41.2820014953613,39.9410018920898,41.007999420166,53171000,41.007999420166
2023-10-31,40.923999786377,41.2519989013672,40.4630012512207,41.1689987182617,38776000,41.1689987182617
2023-11-01,41.4770011901855,42.060001373291,41.4179992675781,42.0190010070801,48061000,42.0190010070801
2023-11-02,42.117000579834,42.6689987182617,41.7099990844727,42.4710006713867,44760000,42.4710006713867
2023-11-03,42.8759994506836,43.4819984436035,42.5530014038086,43.2360000610352,36671000,43.2360000610352
2023-11-06,43.4379997253418,43.5029983520508,42.9609985351562,43.4739990234375,30032000,43.4739990234375
2023-11-07,43.6180000305176,43.7639999389648,43.0999984741211,43.4609985351562,32911000,43.4609985351562
2023-11-08,43.5,43.806999206543,43.3680000305176,43.6650009155273,23568000,43.6650009155273
2023-11-09,43.8030014038086,44.0379981994629,43.435001373291,43.5149993896484,27355000,43.5149993896484
2023-11-10,43.7480010986328,44.7480010986328,43.5509986877441,44.7239990234375,44406000,44.7239990234375
2023-11-13,44.7249984741211,44.8429985046387,44.2599983215332,44.4620018005371,28961000,44.4620018005371
2023-11-14,44.8779983520508,45.4080009460449,44.5639991760254,44.8650016784668,40609000,44.8650016784668
2023-11-15,45.2809982299805,46.2750015258789,45.2449989318848,46.1940002441406,50353000,46.1940002441406
2023-11-16,46.2999992370605,46.7280006408691,45.9650001525879,46.6949996948242,36560000,46.6949996948242
2023-11-17,46.6949996948242,46.7649993896484,46.2760009765625,46.5909996032715,27985000,46.5909996032715
2023-11-20,46.5400009155273,47.6759986877441,46.5400009155273,47.4469985961914,36176000,47.4469985961914
2023-11-21,47.2630004882812,47.7019996643066,47.1209983825684,47.4949989318848,29977000,47.4949989318848
2023-11-22,47.6800003051758,48.2700004577637,47.6559982299805,47.7999992370605,28416000,47.7999992370605
2023-11-24,47.7109985351562,48.0400009155273,47.5200004577637,47.9560012817383,14047000,47.9560012817383
2023-11-27,47.9029998779297,48.2000007629395,47.5349998474121,47.9169998168945,36259000,47.9169998168945
2023-11-28,47.8110008239746,48.0499992370605,47.5950012207031,47.9000015258789,28902000,47.9000015258789
2023-11-29,47.9000015258789,48.0989990234375,47.4490013122559,47.7190017700195,28555000,47.7190017700195
2023-11-30,47.5309982299805,47.859001159668,47.0419998168945,47.3969993591309,42873000,47.3969993591309
2023-12-01,47.3170013427734,47.5229988098145,46.4599990844727,46.5740013122559,43415000,46.5740013122559
2023-12-04,46.0989990234375,46.1199989318848,45.1199989318848,45.3899993896484,51577000,45.3899993896484
2023-12-05,45.0699996948242,45.6389999389648,44.9580001831055,45.5149993896484,33807000,45.5149993896484
2023-12-06,46,46.0499992370605,44.5730018615723,44.6730003356934,41788000,44.6730003356934
2023-12-07,45.0849990844727,45.2890014648438,44.8320007324219,45.2000007629395,35067000,45.2000007629395
2023-12-08,45.076000213623,45.5499992370605,45.076000213623,45.3759994506836,34584000,45.3759994506836
2023-12-11,45.9360008239746,47.064998626709,45.7210006713867,45.9889984130859,49297000,45.9889984130859
2023-12-12,46.5229988098145,46.5610008239746,45.9199981689453,46.2999992370605,33027000,46.2999992370605
2023-12-13,46.1980018615723,48.125,46.1980018615723,47.9980010986328,58202000,47.9980010986328
2023-12-14,48.0359992980957,48.076000213623,46.476001739502,46.9830017089844,51764000,46.9830017089844
2023-12-15,46.7299995422363,47.2999992370605,46.7299995422363,47.2060012817383,78410000,47.2060012817383
2023-12-18,47.6300010681152,49.2039985656738,47.5099983215332,48.6119995117188,64107000,48.6119995117188
2023-12-19,48.8400001525879,49.6139984130859,48.4059982299805,49.5019989013672,38490000,49.5019989013672
2023-12-20,49.2000007629395,50.0890007019043,48.8390007019043,48.9269981384277,45637000,48.9269981384277
2023-12-21,49.265998840332,49.439998626709,48.6769981384277,49.1609992980957,27562000,49.1609992980957
2023-12-22,49.4000015258789,49.6020011901855,48.5449981689453,48.6759986877441,27027000,48.6759986877441
2023-12-26,48.9389991760254,49.1479988098145,48.6380004882812,49.1189994812012,20345000,49.1189994812012
2023-12-27,49.1240005493164,49.4020004272461,48.9249992370605,49.1790008544922,25613000,49.1790008544922
2023-12-28,49.2000007629395,49.2890014648438,48.9070014953613,49.0509986877441,17105000,49.0509986877441
2023-12-29,49.0369987487793,49.2229995727539,48.1940002441406,48.6879997253418,27406000,48.6879997253418
2024-01-02,48.3190002441406,48.4650001525879,46.1860008239746,46.8499984741211,50494000,46.8499984741211
2024-01-03,46.7319984436035,47.5050010681152,46.5769996643066,47.0260009765625,34437000,47.0260009765625
2024-01-04,47.2980003356934,48.0740013122559,46.6529998779297,47.4669990539551,36365000,47.4669990539551
2024-01-05,47.6500015258789,47.9550018310547,47.1800003051758,47.4059982299805,26313000,47.4059982299805
2024-01-08,47.3889999389648,48.523998260498,47.3650016784668,48.5029983520508,36758000,48.5029983520508
2024-01-09,47.5530014038086,48.5089988708496,47.3800010681152,48.2089996337891,35268000,48.2089996337891
2024-01-10,48.1599998474121,48.7000007629395,47.2949981689453,47.8330001831055,43424000,47.8330001831055
2024-01-11,49.2540016174316,50.3409996032715,48.3819999694824,49.2229995727539,79933000,49.2229995727539
2024-01-12,50.0509986877441,50.0789985656738,49.0610008239746,49.2159996032715,50037000,49.2159996032715
2024-01-16,49,49.4150009155273,47.8019981384277,48.1240005493164,46790000,48.1240005493164
2024-01-17,48.4500007629395,48.6209983825684,47.5260009765625,48.0330009460449,48946000,48.0330009460449
2024-01-18,48.0029983520508,48.5769996643066,47.8019981384277,48.5309982299805,40544000,48.5309982299805
2024-01-19,48.4980010986328,48.5670013427734,47.6059989929199,48.2949981689453,56724000,48.2949981689453
2024-01-22,48.7550010681152,48.9799995422363,47.9900016784668,48.5709991455078,52123000,48.5709991455078
2024-01-23,49.2000007629395,49.8959999084473,48.1399993896484,49.2190017700195,155060000,49.2190017700195
2024-01-24,53.7750015258789,56.25,53.7070007324219,54.4869995117188,264328000,54.4869995117188
2024-01-25,55.1949996948242,56.3460006713867,54.8460006713867,56.2000007629395,94519000,56.2000007629395
2024-01-26,56.1809997558594,57.9640007019043,55.8429985046387,57.0419998168945,127706000,57.0419998168945
2024-01-29,57.1349983215332,57.8549995422363,56.2680015563965,57.5789985656738,69054000,57.5789985656738
2024-01-30,56.7319984436035,57.0880012512207,56.0820007324219,56.2849998474121,61818000,56.2849998474121
2024-01-31,56.2849998474121,57.2150001525879,56.2039985656738,56.4109992980957,48576000,56.4109992980957
2024-02-01,56.7019996643066,57.265998840332,56.382999420166,56.7509994506836,31740000,56.7509994506836
2024-02-02,56.4519996643066,56.7799987792969,56.2369995117188,56.4640007019043,40328000,56.4640007019043
2024-02-05,56.2470016479492,57.5750007629395,55.7200012207031,56.2060012817383,41431000,56.2060012817383
2024-02-06,56.4119987487793,56.6339988708496,55.4370002746582,55.5880012512207,28403000,55.5880012512207
2024-02-07,55.8160018920898,56.7799987792969,55.4980010986328,55.9300003051758,43736000,55.9300003051758
2024-02-08,56.0550003051758,56.3699989318848,55.5740013122559,55.8530006408691,31755000,55.8530006408691
2024-02-09,56.5,56.5999984741211,55.810001373291,56.1319999694824,30557000,56.1319999694824
2024-02-12,56.0359992980957,56.8440017700195,55.7000007629395,55.7849998474121,36085000,55.7849998474121
2024-02-13,55.0800018310547,55.9199981689453,54.9000015258789,55.4519996643066,35115000,55.4519996643066
2024-02-14,56.726001739502,58.125,56.4339981079102,57.9329986572266,56342000,57.9329986572266
2024-02-15,58.1910018920898,59.3769989013672,58.0320014953613,59.3460006713867,52209000,59.3460006713867
2024-02-16,59.6949996948242,59.7000007629395,57.7459983825684,58.3950004577637,43257000,58.3950004577637
2024-02-20,58.0180015563965,58.5999984741211,56.9659996032715,57.5130004882812,31242000,57.5130004882812
2024-02-21,57.351001739502,57.5779991149902,56.7319984436035,57.3349990844727,22706000,57.3349990844727
2024-02-22,58.2750015258789,59.0849990844727,57.8889999389648,58.8470001220703,35266000,58.8470001220703
2024-02-23,58.6399993896484,59.2430000305176,57.9819984436035,58.3559989929199,25689000,58.3559989929199
2024-02-26,58.3559989929199,59.0750007629395,58.3269996643066,58.7649993896484,23937000,58.7649993896484
2024-02-27,59.5,60.5359992980957,59.2330017089844,60.1669998168945,44894000,60.1669998168945
2024-02-28,59.5789985656738,59.8170013427734,59.0009994506836,59.6479988098145,26052000,59.6479988098145
2024-02-29,60.4249992370605,60.4519996643066,59.515998840332,60.2919998168945,35721000,60.2919998168945
2024-03-01,59.9809989929199,62.0279998779297,59.9500007629395,61.9339981079102,42703000,61.9339981079102
2024-03-04,62.1559982299805,62.4420013427734,61.507999420166,61.5830001831055,30203000,61.5830001831055
2024-03-05,61.0099983215332,61.0909996032715,59.2000007629395,59.8499984741211,38496000,59.8499984741211
2024-03-06,60.298999786377,60.7929992675781,59.3559989929199,59.7690010070801,24696000,59.7690010070801
2024-03-07,59.9339981079102,61.0530014038086,59.5900001525879,60.851001739502,27428000,60.851001739502
2024-03-08,60.8269996643066,61.609001159668,60.0839996337891,60.4819984436035,27772000,60.4819984436035
2024-03-11,60.8079986572266,61.0999984741211,60.0369987487793,60.0929985046387,25009000,60.0929985046387
2024-03-12,60.0209999084473,61.5299987792969,59.6269989013672,61.1080017089844,28216000,61.1080017089844
2024-03-13,61.3370018005371,61.4850006103516,60.7210006713867,60.9449996948242,21921000,60.9449996948242
2024-03-14,61.5,62.0800018310547,60.7350006103516,61.3009986877441,31205000,61.3009986877441
2024-03-15,62.2919998168945,62.2919998168945,60.3819999694824,60.5880012512207,66716000,60.5880012512207
2024-03-18,61.3559989929199,62.7410011291504,61.0449981689453,61.8390007019043,33442000,61.8390007019043
2024-03-19,61.5620002746582,62.1279983520508,60.7999992370605,62.0740013122559,21426000,62.0740013122559
2024-03-20,61.9949989318848,62.951000213623,61.8339996337891,62.7690010070801,26395000,62.7690010070801
2024-03-21,63.064998626709,63.4360008239746,62.2330017089844,62.2709999084473,25077000,62.2709999084473
2024-03-22,62.4160003662109,62.9049987792969,62.0999984741211,62.8009986877441,21357000,62.8009986877441
2024-03-25,62.7900009155273,63.0460014343262,62.3160018920898,62.7459983825684,18033000,62.7459983825684
2024-03-26,62.5200004577637,63.4389991760254,61.9179992675781,62.923999786377,28045000,62.923999786377
2024-03-27,62.9010009765625,63.1349983215332,61.0730018615723,61.3530006408691,26283000,61.3530006408691
2024-03-28,61.4990005493164,61.5,60.1590003967285,60.7330017089844,37088000,60.7330017089844
2024-04-01,60.7999992370605,61.5110015869141,60.556999206543,61.4309997558594,21159000,61.4309997558594
2024-04-02,61.0999984741211,61.5029983520508,60.5509986877441,61.4210014343262,20292000,61.4210014343262
2024-04-03,61.2750015258789,63.0410003662109,61.1500015258789,63.007999420166,29312000,63.007999420166
2024-04-04,63.3209991455078,63.7999992370605,61.6580009460449,61.7140007019043,30643000,61.7140007019043
2024-04-05,62.492000579834,63.7910003662109,62.2709999084473,63.6180000305176,33788000,63.6180000305176
2024-04-08,63.6389999389648,63.9000015258789,62.8110008239746,62.8409996032715,21457000,62.8409996032715
2024-04-09,63.1990013122559,63.1990013122559,61.5629997253418,61.8199996948242,21436000,61.8199996948242
2024-04-10,61.0970001220703,62.0139999389648,60.9339981079102,61.8580017089844,28062000,61.8580017089844
2024-04-11,62.4420013427734,63.1660003662109,61.7239990234375,62.8779983520508,26627000,62.8779983520508
2024-04-12,62.8230018615723,63.3120002746582,61.8919982910156,62.2830009460449,29593000,62.2830009460449
2024-04-15,63.0169982910156,63.0169982910156,60.3870010375977,60.7150001525879,30854000,60.7150001525879
2024-04-16,60.75,62.2449989318848,60.75,61.7519989013672,35191000,61.7519989013672
2024-04-17,62.0970001220703,62.0970001220703,60.7709999084473,61.3689994812012,33122000,61.3689994812012
2024-04-18,61.2099990844727,62.132999420166,60.5429992675781,61.0559997558594,84684000,61.0559997558594
2024-04-19,56.7879981994629,57.9000015258789,55.2159996032715,55.5040016174316,164497000,55.5040016174316
2024-04-22,55.0660018920898,55.8610000610352,54.201000213623,55.4599990844727,85977000,55.4599990844727
2024-04-23,55.648998260498,57.9210014343262,55.5279998779297,57.7750015258789,49755000,57.7750015258789
2024-04-24,57.4309997558594,57.6910018920898,55.1300010681152,55.5120010375977,53553000,55.5120010375977
2024-04-25,54.9459991455078,56.6539993286133,54.5709991455078,56.4799995422363,38071000,56.4799995422363
2024-04-26,55.8209991455078,56.2919998168945,55.3190002441406,56.1230010986328,43326000,56.1230010986328
2024-04-29,55.9179992675781,55.9640007019043,55.423999786377,55.9490013122559,25089000,55.9490013122559
2024-04-30,56,56,54.9379997253418,55.0639991760254,33615000,55.0639991760254
2024-05-01,54.7840003967285,56.0390014648438,54.4249992370605,55.1710014343262,34732000,55.1710014343262
2024-05-02,55.6020011901855,56.5460014343262,55.5589981079102,56.5149993896484,30682000,56.5149993896484
2024-05-03,56.5999984741211,58.0260009765625,56.515998840332,57.9339981079102,33075000,57.9339981079102
2024-05-06,58.181999206543,59.734001159668,58.0250015258789,59.6969985961914,36863000,59.6969985961914
2024-05-07,59.6279983520508,60.6049995422363,59.1319999694824,60.5999984741211,36141000,60.5999984741211
2024-05-08,60.1629981994629,61.8219985961914,60.1629981994629,60.9469985961914,30939000,60.9469985961914
2024-05-09,61.439998626709,61.5719985961914,60.5750007629395,61.2089996337891,20654000,61.2089996337891
2024-05-10,61.9000015258789,62.3979988098145,60.5060005187988,61.0870018005371,26536000,61.0870018005371
2024-05-13,61.4300003051758,61.8219985961914,60.6829986572266,61.6590003967285,20862000,61.6590003967285
2024-05-14,61.5169982910156,62.1479988098145,60.8400001525879,61.3660011291504,27924000,61.3660011291504
2024-05-15,61.8569984436035,62.4099998474121,60.9099998474121,61.3520011901855,56706000,61.3520011901855
2024-05-16,61.5750007629395,61.8339996337891,60.9090003967285,61.0519981384277,30564000,61.0519981384277
2024-05-17,61.7000007629395,62.5789985656738,61.4710006713867,62.1100006103516,37827000,62.1100006103516
2024-05-20,62.0400009155273,64.4369964599609,61.9519996643066,64.0820007324219,38579000,64.0820007324219
2024-05-21,63.6759986877441,65.0879974365234,63.4220008850098,65.0609970092773,29202000,65.0609970092773
2024-05-22,64.713996887207,64.9250030517578,63.8120002746582,64.0469970703125,21762000,64.0469970703125
2024-05-23,64.234001159668,64.2710037231445,63,63.5670013427734,23139000,63.5670013427734
2024-05-24,63.939998626709,65.1999969482422,63.7599983215332,64.6750030517578,26153000,64.6750030517578
2024-05-28,64.7050018310547,64.9749984741211,64.3030014038086,64.9000015258789,26095000,64.9000015258789
2024-05-29,64.4130020141602,66.4250030517578,64.3889999389648,65.4619979858398,36959000,65.4619979858398
2024-05-30,65.3519973754883,65.6490020751953,64.4729995727539,64.765998840332,23889000,64.765998840332
2024-05-31,64.4010009765625,64.8580017089844,62.8300018310547,64.1620025634766,40710000,64.1620025634766
2024-06-03,64.5220031738281,64.6780014038086,62.7270011901855,63.3790016174316,23235000,63.3790016174316
2024-06-04,63.3779983520508,63.5229988098145,62.6440010070801,63.1619987487793,30082000,63.1619987487793
2024-06-05,63.4020004272461,65.125,62.8250007629395,65.0270004272461,26826000,65.0270004272461
2024-06-06,64.4889984130859,65.7990036010742,64.4240036010742,64.8519973754883,24667000,64.8519973754883
2024-06-07,64.9380035400391,65.0400009155273,64.0240020751953,64.1470031738281,18766000,64.1470031738281
2024-06-10,64.1009979248047,64.4789962768555,63.5589981079102,64.4499969482422,20644000,64.4499969482422
2024-06-11,64.0719985961914,65.0189971923828,64.052001953125,64.8550033569336,21674000,64.8550033569336
2024-06-12,65.2210006713867,65.5780029296875,64.3109970092773,65.0059967041016,20944000,65.0059967041016
2024-06-13,64.4000015258789,65.5250015258789,64.2350006103516,65.3259963989258,18636000,65.3259963989258
2024-06-14,65.504997253418,67.5579986572266,65.2639999389648,66.9380035400391,44471000,66.9380035400391
2024-06-17,66.911003112793,68.2710037231445,66.5110015869141,67.5830001831055,36312000,67.5830001831055
2024-06-18,67.5630035400391,68.7060012817383,67.463996887207,68.5670013427734,29438000,68.5670013427734
2024-06-20,68.1800003051758,68.9879989624023,67.3720016479492,67.9029998779297,25851000,67.9029998779297
2024-06-21,68.3259963989258,68.6900024414062,67.8099975585938,68.6119995117188,45064000,68.6119995117188
2024-06-24,68.5,68.5500030517578,66.4499969482422,66.9020004272461,39163000,66.9020004272461
2024-06-25,67.3440017700195,67.3669967651367,66.2300033569336,67.2409973144531,22706000,67.2409973144531
2024-06-26,67.2409973144531,68.2959976196289,67.0019989013672,67.7689971923828,35458000,67.7689971923828
2024-06-27,67.9349975585938,68.8570022583008,67.8140029907227,68.4339981079102,24048000,68.4339981079102
2024-06-28,67.9000015258789,68.6999969482422,67.3079986572266,67.4879989624023,34124000,67.4879989624023
2024-07-01,67.4889984130859,67.5019989013672,66.3779983520508,67.3610000610352,22128000,67.3610000610352
2024-07-02,67.3539962768555,68.1740036010742,67.0070037841797,67.9580001831055,24114000,67.9580001831055
2024-07-03,67.7480010986328,68.375,67.5500030517578,68.2509994506836,14035000,68.2509994506836
2024-07-05,68.2509994506836,69.7490005493164,67.7229995727539,69.0650024414062,26591000,69.0650024414062
2024-07-08,68.6999969482422,68.8860015869141,68.1490020751953,68.5739974975586,19308000,68.5739974975586
2024-07-09,69,69.5270004272461,68.4720001220703,68.5739974975586,25961000,68.5739974975586
2024-07-10,68.5019989013672,68.7220001220703,67.3160018920898,67.7649993896484,26519000,67.7649993896484
2024-07-11,67.2490005493164,67.2490005493164,64.7440032958984,65.2750015258789,51066000,65.2750015258789
2024-07-12,65.2750015258789,65.5920028686523,64.3710021972656,64.7600021362305,33552000,64.7600021362305
2024-07-15,64.75,66.7539978027344,64.6630020141602,65.6449966430664,32088000,65.6449966430664
2024-07-16,66.1800003051758,66.3679962158203,64.9130020141602,65.6320037841797,26857000,65.6320037841797
2024-07-17,65,65.0449981689453,63.9469985961914,64.7460021972656,40173000,64.7460021972656
2024-07-18,65.6600036621094,65.7040023803711,63.9169998168945,64.3040008544922,75758000,64.3040008544922
2024-07-19,66.0640029907227,67.8970031738281,62.9119987487793,63.3339996337891,98156000,63.3339996337891
2024-07-22,63.9500007629395,65.6289978027344,63.2599983215332,64.75,52191000,64.75
2024-07-23,64.75,64.9909973144531,64.0999984741211,64.2760009765625,24636000,64.2760009765625
2024-07-24,63.5740013122559,65.2419967651367,63.2669982910156,63.5989990234375,48882000,63.5989990234375
2024-07-25,64.0999984741211,64.9980010986328,62.1699981689453,63.4090003967285,45545000,63.4090003967285
2024-07-26,64.5,64.6989974975586,62.9770011901855,63.1370010375977,31207000,63.1370010375977
2024-07-29,63.4609985351562,63.4609985351562,62.3930015563965,62.6959991455078,24005000,62.6959991455078
2024-07-30,63.0169982910156,63.4690017700195,61.7000007629395,62.257999420166,34966000,62.257999420166
2024-07-31,62.6570014953613,63.3600006103516,62.257999420166,62.8349990844727,31349000,62.8349990844727
2024-08-01,62.9249992370605,64.6709976196289,61.7610015869141,62.4850006103516,37206000,62.4850006103516
2024-08-02,62.0979995727539,62.5270004272461,60.8349990844727,61.3639984130859,35230000,61.3639984130859
2024-08-05,58.7039985656738,60.4560012817383,58.7039985656738,59.8549995422363,40442000,59.8549995422363
2024-08-06,60.0620002746582,62.2449989318848,60.0620002746582,60.9570007324219,43191000,60.9570007324219
2024-08-07,61.6069984436035,63.2000007629395,61.0639991760254,61.1479988098145,31878000,61.1479988098145
2024-08-08,62.1990013122559,63.2290000915527,61.6020011901855,63.0349998474121,32835000,63.0349998474121
2024-08-09,62.298999786377,63.6619987487793,62.298999786377,63.3940010070801,19808000,63.3940010070801
2024-08-12,63.0999984741211,63.9000015258789,62.7070007324219,63.3139991760254,23317000,63.3139991760254
2024-08-13,63.8559989929199,65.0970001220703,63.5499992370605,64.802001953125,26396000,64.802001953125
2024-08-14,64.870002746582,66.3570022583008,64.870002746582,66.1679992675781,40143000,66.1679992675781
2024-08-15,66.8489990234375,67.3190002441406,65.9800033569336,66.3219985961914,32102000,66.3219985961914
2024-08-16,66.943000793457,68.0230026245117,66.536003112793,67.4069976806641,35110000,67.4069976806641
2024-08-19,67.4069976806641,68.8840026855469,67.2910003662109,68.8529968261719,30162000,68.8529968261719
2024-08-20,68.8860015869141,71.1330032348633,68.8249969482422,69.8539962768555,48131000,69.8539962768555
2024-08-21,69.6999969482422,70.0999984741211,69.1380004882812,69.7119979858398,22353000,69.7119979858398
2024-08-22,69.0999984741211,70.1500015258789,68.6240005493164,68.8960037231445,27294000,68.8960037231445
2024-08-23,69.4130020141602,69.6070022583008,67.8629989624023,68.6729965209961,23545000,68.6729965209961
2024-08-26,68.7259979248047,69.0589981079102,68.1640014648438,68.8440017700195,13542000,68.8440017700195
2024-08-27,68.8529968261719,70.7890014648438,68.6920013427734,69.5719985961914,31649000,69.5719985961914
2024-08-28,69.5830001831055,69.6669998168945,67.7099990844727,68.3840026855469,24306000,68.3840026855469
2024-08-29,69,69.9800033569336,68.6070022583008,69.2480010986328,21870000,69.2480010986328
2024-08-30,70.036003112793,70.1859970092773,68.8160018920898,70.1350021362305,32667000,70.1350021362305
2024-09-03,70.0100021362305,70.3860015869141,67.1009979248047,67.5319976806641,31610000,67.5319976806641
2024-09-04,67.3310012817383,68.4649963378906,67.3059997558594,67.9680023193359,17853000,67.9680023193359
2024-09-05,67.3140029907227,68.7310028076172,67.1859970092773,68.3619995117188,18101000,68.3619995117188
2024-09-06,68.1859970092773,68.3150024414062,66.234001159668,66.5770034790039,29913000,66.5770034790039
2024-09-09,67.4000015258789,68.3499984741211,67.213996887207,67.5419998168945,26831000,67.5419998168945
2024-09-10,67.6869964599609,68.0589981079102,66.5810012817383,67.3619995117188,20792000,67.3619995117188
2024-09-11,67.7460021972656,68.2969970703125,66.0800018310547,68.1470031738281,23919000,68.1470031738281
2024-09-12,68.4919967651367,69.4879989624023,68.2200012207031,68.6800003051758,25821000,68.6800003051758
2024-09-13,68.0009994506836,69.963996887207,68,69.7060012817383,22765000,69.7060012817383
2024-09-16,70,70.302001953125,68.8629989624023,69.6500015258789,18437000,69.6500015258789
2024-09-17,70.0820007324219,70.7630004882812,69.8369979858398,70.6910018920898,22986000,70.6910018920898
2024-09-18,70.754997253418,70.754997253418,68.8000030517578,69.0469970703125,29844000,69.0469970703125
2024-09-19,70.5,71.5660018920898,69.5370025634766,70.431999206543,42285000,70.431999206543
2024-09-20,70.5550003051758,70.6669998168945,69.6309967041016,70.1029968261719,39981000,70.1029968261719
2024-09-23,70.2389984130859,71.2249984741211,69.9160003662109,70.5370025634766,32243000,70.5370025634766
2024-09-24,70.6630020141602,72.2440032958984,70.4449996948242,72.2259979248047,35657000,72.2259979248047
2024-09-25,72.0999984741211,72.5120010375977,71.6210021972656,72.1559982299805,22598000,72.1559982299805
2024-09-26,72.4729995727539,72.5260009765625,70.1719970703125,71.1429977416992,28330000,71.1429977416992
2024-09-27,70.8359985351562,71.0709991455078,70.125,70.7350006103516,23956000,70.7350006103516
2024-09-30,70.6999969482422,71.1210021972656,70.2819976806641,70.927001953125,17099000,70.927001953125
2024-10-01,71.3639984130859,71.7760009765625,69.859001159668,70.6129989624023,28135000,70.6129989624023
2024-10-02,70.6129989624023,71.6210021972656,70.4690017700195,71.109001159668,17582000,71.109001159668
2024-10-03,70.4260025024414,70.8809967041016,70,70.6800003051758,22564000,70.6800003051758
2024-10-04,71.3320007324219,72.1009979248047,70.8820037841797,71.9700012207031,22290000,71.9700012207031
2024-10-07,71.4759979248047,71.5879974365234,69.6429977416992,70.1920013427734,33605000,70.1920013427734
2024-10-08,70.3880004882812,72.5059967041016,70.3550033569336,72.1760025024414,31874000,72.1760025024414
2024-10-09,71.9250030517578,72.859001159668,71.8870010375977,72.7429962158203,19811000,72.7429962158203
2024-10-10,72.3290023803711,73.3850021362305,72.25,73.0289993286133,27679000,73.0289993286133
2024-10-11,73.4899978637695,73.5999984741211,72.1220016479492,72.2789993286133,22995000,72.2789993286133
2024-10-14,72.5,72.6620025634766,71.1309967041016,71.3000030517578,27971000,71.3000030517578
2024-10-15,71.2509994506836,71.3399963378906,69.9779968261719,70.5979995727539,29328000,70.5979995727539
2024-10-16,70.3430023193359,70.5589981079102,69.7819976806641,70.1999969482422,24943000,70.1999969482422
2024-10-17,70.4349975585938,70.4410018920898,67.7880020141602,68.7649993896484,89267000,68.7649993896484
2024-10-18,73.7639999389648,76.6279983520508,73.6230010986328,76.3889999389648,159741000,76.3889999389648
2024-10-21,76.5759963989258,77.3000030517578,75.6600036621094,77.2070007324219,60571000,77.2070007324219
2024-10-22,76.5270004272461,76.9700012207031,76.1119995117188,76.4240036010742,29873000,76.4240036010742
2024-10-23,76.2829971313477,76.3789978027344,74.4260025024414,74.9290008544922,37490000,74.9290008544922
2024-10-24,75.1969985961914,75.5820007324219,74.625,75.4550018310547,26430000,75.4550018310547
2024-10-25,75.6169967651367,76.8499984741211,75.3529968261719,75.4680023193359,28195000,75.4680023193359
2024-10-28,75.8679962158203,75.8679962158203,74.7880020141602,74.9120025634766,28624000,74.9120025634766
2024-10-29,75.1129989624023,76.3880004882812,74.8010025024414,75.9440002441406,36604000,75.9440002441406
2024-10-30,75.8079986572266,75.9789962768555,75.2279968261719,75.3740005493164,17220000,75.3740005493164
2024-10-31,75.3929977416992,76.0790023803711,75.2229995727539,75.6029968261719,30577000,75.6029968261719
2024-11-01,75.3479995727539,76.379997253418,74.7770004272461,75.6100006103516,29968000,75.6100006103516
2024-11-04,75.3140029907227,76.2480010986328,74.9690017700195,75.5510025024414,19022000,75.5510025024414
2024-11-05,75.7350006103516,76.7529983520508,75.6269989013672,76.390998840332,22006000,76.390998840332
2024-11-06,77.1500015258789,78.1490020751953,75.7379989624023,78.0210037231445,36908000,78.0210037231445
2024-11-07,78.1370010375977,79.8219985961914,77.9940032958984,79.6539993286133,32951000,79.6539993286133
2024-11-08,79.7360000610352,79.9059982299805,78.8649978637695,79.5039978027344,19106000,79.5039978027344
2024-11-11,79.5899963378906,80.681999206543,79.556999206543,80.5439987182617,23992000,80.5439987182617
2024-11-12,80.75,82.0370025634766,80.375,81.9499969482422,28141000,81.9499969482422
2024-11-13,82.2620010375977,83.6989974975586,82.0540008544922,83.0469970703125,27678000,83.0469970703125
2024-11-14,83.3669967651367,84.0999984741211,83.0019989013672,83.7259979248047,30382000,83.7259979248047
2024-11-15,83.2040023803711,83.2040023803711,81.6490020751953,82.3960037231445,36737000,82.3960037231445
2024-11-18,81.5500030517578,84.8450012207031,80.9329986572266,84.7050018310547,40812000,84.7050018310547
2024-11-19,83.9749984741211,87.4489974975586,83.9160003662109,87.1320037841797,38142000,87.1320037841797
2024-11-20,87.9980010986328,89.0599975585938,86.8399963378906,88.3850021362305,40938000,88.3850021362305
2024-11-21,88.3929977416992,90.8000030517578,87.7239990234375,89.7480010986328,45113000,89.7480010986328
2024-11-22,89.5999984741211,90.5999984741211,89.3000030517578,89.7789993286133,32140000,89.7789993286133
2024-11-25,90.2050018310547,90.2050018310547,86.4219970703125,86.5589981079102,60142000,86.5589981079102
2024-11-26,86.7490005493164,88.6360015869141,86.7249984741211,87.2600021362305,31383000,87.2600021362305
2024-11-27,87.2060012817383,88.0950012207031,85.890998840332,87.734001159668,25782000,87.734001159668
2024-11-29,88.2170028686523,89.2409973144531,87.6679992675781,88.6809997558594,20272000,88.6809997558594
2024-12-02,88.7509994506836,90.234001159668,88.4120025634766,89.7740020751953,23890000,89.7740020751953
2024-12-03,89.4359970092773,90.2689971923828,88.8030014038086,90.2170028686523,24016000,90.2170028686523
2024-12-04,89.8050003051758,91.5970001220703,89.8050003051758,91.1060028076172,26896000,91.1060028076172
2024-12-05,91.7850036621094,92.6999969482422,91.1110000610352,91.7870025634766,28353000,91.7870025634766
2024-12-06,91.5230026245117,93.5270004272461,91.2710037231445,93.4739990234375,29554000,93.4739990234375
2024-12-09,92.8000030517578,93.0299987792969,90.2590026855469,91.3690032958984,33501000,91.3690032958984
2024-12-10,91.3759994506836,92.2880020141602,90.9580001831055,91.3349990844727,23886000,91.3349990844727
2024-12-11,92.4710006713867,94.1750030517578,92.3079986572266,93.6559982299805,35017000,93.6559982299805
2024-12-12,93.3349990844727,93.4089965820312,92.2600021362305,92.5550003051758,24862000,92.5550003051758
2024-12-13,91.6809997558594,92.5550003051758,90.9609985351562,91.8870010375977,24858000,91.8870010375977
2024-12-16,92.3939971923828,92.8939971923828,91.9499969482422,92.1080017089844,26749000,92.1080017089844
2024-12-17,92.1539993286133,92.8450012207031,91.6419982910156,91.9130020141602,24595000,91.9130020141602
2024-12-18,91.9130020141602,92.2440032958984,88.6559982299805,88.9550018310547,29382000,88.9550018310547
2024-12-19,90.818000793457,91.2620010375977,89.9000015258789,90.2040023803711,28155000,90.2040023803711
2024-12-20,89.3209991455078,91.9919967651367,89.0490036010742,90.9049987792969,45305000,90.9049987792969
2024-12-23,91.3420028686523,91.5,89.9100036621094,91.1449966430664,23394000,91.1449966430664
2024-12-24,91.5,93.5849990844727,91.1699981689453,93.2119979858398,23203000,93.2119979858398
2024-12-26,92.8399963378906,93.0490036010742,91.5299987792969,92.4140014648438,23403000,92.4140014648438
2024-12-27,91.6009979248047,91.8130035400391,89.4499969482422,90.754997253418,32262000,90.754997253418
2024-12-30,89.4509963989258,90.822998046875,88.9710006713867,90.0429992675781,22030000,90.0429992675781
2024-12-31,90.1800003051758,90.2679977416992,88.9469985961914,89.1320037841797,18759000,89.1320037841797
2025-01-02,89.5500030517578,89.8580017089844,87.6999969482422,88.6729965209961,23123000,88.6729965209961
2025-01-03,89.3130035400391,89.8830032348633,87.9889984130859,88.1050033569336,29673000,88.1050033569336
2025-01-06,88.8759994506836,89.2829971313477,87.1689987182617,88.1790008544922,34577000,88.1790008544922
2025-01-07,87.9380035400391,88.8000030517578,86.911003112793,87.9189987182617,26498000,87.9189987182617
2025-01-08,88,88.6220016479492,87.3000030517578,87.5,23479000,87.5
2025-01-10,86.6399993896484,86.640998840332,83.4400024414062,83.7689971923828,48033000,83.7689971923828
2025-01-13,83.1529998779297,84.7070007324219,82.9140014648438,84.0289993286133,30245000,84.0289993286133
2025-01-14,84.3199996948242,84.4889984130859,82.3519973754883,82.8399963378906,30377000,82.8399963378906
2025-01-15,83.6439971923828,85.0839996337891,83.0410003662109,84.8259963989258,31814000,84.8259963989258
2025-01-16,86.0960006713867,86.8980026245117,84.2020034790039,84.2369995117188,40285000,84.2369995117188
2025-01-17,85.9789962768555,86.5,85.2129974365234,85.8099975585938,36176000,85.8099975585938
2025-01-21,86.3529968261719,91.6399993896484,85.4749984741211,86.9680023193359,98514000,86.9680023193359
2025-01-22,99.8030014038086,99.9000015258789,95.0759963989258,95.3990020751953,142732000,95.3990020751953
2025-01-23,95.7809982299805,98.5,95.3899993896484,98.4860000610352,77521000,98.4860000610352
2025-01-24,98.4410018920898,98.6279983520508,96.7679977416992,97.7590026855469,45504000,97.7590026855469
2025-01-27,97.1100006103516,98.2269973754883,96.0260009765625,97.1890029907227,46342000,97.1890029907227
2025-01-28,96.6709976196289,97.7929992675781,95.7300033569336,97.1829986572266,34340000,97.1829986572266
2025-01-29,98,98.7639999389648,96.822998046875,97.8150024414062,29307000,97.8150024414062
2025-01-30,98.6750030517578,99.4589996337891,97.0009994506836,97.3239974975586,38678000,97.3239974975586
2025-01-31,97.4000015258789,99.0289993286133,97.4000015258789,97.6760025024414,36151000,97.6760025024414
2025-02-03,97.3000030517578,98.7689971923828,96.4380035400391,97.8939971923828,37242000,97.8939971923828
2025-02-04,98.0469970703125,100.800003051758,97.8509979248047,99.4869995117188,60001000,99.4869995117188
2025-02-05,98.7730026245117,101.182998657227,98.6679992675781,101.111000061035,39934000,101.111000061035
2025-02-06,100.787002563477,101.63500213623,100.261001586914,101.568000793457,31343000,101.568000793457
2025-02-07,101.699996948242,102.776000976562,100.567001342773,101.392997741699,32129000,101.392997741699
2025-02-10,102.305000305176,103.285003662109,101.587997436523,102.76000213623,32966000,102.76000213623
2025-02-11,102.079002380371,102.268997192383,100.294998168945,100.807998657227,33318000,100.807998657227
2025-02-12,100.549003601074,102.774002075195,99.8349990844727,102.731002807617,33890000,102.731002807617
2025-02-13,102.66300201416,104.598999023438,102.51000213623,104.369003295898,34761000,104.369003295898
2025-02-14,104.495002746582,106.449996948242,104.168998718262,105.860000610352,31454000,105.860000610352
2025-02-18,106,106.199996948242,102.375,103.584999084473,42293000,103.584999084473
2025-02-19,103.517997741699,104.5,102.450996398926,104.333000183105,2.6e+07,104.333000183105
2025-02-20,104.199996948242,104.5,101.55899810791,102.454002380371,31118000,102.454002380371
2025-02-21,102.942001342773,103.237998962402,99.9390029907227,100.315002441406,37387000,100.315002441406
2025-02-24,100.800003051758,101.516998291016,98.447998046875,98.8470001220703,44262000,98.8470001220703
2025-02-25,98.9400024414062,99.4400024414062,95.5,97.7239990234375,47383000,97.7239990234375
2025-02-26,97.7600021362305,100.088996887207,97.6900024414062,99.0059967041016,33972000,99.0059967041016
2025-02-27,99.5,100.072998046875,96.1829986572266,96.306999206543,37666000,96.306999206543
2025-02-28,96.9560012817383,98.2269973754883,95.8170013427734,98.0559997558594,47174000,98.0559997558594
2025-03-03,98.3000030517578,99.4929962158203,96.4810028076172,97.370002746582,39074000,97.370002746582
2025-03-04,97.161003112793,98.6309967041016,94.8209991455078,97.2580032348633,43928000,97.2580032348633
2025-03-05,97.3619995117188,99.5599975585938,96.947998046875,99.0920028686523,38079000,99.0920028686523
2025-03-06,97.2990036010742,97.3690032958984,89.9000015258789,90.6360015869141,78526000,90.6360015869141
2025-03-07,89.7639999389648,90.4889984130859,85.806999206543,89.1110000610352,77375000,89.1110000610352
2025-03-10,87.5070037841797,88.1269989013672,85.4499969482422,86.6679992675781,69953000,86.6679992675781
2025-03-11,86.7409973144531,91.068000793457,86.5999984741211,89.5100021362305,73989000,89.5100021362305
2025-03-12,91.4599990844727,92.7180023193359,90.0999984741211,91.9680023193359,68658000,91.9680023193359
2025-03-13,91.3000030517578,92.1890029907227,88.7509994506836,89.0169982910156,50017000,89.0169982910156
2025-03-14,90.1460037231445,91.9629974365234,90.0999984741211,91.8000030517578,52007000,91.8000030517578
2025-03-17,93.995002746582,96.7630004882812,93.4420013427734,95.0019989013672,75431000,95.0019989013672
2025-03-18,94,94.8249969482422,91.629997253418,92.9980010986328,60094000,92.9980010986328
2025-03-19,93.5770034790039,96.8000030517578,92.4000015258789,95.9489974975586,66624000,95.9489974975586
2025-03-20,95.0009994506836,96.6999969482422,94.5500030517578,95.0839996337891,44663000,95.0839996337891
2025-03-21,94.1640014648438,96.3649978637695,94.0950012207031,96.0289993286133,59054000,96.0289993286133
2025-03-24,96.9670028686523,97.6999969482422,95.1549987792969,97.1989974975586,46779000,97.1989974975586
2025-03-25,97.818000793457,99.870002746582,97.7109985351562,99.7279968261719,37822000,99.7279968261719
2025-03-26,99.3809967041016,99.6790008544922,96.6320037841797,97.0650024414062,35274000,97.0650024414062
2025-03-27,97.4219970703125,98.9000015258789,96.6370010375977,97.6719970703125,30472000,97.6719970703125
2025-03-28,97.1999969482422,97.4980010986328,92.9229965209961,93.3850021362305,44227000,93.3850021362305
2025-03-31,92.0530014038086,93.447998046875,90.0589981079102,93.2529983520508,46341000,93.2529983520508
2025-04-01,92.75,93.2289962768555,91.1500015258789,92.8379974365234,35200000,92.8379974365234
2025-04-02,92.3000030517578,94.9550018310547,91.6110000610352,93.552001953125,32569000,93.552001953125
2025-04-03,90.1800003051758,94.6589965820312,90.0469970703125,91.7050018310547,58646000,91.7050018310547
2025-04-04,89.6500015258789,90.6630020141602,85.3870010375977,85.5859985351562,67988000,85.5859985351562
2025-04-07,82.7850036621094,90.6740036010742,82.1100006103516,86.7829971313477,66568000,86.7829971313477
2025-04-08,91.2440032958984,92.2419967651367,85.7699966430664,87.0400009155273,56254000,87.0400009155273
2025-04-09,85.5930023193359,95.1429977416992,85.4400024414062,94.5469970703125,74980000,94.5469970703125
2025-04-10,93.1940002441406,94.1240005493164,89.4000015258789,92.1169967651367,51298000,92.1169967651367
2025-04-11,92,94.4860000610352,90.6679992675781,91.8290023803711,40736000,91.8290023803711
2025-04-14,93.2699966430664,94.8980026245117,91.9499969482422,93.1279983520508,40359000,93.1279983520508
2025-04-15,95,99.3450012207031,94.8000030517578,97.6279983520508,77120000,97.6279983520508
2025-04-16,97.6279983520508,98.1210021972656,94.9169998168945,96.1630020141602,60661000,96.1630020141602
2025-04-17,96.9000015258789,98.4700012207031,95.5999984741211,97.3030014038086,88937000,97.3030014038086
2025-04-21,98.4400024414062,101.900001525879,97.3050003051758,98.7910003662109,97757000,98.7910003662109
2025-04-22,100.529998779297,106.497001647949,100.452003479004,104.033996582031,93689000,104.033996582031
2025-04-23,104.72200012207,106.125,103.199996948242,104.958999633789,64719000,104.958999633789
2025-04-24,104.800003051758,110.099998474121,104.702003479004,109.686996459961,63819000,109.686996459961
2025-04-25,109.704002380371,110.680000305176,109.099998474121,110.15299987793,39500000,110.15299987793
2025-04-28,110,111.400001525879,108.262001037598,111.03800201416,38311000,111.03800201416
2025-04-29,110.391998291016,112.78099822998,109.547996520996,112.564002990723,37773000,112.564002990723
2025-04-30,111.264999389648,113.319999694824,110.111000061035,113.171997070312,42667000,113.171997070312
2025-05-01,112.251998901367,114.241996765137,111.182998657227,113.34700012207,34995000,113.34700012207
2025-05-02,113.666000366211,115.944000244141,113.332000732422,115.649002075195,37743000,115.649002075195
2025-05-05,111.480003356934,114.402000427246,110.700996398926,113.40599822998,56623000,113.40599822998
2025-05-06,112.943000793457,114.765998840332,112.639999389648,113.768997192383,32567000,113.768997192383
2025-05-07,113.917999267578,116.400001525879,113.800003051758,115.541000366211,43497000,115.541000366211
2025-05-08,116.162002563477,116.228996276855,113.919998168945,114.443000793457,37609000,114.443000793457
2025-05-09,114.709999084473,115.099998474121,113.321998596191,114.022003173828,25696000,114.022003173828
2025-05-12,112.426002502441,113,110.292999267578,111,64791000,111
2025-05-13,111.445999145508,114.78800201416,110.629997253418,113.84400177002,39979000,113.84400177002
2025-05-14,112.959999084473,115.290000915527,112.839996337891,115.098999023438,39101000,115.098999023438
2025-05-15,114.774002075195,118.779998779297,114.764999389648,117.797996520996,44640000,117.797996520996
2025-05-16,119.314002990723,119.650001525879,117.939002990723,119.15299987793,46984000,119.15299987793
2025-05-19,117.358001708984,119.164001464844,117.170997619629,119.164001464844,28534000,119.164001464844
2025-05-20,118.679000854492,119.300003051758,117.902000427246,119.202003479004,21331000,119.202003479004
2025-05-21,118.650001525879,121.122001647949,118.650001525879,119.462997436523,29766000,119.462997436523
2025-05-22,119.23999786377,119.875,118.721000671387,118.796997070312,18616000,118.796997070312
2025-05-23,118.400001525879,119.144996643066,117.944000244141,118.539001464844,21865000,118.539001464844
2025-05-27,119.532997131348,121.177001953125,119.30899810791,121.156997680664,29205000,121.156997680664
2025-05-28,121.027000427246,121.591003417969,120.601997375488,120.855003356934,18559000,120.855003356934
2025-05-29,120.800003051758,120.900001525879,117.627998352051,118.486000061035,33007000,118.486000061035
2025-05-30,119.833000183105,121.180999755859,118.093002319336,120.722999572754,46968000,120.722999572754
2025-06-02,120.120002746582,121.940002441406,119.625,121.898002624512,22942000,121.898002624512
2025-06-03,121.986999511719,122.957000732422,121.11799621582,121.793998718262,23638000,121.793998718262
2025-06-04,122.072998046875,124.255996704102,121.987998962402,123.966003417969,23594000,123.966003417969
2025-06-05,124.059997558594,126.28099822998,123.728996276855,125.052001953125,28172000,125.052001953125
2025-06-06,125.94100189209,126,123.555000305176,124.147003173828,25570000,124.147003173828
2025-06-09,123.888000488281,123.888000488281,122.156997680664,122.445999145508,24031000,122.445999145508
2025-06-10,122.751998901367,122.751998901367,118.060997009277,120.361999511719,44544000,120.361999511719
2025-06-11,120.26000213623,122.829002380371,119.600997924805,121.987998962402,23823000,121.987998962402
2025-06-12,122.259002685547,123,121.195999145508,121.502998352051,20846000,121.502998352051
2025-06-13,120.658996582031,122.061996459961,120.189002990723,121.214996337891,22103000,121.214996337891
2025-06-16,121.220001220703,122.625,121.220001220703,122.535003662109,21128000,122.535003662109
2025-06-17,121.995002746582,123.236000061035,121.609001159668,122.067001342773,18921000,122.067001342773
2025-06-18,122.999000549316,124.199996948242,122.050003051758,122.228996276855,22810000,122.228996276855
2025-06-20,123.444999694824,124.849998474121,122.434997558594,123.140998840332,53482000,123.140998840332
2025-06-23,123.803001403809,125.484001159668,121.500999450684,125.353996276855,26673000,125.353996276855
2025-06-24,126.055000305176,128.25700378418,125.5,127.911003112793,26633000,127.911003112793
2025-06-25,128.684005737305,129.800003051758,127.380996704102,127.525001525879,21465000,127.525001525879
2025-06-26,128,130.733993530273,128,130.667007446289,26059000,130.667007446289
2025-06-27,130.688003540039,133.134994506836,130.100006103516,132.311996459961,40709000,132.311996459961
2025-06-30,133.100006103516,134.115005493164,132.121002197266,133.912994384766,32829000,133.912994384766
2025-07-01,133.822998046875,133.876998901367,128.22200012207,129.360000610352,49936000,129.360000610352
2025-07-02,129.695999145508,129.994995117188,127.158996582031,128.485992431641,30488000,128.485992431641
2025-07-03,129.199996948242,130.225997924805,127.975997924805,129.718002319336,20062000,129.718002319336
2025-07-07,129.5,129.5,127.601997375488,128.962005615234,22737000,128.962005615234
2025-07-08,129.089996337891,129.324996948242,126,127.53099822998,32925000,127.53099822998
2025-07-09,127.399002075195,128.828994750977,126.624000549316,128.828002929688,23845000,128.828002929688
2025-07-10,128.550003051758,128.960006713867,124.600997924805,125.05899810791,42308000,125.05899810791
2025-07-11,125.978996276855,126.099998474121,123.129997253418,124.511001586914,39572000,124.511001586914
2025-07-14,124.490997314453,127.049003601074,124,126.194999694824,27810000,126.194999694824
2025-07-15,126.199996948242,127.122001647949,124.323997497559,126.027000427246,28017000,126.027000427246
2025-07-16,126.170997619629,127.099998474121,124.982002258301,125.03099822998,32270000,125.03099822998
2025-07-17,125.300003051758,127.75,124.480003356934,127.416999816895,64699000,127.416999816895
2025-07-18,124.195999145508,124.650001525879,120.100997924805,120.924003601074,106933000,120.924003601074
2025-07-21,120.599998474121,123.709999084473,119.800003051758,123.327003479004,56276000,123.327003479004
2025-07-22,123.03800201416,123.236999511719,118.75,119.008003234863,50630000,119.008003234863
2025-07-23,118.981002807617,119.262001037598,117.360000610352,117.678001403809,45043000,117.678001403809
2025-07-24,117.779998779297,118.349998474121,116.265998840332,118.075996398926,38456000,118.075996398926
2025-07-25,117.842002868652,118.732002258301,117.438003540039,118.049003601074,26293000,118.049003601074
2025-07-28,118.120002746582,119.778999328613,116.852996826172,117.459999084473,34470000,117.459999084473
2025-07-29,117.900001525879,117.959999084473,116.329002380371,116.874000549316,27525000,116.874000549316
2025-07-30,116.855003356934,118.485000610352,116.610000610352,118.419998168945,29227000,118.419998168945
2025-07-31,118.480003356934,119,115.774002075195,115.940002441406,37129000,115.940002441406
2025-08-01,116.301002502441,117.850997924805,115.285003662109,115.860000610352,38910000,115.860000610352
2025-08-04,116.764999389648,117.699996948242,116.262001037598,117.098999023438,22447000,117.098999023438
2025-08-05,117.099998474121,117.170997619629,114.471000671387,114.787002563477,26607000,114.787002563477
2025-08-06,115.351997375488,118.138000488281,115.186996459961,117.847999572754,33622000,117.847999572754
2025-08-07,118.176002502441,119.122001647949,116.819999694824,118.037002563477,26283000,118.037002563477
2025-08-08,118.319000244141,121.411003112793,118.037002563477,121.164001464844,38167000,121.164001464844
2025-08-11,121.401000976562,122.306999206543,120.193000793457,121.831001281738,24556000,121.831001281738
2025-08-12,122.5,123.198997497559,120.651000976562,122.52799987793,22788000,122.52799987793
2025-08-13,123.400001525879,123.71199798584,120.300003051758,120.444000244141,27624000,120.444000244141
2025-08-14,120.988998413086,124.408996582031,120.703002929688,123.055999755859,39047000,123.055999755859
2025-08-15,123.403999328613,124.694000244141,122.78800201416,123.894996643066,27678000,123.894996643066
2025-08-18,123.563003540039,125.115997314453,123.544998168945,124.509002685547,21111000,124.509002685547
2025-08-19,124.019996643066,124.099998474121,119.278999328613,121.415000915527,37077000,121.415000915527
2025-08-20,121.800003051758,122.300003051758,119.331001281738,121.386001586914,24344000,121.386001586914
2025-08-21,121.142997741699,122.139999389648,119.763999938965,120.621002197266,20472000,120.621002197266
2025-08-22,120.888000488281,121.361999511719,119.822998046875,120.464996337891,31281000,120.464996337891
2025-08-25,120.165000915527,123.379997253418,119.900001525879,121.806999206543,28120000,121.806999206543
2025-08-26,122.021003723145,123.150001525879,121.220001220703,122.609001159668,19857000,122.609001159668
2025-08-27,122.361000061035,122.920997619629,121.300003051758,122.349998474121,16645000,122.349998474121
2025-08-28,122.278999328613,123.789001464844,121.427001953125,123.144996643066,19503000,123.144996643066
2025-08-29,122.796997070312,122.878997802734,120.11499786377,120.824996948242,32098000,120.824996948242
2025-09-02,119.699996948242,121.540000915527,118.279998779297,121.411003112793,23033000,121.411003112793
2025-09-03,120.513999938965,122.699996948242,120.337997436523,122.61799621582,24715000,122.61799621582
2025-09-04,122.319999694824,125.748001098633,122.30899810791,125.748001098633,30235000,125.748001098633
2025-09-05,126,126.709999084473,123.902000427246,124.38200378418,23797000,124.38200378418
2025-09-08,124.853996276855,125.204002380371,123.199996948242,124.475997924805,19151000,124.475997924805
2025-09-09,124.666999816895,126.571998596191,124.666999816895,126.324996948242,22197000,126.324996948242
2025-09-10,126.397003173828,126.699996948242,124.636001586914,124.771003723145,27010000,124.771003723145
2025-09-11,125.099998474121,125.345001220703,119.199996948242,120.349998474121,56823000,120.349998474121
2025-09-12,120.305999755859,121.178001403809,118.23999786377,118.84400177002,37849000,118.84400177002
2025-09-15,118.839996337891,120.723999023438,117.320999145508,120.225997924805,29093000,120.225997924805
2025-09-16,120.564002990723,120.900001525879,119.727996826172,120.051002502441,24047000,120.051002502441
2025-09-17,122.101997375488,123.392997741699,120.661003112793,122.849998474121,34598000,122.849998474121
2025-09-18,122.082000732422,123.300003051758,120.550003051758,120.77799987793,31691000,120.77799987793
2025-09-19,121.861999511719,122.995002746582,120.809997558594,122.696998596191,49476000,122.696998596191
2025-09-22,122.190002441406,122.975997924805,121.424003601074,122.736999511719,25468000,122.736999511719
2025-09-23,122.733001708984,122.778999328613,120.84700012207,121.84700012207,24991000,121.84700012207
2025-09-24,121.861000061035,122.150001525879,119.419998168945,120.394996643066,27731000,120.394996643066
2025-09-25,120.30899810791,121.68399810791,119.151000976562,120.823997497559,19978000,120.823997497559
2025-09-26,120.541999816895,121.400001525879,120,121.060997009277,19450000,121.060997009277
2025-09-29,120.5,122.448997497559,118.753997802734,120.640998840332,30332000,120.640998840332
2025-09-30,120.640998840332,120.849998474121,117.800003051758,119.891998291016,38303000,119.891998291016
2025-10-01,117.549003601074,117.914001464844,116.320999145508,117.089996337891,41102000,117.089996337891
2025-10-02,116.150001525879,116.333000183105,113.400001525879,116.252998352051,46855000,116.252998352051
2025-10-03,116.5,116.800003051758,114.321998596191,115.332000732422,31374000,115.332000732422
2025-10-06,116.037002563477,116.358001708984,114.544998168945,116.331001281738,29686000,116.331001281738
2025-10-07,117.778999328613,120.137001037598,117.746002197266,119.106002807617,33091000,119.106002807617
2025-10-08,119.710998535156,121.738998413086,119.199996948242,121.425003051758,28514000,121.425003051758
2025-10-09,121.425003051758,123.75,121.181999206543,123.107002258301,28241000,123.107002258301
2025-10-10,122.900001525879,124.699996948242,121.910003662109,122.008003234863,42798000,122.008003234863
2025-10-13,122.13500213623,123.111999511719,120.680999755859,121.90299987793,24608000,121.90299987793
2025-10-14,121.474998474121,122.429000854492,120.309997558594,121.535003662109,23624000,121.535003662109
2025-10-15,121.301002502441,121.96199798584,120.161003112793,120.329002380371,20252000,120.329002380371
2025-10-16,121.214996337891,121.670997619629,117.599998474121,118.359001159668,28326000,118.359001159668
2025-10-17,118.360000610352,120.311996459961,117.894996643066,119.935997009277,29571000,119.935997009277
2025-10-20,120.78800201416,124.776000976562,120.690002441406,123.856002807617,39862000,123.856002807617
2025-10-21,124.282997131348,124.860000610352,123.176002502441,124.13500213623,65082000,124.13500213623
2025-10-22,114.290000915527,115.76000213623,111.250999450684,111.637001037598,147890000,111.637001037598
2025-10-23,112.690002441406,112.782997131348,109.972999572754,111.359001159668,68497000,111.359001159668
2025-10-24,111.099998474121,111.450996398926,109.44100189209,109.46900177002,60280000,109.46900177002
2025-10-27,110.067001342773,110.227996826172,108.730003356934,109.456001281738,46911000,109.456001281738
2025-10-28,109.400001525879,111.697998046875,109.301002502441,110.25,40209000,110.25
2025-10-29,109.984001159668,110.855003356934,109.599998474121,110.041000366211,33995000,110.041000366211
2025-10-30,109.440002441406,110.615997314453,108.810997009277,108.900001525879,41581000,108.900001525879
2025-10-31,110.539001464844,113.487998962402,110.197998046875,111.886001586914,68665000,111.886001586914
2025-11-03,113.323997497559,113.349998474121,107.514999389648,110.009002685547,58634000,110.009002685547
2025-11-04,109.999000549316,110.459999084473,108.667999267578,109.295997619629,38718000,109.295997619629
2025-11-05,108.5,110.084999084473,107.33699798584,109.846000671387,35539000,109.846000671387
2025-11-06,109.458000183105,110.370002746582,108.513000488281,109.702003479004,36532000,109.702003479004
2025-11-07,109.417999267578,110.821998596191,108.75,110.365997314453,44125000,110.365997314453
2025-11-10,110.671997070312,112.819999694824,110.404998779297,112.00700378418,36929000,112.00700378418
2025-11-11,111.76000213623,113.921997070312,111.279998779297,113.643997192383,27966000,113.643997192383
2025-11-12,113.817001342773,116.43399810791,112.825996398926,115.75,39221000,115.75
2025-11-13,115.849998474121,116.733001708984,114.569000244141,115.422996520996,40144000,115.422996520996
2025-11-14,114.273002624512,114.273002624512,110.721000671387,111.217002868652,47607000,111.217002868652
2025-11-17,110.75,111.849998474121,109.550003051758,110.290000915527,26082700,110.290000915527
2025-11-18,110.290000915527,115.25,109.199996948242,114.089996337891,43440600,114.089996337891
2025-11-19,113,113.339996337891,108.610000610352,110,31868100,110
2025-11-20,111,111.099998474121,105.389999389648,105.669998168945,36918500,105.669998168945
2025-11-21,105.129997253418,106.529998779297,103.809997558594,104.309997558594,41232700,104.309997558594
2025-11-24,104.25,108.040000915527,103.319999694824,106.970001220703,62918300,106.970001220703
2025-11-25,106.120002746582,106.300003051758,103.819999694824,104.400001525879,35122600,104.400001525879
2025-11-26,105.73999786377,106.949996948242,105.220001220703,106.139999389648,27951000,106.139999389648
2025-11-28,106.440002441406,107.940002441406,106.23999786377,107.580001831055,15021600,107.580001831055
2025-12-01,106.51000213623,109.339996337891,106.309997558594,109.129997253418,24873400,109.129997253418
2025-12-02,109.209999084473,109.730003356934,107.519996643066,109.349998474121,25763000,109.349998474121
2025-12-03,106.589996337891,106.870002746582,102.029998779297,103.959999084473,53593400,103.959999084473
2025-12-04,103.569999694824,103.800003051758,101.769996643066,103.220001220703,51779100,103.220001220703
2025-12-05,98.7799987792969,104.790000915527,97.7399978637695,100.23999786377,133363600,100.23999786377
2025-12-08,99.870002746582,99.8899993896484,95.3000030517578,96.7900009155273,100906300,96.7900009155273
2025-12-09,97.0299987792969,97.2399978637695,95.4499969482422,96.7099990844727,51745600,96.7099990844727
2025-12-10,96.7399978637695,96.9700012207031,92.3499984741211,92.7099990844727,74129300,92.7099990844727
2025-12-11,93.9000015258789,94.8199996948242,92.7600021362305,94.0899963378906,43949000,94.0899963378906
2025-12-12,95.5,96.9199981689453,94.6500015258789,95.1900024414062,49323100,95.1900024414062
2025-12-15,96.0199966430664,96.370002746582,93.5299987792969,93.7699966430664,40016500,93.7699966430664
2025-12-16,93.879997253418,94.9300003051758,93.3199996948242,94.5699996948242,34265000,94.5699996948242
2025-12-17,95.9800033569336,97.3300018310547,94.4599990844727,94.7900009155273,50472800,94.7900009155273
2025-12-18,95.0199966430664,95.8099975585938,93.5899963378906,94,37244700,94
2025-12-19,93.5699996948242,95.5400009155273,93.4499969482422,94.3899993896484,78990200,94.3899993896484
2025-12-22,94.7099990844727,94.7099990844727,92.9100036621094,93.2300033569336,39484800,93.2300033569336
2025-12-23,93.4000015258789,93.8099975585938,91.3300018310547,93.5,25896200,93.5
2025-12-24,93.1100006103516,93.6800003051758,92.6699981689453,93.6399993896484,12427900,93.6399993896484
2025-12-26,93.4800033569336,94.6900024414062,93.2699966430664,94.4700012207031,22068300,94.4700012207031
2025-12-29,93.9899978637695,94.9700012207031,93.629997253418,94.1500015258789,24493700,94.1500015258789
2025-12-30,93.5199966430664,93.9899978637695,93.3399963378906,93.7799987792969,23422000,93.7799987792969
