"Date","NVDA.Open","NVDA.High","NVDA.Low","NVDA.Close","NVDA.Volume","NVDA.Adjusted"
2021-01-04,13.1042499542236,13.6525001525879,12.9624996185303,13.1134996414185,560640000,13.0760173797607
2021-01-05,13.0997495651245,13.4434995651245,13.0869998931885,13.4047498703003,322760000,13.3664350509644
2021-01-06,13.2224998474121,13.2449998855591,12.5860004425049,12.6145000457764,580424000,12.5784435272217
2021-01-07,12.9674997329712,13.3777503967285,12.8865003585815,13.3439998626709,461480000,13.3058586120605
2021-01-08,13.3625001907349,13.4209995269775,13.0419998168945,13.2767496109009,292528000,13.2388000488281
2021-01-11,13.4187498092651,13.9610004425049,13.3625001907349,13.6215000152588,518344000,13.5825634002686
2021-01-12,13.7524995803833,13.7545003890991,13.3450002670288,13.4847497940063,291476000,13.4462060928345
2021-01-13,13.4899997711182,13.625,13.3850002288818,13.5317497253418,210028000,13.4930715560913
2021-01-14,13.5749998092651,13.5997495651245,13.1805000305176,13.200249671936,283120000,13.162522315979
2021-01-15,13.2279996871948,13.325249671936,12.84850025177,12.8594999313354,277780000,12.8227453231812
2021-01-19,13.0162496566772,13.0939998626709,12.8439998626709,13.0252504348755,226188000,12.9880218505859
2021-01-20,13.1117496490479,13.4305000305176,13.0567502975464,13.3657503128052,258572000,13.3275470733643
2021-01-21,13.4184999465942,13.9992504119873,13.2530002593994,13.8675003051758,337780000,13.827862739563
2021-01-22,13.7399997711182,13.8417501449585,13.6272497177124,13.7124996185303,246820000,13.6733055114746
2021-01-25,13.7817497253418,13.8284997940063,13.236499786377,13.6532497406006,251112000,13.6142253875732
2021-01-26,13.5804996490479,13.6447496414185,13.3874998092651,13.4352502822876,163980000,13.3968486785889
2021-01-27,13.2299995422363,13.2327499389648,12.7937498092651,12.9177503585815,371272000,12.8808279037476
2021-01-28,12.9962501525879,13.339750289917,12.9604997634888,13.0509996414185,228316000,13.0136957168579
2021-01-29,13.0749998092651,13.3347501754761,12.9114999771118,12.9897499084473,271552000,12.9526205062866
2021-02-01,13.0532503128052,13.2707500457764,12.9027500152588,13.2370004653931,217204000,13.199164390564
2021-02-02,13.3987503051758,13.5719995498657,13.2854995727539,13.5567502975464,220440000,13.5180015563965
2021-02-03,13.6359996795654,13.9317502975464,13.5165004730225,13.5305004119873,245408000,13.4918270111084
2021-02-04,13.5310001373291,13.6735000610352,13.3377504348755,13.6642503738403,201340000,13.6251935958862
2021-02-05,13.7250003814697,13.737250328064,13.5457496643066,13.5909996032715,169152000,13.5521516799927
2021-02-08,13.7272500991821,14.4737501144409,13.7272500991821,14.4387502670288,434624000,14.397479057312
2021-02-09,14.3407497406006,14.5832500457764,14.2224998474121,14.2632503509521,287560000,14.2224836349487
2021-02-10,14.4632501602173,14.9049997329712,14.3415002822876,14.7642498016357,485352000,14.7220478057861
2021-02-11,14.9802503585815,15.2722501754761,14.9250001907349,15.2507495880127,450828000,15.2071561813354
2021-02-12,15.0500001907349,15.2912502288818,14.7749996185303,14.9612503051758,374756000,14.9184894561768
2021-02-16,15.0642499923706,15.3725004196167,14.9499998092651,15.330249786377,321960000,15.286431312561
2021-02-17,15.1709995269775,15.22350025177,14.7799997329712,14.9060001373291,274756000,14.8633966445923
2021-02-18,14.7290000915527,14.8732500076294,14.5749998092651,14.8290004730225,233868000,14.7866163253784
2021-02-19,15.0244998931885,15.1770000457764,14.8467502593994,14.9265003204346,271724000,14.8838348388672
2021-02-22,14.7747497558594,15.1332502365112,14.3249998092651,14.3557500839233,325884000,14.3147172927856
2021-02-23,14.075249671936,14.2387504577637,13.3894996643066,14.1420001983643,391780000,14.1015777587891
2021-02-24,14.1227502822876,14.5067501068115,13.7559995651245,14.4989995956421,448320000,14.457558631897
2021-02-25,14.0454998016357,14.3747501373291,13.2162504196167,13.3074998855591,824436000,13.2694616317749
2021-02-26,13.7524995803833,13.8544998168945,13.3610000610352,13.7145004272461,500932000,13.6753015518188
2021-03-01,13.875,13.9250001907349,13.5532503128052,13.8417501449585,353184000,13.8021879196167
2021-03-02,13.8999996185303,13.9204998016357,13.3959999084473,13.40625,264116000,13.3679304122925
2021-03-03,13.4262504577637,13.4514999389648,12.7987499237061,12.8047504425049,377592000,12.7681531906128
2021-03-04,12.8007497787476,12.9750003814697,12.0837497711182,12.37024974823,573344000,12.3348932266235
2021-03-05,12.5500001907349,12.5500001907349,11.6792497634888,12.4615001678467,542840000,12.4258813858032
2021-03-08,12.4499998092651,12.4712495803833,11.566499710083,11.5932502746582,543112000,11.560115814209
2021-03-09,12.1302499771118,12.6167497634888,12.0592498779297,12.5202503204346,521824000,12.4887742996216
2021-03-10,12.8404998779297,12.9799995422363,12.4575004577637,12.4682502746582,384376000,12.4369029998779
2021-03-11,12.9499998092651,13.0462503433228,12.7344999313354,12.9934997558594,299916000,12.9608297348022
2021-03-12,12.6482496261597,12.8887500762939,12.5900001525879,12.8559999465942,243964000,12.8236799240112
2021-03-15,12.8647499084473,13.2067499160767,12.7672500610352,13.1912498474121,221988000,13.1580858230591
2021-03-16,13.356499671936,13.5124998092651,13.1167497634888,13.2912502288818,272128000,13.2578325271606
2021-03-17,13.0397500991821,13.4532499313354,12.9895000457764,13.3412504196167,243864000,13.3077077865601
2021-03-18,13.1365003585815,13.1840000152588,12.7170000076294,12.7224998474121,293896000,12.6905145645142
2021-03-19,12.75,12.9215002059937,12.6125001907349,12.8457498550415,299208000,12.8134546279907
2021-03-22,12.9127502441406,13.3944997787476,12.9067497253418,13.1862497329712,297804000,13.1530961990356
2021-03-23,13.2542495727539,13.3444995880127,13.0212497711182,13.0707502365112,222048000,13.0378885269165
2021-03-24,13.1512498855591,13.1592502593994,12.6367502212524,12.6429996490479,245840000,12.6112146377563
2021-03-25,12.4995002746582,12.714750289917,12.2720003128052,12.535249710083,295144000,12.503734588623
2021-03-26,12.5544996261597,12.8562498092651,12.3734998703003,12.8392496109009,363968000,12.8069686889648
2021-03-29,12.8202495574951,13.0625,12.6999998092651,12.9482498168945,273520000,12.9156970977783
2021-03-30,12.8420000076294,12.9752502441406,12.7049999237061,12.8717498779297,200204000,12.8393907546997
2021-03-31,13.0155000686646,13.4704999923706,12.9825000762939,13.3482503890991,314776000,13.3146924972534
2021-04-01,13.5722503662109,13.8699998855591,13.5112495422363,13.8117504119873,308276000,13.7770261764526
2021-04-05,13.8675003051758,14.0139999389648,13.7329998016357,13.9875001907349,255672000,13.952335357666
2021-04-06,13.9997501373291,14.0542497634888,13.7735004425049,13.861499786377,191744000,13.8266496658325
2021-04-07,13.8807497024536,14.2434997558594,13.7115001678467,14.143500328064,251284000,14.1079416275024
2021-04-08,14.2527503967285,14.4715003967285,14.2489995956421,14.3170003890991,244416000,14.281005859375
2021-04-09,14.21399974823,14.4079999923706,14.1750001907349,14.3999996185303,195172000,14.3637981414795
2021-04-12,14.2897500991821,15.352499961853,14.1392498016357,15.2089996337891,869324000,15.1707630157471
2021-04-13,15.231499671936,15.6999998092651,15.1257495880127,15.6794996261597,676212000,15.640079498291
2021-04-14,15.625,15.7204999923706,15.227499961853,15.2770004272461,385500000,15.2385931015015
2021-04-15,15.6625003814697,16.2142505645752,15.6315002441406,16.1372509002686,598480000,16.0966815948486
2021-04-16,16.05299949646,16.16575050354,15.8652496337891,15.9125003814697,335208000,15.8724927902222
2021-04-19,15.5364999771118,15.8074998855591,15.2329998016357,15.3617496490479,404420000,15.3231287002563
2021-04-20,15.3232498168945,15.4969997406006,14.9630002975464,15.1712503433228,334132000,15.1331090927124
2021-04-21,15.1187496185303,15.3625001907349,15.1022500991821,15.3605003356934,216776000,15.3218832015991
2021-04-22,15.375,15.4385004043579,14.7834997177124,14.8502502441406,277788000,14.812915802002
2021-04-23,14.9342498779297,15.335000038147,14.9002504348755,15.2652502059937,227500000,15.2268733978271
2021-04-26,15.1850004196167,15.4790000915527,15.125,15.4779996871948,197796000,15.4390850067139
2021-04-27,15.5784997940063,15.6704998016357,15.3544998168945,15.3817501068115,164572000,15.3430786132812
2021-04-28,15.3645000457764,15.5322504043579,15.2154998779297,15.2767496109009,209416000,15.2383432388306
2021-04-29,15.3999996185303,15.4364995956421,15.0714998245239,15.3247499465942,173196000,15.2862205505371
2021-04-30,15.1745004653931,15.3649997711182,14.9969997406006,15.0094995498657,201912000,14.9717645645142
2021-05-03,15.125,15.2467498779297,14.7875003814697,14.8367500305176,203912000,14.79944896698
2021-05-04,14.6372499465942,14.6374998092651,14.0102500915527,14.3512496948242,405324000,14.3151702880859
2021-05-05,14.7089996337891,14.8135004043579,14.3874998092651,14.4584999084473,292024000,14.4221487045288
2021-05-06,14.49524974823,14.571249961853,14.2180004119873,14.5229997634888,193380000,14.4864873886108
2021-05-07,14.8082504272461,14.9707498550415,14.6717500686646,14.8122501373291,229328000,14.7750110626221
2021-05-10,14.7872495651245,14.8059997558594,14.25,14.2657499313354,268904000,14.229884147644
2021-05-11,13.8249998092651,14.3547496795654,13.75,14.3062496185303,285584000,14.270281791687
2021-05-12,14.0094995498657,14.2602500915527,13.7092504501343,13.7585000991821,303408000,13.7239093780518
2021-05-13,14.0337495803833,14.0807504653931,13.4589996337891,13.6652498245239,285404000,13.6308917999268
2021-05-14,13.8900003433228,14.3280000686646,13.7484998703003,14.2430000305176,258616000,14.2071952819824
2021-05-17,14.1569995880127,14.1692495346069,13.8535003662109,14.1654996871948,216980000,14.1298866271973
2021-05-18,14.2670001983643,14.4042501449585,14.003999710083,14.0157499313354,186256000,13.9805135726929
2021-05-19,13.566499710083,14.0795001983643,13.5432500839233,14.0657501220703,3.44e+08,14.0303869247437
2021-05-20,14.3024997711182,14.6837501525879,14.2705001831055,14.6125001907349,321592000,14.5757637023926
2021-05-21,15.1637496948242,15.2220001220703,14.8695001602173,14.9917497634888,672992000,14.9540596008301
2021-05-24,15.2124996185303,15.7449998855591,15.1759996414185,15.6120004653931,554816000,15.5727500915527
2021-05-25,15.7659997940063,15.8184995651245,15.4825000762939,15.6477499008179,435408000,15.6084108352661
2021-05-26,15.7342500686646,15.7937498092651,15.5862503051758,15.6999998092651,370440000,15.6605272293091
2021-05-27,15.6997499465942,15.75,15.460000038147,15.4879999160767,581476000,15.4490604400635
2021-05-28,15.5010004043579,16.2775001525879,15.5010004043579,16.244499206543,644536000,16.2036609649658
2021-06-01,16.2700004577637,16.3882503509521,15.9032497406006,16.2644996643066,472804000,16.2236156463623
2021-06-02,16.2522506713867,16.9187507629395,16.2355003356934,16.7782497406006,594168000,16.7360725402832
2021-06-03,16.7007503509521,17.2590007781982,16.5830001831055,16.9697494506836,580008000,16.9270839691162
2021-06-04,17.1124992370605,17.6609992980957,17.0955009460449,17.5782508850098,617120000,17.5340518951416
2021-06-07,17.5712509155273,17.8125,17.1927509307861,17.6189994812012,575756000,17.5747032165527
2021-06-08,17.527250289917,17.6215000152588,17.2509994506836,17.4570007324219,323848000,17.4131145477295
2021-06-09,17.5157508850098,17.5750007629395,17.2557506561279,17.3582496643066,381656000,17.3185729980469
2021-06-10,17.3500003814697,17.492000579834,17.1760005950928,17.4249992370605,287772000,17.3851757049561
2021-06-11,17.4794998168945,17.9392509460449,17.4437503814697,17.8252506256104,416308000,17.7845096588135
2021-06-14,17.9060001373291,18.0394992828369,17.6627502441406,18.0187492370605,321376000,17.9775676727295
2021-06-15,17.9150009155273,18.0162506103516,17.7280006408691,17.7884998321533,243032000,17.7478466033936
2021-06-16,17.79075050354,17.9547500610352,17.5844993591309,17.8102493286133,307124000,17.7695465087891
2021-06-17,17.7744998931885,18.8349990844727,17.7562503814697,18.6572494506836,809656000,18.6146106719971
2021-06-18,18.7840003967285,19.375,18.5839996337891,18.6387500762939,968856000,18.5961532592773
2021-06-21,18.4352493286133,18.5365009307861,17.8227500915527,18.4272499084473,672384000,18.3851337432861
2021-06-22,18.4715003967285,18.9637508392334,18.3859996795654,18.8867492675781,580144000,18.843578338623
2021-06-23,19.0077495574951,19.1527500152588,18.9077491760254,19.0572490692139,332356000,19.0136909484863
2021-06-24,19.2277507781982,19.4200000762939,19.088249206543,19.2054996490479,320924000,19.1616058349609
2021-06-25,19.2805004119873,19.3455009460449,18.8945007324219,19.0310001373291,278364000,18.9875049591064
2021-06-28,19.3612499237061,20.0787506103516,19.3190002441406,19.9850006103516,495436000,19.9393253326416
2021-06-29,19.8824996948242,20.0987491607666,19.6569995880127,20.0267505645752,367632000,19.9809799194336
2021-06-30,19.9992504119873,20.1625003814697,19.8637504577637,20.0025005340576,326568000,19.956787109375
2021-07-01,20.125,20.4559993743896,20.0189990997314,20.2119998931885,480136000,20.1658020019531
2021-07-02,20.4402503967285,20.5052509307861,20.2877502441406,20.4869995117188,342764000,20.4401779174805
2021-07-06,20.7374992370605,20.8419990539551,20.3502502441406,20.6984996795654,446708000,20.651195526123
2021-07-07,20.8535003662109,20.875,20.3320007324219,20.3717498779297,418428000,20.3251914978027
2021-07-08,19.8565006256104,20.132999420166,19.7007503509521,19.9027500152588,503300000,19.8572616577148
2021-07-09,19.9624996185303,20.080249786377,19.7542495727539,20.0502490997314,296624000,20.0044212341309
2021-07-12,20.2399997711182,20.5327491760254,20.1877498626709,20.5125007629395,321984000,20.465612411499
2021-07-13,20.4004993438721,20.4612503051758,20.1140003204346,20.25,290708000,20.2037181854248
2021-07-14,20.3577499389648,20.4177494049072,19.7527503967285,19.8414993286133,380100000,19.7961540222168
2021-07-15,19.8117504119873,19.8470001220703,18.8584995269775,18.9662494659424,550564000,18.9229011535645
2021-07-16,19.0305004119873,19.1569995880127,18.0729999542236,18.1609992980957,688224000,18.1194915771484
2021-07-19,17.9152507781982,19.0419998168945,17.86549949646,18.7797508239746,749060000,18.7368297576904
2021-07-20,18.7299995422363,18.8379993438721,18.1639995574951,18.6119995117188,434687000,18.5694599151611
2021-07-21,18.8819999694824,19.5270004272461,18.742000579834,19.4099998474121,371017000,19.3656387329102
2021-07-22,19.6420001983643,19.886999130249,19.2759990692139,19.5939998626709,323826000,19.5492191314697
2021-07-23,19.6560001373291,19.7000007629395,19.25,19.5580005645752,195672000,19.5132999420166
2021-07-26,19.3110008239746,19.4419994354248,18.9139995574951,19.2940006256104,203943000,19.2499027252197
2021-07-27,19.2649993896484,19.6219997406006,18.7409992218018,19.2080001831055,248863000,19.1641025543213
2021-07-28,19.3190002441406,19.6459999084473,18.9950008392334,19.5030002593994,202191000,19.4584274291992
2021-07-29,19.5189990997314,19.8530006408691,19.3279991149902,19.6620006561279,190781000,19.6170597076416
2021-07-30,19.4179992675781,19.6299991607666,19.2630004882812,19.4990005493164,183497000,19.4544334411621
2021-08-02,19.7000007629395,19.9610004425049,19.3610000610352,19.75,217444000,19.7048606872559
2021-08-03,19.7399997711182,20.2220001220703,19.2199993133545,19.8150005340576,301811000,19.7697124481201
2021-08-04,19.9899997711182,20.318000793457,19.8279991149902,20.2740001678467,231309000,20.2276649475098
2021-08-05,20.5,20.7329998016357,20.3419990539551,20.636999130249,211435000,20.5898303985596
2021-08-06,20.5240001678467,20.5699996948242,20.2099990844727,20.3659992218018,178497000,20.319450378418
2021-08-09,20.4459991455078,20.507999420166,20.1429996490479,20.2950000762939,146443000,20.2486133575439
2021-08-10,20.32200050354,20.4300003051758,19.8349990844727,19.9360008239746,179238000,19.8904342651367
2021-08-11,20.0429992675781,20.048999786377,19.4300003051758,19.6989994049072,185925000,19.6539764404297
2021-08-12,19.8700008392334,20.0289993286133,19.6200008392334,19.9050006866455,151652000,19.859504699707
2021-08-13,19.9050006866455,20.2140007019043,19.8509998321533,20.1879997253418,183063000,20.1418571472168
2021-08-16,20.1350002288818,20.2870006561279,19.4529991149902,19.9500007629395,210876000,19.9044036865234
2021-08-17,19.6849994659424,19.7700004577637,19.2670001983643,19.4580001831055,204585000,19.4135284423828
2021-08-18,19.5,19.6340007781982,19,19.0400009155273,285913000,18.9964847564697
2021-08-19,19.4939994812012,20.4950008392334,18.761999130249,19.7980003356934,766555000,19.7527523040771
2021-08-20,19.9909992218018,20.8649997711182,19.9330005645752,20.8159999847412,675741000,20.7684268951416
2021-08-23,20.9710006713867,21.9969997406006,20.9500007629395,21.9580001831055,575807000,21.9078178405762
2021-08-24,21.7530002593994,21.9589996337891,21.5349998474121,21.7929992675781,297299000,21.7431964874268
2021-08-25,21.7369995117188,22.4699993133545,21.7220001220703,22.2129993438721,347701000,22.1622276306152
2021-08-26,22.2000007629395,22.3400001525879,21.7900009155273,22.068000793457,237940000,22.0175609588623
2021-08-27,22.1840000152588,22.7220001220703,22.1669998168945,22.6359996795654,304722000,22.5842666625977
2021-08-30,22.8299999237061,23.0429992675781,22.5510005950928,22.6879997253418,262580000,22.6361484527588
2021-08-31,22.6949996948242,22.6949996948242,22.1200008392334,22.3850002288818,259850000,22.3377780914307
2021-09-01,22.4850006103516,22.69700050354,22.3570003509521,22.4409999847412,201767000,22.3936595916748
2021-09-02,22.5179996490479,22.5930004119873,22.2950000762939,22.3959999084473,187834000,22.3487548828125
2021-09-03,22.3250007629395,22.9860000610352,22.2000007629395,22.8430004119873,280532000,22.7948131561279
2021-09-07,22.8330001831055,22.8990001678467,22.5219993591309,22.6620006561279,198107000,22.6141929626465
2021-09-08,22.5130004882812,22.6100006103516,21.9769992828369,22.3390007019043,254434000,22.2918739318848
2021-09-09,22.3120002746582,22.5380001068115,22.1310005187988,22.1770000457764,196856000,22.1302127838135
2021-09-10,22.3479995727539,22.6259994506836,22.2700004577637,22.4780006408691,248376000,22.4305858612061
2021-09-13,22.6840000152588,22.9640007019043,21.8579998016357,22.1520004272461,297500000,22.1052665710449
2021-09-14,22.2749996185303,22.4099998474121,22.0860004425049,22.242000579834,199755000,22.1950759887695
2021-09-15,22.3090000152588,22.367000579834,21.9659996032715,22.3409996032715,166538000,22.2938671112061
2021-09-16,22.1830005645752,22.2770004272461,21.9270000457764,22.242000579834,156033000,22.1950759887695
2021-09-17,22.2999992370605,22.3209991455078,21.8299999237061,21.8999996185303,294503000,21.853796005249
2021-09-20,21.1459999084473,21.4330005645752,20.6620006561279,21.113000869751,349440000,21.0684604644775
2021-09-21,21.4169998168945,21.4249992370605,20.9500007629395,21.246000289917,204688000,21.2011795043945
2021-09-22,21.3659992218018,21.9599990844727,21.1959991455078,21.9409999847412,268726000,21.8947124481201
2021-09-23,22.1399993896484,22.5349998474121,21.8899993896484,22.4820003509521,248555000,22.4345684051514
2021-09-24,22.0699996948242,22.1490001678467,21.8610000610352,22.0809993743896,217655000,22.0344181060791
2021-09-27,21.7099990844727,21.798999786377,21.3250007629395,21.6599998474121,245215000,21.6143074035645
2021-09-28,21.2140007019043,21.4190006256104,20.6509990692139,20.6989994049072,343069000,20.6553325653076
2021-09-29,20.9400005340576,21.0170001983643,20.4669990539551,20.5170001983643,218394000,20.4737186431885
2021-09-30,20.7679996490479,21.0659999847412,20.6879997253418,20.7159996032715,221009000,20.6722946166992
2021-10-01,20.75,20.8589992523193,20.2029991149902,20.742000579834,240978000,20.6982421875
2021-10-04,20.503999710083,20.5419998168945,19.5550003051758,19.7320003509521,345635000,19.6903743743896
2021-10-05,19.9500007629395,20.6480007171631,19.8540000915527,20.451000213623,279282000,20.4078636169434
2021-10-06,20.1200008392334,20.7199993133545,20.0799999237061,20.7000007629395,297202000,20.6563320159912
2021-10-07,21.0919990539551,21.32200050354,20.9720001220703,21.0750007629395,256919000,21.0305423736572
2021-10-08,21.1009998321533,21.2059993743896,20.7749996185303,20.8309993743896,151258000,20.7870559692383
2021-10-11,20.5750007629395,21.0629997253418,20.5109996795654,20.6949996948242,163388000,20.6513442993164
2021-10-12,20.8279991149902,21.056999206543,20.5279998779297,20.6709995269775,162134000,20.6273937225342
2021-10-13,20.9179992675781,20.9899997711182,20.7129993438721,20.9389991760254,180652000,20.8948287963867
2021-10-14,21.2880001068115,21.7549991607666,21.1219997406006,21.746000289917,243589000,21.7001247406006
2021-10-15,21.8099994659424,21.9309997558594,21.6620006561279,21.8619995117188,226994000,21.8158798217773
2021-10-18,21.7490005493164,22.2910003662109,21.6439990997314,22.2220001220703,189494000,22.1751194000244
2021-10-19,22.2759990692139,22.378999710083,22.0370006561279,22.2900009155273,161473000,22.2429809570312
2021-10-20,22.3050003051758,22.4330005645752,21.9820003509521,22.1030006408691,146276000,22.05637550354
2021-10-21,22.0970001220703,22.7110004425049,22.0830001831055,22.6919994354248,187590000,22.6441287994385
2021-10-22,22.8229999542236,23.1299991607666,22.5610008239746,22.7259998321533,249384000,22.6780586242676
2021-10-25,22.9729995727539,23.3549995422363,22.7700004577637,23.1660003662109,230235000,23.1171321868896
2021-10-26,23.9890003204346,25.2590007781982,23.923999786377,24.7169990539551,485898000,24.6648578643799
2021-10-27,24.4740009307861,25.0900001525879,24.2819995880127,24.451000213623,245990000,24.3994235992432
2021-10-28,24.8780002593994,24.9500007629395,24.5230007171631,24.9409999847412,234204000,24.8883876800537
2021-10-29,25.0009994506836,25.7089996337891,25,25.5669994354248,292503000,25.5130653381348
2021-11-01,25.6490001678467,25.8939990997314,25.2269992828369,25.8269996643066,265740000,25.772518157959
2021-11-02,25.82200050354,26.67799949646,25.7999992370605,26.4009990692139,294112000,26.3453025817871
2021-11-03,26.6700000762939,26.7840003967285,26.2350006103516,26.5979995727539,239910000,26.5418910980225
2021-11-04,27.2290000915527,31.3649997711182,27.1180000305176,29.8010005950928,1153631000,29.7381343841553
2021-11-05,30.1870002746582,31.3999996185303,29.4099998474121,29.7520008087158,851260000,29.6892375946045
2021-11-08,30.1490001678467,31.1000003814697,29.9069995880127,30.8040008544922,503101000,30.7390155792236
2021-11-09,32.2820014953613,32.310001373291,29.9640007019043,30.6569995880127,646746000,30.5923309326172
2021-11-10,29.3560009002686,30.8500003814697,28.7779998779297,29.4589996337891,636206000,29.3968524932861
2021-11-11,30.4680004119873,30.5900001525879,29.7770004272461,30.3899993896484,332172000,30.3258895874023
2021-11-12,30.0100002288818,30.6800003051758,29.6299991607666,30.3899993896484,413054000,30.3258895874023
2021-11-15,30.5520000457764,30.6439990997314,29.2469997406006,30.0249996185303,384909000,29.9616603851318
2021-11-16,29.7590007781982,30.3899993896484,29.7059993743896,30.2029991149902,264484000,30.1392803192139
2021-11-17,30.4179992675781,30.5090007781982,28.7999992370605,29.2609996795654,428508000,29.199275970459
2021-11-18,32.367000579834,32.7599983215332,31.3209991455078,31.6749992370605,781711000,31.6081790924072
2021-11-19,32.2430000305176,33.0880012512207,31.9050006866455,32.9850006103516,533867000,32.9154167175293
2021-11-22,33.5169982910156,34.6469993591309,31.8999996185303,31.9559993743896,754335000,31.8885822296143
2021-11-23,31.5349998474121,32.3600006103516,30.8799991607666,31.746000289917,532163000,31.6790332794189
2021-11-24,31.4610004425049,32.8549995422363,30.92799949646,32.673999786377,435162000,32.6050758361816
2021-11-26,32.5999984741211,32.7099990844727,31.3500003814697,31.5030002593994,283069000,31.436544418335
2021-11-29,32.3660011291504,33.4119987487793,32.0359992980957,33.3759994506836,454964000,33.3055953979492
2021-11-30,33.1689987182617,33.3530006408691,31.8640003204346,32.6759986877441,622066000,32.6070709228516
2021-12-01,33.2190017700195,33.2890014648438,31.3799991607666,31.4349994659424,484368000,31.3725261688232
2021-12-02,31.2140007019043,32.4780006408691,31.0249996185303,32.1259994506836,472890000,32.0621490478516
2021-12-03,32,32.1290016174316,30.1299991607666,30.693000793457,544325000,30.6320037841797
2021-12-06,29.8799991607666,30.2409992218018,28.0380001068115,30.0370006561279,658938000,29.9773044586182
2021-12-07,30.9570007324219,32.4490013122559,30.6509990692139,32.4269981384277,593053000,32.3625564575195
2021-12-08,31.9990005493164,32.2900009155273,31.4209995269775,31.826000213623,475551000,31.7627487182617
2021-12-09,31.7339992523193,32.2050018310547,30.42799949646,30.4899997711182,488507000,30.4294033050537
2021-12-10,31.1499996185303,31.3050003051758,29.8610000610352,30.1979999542236,488825000,30.1379871368408
2021-12-13,30.2490005493164,30.2940006256104,28.1159992218018,28.1609992980957,598344000,28.1050300598145
2021-12-14,27.6989994049072,28.67799949646,27.25,28.3369998931885,667035000,28.2806873321533
2021-12-15,28.3999996185303,30.5,27.8379993438721,30.4589996337891,698297000,30.3984661102295
2021-12-16,31.1520004272461,31.1599998474121,28.0930004119873,28.386999130249,707366000,28.3305797576904
2021-12-17,27.9850006103516,28.9220008850098,27.7600002288818,27.8010005950928,713758000,27.7457485198975
2021-12-20,27.3050003051758,28.1439990997314,27.1450004577637,27.7189998626709,461847000,27.6639099121094
2021-12-21,28.3740005493164,29.1200008392334,27.4009990692139,29.0750007629395,524385000,29.017219543457
2021-12-22,28.8910007476807,29.5550003051758,28.4489994049072,29.3999996185303,395184000,29.34157371521
2021-12-23,29.7549991607666,30.0590000152588,29.4309997558594,29.6399993896484,343022000,29.5810947418213
2021-12-27,29.6599998474121,31.0869998931885,29.6399993896484,30.9449996948242,403686000,30.8835010528564
2021-12-28,31.3120002746582,31.3299999237061,30.011999130249,30.32200050354,420591000,30.2617378234863
2021-12-29,30.2730007171631,30.5480003356934,29.3659992218018,30.0009994506836,343139000,29.9413757324219
2021-12-30,29.8269996643066,30.4570007324219,29.5400009155273,29.5860004425049,308864000,29.5272026062012
2021-12-31,29.673999786377,30.0300006866455,29.3309993743896,29.4109992980957,266530000,29.3525447845459
2022-01-03,29.8150005340576,30.7110004425049,29.7849998474121,30.121000289917,391547000,30.0611400604248
2022-01-04,30.2770004272461,30.4680004119873,28.3490009307861,29.2900009155273,527154000,29.2317905426025
2022-01-05,28.9489994049072,29.4160003662109,27.5330009460449,27.6040000915527,498064000,27.5491390228271
2022-01-06,27.6399993896484,28.4379997253418,27.0650005340576,28.17799949646,454186000,28.1219959259033
2022-01-07,28.1410007476807,28.4220008850098,27.056999206543,27.2469997406006,409939000,27.1928520202637
2022-01-10,26.5809993743896,27.4689998626709,25.6439990997314,27.3999996185303,594681000,27.3455505371094
2022-01-11,27.3229999542236,28.0650005340576,26.8390007019043,27.8169994354248,404089000,27.76171875
2022-01-12,28.0669994354248,28.5949993133545,27.6079998016357,27.9990005493164,383413000,27.9433555603027
2022-01-13,28.378999710083,28.4799995422363,26.4979991912842,26.5750007629395,540171000,26.5221862792969
2022-01-14,26.2999992370605,27.19700050354,26.2099990844727,26.9419994354248,395832000,26.8884525299072
2022-01-18,26.2600002288818,26.6380004882812,25.7700004577637,25.9029998779297,424270000,25.8515243530273
2022-01-19,26.0790004730225,26.5429992675781,25.0520000457764,25.0669994354248,488315000,25.0171813964844
2022-01-20,25.3040008544922,25.5790004730225,24.0779991149902,24.1499996185303,435181000,24.1020030975342
2022-01-21,23.5069999694824,24.8229999542236,23.2630004882812,23.3740005493164,718958000,23.3275470733643
2022-01-24,22.3299999237061,23.3799991607666,20.8880004882812,23.3719997406006,913982000,23.3255500793457
2022-01-25,22.5459995269775,22.943000793457,22,22.3239994049072,664616000,22.279634475708
2022-01-26,23.2399997711182,24.056999206543,22.2999992370605,22.7719993591309,755959000,22.7267456054688
2022-01-27,23.568000793457,23.9950008392334,21.6749992370605,21.9440002441406,573353000,21.9003868103027
2022-01-28,22.011999130249,22.8579998016357,21.2959995269775,22.8400001525879,543774000,22.7946071624756
2022-01-31,23.181999206543,24.5090007781982,23.0520000457764,24.4860000610352,564680000,24.4373397827148
2022-02-01,25.1040000915527,25.1450004577637,23.8899993896484,24.6380004882812,518925000,24.5890331268311
2022-02-02,25.7940006256104,25.8169994354248,24.55299949646,25.242000579834,543419000,25.1918334960938
2022-02-03,24.4580001831055,25.0769996643066,23.7800006866455,23.9479999542236,410178000,23.9004096984863
2022-02-04,23.9720001220703,24.6350002288818,23.6319999694824,24.3190002441406,354829000,24.2706718444824
2022-02-07,24.3719997406006,25.181999206543,24.2019996643066,24.7280006408691,376868000,24.6788558959961
2022-02-08,24.3589992523193,25.2299995422363,23.9799995422363,25.1079998016357,410359000,25.0580997467041
2022-02-09,25.6219997406006,26.7250003814697,25.3530006408691,26.7049999237061,524282000,26.6519298553467
2022-02-10,25.9950008392334,26.9249992370605,25.6000003814697,25.8239994049072,513200000,25.7726783752441
2022-02-11,25.9160003662109,26.1520004272461,23.7730007171631,23.9489994049072,605472000,23.9014072418213
2022-02-14,23.9340000152588,24.875,23.7549991607666,24.2670001983643,440424000,24.218770980835
2022-02-15,24.9489994049072,26.5450000762939,24.7840003967285,26.4950008392334,699869000,26.442346572876
2022-02-16,26.2590007781982,26.5820007324219,25.5520000457764,26.5109996795654,732676000,26.4583148956299
2022-02-17,25.6299991607666,25.7849998474121,24.1650009155273,24.5069999694824,810595000,24.4582939147949
2022-02-18,24.6679992675781,24.9860000610352,23.1000003814697,23.6420001983643,761255000,23.5950126647949
2022-02-22,23.0349998474121,24.0639991760254,23,23.3899993896484,633422000,23.3435115814209
2022-02-23,23.8020000457764,24.1550006866455,22.3010005950928,22.386999130249,566511000,22.3425064086914
2022-02-24,21.0149993896484,23.7999992370605,20.8899993896484,23.7479991912842,735801000,23.7008094787598
2022-02-25,23.7210006713867,24.2169990539551,23.3810005187988,24.1569995880127,528866000,24.1089935302734
2022-02-28,23.992000579834,24.6650009155273,23.7070007324219,24.3850002288818,477319000,24.3365364074707
2022-03-01,24.2910003662109,24.3770008087158,23.1319999694824,23.4769992828369,412056000,23.4303398132324
2022-03-02,23.7560005187988,24.4090003967285,23.4150009155273,24.2199993133545,389642000,24.1759815216064
2022-03-03,24.261999130249,24.326000213623,23.4689998626709,23.7140007019043,365095000,23.6709060668945
2022-03-04,23.3840007781982,23.6800003051758,22.4820003509521,22.9360008239746,431415000,22.8943195343018
2022-03-07,22.8169994354248,23.0330009460449,21.3299999237061,21.3519992828369,450821000,21.313196182251
2022-03-08,21.3090000152588,22.3729991912842,20.6499996185303,21.5139999389648,557467000,21.4749050140381
2022-03-09,22.386999130249,23.2199993133545,22.2469997406006,23.0139999389648,492742000,22.9721755981445
2022-03-10,22.5310001373291,22.7880001068115,21.8819999694824,22.6580009460449,428066000,22.6168231964111
2022-03-11,23.0219993591309,23.1450004577637,22.0459995269775,22.1000003814697,367209000,22.0598411560059
2022-03-14,21.8689994812012,22.261999130249,21.1590003967285,21.3299999237061,385354000,21.2912406921387
2022-03-15,21.5179996490479,23.0380001068115,21.32200050354,22.9729995727539,491996000,22.9312534332275
2022-03-16,23.5,24.5970001220703,23.1720008850098,24.496000289917,671422000,24.4514846801758
2022-03-17,24.1200008392334,24.8419990539551,23.9060001373291,24.7660007476807,471941000,24.7209968566895
2022-03-18,24.798999786377,26.5690002441406,24.6240005493164,26.4529991149902,730719000,26.4049282073975
2022-03-21,26.5069999694824,27.1520004272461,25.9669990539551,26.7339992523193,591727000,26.6854152679443
2022-03-22,26.7269992828369,27.238000869751,26.07200050354,26.5240001678467,547007000,26.475793838501
2022-03-23,26.1259994506836,26.6119995117188,25.5750007629395,25.6340007781982,502120000,25.5874156951904
2022-03-24,26.1660003662109,28.3199996948242,25.9069995880127,28.1499996185303,877379000,28.0988426208496
2022-03-25,27.8859996795654,28.3579998016357,27.2709999084473,27.6919994354248,579016000,27.641674041748
2022-03-28,27.7560005187988,28.25,27.2059993743896,28.2189998626709,425494000,28.1677169799805
2022-03-29,28.6949996948242,28.9459991455078,27.9799995422363,28.6560001373291,488984000,28.6039237976074
2022-03-30,28.3040008544922,28.496000289917,27.5030002593994,27.6900005340576,463487000,27.6396770477295
2022-03-31,27.7819995880127,28.2479991912842,27.2700004577637,27.2859992980957,523440000,27.2364177703857
2022-04-01,27.375,27.496000289917,26.2670001983643,26.7119998931885,517235000,26.6634540557861
2022-04-04,26.7280006408691,27.5580005645752,26.613000869751,27.3600006103516,397120000,27.3102779388428
2022-04-05,27.253999710083,27.3190002441406,25.8199996948242,25.9309997558594,436615000,25.8838748931885
2022-04-06,24.9340000152588,25.2999992370605,24.0030002593994,24.4069995880127,703833000,24.3626441955566
2022-04-07,24.4409999847412,24.7220001220703,23.4780006408691,24.2080001831055,557992000,24.1640071868896
2022-04-08,23.9169998168945,23.9230003356934,23.0620002746582,23.1189994812012,524781000,23.0769844055176
2022-04-11,22.2140007019043,22.3199996948242,21.6599998474121,21.9169998168945,575207000,21.8771667480469
2022-04-12,22.5370006561279,22.7250003814697,21.2819995880127,21.503999710083,662258000,21.4649200439453
2022-04-13,21.7280006408691,22.5,21.4549999237061,22.2029991149902,516943000,22.1626491546631
2022-04-14,22.5049991607666,22.7770004272461,21.1630001068115,21.257999420166,569097000,21.2193660736084
2022-04-18,21.2000007629395,22.0879993438721,21.0790004730225,21.7830009460449,525701000,21.7434120178223
2022-04-19,21.7199993133545,22.3729991912842,21.3139991760254,22.1979999542236,512781000,22.1576595306396
2022-04-20,22.5170001983643,22.6700000762939,21.2000007629395,21.4820003509521,468974000,21.4429607391357
2022-04-21,21.7089996337891,22.3920001983643,20,20.1830005645752,656209000,20.1463184356689
2022-04-22,20.30299949646,20.4860000610352,19.5,19.5149993896484,624713000,19.4795341491699
2022-04-25,19.2019996643066,19.9449996948242,19.0960006713867,19.9020004272461,641566000,19.8658313751221
2022-04-26,19.7180004119873,19.7880001068115,18.6700000762939,18.7880001068115,653143000,18.7538528442383
2022-04-27,18.5979995727539,19.1669998168945,18.2900009155273,18.4150009155273,499460000,18.381534576416
2022-04-28,18.9669990539551,20.0370006561279,18.4899997711182,19.7819995880127,570327000,19.7460498809814
2022-04-29,19.4020004272461,20.1280002593994,18.5170001983643,18.5470008850098,500435000,18.5132904052734
2022-05-02,18.5410003662109,19.5739994049072,18.3910007476807,19.5330009460449,572049000,19.4974994659424
2022-05-03,19.3999996185303,19.8250007629395,19.132999420166,19.6019992828369,475751000,19.5663738250732
2022-05-04,19.9230003356934,20.3999996185303,18.7509994506836,20.3339996337891,648855000,20.297046661377
2022-05-05,19.867000579834,19.9249992370605,18.5,18.8439998626709,626331000,18.8097553253174
2022-05-06,18.7360000610352,19.511999130249,17.9899997711182,18.6749992370605,633297000,18.6410598754883
2022-05-09,18.0340003967285,18.2549991607666,16.8269996643066,16.9500007629395,644455000,16.9191970825195
2022-05-10,17.6889991760254,18.1979999542236,17.0249996185303,17.5949993133545,761474000,17.5630207061768
2022-05-11,17.3470001220703,17.7530002593994,16.568000793457,16.6299991607666,670167000,16.5997753143311
2022-05-12,16.2189998626709,16.7880001068115,15.5670003890991,16.1749992370605,708728000,16.1456031799316
2022-05-13,16.7880001068115,17.92799949646,16.5930004119873,17.7059993743896,670437000,17.6738204956055
2022-05-16,17.5090007781982,17.7880001068115,17.1060009002686,17.2639999389648,521446000,17.2326278686523
2022-05-17,18.0739994049072,18.371000289917,17.6340007781982,18.1770000457764,585830000,18.1439647674561
2022-05-18,17.7049999237061,18.1180000305176,16.8640003204346,16.9379997253418,545161000,16.9072170257568
2022-05-19,16.9370002746582,17.6870002746582,16.7339992523193,17.1240005493164,621310000,17.0928821563721
2022-05-20,17.3320007324219,17.4099998474121,15.7550001144409,16.6940002441406,739105000,16.6636600494385
2022-05-23,16.2740001678467,16.9150009155273,16.1790008544922,16.8980007171631,639889000,16.8672904968262
2022-05-24,16.5100002288818,16.5970001220703,15.7799997329712,16.1539993286133,588550000,16.1246433258057
2022-05-25,16.0200004577637,17.1110000610352,16,16.9750003814697,781132000,16.9441547393799
2022-05-26,16.0359992980957,18.0919990539551,16.0219993591309,17.8509998321533,996575000,17.8185577392578
2022-05-27,18.1860008239746,18.8810005187988,18.1000003814697,18.8110008239746,738379000,18.7768135070801
2022-05-31,18.9799995422363,19.2000007629395,18.3500003814697,18.6720008850098,664100000,18.6380653381348
2022-06-01,18.7240009307861,19.05299949646,18.1219997406006,18.3199996948242,544514000,18.2867088317871
2022-06-02,18.2919998168945,19.6189994812012,18.1979999542236,19.5919990539551,648656000,19.5563945770264
2022-06-03,19.0820007324219,19.3320007324219,18.5219993591309,18.7199993133545,598779000,18.685977935791
2022-06-06,19.1389999389648,19.3369998931885,18.5639991760254,18.7859992980957,422406000,18.7518558502197
2022-06-07,18.4720001220703,19,18.1879997253418,18.9260005950928,388914000,18.8916053771973
2022-06-08,18.798999786377,19.1800003051758,18.5349998474121,18.6480007171631,363252000,18.6180438995361
2022-06-09,18.4810009002686,18.9330005645752,18.0410003662109,18.0480003356934,395574000,18.0190105438232
2022-06-10,17.6000003814697,17.69700050354,16.8689994812012,16.9740009307861,465248000,16.9467391967773
2022-06-13,16,16.3120002746582,15.6059999465942,15.6470003128052,604153000,15.6218662261963
2022-06-14,15.7309999465942,16.0659999847412,15.4119997024536,15.8360004425049,469680000,15.8105630874634
2022-06-15,16.0949993133545,16.8680000305176,15.9259996414185,16.5270004272461,563936000,16.5004501342773
2022-06-16,15.8599996566772,15.9420003890991,15.4010000228882,15.6009998321533,545749000,15.5759382247925
2022-06-17,15.6479997634888,15.9949998855591,15.3280000686646,15.8800001144409,630334000,15.8544921875
2022-06-21,16.4750003814697,17.007999420166,16.4069995880127,16.5659999847412,483089000,16.5393867492676
2022-06-22,16.2259998321533,16.6620006561279,16.1800003051758,16.3600006103516,437135000,16.3337173461914
2022-06-23,16.5189990997314,16.5849990844727,15.8529996871948,16.2250003814697,463680000,16.198938369751
2022-06-24,16.5,17.1399993896484,16.3099994659424,17.1259994506836,472153000,17.0984878540039
2022-06-27,17.3120002746582,17.3299999237061,16.6259994506836,16.8689994812012,427968000,16.8419055938721
2022-06-28,16.8999996185303,17.2019996643066,15.9449996948242,15.9820003509521,461149000,15.9563274383545
2022-06-29,15.8140001296997,15.8199996948242,15.1700000762939,15.5419998168945,482352000,15.517035484314
2022-06-30,15.3610000610352,15.5670003890991,14.8620004653931,15.1590003967285,686070000,15.1346502304077
2022-07-01,14.8990001678467,15.0629997253418,14.3920001983643,14.5229997634888,577610000,14.4996728897095
2022-07-05,14.1750001907349,14.9709997177124,14.0550003051758,14.96399974823,651397000,14.939962387085
2022-07-06,15.0100002288818,15.3190002441406,14.7889995574951,15.1300001144409,529066000,15.1056957244873
2022-07-07,15.456000328064,15.9449996948242,15.3889999389648,15.8579998016357,492903000,15.8325262069702
2022-07-08,15.4300003051758,16.0370006561279,15.3889999389648,15.8380002975464,467972000,15.8125591278076
2022-07-11,15.5260000228882,15.5270004272461,15.0380001068115,15.1520004272461,437321000,15.1276607513428
2022-07-12,15.2679996490479,15.4309997558594,14.8769998550415,15.0819997787476,458483000,15.0577735900879
2022-07-13,14.5900001525879,15.375,14.4650001525879,15.1639995574951,521918000,15.1396417617798
2022-07-14,15.1079998016357,15.4729995727539,14.7279996871948,15.3719997406006,456235000,15.3473081588745
2022-07-15,15.6590003967285,15.7819995880127,15.4449996948242,15.7620000839233,385935000,15.7366828918457
2022-07-18,16.3020000457764,16.8969993591309,16.0020008087158,16.1009998321533,670517000,16.0751361846924
2022-07-19,16.4860000610352,17.1100006103516,16.1720008850098,16.992000579834,702366000,16.9647026062012
2022-07-20,16.94700050354,17.9330005645752,16.8010005950928,17.806999206543,760538000,17.7784004211426
2022-07-21,17.8850002288818,18.1439990997314,17.5450000762939,18.0499992370605,557049000,18.0210056304932
2022-07-22,17.8929996490479,17.9669990539551,17.136999130249,17.3190002441406,536671000,17.2911796569824
2022-07-25,17.0189990997314,17.1240005493164,16.6490001678467,17.0240001678467,480748000,16.996654510498
2022-07-26,16.8889999389648,16.9190006256104,16.4780006408691,16.5330009460449,397865000,16.5064449310303
2022-07-27,17.0319995880127,17.9360008239746,16.9130001068115,17.7900009155273,569776000,17.7614212036133
2022-07-28,17.9750003814697,18.1399993896484,17.4400005340576,17.9839992523193,474646000,17.9551105499268
2022-07-29,17.8129997253418,18.2439994812012,17.6919994354248,18.1630001068115,435460000,18.133825302124
2022-08-01,18.181999206543,18.8460006713867,17.9899997711182,18.4409999847412,476469000,18.411376953125
2022-08-02,18.1219997406006,18.9379997253418,18.0919990539551,18.5259990692139,489527000,18.4962425231934
2022-08-03,18.1840000152588,18.9680004119873,18.136999130249,18.8929996490479,418146000,18.8626518249512
2022-08-04,18.8490009307861,19.2740001678467,18.7600002288818,19.2150001525879,409652000,19.1841354370117
2022-08-05,18.8099994659424,19.2290000915527,18.6660003662109,18.9890003204346,386068000,18.9584980010986
2022-08-08,17.5020008087158,18.2390003204346,17.242000579834,17.7929992675781,981859000,17.7644157409668
2022-08-09,17.2520008087158,17.44700050354,16.7240009307861,17.0860004425049,668263000,17.0585536956787
2022-08-10,17.6979999542236,18.1180000305176,17.3169994354248,18.0970001220703,597422000,18.0679302215576
2022-08-11,18.1310005187988,18.7070007324219,17.8759994506836,17.9419994354248,509327000,17.913179397583
2022-08-12,18.1599998474121,18.7180004119873,17.9529991149902,18.7089996337891,478094000,18.6789436340332
2022-08-15,18.701000213623,19.1639995574951,18.613000869751,19.0319995880127,457666000,19.001428604126
2022-08-16,18.9200000762939,19.1420001983643,18.5009994506836,18.878999710083,451240000,18.8486709594727
2022-08-17,18.5230007171631,18.6879997253418,18.1450004577637,18.3349990844727,446799000,18.3055458068848
2022-08-18,18.3010005950928,18.8649997711182,18.1830005645752,18.7730007171631,415447000,18.7428493499756
2022-08-19,18.4060001373291,18.5200004577637,17.7700004577637,17.8490009307861,441588000,17.8203315734863
2022-08-22,17.4899997711182,17.5580005645752,16.9659996032715,17.0340003967285,409593000,17.0066394805908
2022-08-23,16.9890003204346,17.4650001525879,16.9699993133545,17.1809997558594,369986000,17.1534080505371
2022-08-24,17.011999130249,17.4060001373291,16.8950004577637,17.2220001220703,522661000,17.1943340301514
2022-08-25,16.8439998626709,17.94700050354,16.8330001831055,17.9130001068115,770691000,17.8842258453369
2022-08-26,17.8570003509521,17.923999786377,16.2369995117188,16.2600002288818,769127000,16.2338829040527
2022-08-29,16.0200004577637,16.3379993438721,15.7670001983643,15.8009996414185,496132000,15.7756204605103
2022-08-30,15.960000038147,16.0389995574951,15.1820001602173,15.4680004119873,530181000,15.443154335022
2022-08-31,15.3839998245239,15.539999961853,14.9589996337891,15.0939998626709,573710000,15.0697536468506
2022-09-01,14.2089996337891,14.3800001144409,13.2700004577637,13.9370002746582,1178865000,13.9146127700806
2022-09-02,14.1000003814697,14.1709995269775,13.5909996032715,13.6470003128052,743157000,13.625075340271
2022-09-06,13.7309999465942,13.7790002822876,13.3509998321533,13.4650001525879,535751000,13.4433727264404
2022-09-07,13.5629997253418,13.8380002975464,13.3459997177124,13.71399974823,512657000,13.6960401535034
2022-09-08,13.4589996337891,14.0080003738403,13.3690004348755,13.9899997711182,624873000,13.9716758728027
2022-09-09,14.1569995880127,14.4739999771118,14.1260004043579,14.3870000839233,486612000,14.3681592941284
2022-09-12,14.3690004348755,14.5469999313354,14.1979999542236,14.5050001144409,484159000,14.4860038757324
2022-09-13,13.8020000457764,13.9219999313354,13.0989999771118,13.1309995651245,714956000,13.1138048171997
2022-09-14,13.253999710083,13.289999961853,12.9130001068115,13.1280002593994,588507000,13.1108064651489
2022-09-15,13.0150003433228,13.2329998016357,12.789999961853,12.9289999008179,523625000,12.9120683670044
2022-09-16,12.7419996261597,13.2119998931885,12.6169996261597,13.1979999542236,670751000,13.1807165145874
2022-09-19,13.0120000839233,13.4630002975464,13.0100002288818,13.3819999694824,569685000,13.3644742965698
2022-09-20,13.2150001525879,13.4829998016357,13.0570001602173,13.1759996414185,524818000,13.1587438583374
2022-09-21,13.2130002975464,14.0310001373291,13.1099996566772,13.2609996795654,807679000,13.243631362915
2022-09-22,13.0699996948242,13.1490001678467,12.4280004501343,12.5609998703003,759162000,12.5445499420166
2022-09-23,12.4200000762939,12.6110000610352,12.2569999694824,12.5159997940063,663309000,12.4996089935303
2022-09-26,12.4910001754761,12.6590003967285,12.21399974823,12.2279996871948,547343000,12.2119855880737
2022-09-27,12.5069999694824,12.7360000610352,12.2580003738403,12.4130001068115,553854000,12.3967447280884
2022-09-28,12.4099998474121,12.8229999542236,12.3540000915527,12.7360000610352,542414000,12.7193193435669
2022-09-29,12.4479999542236,12.5,11.9460000991821,12.2200002670288,532763000,12.2039966583252
2022-09-30,12.0869998931885,12.6330003738403,12.0749998092651,12.1389999389648,565638000,12.1231002807617
2022-10-03,12.3470001220703,12.6780004501343,12.1049995422363,12.5120000839233,547478000,12.4956130981445
2022-10-04,12.878999710083,13.2200002670288,12.878999710083,13.1669998168945,584182000,13.1497554779053
2022-10-05,12.91100025177,13.3210000991821,12.621000289917,13.2089996337891,507131000,13.1917009353638
2022-10-06,13.2200002670288,13.6560001373291,13.1029996871948,13.1300001144409,644157000,13.1128053665161
2022-10-07,12.5050001144409,12.6700000762939,12.0220003128052,12.076000213623,672478000,12.0601844787598
2022-10-10,12.0369997024536,12.1239995956421,11.4079999923706,11.6700000762939,698699000,11.6547164916992
2022-10-11,11.5609998703003,11.8459997177124,11.2829999923706,11.5860004425049,667482000,11.5708265304565
2022-10-12,11.5790004730225,11.7349996566772,11.3450002670288,11.5,492590000,11.4849395751953
2022-10-13,10.9709997177124,12.0780000686646,10.8129997253418,11.960000038147,850103000,11.9443368911743
2022-10-14,12.0570001602173,12.1110000610352,11.2040004730225,11.2270002365112,713432000,11.2122974395752
2022-10-17,11.5179996490479,11.9479999542236,11.5170001983643,11.8879995346069,580774000,11.8724327087402
2022-10-18,12.3439998626709,12.4919996261597,11.6180000305176,11.9670000076294,659362000,11.9513282775879
2022-10-19,11.878999710083,12.3500003814697,11.8339996337891,12.0509996414185,523131000,12.0352172851562
2022-10-20,12.1129999160767,12.7690000534058,12.1049995422363,12.1940002441406,652398000,12.1780300140381
2022-10-21,12.0979995727539,12.4980001449585,11.8870000839233,12.4659996032715,609494000,12.4496726989746
2022-10-24,12.5080003738403,12.710000038147,12.0640001296997,12.5989999771118,517457000,12.5824995040894
2022-10-25,12.6940002441406,13.3000001907349,12.6639995574951,13.2609996795654,505482000,13.243631362915
2022-10-26,12.8690004348755,13.3879995346069,12.7080001831055,12.8959999084473,532953000,12.8791122436523
2022-10-27,13.6300001144409,13.8380002975464,13.1219997406006,13.1759996414185,583113000,13.1587438583374
2022-10-28,13.1040000915527,13.8500003814697,13.0609998703003,13.8339996337891,521040000,13.815881729126
2022-10-31,13.7779998779297,13.8380002975464,13.2969999313354,13.4969997406006,486341000,13.479323387146
2022-11-01,13.8109998703003,13.9250001907349,13.5190000534058,13.5430002212524,432817000,13.5252647399902
2022-11-02,13.8500003814697,14.210000038147,13.2110004425049,13.2189998626709,672628000,13.2016887664795
2022-11-03,13.0430002212524,13.7810001373291,12.956000328064,13.4209995269775,500065000,13.4034242630005
2022-11-04,13.9860000610352,14.2290000915527,13.6969995498657,14.1560001373291,612576000,14.1374616622925
2022-11-07,14.2279996871948,14.4119997024536,13.9540004730225,14.3009996414185,410061000,14.2822704315186
2022-11-08,14.8009996414185,14.8909997940063,14.2159996032715,14.6020002365112,595292000,14.5828771591187
2022-11-09,14.1619997024536,14.2110004425049,13.7589998245239,13.7760000228882,454414000,13.7579584121704
2022-11-10,14.8000001907349,15.7729997634888,14.5469999313354,15.75,700819000,15.7293758392334
2022-11-11,15.8070001602173,16.3889999389648,15.4820003509521,16.3269996643066,655487000,16.3056182861328
2022-11-14,16.2180004119873,16.5400009155273,15.9219999313354,16.2950000762939,527852000,16.2736625671387
2022-11-15,16.7220001220703,16.9979991912842,16.3819999694824,16.6660003662109,545876000,16.6441745758057
2022-11-16,16.1620006561279,16.3619995117188,15.8730001449585,15.9099998474121,649547000,15.8891639709473
2022-11-17,15.7150001525879,16.2660007476807,15.5349998474121,15.6770000457764,710894000,15.6564693450928
2022-11-18,15.9659996032715,16.0020008087158,15.1199998855591,15.4090003967285,492072000,15.388819694519
2022-11-21,15.1470003128052,15.4770002365112,15.0799999237061,15.3170003890991,404739000,15.2969408035278
2022-11-22,15.3280000686646,16.0580005645752,15.1219997406006,16.0380001068115,472866000,16.016996383667
2022-11-23,16.0979995727539,16.5270004272461,16.0480003356934,16.5189990997314,427241000,16.4973659515381
2022-11-25,16.318000793457,16.4869995117188,16.1720008850098,16.2700004577637,167934000,16.2486934661865
2022-11-28,16.0259990692139,16.3570003509521,15.7250003814697,15.8269996643066,303741000,15.8062734603882
2022-11-29,15.8269996643066,15.9320001602173,15.5200004577637,15.6389999389648,298384000,15.6185188293457
2022-11-30,15.6969995498657,16.9300003051758,15.5970001220703,16.9230003356934,565298000,16.9051609039307
2022-12-01,16.9990005493164,17.2649993896484,16.6350002288818,17.1350002288818,470977000,17.1169376373291
2022-12-02,16.6590003967285,16.9330005645752,16.4449996948242,16.8759994506836,371389000,16.8582077026367
2022-12-05,16.6790008544922,16.9950008392334,16.4720001220703,16.6100006103516,352255000,16.5924873352051
2022-12-06,16.5300006866455,16.5729999542236,15.8190002441406,15.9870004653931,352694000,15.9701471328735
2022-12-07,15.7720003128052,16.1860008239746,15.6669998168945,16.1200008392334,372388000,16.103006362915
2022-12-08,16.2730007171631,17.1790008544922,15.9589996337891,17.1690006256104,515456000,17.1509017944336
2022-12-09,17.1599998474121,17.5830001831055,16.9750003814697,17.0009994506836,465338000,16.9830780029297
2022-12-12,17.0370006561279,17.5380001068115,16.7970008850098,17.5349998474121,457328000,17.5165176391602
2022-12-13,18.5310001373291,18.7900009155273,17.7110004425049,18.07200050354,656589000,18.0529479980469
2022-12-14,17.9869995117188,18.2520008087158,17.4200000762939,17.673999786377,496888000,17.6553726196289
2022-12-15,17.1459999084473,17.3199996948242,16.7000007629395,16.9519996643066,478542000,16.9341278076172
2022-12-16,16.8640003204346,17.0410003662109,16.4099998474121,16.5709991455078,478232000,16.5535316467285
2022-12-19,16.57200050354,16.6089992523193,16.1450004577637,16.253999710083,354039000,16.2368659973145
2022-12-20,16.0639991760254,16.3099994659424,15.8520002365112,16.0849990844727,403260000,16.0680446624756
2022-12-21,16.1140003204346,16.6270008087158,16.1019992828369,16.5009994506836,325025000,16.4836044311523
2022-12-22,16.0939998626709,16.1380004882812,14.8819999694824,15.33899974823,565045000,15.3228311538696
2022-12-23,15.1960000991821,15.33899974823,14.8830003738403,15.206000328064,349326000,15.1899700164795
2022-12-27,15.0740003585815,15.1000003814697,14.0559997558594,14.121000289917,464902000,14.1061162948608
2022-12-28,13.9270000457764,14.2620000839233,13.8839998245239,14.03600025177,351066000,14.021203994751
2022-12-29,14.4020004272461,14.6829996109009,14.2270002365112,14.6029996871948,354923000,14.5876064300537
2022-12-30,14.3339996337891,14.628999710083,14.2329998016357,14.6140003204346,310490000,14.5985946655273
2023-01-03,14.8509998321533,14.996000289917,14.0959997177124,14.3149995803833,401277000,14.2999086380005
2023-01-04,14.5670003890991,14.8529996871948,14.2410001754761,14.7489995956421,431324000,14.733452796936
2023-01-05,14.4910001754761,14.5640001296997,14.1479997634888,14.2650003433228,389168000,14.2499628067017
2023-01-06,14.4739999771118,15.0100002288818,14.0340003967285,14.8590002059937,405044000,14.843337059021
2023-01-09,15.2840003967285,16.0559997558594,15.1409997940063,15.6280002593994,504231000,15.6115255355835
2023-01-10,15.5069999694824,15.9619998931885,15.4720001220703,15.9090003967285,384101000,15.8922300338745
2023-01-11,15.8400001525879,16.0279998779297,15.5629997253418,16.0009994506836,353285000,15.9841318130493
2023-01-12,16.1000003814697,16.636999130249,15.4919996261597,16.5109996795654,551409000,16.4935932159424
2023-01-13,16.2779998779297,16.9220008850098,16.1650009155273,16.8990001678467,447287000,16.8811874389648
2023-01-17,16.8990001678467,17.7280006408691,16.8990001678467,17.7019996643066,511102000,17.6833400726318
2023-01-18,17.6669998168945,17.8729991912842,17.2819995880127,17.3770008087158,439624000,17.3586807250977
2023-01-19,17.0359992980957,17.19700050354,16.7310009002686,16.7649993896484,452932000,16.7473278045654
2023-01-20,17.0109996795654,17.8560009002686,16.8250007629395,17.8390007019043,564967000,17.8201961517334
2023-01-23,18.0639991760254,19.2450008392334,17.818000793457,19.193000793457,655163000,19.1727695465088
2023-01-24,18.8269996643066,19.4950008392334,18.8199996948242,19.2649993896484,496204000,19.2446918487549
2023-01-25,18.9130001068115,19.3700008392334,18.5799999237061,19.3229999542236,449537000,19.3026332855225
2023-01-26,19.701000213623,20.1660003662109,19.2779998779297,19.8020000457764,489535000,19.7811241149902
2023-01-27,19.4619998931885,20.6280002593994,19.4050006866455,20.3649997711182,542142000,20.3435325622559
2023-01-30,19.9500007629395,20.1399993896484,19.1499996185303,19.1620006561279,488611000,19.1417961120605
2023-01-31,19.1700000762939,19.6870002746582,18.9500007629395,19.5370006561279,498017000,19.5164070129395
2023-02-01,19.6909999847412,21.1919994354248,19.6110000610352,20.943000793457,660477000,20.9209232330322
2023-02-02,21,21.9489994049072,20.7000007629395,21.7089996337891,564276000,21.6861152648926
2023-02-03,21,21.7450008392334,20.7889995574951,21.1000003814697,429366000,21.0777549743652
2023-02-06,20.8059997558594,21.5699996948242,20.7859992980957,21.0890007019043,452197000,21.0667705535889
2023-02-07,21.3819999694824,22.2590007781982,21.1499996185303,22.1730003356934,664150000,22.1496257781982
2023-02-08,22.386999130249,22.8780002593994,22.007999420166,22.2049999237061,559651000,22.1815929412842
2023-02-09,22.6060009002686,23.0200004577637,22.1200008392334,22.3369998931885,523876000,22.3134498596191
2023-02-10,21.6900005340576,22.0779991149902,20.8110008239746,21.2649993896484,550737000,21.242582321167
2023-02-13,21.5380001068115,22.0480003356934,20.9619998931885,21.7880001068115,474919000,21.7650337219238
2023-02-14,21.5779991149902,23.048999786377,21.3659992218018,22.9710006713867,675474000,22.9467887878418
2023-02-15,22.548999786377,22.8549995422363,22.1060009002686,22.7639999389648,420575000,22.7400035858154
2023-02-16,22.132999420166,22.5499992370605,21.9270000457764,22.0020008087158,412026000,21.9788055419922
2023-02-17,21.6310005187988,21.7399997711182,20.9750003814697,21.3880004882812,465888000,21.3654537200928
2023-02-21,21,21.4939994812012,20.6180000305176,20.6550006866455,410015000,20.6332244873047
2023-02-22,20.7070007324219,21.1040000915527,20.4209995269775,20.753999710083,513184000,20.7321243286133
2023-02-23,23.4400005340576,23.8880004882812,23.0249996185303,23.6639995574951,1117995000,23.6390571594238
2023-02-24,23.2250003814697,23.4740009307861,22.94700050354,23.2859992980957,589716000,23.2614517211914
2023-02-27,23.6700000762939,23.8799991607666,23.4540004730225,23.5009994506836,452994000,23.476224899292
2023-02-28,23.3719997406006,23.8250007629395,23.2059993743896,23.2159996032715,455963000,23.1915264129639
2023-03-01,23.1919994354248,23.2560005187988,22.507999420166,22.6979999542236,460026000,22.6740703582764
2023-03-02,22.488000869751,23.3799991607666,22.431999206543,23.3139991760254,389415000,23.2894229888916
2023-03-03,23.3199996948242,23.8999996185303,23.1299991607666,23.8899993896484,412393000,23.8648128509521
2023-03-06,23.8910007476807,24.2479991912842,23.4869995117188,23.5540008544922,437429000,23.5291748046875
2023-03-07,23.6000003814697,24.125,23.2409992218018,23.2880001068115,515154000,23.2674026489258
2023-03-08,23.4869995117188,24.2000007629395,23.423999786377,24.1809997558594,513573000,24.1596145629883
2023-03-09,24.1749992370605,24.4540004730225,23.382999420166,23.4360008239746,501257000,23.4152736663818
2023-03-10,23.4090003967285,23.6270008087158,22.7259998321533,22.9650001525879,474866000,22.9446907043457
2023-03-13,22.7520008087158,23.2980003356934,22.2970008850098,22.9659996032715,421890000,22.9456882476807
2023-03-14,23.496000289917,24.2189998626709,23.4599990844727,24.0629997253418,474910000,24.0417156219482
2023-03-15,23.7609996795654,24.2859992980957,23.3600006103516,24.2280006408691,524486000,24.2065734863281
2023-03-16,24.0270004272461,25.5879993438721,23.8939990997314,25.5410003662109,583253000,25.5184097290039
2023-03-17,25.9820003509521,26.3990001678467,25.6679992675781,25.7250003814697,848547000,25.7022495269775
2023-03-20,25.6149997711182,26.0240001678467,25.1299991607666,25.8999996185303,432747000,25.8770923614502
2023-03-21,26.1800003051758,26.3920001983643,25.3810005187988,26.1989994049072,547408000,26.1758270263672
2023-03-22,26.4249992370605,27.5890007019043,26.2369995117188,26.4680004119873,797295000,26.4445877075195
2023-03-23,27.1149997711182,27.4990005493164,26.6900005340576,27.1909999847412,564889000,27.1669502258301
2023-03-24,27.0310001373291,27.1669998168945,26.3549995422363,26.7789993286133,454920000,26.7553119659424
2023-03-27,26.8369998931885,27,26.3649997711182,26.5310001373291,361026000,26.507532119751
2023-03-28,26.44700050354,26.5130004882812,25.8500003814697,26.4099998474121,356104000,26.3866424560547
2023-03-29,26.8250007629395,27.0779991149902,26.5970001220703,26.9839992523193,393694000,26.9601345062256
2023-03-30,27.2290000915527,27.4990005493164,27.1019992828369,27.382999420166,364516000,27.3587760925293
2023-03-31,27.1399993896484,27.8339996337891,27.1049995422363,27.7770004272461,433933000,27.7524318695068
2023-04-03,27.5090007781982,28,27.3360004425049,27.9650001525879,398716000,27.9402675628662
2023-04-04,27.9659996032715,28,27.306999206543,27.4529991149902,368592000,27.4287185668945
2023-04-05,26.8290004730225,26.9979991912842,26.3950004577637,26.8810005187988,515015000,26.8572235107422
2023-04-06,26.5839996337891,27.0799999237061,26.4270000457764,27.0370006561279,397654000,27.0130882263184
2023-04-10,26.8229999542236,27.621000289917,26.6690006256104,27.5790004730225,395279000,27.5546054840088
2023-04-11,27.7240009307861,27.7900009155273,27.1259994506836,27.1690006256104,314378000,27.1449661254883
2023-04-12,27.3700008392334,27.4680004119873,26.4479999542236,26.4950008392334,446259000,26.4715671539307
2023-04-13,26.7339992523193,26.886999130249,26.3290004730225,26.4629993438721,353615000,26.4395923614502
2023-04-14,26.503999710083,26.882999420166,26.2199993133545,26.757999420166,395660000,26.7343292236328
2023-04-17,26.5650005340576,27.0060005187988,26.4330005645752,27.0020008087158,321471000,26.9781150817871
2023-04-18,27.5330009460449,28.1100006103516,27.3570003509521,27.6669998168945,604812000,27.6425304412842
2023-04-19,27.3610000610352,28,27.2320003509521,27.9309997558594,358660000,27.9062976837158
2023-04-20,27.6709995269775,28.0300006866455,27,27.1040000915527,427713000,27.0800247192383
2023-04-21,26.9519996643066,27.1830005645752,26.7220001220703,27.1189994812012,345103000,27.0950164794922
2023-04-24,27.0130004882812,27.3659992218018,26.6709995269775,27.0419998168945,339282000,27.0180816650391
2023-04-25,27.0779991149902,27.2469997406006,26.2250003814697,26.2409992218018,378527000,26.2177906036377
2023-04-26,27.0020008087158,27.3299999237061,26.7049999237061,26.9559993743896,406337000,26.9321613311768
2023-04-27,27.363000869751,27.4950008392334,26.625,27.2259998321533,377161000,27.2019233703613
2023-04-28,27.2250003814697,27.757999420166,27.0709991455078,27.7490005493164,292216000,27.7244567871094
2023-05-01,27.8400001525879,29.0580005645752,27.7800006866455,28.9099998474121,570329000,28.8844318389893
2023-05-02,28.6800003051758,28.8360004425049,28.0830001831055,28.2099990844727,402730000,28.1850490570068
2023-05-03,27.8400001525879,28.367000579834,27.4720001220703,27.8020000457764,383387000,27.7774105072021
2023-05-04,27.6509990692139,27.8589992523193,27.2399997711182,27.5620002746582,321850000,27.5376224517822
2023-05-05,27.826000213623,28.7549991607666,27.7310009002686,28.6800003051758,361494000,28.6546306610107
2023-05-08,28.5219993591309,29.2199993133545,28.3500003814697,29.1509990692139,344979000,29.1252193450928
2023-05-09,28.8990001678467,28.9729995727539,28.4500007629395,28.5709991455078,314869000,28.5457324981689
2023-05-10,29.0049991607666,29.113000869751,28.4610004425049,28.8850002288818,369350000,28.8594532012939
2023-05-11,28.8959999084473,28.9500007629395,28.246000289917,28.5779991149902,322149000,28.5527229309082
2023-05-12,28.5289993286133,28.7800006866455,28.0459995269775,28.3400001525879,274222000,28.3149356842041
2023-05-15,28.507999420166,28.9689998626709,28.1520004272461,28.9529991149902,293926000,28.9273891448975
2023-05-16,28.8409996032715,29.8700008392334,28.8320007324219,29.2129993438721,449405000,29.1871604919434
2023-05-17,29.5839996337891,30.1989994049072,29.4300003051758,30.17799949646,432535000,30.1513080596924
2023-05-18,30.4099998474121,31.8279991149902,30.3199996948242,31.67799949646,748725000,31.6499805450439
2023-05-19,31.5359992980957,31.5799999237061,30.9160003662109,31.2639999389648,473908000,31.236349105835
2023-05-22,30.9009990692139,31.5200004577637,30.6800003051758,31.1760005950928,3.72e+08,31.1484279632568
2023-05-23,31,31.2880001068115,30.6310005187988,30.6879997253418,356253000,30.6608600616455
2023-05-24,30.2099990844727,30.6070003509521,29.8059997558594,30.5380001068115,721419000,30.5109901428223
2023-05-25,38.5229988098145,39.4799995422363,36.6349983215332,37.9799995422363,1543911000,37.9464073181152
2023-05-26,37.8899993896484,39.1699981689453,37.5499992370605,38.9459991455078,714397000,38.9115562438965
2023-05-30,40.5950012207031,41.9379997253418,39.9490013122559,40.1110000610352,923401000,40.0755195617676
2023-05-31,39.4879989624023,40.2949981689453,37.8219985961914,37.8339996337891,1002580000,37.8005332946777
2023-06-01,38.4889984130859,40.0499992370605,38.3400001525879,39.7700004577637,635873000,39.7348213195801
2023-06-02,40.0970001220703,40.5,39.0579986572266,39.3269996643066,482731000,39.2922096252441
2023-06-05,38.9090003967285,39.564998626709,38.7070007324219,39.1710014343262,396094000,39.1363563537598
2023-06-06,38.8300018310547,39.1599998474121,38.1479988098145,38.6539993286133,388729000,38.6198081970215
2023-06-07,38.9150009155273,39.4990005493164,37.3559989929199,37.4749984741211,511998000,37.4457244873047
2023-06-08,37.7239990234375,38.8639984130859,37.5050010681152,38.5099983215332,417772000,38.479923248291
2023-06-09,39.0369987487793,39.7109985351562,38.5670013427734,38.7700004577637,427717000,38.7397155761719
2023-06-12,39.2000007629395,39.5299987792969,38.6180000305176,39.4819984436035,388701000,39.4511566162109
2023-06-13,40.1860008239746,41.101001739502,39.7400016784668,41.0219993591309,613208000,40.9899559020996
2023-06-14,40.8240013122559,43,40.5519981384277,42.9970016479492,740465000,42.9634208679199
2023-06-15,42.6020011901855,43.2890014648438,42.1469993591309,42.6529998779297,568622000,42.619686126709
2023-06-16,43.4500007629395,43.7210006713867,42.6609992980957,42.6920013427734,655709000,42.6586494445801
2023-06-20,42.9980010986328,43.9900016784668,42.673999786377,43.8079986572266,451153000,43.7737884521484
2023-06-21,43.5009994506836,43.6150016784668,42.0800018310547,43.0449981689453,551603000,43.0113716125488
2023-06-22,42.2529983520508,43.4259986877441,42.234001159668,43.0250015258789,417737000,42.9913902282715
2023-06-23,42.4640007019043,42.8089981079102,42.0149993896484,42.2089996337891,358140000,42.1760330200195
2023-06-26,42.4609985351562,42.7639999389648,40.0999984741211,40.6319999694824,594322000,40.6002655029297
2023-06-27,40.798999786377,41.939998626709,40.4480018615723,41.8759994506836,462175000,41.8432884216309
2023-06-28,40.6599998474121,41.8450012207031,40.5180015563965,41.117000579834,582639000,41.0848922729492
2023-06-29,41.5579986572266,41.5999984741211,40.5999984741211,40.8219985961914,380514000,40.7901153564453
2023-06-30,41.6800003051758,42.5499992370605,41.5009994506836,42.3019981384277,501148000,42.2689552307129
2023-07-03,42.5169982910156,42.8979988098145,42.2019996643066,42.4129981994629,198209000,42.3798675537109
2023-07-05,42.1349983215332,43.1769981384277,42.0849990844727,42.3170013427734,323618000,42.2839508056641
2023-07-06,41.8440017700195,42.1790008544922,41.3460006713867,42.1030006408691,303582000,42.0701179504395
2023-07-07,42.3219985961914,43.2140007019043,42.1800003051758,42.5029983520508,355881000,42.469799041748
2023-07-10,42.6570014953613,42.8110008239746,41.648998260498,42.1800003051758,353908000,42.1470527648926
2023-07-11,42.4809989929199,42.757999420166,42.0670013427734,42.4049987792969,298244000,42.3718795776367
2023-07-12,43.0330009460449,43.935001373291,42.7770004272461,43.9020004272461,481277000,43.8677101135254
2023-07-13,44.5180015563965,46.1549987792969,44.492000579834,45.9770011901855,478204000,45.9410934448242
2023-07-14,46.5830001831055,48.0880012512207,45.060001373291,45.4690017700195,772075000,45.4334869384766
2023-07-17,46.2890014648438,46.4959983825684,45.2620010375977,46.4609985351562,510488000,46.4247055053711
2023-07-18,46.701000213623,47.8959999084473,45.734001159668,47.4939994812012,569164000,47.4568939208984
2023-07-19,47.4640007019043,47.818000793457,46.742000579834,47.0769996643066,427502000,47.040225982666
2023-07-20,46.5069999694824,47.0870018005371,45.0620002746582,45.5200004577637,537865000,45.484447479248
2023-07-21,45.7879981994629,45.8660011291504,44.0999984741211,44.3089981079102,963769000,44.2743911743164
2023-07-24,44.7309989929199,45.109001159668,44.0400009155273,44.6119995117188,382516000,44.5771560668945
2023-07-25,44.9410018920898,46.1829986572266,44.9230003356934,45.6790008544922,348081000,45.6433219909668
2023-07-26,46.0209999084473,46.0530014038086,44.6300010681152,45.4519996643066,364237000,45.4164962768555
2023-07-27,46.5190010070801,47.3950004577637,45.75,45.9000015258789,455976000,45.864143371582
2023-07-28,46.6679992675781,47.0270004272461,46.3810005187988,46.75,331194000,46.7134819030762
2023-07-31,46.7540016174316,47.1300010681152,46.5060005187988,46.7290000915527,251055000,46.6925010681152
2023-08-01,46.4599990844727,46.9000015258789,46.0270004272461,46.5069999694824,237858000,46.4706649780273
2023-08-02,45.8310012817383,45.8400001525879,43.3870010375977,44.2690010070801,530142000,44.2344207763672
2023-08-03,43.7999992370605,45.1180000305176,43.7999992370605,44.5149993896484,324176000,44.4802284240723
2023-08-04,44.9850006103516,45.6419982910156,44.3930015563965,44.6800003051758,362666000,44.6451034545898
2023-08-07,45.1110000610352,45.5400009155273,44.5629997253418,45.4169998168945,322154000,45.3815269470215
2023-08-08,44.8530006408691,45.242000579834,44.0559997558594,44.6640014648438,353843000,44.6291122436523
2023-08-09,44.273998260498,44.3120002746582,42.1339988708496,42.5540008544922,586449000,42.5207595825195
2023-08-10,42.1599998474121,43.5740013122559,41.8349990844727,42.3880004882812,492705000,42.3548927307129
2023-08-11,41.7509994506836,42.0180015563965,40.6389999389648,40.8549995422363,533085000,40.8230857849121
2023-08-14,40.4860000610352,43.7999992370605,40.3110008239746,43.7529983520508,690286000,43.7188262939453
2023-08-15,44.560001373291,45.2680015563965,43.7099990844727,43.939998626709,676512000,43.9056854248047
2023-08-16,44.5200004577637,44.6749992370605,43.4059982299805,43.4860000610352,527451000,43.4520378112793
2023-08-17,43.9700012207031,44.0620002746582,43.0009994506836,43.3440017700195,452395000,43.3101425170898
2023-08-18,42.6349983215332,43.5779991149902,41.6599998474121,43.298999786377,583768000,43.2651748657227
2023-08-21,44.4939994812012,47.064998626709,44.2220001220703,46.9669990539551,692573000,46.9303131103516
2023-08-22,48.1349983215332,48.1870002746582,45.3330001831055,45.6679992675781,755293000,45.63232421875
2023-08-23,45.8660011291504,47.2000007629395,45.2080001831055,47.1160011291504,779046000,47.0791969299316
2023-08-24,50.2159996032715,50.265998840332,47.1590003967285,47.1629981994629,1156044000,47.1261520385742
2023-08-25,47.0120010375977,47.8050003051758,45.023998260498,46.0180015563965,925341000,45.9820556640625
2023-08-28,46.4819984436035,46.9799995422363,44.8880004882812,46.8349990844727,685192000,46.798412322998
2023-08-29,46.6660003662109,49.0810012817383,46.390998840332,48.7840003967285,701397000,48.7458915710449
2023-08-30,49.0439987182617,49.9269981384277,48.4249992370605,49.2639999389648,735206000,49.2255172729492
2023-08-31,49.3800010681152,49.7439994812012,48.9580001831055,49.3549995422363,528570000,49.3164482116699
2023-09-01,49.7620010375977,49.7999992370605,48.1419982910156,48.5089988708496,463830000,48.4711036682129
2023-09-05,48.2229995727539,48.851001739502,47.8600006103516,48.5480003356934,382653000,48.5100746154785
2023-09-06,48.4410018920898,48.548999786377,46.5800018310547,47.0610008239746,468670000,47.0281181335449
2023-09-07,45.5250015258789,46.3440017700195,45.1520004272461,46.2410011291504,433330000,46.2086868286133
2023-09-08,45.9420013427734,46.6059989929199,45.2709999084473,45.5719985961914,473069000,45.5401496887207
2023-09-11,46.1479988098145,46.1629981994629,44.3120002746582,45.1780014038086,473966000,45.1464347839355
2023-09-12,44.7379989624023,45.6730003356934,44.5309982299805,44.8699989318848,349256000,44.8386421203613
2023-09-13,44.5999984741211,45.9300003051758,44.5029983520508,45.4850006103516,398355000,45.4532203674316
2023-09-14,45.9500007629395,45.9869995117188,45.1310005187988,45.5810012817383,370097000,45.5491485595703
2023-09-15,45.3409996032715,45.5989990234375,43.8079986572266,43.9000015258789,506831000,43.8693237304688
2023-09-18,42.7480010986328,44.242000579834,42,43.9659996032715,500271000,43.9352760314941
2023-09-19,43.8330001831055,43.9659996032715,43.0019989013672,43.5200004577637,373064000,43.4895896911621
2023-09-20,43.5999984741211,43.9029998779297,42.2229995727539,42.2389984130859,367108000,42.2094841003418
2023-09-21,41.5830001831055,42.0999984741211,40.9799995422363,41.0169982910156,450736000,40.9883308410645
2023-09-22,41.5719985961914,42.1150016784668,41.2309989929199,41.6100006103516,479236000,41.5809288024902
2023-09-25,41.5909996032715,42.5359992980957,41.1769981384277,42.2220001220703,419091000,42.1924896240234
2023-09-26,42.0009994506836,42.8199996948242,41.6549987792969,41.9109992980957,402282000,41.8817138671875
2023-09-27,42.3300018310547,42.8720016479492,41.6290016174316,42.4679985046387,444935000,42.4383277893066
2023-09-28,42.4599990844727,43.4459991455078,42.1150016784668,43.0890007019043,424663000,43.0588874816895
2023-09-29,43.8269996643066,44.1440010070801,43.306999206543,43.4990005493164,397830000,43.4686012268066
2023-10-02,44.0299987792969,45.1749992370605,43.8610000610352,44.7820014953613,433298000,44.7507095336914
2023-10-03,44.8079986572266,45.1300010681152,43.2459983825684,43.5169982910156,470850000,43.4865875244141
2023-10-04,43.742000579834,44.1430015563965,43.2919998168945,44.0410003662109,361821000,44.0102233886719
2023-10-05,44.0499992370605,44.9000015258789,43.8880004882812,44.6879997253418,393483000,44.6567726135254
2023-10-06,44.193000793457,45.7890014648438,44.0260009765625,45.7620010375977,434436000,45.7300262451172
2023-10-09,44.8419990539551,45.6049995422363,44.3680000305176,45.2729988098145,409675000,45.2413711547852
2023-10-10,45.310001373291,46.2589988708496,45.0880012512207,45.7980003356934,368582000,45.7659950256348
2023-10-11,46.1959991455078,46.859001159668,46.0499992370605,46.8059997558594,378137000,46.7733001708984
2023-10-12,46.7770004272461,47.609001159668,46.3300018310547,46.9449996948242,481325000,46.9121856689453
2023-10-13,46.9599990844727,47.1160011291504,45.2799987792969,45.4609985351562,474115000,45.4292297363281
2023-10-16,45.0629997253418,46.2249984741211,44.9119987487793,46.0950012207031,375099000,46.0627937316895
2023-10-17,44,44.7540016174316,42.4799995422363,43.9379997253418,812333000,43.9073028564453
2023-10-18,42.5909996032715,43.2190017700195,41.8250007629395,42.1959991455078,627294000,42.1665115356445
2023-10-19,42.8110008239746,43.2970008850098,41.8819999694824,42.101001739502,501233000,42.0715866088867
2023-10-20,41.8899993896484,42.4700012207031,41.0779991149902,41.3870010375977,477266000,41.3580780029297
2023-10-23,41.2290000915527,43.2480010986328,40.9449996948242,42.9749984741211,478530000,42.9449653625488
2023-10-24,43.0769996643066,43.6969985961914,42.6910018920898,43.6629981994629,401463000,43.6324844360352
2023-10-25,43.3979988098145,43.6500015258789,41.5550003051758,41.7789993286133,398379000,41.7498054504395
2023-10-26,41.8530006408691,42.2560005187988,39.8800010681152,40.326000213623,541001000,40.2978210449219
2023-10-27,41.1300010681152,41.2060012817383,40.0149993896484,40.5,416784000,40.4717063903809
2023-10-30,41.0870018005371,41.765998840332,40.4809989929199,41.1609992980957,388028000,41.1322402954102
2023-10-31,40.4500007629395,40.8790016174316,39.2299995422363,40.7799987792969,517969000,40.7515068054199
2023-11-01,40.8839988708496,42.3810005187988,40.8689994812012,42.3250007629395,437593000,42.2954330444336
2023-11-02,43.3279991149902,43.8839988708496,42.8940010070801,43.5060005187988,409172000,43.4755973815918
2023-11-03,44.0200004577637,45.3089981079102,43.7229995727539,45.0050010681152,424610000,44.9735565185547
2023-11-06,45.2849998474121,45.935001373291,44.898998260498,45.7509994506836,400733000,45.7190322875977
2023-11-07,45.7190017700195,46.2179985046387,45.1580009460449,45.9550018310547,343165000,45.9228858947754
2023-11-08,46.0999984741211,46.867000579834,45.9679985046387,46.5740013122559,346719000,46.5414581298828
2023-11-09,47.4669990539551,48.2299995422363,46.75,46.9500007629395,540496000,46.9171867370605
2023-11-10,47.5,48.4720001220703,47.2830009460449,48.3349990844727,421245000,48.3012199401855
2023-11-13,48.3199996948242,49.1160011291504,48.0989990234375,48.6199989318848,384136000,48.5860252380371
2023-11-14,49.6800003051758,49.8339996337891,49.0400009155273,49.6559982299805,416954000,49.6213035583496
2023-11-15,49.935001373291,49.9599990844727,48.2000007629395,48.8880004882812,475497000,48.8538436889648
2023-11-16,48.6790008544922,49.5250015258789,48.3300018310547,49.4799995422363,339756000,49.4454231262207
2023-11-17,49.523998260498,49.7169990539551,49.0069999694824,49.2980003356934,325205000,49.263557434082
2023-11-20,49.3120002746582,50.5480003356934,49.1809997558594,50.4090003967285,414120000,50.3737754821777
2023-11-21,50.1259994506836,50.5169982910156,49.2220001220703,49.9440002441406,565747000,49.9090957641602
2023-11-22,49.8520011901855,50.3349990844727,47.689998626709,48.7159996032715,899420000,48.681957244873
2023-11-24,48.4700012207031,48.9210014343262,47.7449989318848,47.7760009765625,294645000,47.7426109313965
2023-11-27,47.7999992370605,48.5299987792969,47.6520004272461,48.242000579834,395662000,48.2082901000977
2023-11-28,48.2360000610352,48.3230018615723,47.4729995727539,47.8209991455078,401491000,47.7875862121582
2023-11-29,48.3790016174316,48.7620010375977,47.8600006103516,48.1399993896484,382005000,48.1063652038574
2023-11-30,48.023998260498,48.1100006103516,46.4220008850098,46.7700004577637,526247000,46.7373237609863
2023-12-01,46.5250015258789,47.2000007629395,46.1870002746582,46.7649993896484,369317000,46.7323303222656
2023-12-04,46.0769996643066,46.0769996643066,45.0099983215332,45.5099983215332,437543000,45.478199005127
2023-12-05,45.4659996032715,46.5999984741211,45.2709999084473,46.5660018920898,371718000,46.5375556945801
2023-12-06,47.2150001525879,47.3870010375977,45.4119987487793,45.5029983520508,380590000,45.4752044677734
2023-12-07,45.7000007629395,46.6290016174316,45.6040000915527,46.5960006713867,350823000,46.5675354003906
2023-12-08,46.5950012207031,47.7410011291504,46.5499992370605,47.5060005187988,359224000,47.476978302002
2023-12-11,47.4910011291504,47.5309982299805,45.8300018310547,46.6269989013672,509728000,46.598518371582
2023-12-12,46.0460014343262,47.6660003662109,46.0460014343262,47.6570014953613,372387000,47.6278839111328
2023-12-13,47.6290016174316,48.5940017700195,47.6080017089844,48.0880012512207,447792000,48.0586280822754
2023-12-14,48.3899993896484,48.6699981689453,47.4220008850098,48.3499984741211,391232000,48.3204650878906
2023-12-15,48.1940002441406,49.4039993286133,48.1199989318848,48.8899993896484,479948000,48.8601341247559
2023-12-18,49.4000015258789,50.4329986572266,49.1500015258789,50.0769996643066,412587000,50.0464057922363
2023-12-19,49.423999786377,49.7000007629395,48.8950004577637,49.6040000915527,464444000,49.5736923217773
2023-12-20,49.6549987792969,49.9990005493164,48.0979995727539,48.1110000610352,397894000,48.0816078186035
2023-12-21,48.8110008239746,49.0950012207031,48.4189987182617,48.9900016784668,300425000,48.9600715637207
2023-12-22,49.1949996948242,49.382999420166,48.4669990539551,48.8300018310547,252507000,48.8001708984375
2023-12-26,48.9679985046387,49.5999984741211,48.9599990844727,49.2789993286133,244200000,49.248893737793
2023-12-27,49.5110015869141,49.6800003051758,49.0849990844727,49.4169998168945,233648000,49.3868141174316
2023-12-28,49.6430015563965,49.8839988708496,49.4119987487793,49.5219993591309,246587000,49.4917488098145
2023-12-29,49.8129997253418,49.9970016479492,48.7509994506836,49.5219993591309,389293000,49.4917488098145
2024-01-02,49.2439994812012,49.2949981689453,47.5950012207031,48.1679992675781,411254000,48.1385688781738
2024-01-03,47.4850006103516,48.1839981079102,47.3199996948242,47.5690002441406,320896000,47.5399322509766
2024-01-04,47.7669982910156,48.5,47.507999420166,47.9980010986328,306535000,47.968677520752
2024-01-05,48.4620018005371,49.5470008850098,48.3059997558594,49.0970001220703,415039000,49.0670051574707
2024-01-08,49.5120010375977,52.2750015258789,49.4790000915527,52.2529983520508,642510000,52.221076965332
2024-01-09,52.4010009765625,54.3250007629395,51.689998626709,53.1399993896484,773100000,53.107536315918
2024-01-10,53.6160011291504,54.5999984741211,53.4889984130859,54.3499984741211,533796000,54.3167953491211
2024-01-11,54.9990005493164,55.3460006713867,53.560001373291,54.8219985961914,596759000,54.788501739502
2024-01-12,54.6199989318848,54.9700012207031,54.3300018310547,54.7099990844727,352994000,54.6765785217285
2024-01-16,55.0180015563965,56.8349990844727,54.9000015258789,56.3819999694824,449580000,56.3475570678711
2024-01-17,56.3470001220703,56.4710006713867,54.7400016784668,56.0530014038086,474394000,56.0187606811523
2024-01-18,57.2599983215332,57.5999984741211,56.1069984436035,57.1069984436035,491650000,57.0721092224121
2024-01-19,57.9889984130859,59.5,57.2249984741211,59.4910011291504,543501000,59.4546585083008
2024-01-22,60.048999786377,60.3310012817383,59.0699996948242,59.6539993286133,452955000,59.617561340332
2024-01-23,59.5699996948242,59.9099998474121,58.5849990844727,59.8730010986328,294654000,59.8364295959473
2024-01-24,60.3040008544922,62.8489990234375,59.9379997253418,61.3619995117188,560271000,61.3245124816895
2024-01-25,62.3499984741211,62.7190017700195,60.8499984741211,61.617000579834,482777000,61.5793609619141
2024-01-26,60.9599990844727,61.7830009460449,60.5730018615723,61.0309982299805,390309000,60.9937171936035
2024-01-29,61.2319984436035,62.4889984130859,60.9070014953613,62.4650001525879,348733000,62.4268417358398
2024-01-30,62.9000015258789,63.4930000305176,62.2599983215332,62.773998260498,410735000,62.7356491088867
2024-01-31,61.439998626709,62.2690010070801,60.7000007629395,61.5270004272461,453795000,61.4894142150879
2024-02-01,62.0999984741211,63.1910018920898,61.6500015258789,63.0270004272461,369146000,62.9885025024414
2024-02-02,63.9739990234375,66.5999984741211,63.689998626709,66.1600036621094,476578000,66.1195831298828
2024-02-05,68.2249984741211,69.4970016479492,67.2050018310547,69.3320007324219,680078000,69.2896423339844
2024-02-06,69.629997253418,69.7539978027344,66.3000030517578,68.2229995727539,683111000,68.1813201904297
2024-02-07,68.3190002441406,70.2200012207031,67.5999984741211,70.0989990234375,495575000,70.0561752319336
2024-02-08,70.0739974975586,70.7939987182617,69.4550018310547,69.640998840332,414422000,69.5984573364258
2024-02-09,70.5329971313477,72.1849975585938,70.2119979858398,72.1330032348633,436637000,72.0889358520508
2024-02-12,72.5999984741211,74.6110000610352,71.25,72.2480010986328,613710000,72.2038650512695
2024-02-13,70.4000015258789,73.4499969482422,69.620002746582,72.1279983520508,602580000,72.0839385986328
2024-02-14,73.2020034790039,74.2360000610352,71.9380035400391,73.9000015258789,504917000,73.8548583984375
2024-02-15,73.8690032958984,73.9749984741211,72.4000015258789,72.6579971313477,420122000,72.6136016845703
2024-02-16,74.0999984741211,74.4020004272461,72.5009994506836,72.6129989624023,495327000,72.5686416625977
2024-02-20,71.9469985961914,71.9560012817383,67.734001159668,69.4520034790039,704833000,69.4095687866211
2024-02-21,68.0059967041016,68.8880004882812,66.2480010986328,67.4720001220703,673755000,67.4307861328125
2024-02-22,75.0250015258789,78.5749969482422,74.2200012207031,78.5380020141602,865100000,78.4900207519531
2024-02-23,80.7900009155273,82.3939971923828,77.5699996948242,78.8170013427734,829388000,78.7688522338867
2024-02-26,79.6999969482422,80.6460037231445,78.504997253418,79.0920028686523,503973000,79.0436859130859
2024-02-27,79.3809967041016,79.4800033569336,77.1620025634766,78.7009963989258,391705000,78.6529159545898
2024-02-28,77.620002746582,78.9329986572266,77.125,77.6630020141602,393110000,77.6155548095703
2024-02-29,79.0940017700195,79.9899978637695,78.3499984741211,79.1119995117188,507289000,79.0636749267578
2024-03-01,80,82.3000030517578,79.4349975585938,82.2789993286133,479135000,82.2287292480469
2024-03-04,84.129997253418,87.6949996948242,83.7190017700195,85.2369995117188,615616000,85.1849136352539
2024-03-05,85.2699966430664,86.0970001220703,83.4169998168945,85.963996887207,520639000,85.9155120849609
2024-03-06,88.0220031738281,89.7239990234375,87.0299987792969,88.6999969482422,582520000,88.6499786376953
2024-03-07,90.1579971313477,92.7669982910156,89.6019973754883,92.6689987182617,608119000,92.6167297363281
2024-03-08,95.1380004882812,97.4000015258789,86.5059967041016,87.5279998779297,1142269000,87.478630065918
2024-03-11,86.4290008544922,88.7969970703125,84.1660003662109,85.7740020751953,678364000,85.7256164550781
2024-03-12,88.0490036010742,91.9599990844727,86.1500015258789,91.9130020141602,668075000,91.8611602783203
2024-03-13,91.0550003051758,91.5039978027344,88.4349975585938,90.8880004882812,635713000,90.8367385864258
2024-03-14,89.5770034790039,90.6460037231445,86.5999984741211,87.9440002441406,602318000,87.894401550293
2024-03-15,86.9300003051758,89.5459976196289,86.2570037841797,87.8369979858398,642086000,87.7874526977539
2024-03-18,90.3880004882812,92.4049987792969,87.0849990844727,88.4550018310547,668976000,88.4051132202148
2024-03-19,86.6999969482422,90.5439987182617,85.0100021362305,89.3980026245117,672171000,89.3475875854492
2024-03-20,89.7969970703125,90.4100036621094,88.2229995727539,90.3720016479492,479063000,90.3210296630859
2024-03-21,92.3000030517578,92.6480026245117,90.4049987792969,91.4349975585938,480372000,91.383430480957
2024-03-22,91.140998840332,94.7779998779297,90.8339996337891,94.2890014648438,586719000,94.2358169555664
2024-03-25,93.9410018920898,96.765998840332,93.5100021362305,95.0019989013672,552136000,94.9484100341797
2024-03-26,95.8509979248047,96.375,92.5019989013672,92.5609970092773,513648000,92.5087890625
2024-03-27,93.1119995117188,93.2399978637695,89.1230010986328,90.25,586067000,90.1990966796875
2024-03-28,90,91.3000030517578,89.193000793457,90.3560028076172,435212000,90.3050384521484
2024-04-01,90.2990036010742,92.2249984741211,89.2040023803711,90.3629989624023,452441000,90.3120346069336
2024-04-02,88.447998046875,90.0940017700195,87.620002746582,89.4520034790039,433064000,89.4015502929688
2024-04-03,88.484001159668,90.3740005493164,88.4000015258789,88.963996887207,370067000,88.9138259887695
2024-04-04,90.4059982299805,90.6340026855469,85.879997253418,85.9049987792969,434965000,85.8565444946289
2024-04-05,86.8659973144531,88.4810028076172,85.9260025024414,88.0080032348633,399678000,87.9583587646484
2024-04-08,88.6999969482422,88.8300018310547,86.7320022583008,87.1330032348633,283220000,87.0838470458984
2024-04-09,87.4420013427734,87.6350021362305,83.0220031738281,85.3539962768555,501700000,85.3058471679688
2024-04-10,83.9260025024414,87.4000015258789,83.7089996337891,87.0390014648438,431929000,86.9899063110352
2024-04-11,87.4199981689453,90.7389984130859,86.9260025024414,90.6159973144531,431637000,90.5648880004883
2024-04-12,89.6989974975586,90.1750030517578,87.5299987792969,88.1859970092773,426805000,88.1362609863281
2024-04-15,89.0979995727539,90.6129989624023,85.9290008544922,86.0009994506836,443077000,85.9524993896484
2024-04-16,86.4329986572266,88.1179962158203,86.0640029907227,87.4150009155273,370453000,87.3656845092773
2024-04-17,88.3399963378906,88.7750015258789,83.9499969482422,84.0350036621094,495400000,83.9876022338867
2024-04-18,84.9700012207031,86.1900024414062,82.4020004272461,84.6709976196289,447260000,84.6232376098633
2024-04-19,83.1500015258789,84.3239974975586,75.6060028076172,76.1999969482422,875198000,76.1570205688477
2024-04-22,78.1039962768555,80.072998046875,76.4000015258789,79.5179977416992,596341000,79.4731521606445
2024-04-23,80.7689971923828,82.7689971923828,80.2639999389648,82.4229965209961,438559000,82.3765106201172
2024-04-24,83.9499969482422,84.0820007324219,79.1829986572266,79.677001953125,512208000,79.6320724487305
2024-04-25,78.8679962158203,83.322998046875,78.2229995727539,82.6320037841797,424641000,82.5854034423828
2024-04-26,83.818000793457,88.3310012817383,83.3870010375977,87.7350006103516,551011000,87.6855163574219
2024-04-29,87.5950012207031,87.9919967651367,85.265998840332,87.7570037841797,388971000,87.7075119018555
2024-04-30,87.2399978637695,88.8190002441406,86.3000030517578,86.4020004272461,363709000,86.353271484375
2024-05-01,85.0770034790039,86,81.254997253418,83.0410003662109,559863000,82.9941558837891
2024-05-02,84.4489974975586,86.2369995117188,83.1999969482422,85.8170013427734,377898000,85.7686004638672
2024-05-03,87.7890014648438,89.2809982299805,87.0400009155273,88.7890014648438,398341000,88.7389221191406
2024-05-06,89.3899993896484,92.2200012207031,89.0550003051758,92.1399993896484,376203000,92.0880279541016
2024-05-07,91.0979995727539,91.7809982299805,89.0110015869141,90.5540008544922,437342000,90.5029296875
2024-05-08,89.4830017089844,91.1940002441406,89.4199981689453,90.4120025634766,325721000,90.3610076904297
2024-05-09,90.5289993286133,91.0719985961914,88.2310028076172,88.7470016479492,378013000,88.6969451904297
2024-05-10,90.3050003051758,91.4010009765625,89.2269973754883,89.8779983520508,335325000,89.8273086547852
2024-05-13,90.4779968261719,90.9980010986328,88.5289993286133,90.3990020751953,289680000,90.348014831543
2024-05-14,89.5989990234375,91.6510009765625,88.9339981079102,91.3560028076172,296507000,91.3044815063477
2024-05-15,92.4720001220703,94.8619995117188,91.5989990234375,94.629997253418,417735000,94.5766296386719
2024-05-16,94.9100036621094,95.8190002441406,94.1029968261719,94.359001159668,323952000,94.3057861328125
2024-05-17,94.3690032958984,94.7399978637695,91.8059997558594,92.4789962768555,359691000,92.4268264770508
2024-05-20,93.75,95.1999969482422,93.4400024414062,94.7799987792969,318764000,94.7265472412109
2024-05-21,93.5989990234375,95.4000015258789,93.1800003051758,95.3860015869141,328946000,95.3322067260742
2024-05-22,95.4589996337891,96.0199966430664,93.2490005493164,94.9499969482422,548648000,94.8964538574219
2024-05-23,102.02799987793,106.319999694824,101.519996643066,103.799003601074,835065000,103.740455627441
2024-05-24,104.448997497559,106.474998474121,103,106.46900177002,429494000,106.40894317627
2024-05-28,110.244003295898,114.939002990723,109.883003234863,113.901000976562,652728000,113.836753845215
2024-05-29,113.050003051758,115.491996765137,110.901000976562,114.824996948242,557442000,114.760231018066
2024-05-30,114.650001525879,115.819000244141,109.66300201416,110.5,484553000,110.43766784668
2024-05-31,112.519996643066,112.717002868652,106.940002441406,109.633003234863,613263000,109.571159362793
2024-06-03,113.621002197266,115,112.002998352051,115,438392000,114.935134887695
2024-06-04,115.716003417969,116.599998474121,114.044998168945,116.436996459961,403324000,116.37133026123
2024-06-05,118.371002197266,122.448997497559,117.468002319336,122.440002441406,528402000,122.370941162109
2024-06-06,124.047996520996,125.58699798584,118.319999694824,120.998001098633,664696000,120.929763793945
2024-06-07,119.769996643066,121.692001342773,118.022003173828,120.888000488281,412386000,120.81982421875
2024-06-10,120.370002746582,123.099998474121,117.01000213623,121.790000915527,313434100,121.721305847168
2024-06-11,121.769996643066,122.870002746582,118.73999786377,120.910003662109,222551200,120.851745605469
2024-06-12,123.059997558594,126.879997253418,122.569999694824,125.199996948242,299595000,125.139656066895
2024-06-13,129.389999389648,129.800003051758,127.160003662109,129.610000610352,260704500,129.54753112793
2024-06-14,129.960006713867,132.839996337891,128.320007324219,131.880004882812,309320400,131.816452026367
2024-06-17,132.990005493164,133.729995727539,129.580001831055,130.979995727539,288504400,130.916885375977
2024-06-18,131.139999389648,136.330001831055,130.690002441406,135.580001831055,294335100,135.514663696289
2024-06-20,139.800003051758,140.759994506836,129.520004272461,130.779998779297,517768400,130.716979980469
2024-06-21,127.120002746582,130.630004882812,124.300003051758,126.569999694824,649445800,126.508995056152
2024-06-24,123.23999786377,124.459999084473,118.040000915527,118.110000610352,476060900,118.053070068359
2024-06-25,121.199996948242,126.5,119.319999694824,126.089996337891,414192600,126.029235839844
2024-06-26,126.129997253418,128.119995117188,122.599998474121,126.400001525879,362975900,126.339096069336
2024-06-27,124.099998474121,126.410003662109,122.919998168945,123.98999786377,252571700,123.930252075195
2024-06-28,124.580001831055,127.709999084473,122.75,123.540000915527,315516700,123.48046875
2024-07-01,123.470001220703,124.839996337891,118.830001831055,124.300003051758,284885500,124.240104675293
2024-07-02,121.129997253418,123.410003662109,121.029998779297,122.669998168945,218374000,122.610877990723
2024-07-03,121.660003662109,128.279998779297,121.360000610352,128.279998779297,215749000,128.218170166016
2024-07-05,127.379997253418,128.850006103516,125.680000305176,125.830001831055,214176700,125.769355773926
2024-07-08,127.48999786377,130.770004272461,127.040000915527,128.199996948242,237677300,128.13818359375
2024-07-09,130.350006103516,133.820007324219,128.649993896484,131.380004882812,285366600,131.316696166992
2024-07-10,134.029998779297,135.100006103516,132.419998168945,134.910003662109,248978600,134.845001220703
2024-07-11,135.75,136.149993896484,127.050003051758,127.400001525879,374782700,127.338600158691
2024-07-12,128.259994506836,131.919998168945,127.220001220703,129.240005493164,252680500,129.177749633789
2024-07-15,130.559997558594,131.389999389648,127.180000305176,128.440002441406,208326200,128.378112792969
2024-07-16,128.440002441406,129.039993286133,124.580001831055,126.360000610352,214769500,126.299102783203
2024-07-17,121.349998474121,121.849998474121,116.720001220703,117.98999786377,390086200,117.933128356934
2024-07-18,121.849998474121,122.400001525879,116.559997558594,121.089996337891,320979500,121.031646728516
2024-07-19,120.349998474121,121.599998474121,117.370002746582,117.930000305176,217223800,117.873176574707
2024-07-22,120.349998474121,124.069999694824,119.860000610352,123.540000915527,258068900,123.48046875
2024-07-23,122.779998779297,124.690002441406,122.099998474121,122.589996337891,173911000,122.530914306641
2024-07-24,119.169998168945,119.949996948242,113.440002441406,114.25,327776900,114.194938659668
2024-07-25,113.040000915527,116.629997253418,106.300003051758,112.279998779297,460067000,112.225891113281
2024-07-26,116.190002441406,116.199996948242,111.580001831055,113.059997558594,293399100,113.005508422852
2024-07-29,113.690002441406,116.279998779297,111.300003051758,111.589996337891,248152100,111.536224365234
2024-07-30,111.519996643066,111.98999786377,102.540000915527,103.730003356934,486833300,103.68000793457
2024-07-31,112.900001525879,118.339996337891,110.879997253418,117.019996643066,473174200,116.963600158691
2024-08-01,117.529998779297,120.160003662109,106.809997558594,109.209999084473,523462300,109.157363891602
2024-08-02,103.76000213623,108.720001220703,101.370002746582,107.269996643066,482027500,107.218307495117
2024-08-05,92.0599975585938,103.410003662109,90.6900024414062,100.449996948242,552842400,100.401588439941
2024-08-06,103.839996337891,107.709999084473,100.550003051758,104.25,409012100,104.199760437012
2024-08-07,107.809997558594,108.800003051758,98.6900024414062,98.9100036621094,411440400,98.8623428344727
2024-08-08,102,105.5,97.5199966430664,104.970001220703,391910000,104.919418334961
2024-08-09,105.639999389648,106.599998474121,103.430000305176,104.75,290844200,104.699516296387
2024-08-12,106.319999694824,111.069999694824,106.26000213623,109.019996643066,325559900,108.967468261719
2024-08-13,112.440002441406,116.230003356934,111.580001831055,116.139999389648,312646700,116.084022521973
2024-08-14,118.529998779297,118.599998474121,114.069999694824,118.080001831055,339246400,118.023101806641
2024-08-15,118.76000213623,123.23999786377,117.470001220703,122.860000610352,318086700,122.800796508789
2024-08-16,121.940002441406,125,121.180000305176,124.580001831055,302589900,124.519950866699
2024-08-19,124.279998779297,130,123.419998168945,130,318333600,129.937347412109
2024-08-20,128.399993896484,129.880004882812,125.889999389648,127.25,300087400,127.188682556152
2024-08-21,127.319999694824,129.350006103516,126.660003662109,128.5,257883600,128.438064575195
2024-08-22,130.020004272461,130.75,123.099998474121,123.73999786377,376189100,123.680366516113
2024-08-23,125.860000610352,129.600006103516,125.220001220703,129.369995117188,323230300,129.307632446289
2024-08-26,129.570007324219,131.259994506836,124.370002746582,126.459999084473,331964700,126.399055480957
2024-08-27,125.050003051758,129.199996948242,123.879997253418,128.300003051758,303134600,128.238174438477
2024-08-28,128.119995117188,128.330001831055,122.639999389648,125.610000610352,448101100,125.549468994141
2024-08-29,121.360000610352,124.430000305176,116.709999084473,117.589996337891,453023300,117.533325195312
2024-08-30,119.529998779297,121.75,117.220001220703,119.370002746582,333751600,119.312469482422
2024-09-03,116.01000213623,116.209999084473,107.290000915527,108,477155100,107.947944641113
2024-09-04,105.410003662109,113.269996643066,104.120002746582,106.209999084473,372470300,106.158805847168
2024-09-05,104.98999786377,109.650001525879,104.76000213623,107.209999084473,306850700,107.158332824707
2024-09-06,108.040000915527,108.150001525879,100.949996948242,102.830001831055,413638100,102.780448913574
2024-09-09,104.879997253418,106.550003051758,103.690002441406,106.470001220703,273912000,106.418685913086
2024-09-10,107.809997558594,109.400001525879,104.949996948242,108.099998474121,268283700,108.047889709473
2024-09-11,109.389999389648,117.190002441406,107.419998168945,116.910003662109,441422400,116.853652954102
2024-09-12,116.839996337891,120.790000915527,115.379997253418,119.139999389648,366052700,119.0927734375
2024-09-13,119.080001831055,119.959999084473,117.599998474121,119.099998474121,238358300,119.052780151367
2024-09-16,116.790000915527,118.180000305176,114.360000610352,116.779998779297,248772300,116.733703613281
2024-09-17,118.169998168945,118.800003051758,114.830001831055,115.589996337891,231925900,115.544174194336
2024-09-18,115.889999389648,117.699996948242,113.220001220703,113.370002746582,310318900,113.325050354004
2024-09-19,117.349998474121,119.660003662109,117.25,117.870002746582,293506400,117.823272705078
2024-09-20,117.059997558594,118.620002746582,115.389999389648,116,382462400,115.95401763916
2024-09-23,116.550003051758,116.98999786377,114.860000610352,116.26000213623,206228500,116.213912963867
2024-09-24,116.519996643066,121.800003051758,115.379997253418,120.870002746582,354966800,120.822090148926
2024-09-25,122.019996643066,124.940002441406,121.610000610352,123.51000213623,284692900,123.461036682129
2024-09-26,126.800003051758,127.669998168945,121.800003051758,124.040000915527,302582900,123.990829467773
2024-09-27,123.970001220703,124.029998779297,119.26000213623,121.400001525879,271009200,121.351875305176
2024-09-30,118.309997558594,121.5,118.150001525879,121.440002441406,226553700,121.391860961914
2024-10-01,121.769996643066,122.440002441406,115.790000915527,117,302094500,116.953628540039
2024-10-02,116.440002441406,119.379997253418,115.139999389648,118.849998474121,221845900,118.802879333496
2024-10-03,120.919998168945,124.360000610352,120.339996337891,122.849998474121,277118000,122.801300048828
2024-10-04,124.940002441406,125.040000915527,121.830001831055,124.919998168945,243678100,124.870475769043
2024-10-07,124.98999786377,130.639999389648,124.949996948242,127.720001220703,346250200,127.669364929199
2024-10-08,130.259994506836,133.479995727539,129.419998168945,132.889999389648,285722500,132.837310791016
2024-10-09,134.110000610352,134.520004272461,131.380004882812,132.649993896484,246191600,132.597412109375
2024-10-10,131.910003662109,135,131,134.809997558594,242311300,134.756561279297
2024-10-11,134.009994506836,135.779998779297,133.660003662109,134.800003051758,170209500,134.746566772461
2024-10-14,136.470001220703,139.600006103516,136.300003051758,138.070007324219,232347700,138.015274047852
2024-10-15,137.869995117188,138.570007324219,128.740005493164,131.600006103516,377831000,131.547836303711
2024-10-16,133.979995727539,136.619995117188,131.580001831055,135.720001220703,264879700,135.666198730469
2024-10-17,139.339996337891,140.889999389648,136.869995117188,136.929992675781,306435900,136.875717163086
2024-10-18,138.669998168945,138.899993896484,137.279998779297,138,176090200,137.945297241211
2024-10-21,138.130004882812,143.710006713867,138,143.710006713867,264554500,143.653030395508
2024-10-22,142.910003662109,144.419998168945,141.779998779297,143.589996337891,226311600,143.533096313477
2024-10-23,142.029998779297,142.429992675781,137.460006713867,139.559997558594,285930000,139.504669189453
2024-10-24,140.820007324219,141.350006103516,138.460006713867,140.410003662109,172354900,140.354339599609
2024-10-25,140.929992675781,144.130004882812,140.800003051758,141.539993286133,205122100,141.48388671875
2024-10-28,143,143.139999389648,140.050003051758,140.520004272461,173586700,140.464309692383
2024-10-29,140.289993286133,142.259994506836,138.899993896484,141.25,157593600,141.194000244141
2024-10-30,139.539993286133,140.330001831055,136.809997558594,139.339996337891,179418100,139.284759521484
2024-10-31,137.600006103516,137.610000610352,132.110000610352,132.759994506836,270039600,132.707382202148
2024-11-01,134.699996948242,137.309997558594,134.570007324219,135.399993896484,207127800,135.346328735352
2024-11-04,137.210006713867,138.960006713867,135.570007324219,136.050003051758,187528200,135.996078491211
2024-11-05,137.449996948242,140.369995117188,137.330001831055,139.910003662109,160537400,139.854537963867
2024-11-06,142.960006713867,146.490005493164,141.960006713867,145.610000610352,242043900,145.552276611328
2024-11-07,146.389999389648,148.929992675781,146.169998168945,148.880004882812,207323300,148.820983886719
2024-11-08,148.770004272461,149.770004272461,146.259994506836,147.630004882812,175665800,147.571487426758
2024-11-11,148.679992675781,148.850006103516,143.570007324219,145.259994506836,182325600,145.202407836914
2024-11-12,146.779998779297,149.649993896484,146.009994506836,148.289993286133,198634700,148.231201171875
2024-11-13,149.070007324219,149.330001831055,145.899993896484,146.270004272461,191903300,146.212005615234
2024-11-14,147.639999389648,149,145.550003051758,146.759994506836,194463300,146.701812744141
2024-11-15,144.869995117188,145.240005493164,140.080001831055,141.979995727539,250132900,141.923706054688
2024-11-18,139.5,141.550003051758,137.149993896484,140.149993896484,221205300,140.094421386719
2024-11-19,141.320007324219,147.130004882812,140.990005493164,147.009994506836,227834900,146.951721191406
2024-11-20,147.410003662109,147.559997558594,142.729995727539,145.889999389648,309871700,145.832168579102
2024-11-21,149.350006103516,152.889999389648,140.699996948242,146.669998168945,400946600,146.611862182617
2024-11-22,145.929992675781,147.160003662109,141.100006103516,141.949996948242,236406200,141.89372253418
2024-11-25,141.990005493164,142.050003051758,135.820007324219,136.020004272461,344941900,135.966094970703
2024-11-26,137.699996948242,139.300003051758,135.669998168945,136.919998168945,190287700,136.86572265625
2024-11-27,135.009994506836,137.220001220703,131.800003051758,135.339996337891,226370900,135.286331176758
2024-11-29,136.779998779297,139.350006103516,136.050003051758,138.25,141863200,138.195205688477
2024-12-02,138.830001831055,140.449996948242,137.820007324219,138.630004882812,171682800,138.57502746582
2024-12-03,138.259994506836,140.539993286133,137.949996948242,140.259994506836,164414000,140.204406738281
2024-12-04,142,145.789993286133,140.289993286133,145.139999389648,231224300,145.082458496094
2024-12-05,145.110000610352,146.539993286133,143.949996948242,145.059997558594,172621200,145.012496948242
2024-12-06,144.600006103516,145.699996948242,141.309997558594,142.440002441406,188505600,142.393356323242
2024-12-09,138.970001220703,139.949996948242,137.130004882812,138.809997558594,189308600,138.764526367188
2024-12-10,139.009994506836,141.820007324219,133.789993286133,135.070007324219,210020900,135.025756835938
2024-12-11,137.360000610352,140.169998168945,135.210006713867,139.309997558594,184905200,139.264358520508
2024-12-12,137.080001831055,138.440002441406,135.800003051758,137.339996337891,159211400,137.295013427734
2024-12-13,138.940002441406,139.600006103516,132.539993286133,134.25,231514900,134.206024169922
2024-12-16,134.179992675781,134.399993896484,130.419998168945,132,237951100,131.956756591797
2024-12-17,129.089996337891,131.589996337891,126.860000610352,130.389999389648,259410300,130.347290039062
2024-12-18,133.860000610352,136.699996948242,128.279998779297,128.910003662109,277444500,128.867782592773
2024-12-19,131.759994506836,134.029998779297,129.550003051758,130.679992675781,209719200,130.637176513672
2024-12-20,129.809997558594,135.279998779297,128.220001220703,134.699996948242,306528600,134.655868530273
2024-12-23,136.279998779297,139.789993286133,135.119995117188,139.669998168945,176053500,139.624252319336
2024-12-24,140,141.899993896484,138.649993896484,140.220001220703,105157000,140.174087524414
2024-12-26,139.699996948242,140.850006103516,137.729995727539,139.929992675781,116205600,139.884170532227
2024-12-27,138.550003051758,139.020004272461,134.710006713867,137.009994506836,170582600,136.965103149414
2024-12-30,134.830001831055,140.270004272461,134.020004272461,137.490005493164,167734700,137.444946289062
2024-12-31,138.029998779297,138.070007324219,133.830001831055,134.289993286133,155659200,134.246017456055
2025-01-02,136,138.880004882812,134.630004882812,138.309997558594,198247200,138.264694213867
2025-01-03,140.009994506836,144.899993896484,139.729995727539,144.470001220703,229322500,144.42268371582
2025-01-06,148.589996337891,152.160003662109,147.820007324219,149.429992675781,265377400,149.381042480469
2025-01-07,153.029998779297,153.130004882812,140.009994506836,140.139999389648,351782200,140.094085693359
2025-01-08,142.580001831055,143.949996948242,137.559997558594,140.110000610352,227349900,140.064102172852
2025-01-10,137.449996948242,139.919998168945,134.220001220703,135.910003662109,207602500,135.865493774414
2025-01-13,129.990005493164,133.490005493164,129.509994506836,133.229995727539,204808900,133.186370849609
2025-01-14,136.050003051758,136.380004882812,130.050003051758,131.759994506836,195590500,131.716827392578
2025-01-15,133.649993896484,136.449996948242,131.289993286133,136.240005493164,185217300,136.195388793945
2025-01-16,138.639999389648,138.75,133.490005493164,133.570007324219,209235600,133.526260375977
2025-01-17,136.690002441406,138.5,135.460006713867,137.710006713867,201188800,137.664901733398
2025-01-21,139.160003662109,141.830001831055,137.089996337891,140.830001831055,197749000,140.783874511719
2025-01-22,144.660003662109,147.789993286133,143.669998168945,147.070007324219,237651400,147.021850585938
2025-01-23,145.050003051758,147.229995727539,143.720001220703,147.220001220703,155915500,147.171783447266
2025-01-24,148.369995117188,148.970001220703,141.880004882812,142.619995117188,234657600,142.573272705078
2025-01-27,124.800003051758,128.399993896484,116.699996948242,118.419998168945,818830900,118.381210327148
2025-01-28,121.809997558594,129,116.25,128.990005493164,579666400,128.94775390625
2025-01-29,126.5,126.889999389648,120.050003051758,123.699996948242,467120600,123.659484863281
2025-01-30,123.099998474121,125,118.099998474121,124.650001525879,392925500,124.609169006348
2025-01-31,123.779998779297,127.849998474121,119.190002441406,120.069999694824,388161100,120.030670166016
2025-02-03,114.75,118.569999694824,113.01000213623,116.660003662109,371235700,116.621795654297
2025-02-04,116.959999084473,121.199996948242,116.699996948242,118.650001525879,256550000,118.611129760742
2025-02-05,121.76000213623,125,120.76000213623,124.830001831055,262230800,124.789115905762
2025-02-06,127.419998168945,128.770004272461,125.209999084473,128.679992675781,251483600,128.637847900391
2025-02-07,129.220001220703,130.369995117188,125,129.839996337891,228186300,129.797454833984
2025-02-10,130.089996337891,135,129.960006713867,133.570007324219,216989100,133.526260375977
2025-02-11,132.580001831055,134.479995727539,131.020004272461,132.800003051758,178902400,132.75651550293
2025-02-12,130.020004272461,132.240005493164,129.080001831055,131.139999389648,160278600,131.097061157227
2025-02-13,131.559997558594,136.5,131.169998168945,135.289993286133,197430000,135.245681762695
2025-02-14,136.479995727539,139.25,135.5,138.850006103516,195479600,138.804534912109
2025-02-18,141.270004272461,143.440002441406,137.929992675781,139.399993896484,219176600,139.354354858398
2025-02-19,139.509994506836,141.360000610352,137.220001220703,139.229995727539,167536000,139.184387207031
2025-02-20,140.029998779297,140.660003662109,136.789993286133,140.110000610352,143903600,140.064102172852
2025-02-21,140.039993286133,141.460006713867,134.029998779297,134.429992675781,228217600,134.385955810547
2025-02-24,136.559997558594,138.589996337891,130.080001831055,130.279998779297,251381100,130.237335205078
2025-02-25,129.979995727539,130.199996948242,124.440002441406,126.629997253418,271428700,126.588516235352
2025-02-26,129.990005493164,133.729995727539,128.490005493164,131.279998779297,322553800,131.236999511719
2025-02-27,135,135.009994506836,120.01000213623,120.150001525879,443175800,120.110641479492
2025-02-28,118.019996643066,125.089996337891,116.400001525879,124.919998168945,389091100,124.879081726074
2025-03-03,123.51000213623,123.699996948242,112.279998779297,114.059997558594,411381400,114.022636413574
2025-03-04,110.650001525879,119.309997558594,110.110000610352,115.98999786377,398163300,115.952003479004
2025-03-05,117.580001831055,118.279998779297,114.51000213623,117.300003051758,284337900,117.261573791504
2025-03-06,113.529998779297,115.349998474121,110.220001220703,110.569999694824,321181900,110.533782958984
2025-03-07,111.25,113.480003356934,107.559997558594,112.690002441406,341755500,112.653091430664
2025-03-10,109.900001525879,111.849998474121,105.459999084473,106.980003356934,366487400,106.944961547852
2025-03-11,106.98999786377,112.23999786377,104.769996643066,108.76000213623,354865700,108.724380493164
2025-03-12,114.120002746582,116.76000213623,112.879997253418,115.73999786377,323857500,115.712738037109
2025-03-13,117.029998779297,117.76000213623,113.790000915527,115.580001831055,299033100,115.552772521973
2025-03-14,118.610000610352,121.879997253418,118.150001525879,121.669998168945,277593500,121.641334533691
2025-03-17,122.73999786377,122.889999389648,118.029998779297,119.529998779297,255501500,119.501838684082
2025-03-18,118,119.019996643066,114.540000915527,115.430000305176,299686900,115.402801513672
2025-03-19,117.269996643066,120.449996948242,115.680000305176,117.519996643066,273426200,117.492309570312
2025-03-20,116.550003051758,120.199996948242,116.470001220703,118.529998779297,248829700,118.502067565918
2025-03-21,116.940002441406,117.98999786377,115.419998168945,117.699996948242,266498500,117.672264099121
2025-03-24,119.879997253418,122.220001220703,119.339996337891,121.410003662109,228452500,121.381401062012
2025-03-25,120.550003051758,121.290000915527,118.919998168945,120.690002441406,167447200,120.661567687988
2025-03-26,118.730003356934,118.839996337891,112.709999084473,113.76000213623,293463300,113.733200073242
2025-03-27,111.349998474121,114.449996948242,110.660003662109,111.430000305176,236902100,111.403755187988
2025-03-28,111.48999786377,112.870002746582,109.069999694824,109.669998168945,229872500,109.644165039062
2025-03-31,105.129997253418,110.959999084473,103.650001525879,108.379997253418,299212700,108.354461669922
2025-04-01,108.519996643066,110.199996948242,106.470001220703,110.150001525879,222614000,110.124046325684
2025-04-02,107.290000915527,111.980003356934,106.790000915527,110.419998168945,220601200,110.393981933594
2025-04-03,103.51000213623,105.629997253418,101.599998474121,101.800003051758,338769400,101.776016235352
2025-04-04,98.9100036621094,100.129997253418,92.1100006103516,94.3099975585938,532273800,94.2877807617188
2025-04-07,87.4599990844727,101.75,86.620002746582,97.6399993896484,611041300,97.6169967651367
2025-04-08,103.809997558594,105.849998474121,94.4599990844727,96.3000030517578,476243400,96.2773132324219
2025-04-09,98.8899993896484,115.099998474121,97.5299987792969,114.330001831055,612918300,114.303062438965
2025-04-10,109.370002746582,110.860000610352,99.1500015258789,107.569999694824,437812400,107.544654846191
2025-04-11,108.5,111.550003051758,107.480003356934,110.930000305176,313417300,110.903861999512
2025-04-14,114.110000610352,114.290000915527,109.069999694824,110.709999084473,264705000,110.68391418457
2025-04-15,110.970001220703,113.620002746582,110.5,112.199996948242,228966900,112.173561096191
2025-04-16,104.550003051758,106.790000915527,100.449996948242,104.48999786377,397016900,104.465385437012
2025-04-17,104.449996948242,104.470001220703,100.050003051758,101.48999786377,292517500,101.466087341309
2025-04-21,98.7699966430664,99.4400024414062,95.0400009155273,96.9100036621094,288501100,96.8871765136719
2025-04-22,98.7799987792969,99.8099975585938,97.2799987792969,98.8899993896484,241004800,98.8667068481445
2025-04-23,104.519996643066,104.800003051758,102.019996643066,102.709999084473,247526000,102.68579864502
2025-04-24,103.480003356934,106.540000915527,103.110000610352,106.430000305176,220815000,106.404922485352
2025-04-25,106.849998474121,111.919998168945,105.730003356934,111.01000213623,251064700,110.983856201172
2025-04-28,109.690002441406,110.370002746582,106.019996643066,108.730003356934,207708500,108.704391479492
2025-04-29,107.669998168945,110.199996948242,107.440002441406,109.019996643066,170444300,108.994316101074
2025-04-30,104.470001220703,108.919998168945,104.080001831055,108.919998168945,235044600,108.894332885742
2025-05-01,113.080001831055,114.940002441406,111.300003051758,111.610000610352,236121500,111.583702087402
2025-05-02,114.180000305176,115.400001525879,113.370002746582,114.5,190194800,114.473030090332
2025-05-05,112.910003662109,114.669998168945,112.660003662109,113.819999694824,133163200,113.793190002441
2025-05-06,111.480003356934,114.73999786377,110.819999694824,113.540000915527,158525600,113.513259887695
2025-05-07,113.050003051758,117.680000305176,112.279998779297,117.059997558594,206758800,117.032424926758
2025-05-08,118.25,118.680000305176,115.849998474121,117.370002746582,198428100,117.342353820801
2025-05-09,117.349998474121,118.230003356934,115.209999084473,116.650001525879,132972200,116.622520446777
2025-05-12,121.970001220703,123,120.279998779297,123,225023300,122.971031188965
2025-05-13,124.980003356934,131.220001220703,124.470001220703,129.929992675781,330430100,129.899383544922
2025-05-14,133.199996948242,135.440002441406,131.679992675781,135.339996337891,281180800,135.30810546875
2025-05-15,134.289993286133,136.300003051758,132.660003662109,134.830001831055,226632600,134.798233032227
2025-05-16,136.220001220703,136.350006103516,133.460006713867,135.399993896484,226542500,135.368103027344
2025-05-19,132.389999389648,135.869995117188,132.389999389648,135.570007324219,193154600,135.538055419922
2025-05-20,134.289993286133,134.580001831055,132.619995117188,134.380004882812,161514200,134.348342895508
2025-05-21,133.059997558594,137.399993896484,130.589996337891,131.800003051758,270608700,131.768951416016
2025-05-22,132.229995727539,134.25,131.550003051758,132.830001831055,187344000,132.798706054688
2025-05-23,130,132.679992675781,129.160003662109,131.289993286133,198821300,131.259063720703
2025-05-27,134.149993896484,135.660003662109,133.309997558594,135.5,192953600,135.468063354492
2025-05-28,136.029998779297,137.25,134.789993286133,134.809997558594,304021100,134.778244018555
2025-05-29,142.25,143.490005493164,137.910003662109,139.190002441406,369241900,139.157211303711
2025-05-30,138.720001220703,139.619995117188,132.919998168945,135.130004882812,333170900,135.098175048828
2025-06-02,135.490005493164,138.119995117188,135.399993896484,137.380004882812,197663100,137.347640991211
2025-06-03,138.779998779297,142,137.949996948242,141.220001220703,225578800,141.186721801758
2025-06-04,142.190002441406,142.389999389648,139.539993286133,141.919998168945,167120800,141.886566162109
2025-06-05,142.169998168945,144,138.830001831055,139.990005493164,231397900,139.95703125
2025-06-06,142.509994506836,143.270004272461,141.509994506836,141.720001220703,153986200,141.686599731445
2025-06-09,143.190002441406,145,141.940002441406,142.630004882812,185114500,142.596405029297
2025-06-10,142.690002441406,144.289993286133,141.529998779297,143.960006713867,155881900,143.926086425781
2025-06-11,144.610000610352,144.990005493164,141.869995117188,142.830001831055,167694000,142.806259155273
2025-06-12,141.970001220703,145,141.850006103516,145,162365000,144.97590637207
2025-06-13,142.479995727539,143.580001831055,140.850006103516,141.970001220703,180820600,141.946395874023
2025-06-16,143.350006103516,146.179992675781,143.199996948242,144.690002441406,183133700,144.665954589844
2025-06-17,144.490005493164,145.220001220703,143.779998779297,144.119995117188,139108000,144.096038818359
2025-06-18,144.009994506836,145.649993896484,143.119995117188,145.479995727539,161494100,145.455810546875
2025-06-20,145.449996948242,146.199996948242,142.649993896484,143.850006103516,242956200,143.826095581055
2025-06-23,142.5,144.779998779297,142.029998779297,144.169998168945,154308900,144.146041870117
2025-06-24,145.559997558594,147.960006713867,145.5,147.899993896484,187566100,147.875411987305
2025-06-25,149.270004272461,154.449996948242,149.259994506836,154.309997558594,269146500,154.284362792969
2025-06-26,155.979995727539,156.720001220703,154,155.020004272461,198145700,154.994232177734
2025-06-27,156.039993286133,158.710006713867,155.259994506836,157.75,263234500,157.723770141602
2025-06-30,158.399993896484,158.660003662109,155.960006713867,157.990005493164,194580300,157.963760375977
2025-07-01,156.289993286133,157.199996948242,151.490005493164,153.300003051758,213143600,153.274536132812
2025-07-02,152.979995727539,157.600006103516,152.970001220703,157.25,171224100,157.223861694336
2025-07-03,158.369995117188,160.979995727539,157.770004272461,159.339996337891,143716100,159.313522338867
2025-07-07,158.199996948242,159.309997558594,157.339996337891,158.240005493164,140139000,158.213714599609
2025-07-08,159.330001831055,160.220001220703,158.389999389648,160,138133000,159.973403930664
2025-07-09,161.220001220703,164.419998168945,161.160003662109,162.880004882812,183656400,162.852935791016
2025-07-10,164.320007324219,164.5,161.610000610352,164.100006103516,167704100,164.072738647461
2025-07-11,163.720001220703,167.889999389648,163.470001220703,164.919998168945,193633300,164.892593383789
2025-07-14,165.369995117188,165.490005493164,162.020004272461,164.070007324219,136975800,164.042739868164
2025-07-15,171.190002441406,172.399993896484,169.199996948242,170.699996948242,230627400,170.671630859375
2025-07-16,171.059997558594,171.75,168.899993896484,171.369995117188,158831500,171.341522216797
2025-07-17,172.020004272461,174.160003662109,170.830001831055,173,160841100,172.971252441406
2025-07-18,173.639999389648,174.25,171.259994506836,172.410003662109,146456400,172.38134765625
2025-07-21,172.75,173.380004882812,171,171.380004882812,123126100,171.351531982422
2025-07-22,171.339996337891,171.389999389648,164.580001831055,167.029998779297,193114300,167.002258300781
2025-07-23,169.529998779297,171.259994506836,167.970001220703,170.779998779297,154082200,170.751617431641
2025-07-24,172.440002441406,173.830001831055,171.300003051758,173.740005493164,128984600,173.711135864258
2025-07-25,173.610000610352,174.720001220703,172.960006713867,173.5,122316800,173.471176147461
2025-07-28,174.020004272461,177,173.970001220703,176.75,140023500,176.720626831055
2025-07-29,177.960006713867,179.380004882812,175.020004272461,175.509994506836,154077500,175.480834960938
2025-07-30,176.509994506836,179.889999389648,176.039993286133,179.270004272461,174312200,179.240219116211
2025-07-31,182.899993896484,183.300003051758,175.929992675781,177.869995117188,221685400,177.840438842773
2025-08-01,174.089996337891,176.539993286133,170.889999389648,173.720001220703,204529000,173.691131591797
2025-08-04,175.160003662109,180.199996948242,174.520004272461,180,148174600,179.970092773438
2025-08-05,179.619995117188,180.259994506836,175.899993896484,178.259994506836,156407600,178.230377197266
2025-08-06,176.330001831055,179.899993896484,176.25,179.419998168945,137192300,179.390182495117
2025-08-07,181.570007324219,183.880004882812,178.800003051758,180.770004272461,151878400,180.739974975586
2025-08-08,181.550003051758,183.300003051758,180.399993896484,182.699996948242,123396700,182.669631958008
2025-08-11,182.050003051758,183.839996337891,180.25,182.059997558594,138323200,182.029739379883
2025-08-12,182.960006713867,184.479995727539,179.460006713867,183.160003662109,145485700,183.12956237793
2025-08-13,182.619995117188,183.970001220703,179.350006103516,181.589996337891,179871700,181.559829711914
2025-08-14,179.75,183.020004272461,179.460006713867,182.020004272461,129554000,181.98974609375
2025-08-15,181.880004882812,181.899993896484,178.039993286133,180.449996948242,156602200,180.420013427734
2025-08-18,180.600006103516,182.940002441406,180.589996337891,182.009994506836,132008000,181.979736328125
2025-08-19,182.429992675781,182.5,175.490005493164,175.639999389648,185229200,175.610809326172
2025-08-20,175.169998168945,176,168.800003051758,175.399993896484,215142700,175.370849609375
2025-08-21,174.850006103516,176.899993896484,173.809997558594,174.979995727539,140040900,174.950912475586
2025-08-22,172.610000610352,178.589996337891,171.199996948242,177.990005493164,172789400,177.960433959961
2025-08-25,178.350006103516,181.910003662109,176.570007324219,179.809997558594,163012800,179.780120849609
2025-08-26,180.059997558594,182.389999389648,178.809997558594,181.770004272461,168688200,181.739791870117
2025-08-27,181.979995727539,182.490005493164,179.100006103516,181.600006103516,235518900,181.56982421875
2025-08-28,180.820007324219,184.470001220703,176.410003662109,180.169998168945,281787800,180.140060424805
2025-08-29,178.110000610352,178.149993896484,173.149993896484,174.179992675781,243257900,174.15104675293
2025-09-02,170,172.380004882812,167.220001220703,170.779998779297,231164900,170.751617431641
2025-09-03,171.059997558594,172.410003662109,168.880004882812,170.619995117188,164424900,170.591659545898
2025-09-04,170.570007324219,171.860000610352,169.410003662109,171.660003662109,141670100,171.631484985352
2025-09-05,168.029998779297,169.029998779297,164.070007324219,167.020004272461,224441400,166.992263793945
2025-09-08,167.550003051758,170.960006713867,167.350006103516,168.309997558594,163769100,168.282028198242
2025-09-09,169.089996337891,170.979995727539,166.740005493164,170.759994506836,157548400,170.73161315918
2025-09-10,176.639999389648,179.289993286133,175.470001220703,177.330001831055,226852000,177.300537109375
2025-09-11,179.679992675781,180.279998779297,176.479995727539,177.169998168945,151159300,177.15055847168
2025-09-12,177.770004272461,178.600006103516,176.449996948242,177.820007324219,124911000,177.800476074219
2025-09-15,175.669998168945,178.850006103516,174.509994506836,177.75,147061600,177.730499267578
2025-09-16,177,177.5,174.380004882812,174.880004882812,140737800,174.860809326172
2025-09-17,172.639999389648,173.199996948242,168.410003662109,170.289993286133,211843800,170.271301269531
2025-09-18,173.979995727539,177.100006103516,172.960006713867,176.240005493164,191763300,176.220657348633
2025-09-19,175.770004272461,178.080001831055,175.179992675781,176.669998168945,237182100,176.650588989258
2025-09-22,175.300003051758,184.550003051758,174.710006713867,183.610000610352,269637000,183.58984375
2025-09-23,181.970001220703,182.419998168945,176.210006713867,178.429992675781,192559600,178.410400390625
2025-09-24,179.770004272461,179.779998779297,175.399993896484,176.970001220703,143564100,176.950561523438
2025-09-25,174.479995727539,180.259994506836,173.130004882812,177.690002441406,191586700,177.670501708984
2025-09-26,178.169998168945,179.770004272461,174.929992675781,178.190002441406,148573700,178.170440673828
2025-09-29,180.429992675781,184,180.320007324219,181.850006103516,193063500,181.830047607422
2025-09-30,182.080001831055,187.350006103516,181.479995727539,186.580001831055,236981000,186.559509277344
2025-10-01,185.240005493164,188.139999389648,183.899993896484,187.240005493164,173844900,187.219451904297
2025-10-02,189.600006103516,191.050003051758,188.059997558594,188.889999389648,136805800,188.869262695312
2025-10-03,189.190002441406,190.360000610352,185.380004882812,187.619995117188,137596900,187.599411010742
2025-10-06,185.5,187.229995727539,183.330001831055,185.539993286133,157678100,185.519622802734
2025-10-07,186.229995727539,189.059997558594,184,185.039993286133,140088000,185.019683837891
2025-10-08,186.570007324219,189.600006103516,186.539993286133,189.110000610352,130168900,189.089233398438
2025-10-09,192.229995727539,195.300003051758,191.059997558594,192.570007324219,182997200,192.548858642578
2025-10-10,193.509994506836,195.619995117188,182.050003051758,183.160003662109,268774400,183.139892578125
2025-10-13,187.970001220703,190.110000610352,185.960006713867,188.320007324219,153482800,188.299331665039
2025-10-14,184.770004272461,184.800003051758,179.699996948242,180.029998779297,205641400,180.010223388672
2025-10-15,184.800003051758,184.869995117188,177.289993286133,179.830001831055,214450500,179.810256958008
2025-10-16,182.229995727539,183.279998779297,179.770004272461,181.809997558594,179723300,181.7900390625
2025-10-17,180.179992675781,184.100006103516,179.75,183.220001220703,173135200,183.199890136719
2025-10-20,183.130004882812,185.199996948242,181.729995727539,182.639999389648,128544700,182.61994934082
2025-10-21,182.789993286133,182.789993286133,179.800003051758,181.160003662109,124240200,181.140106201172
2025-10-22,181.139999389648,183.440002441406,176.759994506836,180.279998779297,162249600,180.260208129883
2025-10-23,180.419998168945,183.029998779297,179.789993286133,182.160003662109,111363700,182.139999389648
2025-10-24,183.839996337891,187.470001220703,183.5,186.259994506836,131296700,186.239532470703
2025-10-27,189.990005493164,192,188.429992675781,191.490005493164,153452700,191.468978881836
2025-10-28,193.050003051758,203.149993896484,191.910003662109,201.029998779297,297986200,201.007934570312
2025-10-29,207.979995727539,212.190002441406,204.779998779297,207.039993286133,308829600,207.017272949219
2025-10-30,205.149993896484,206.160003662109,201.410003662109,202.889999389648,178864400,202.867721557617
2025-10-31,206.449996948242,207.970001220703,202.070007324219,202.490005493164,179802200,202.4677734375
2025-11-03,208.080001831055,211.339996337891,205.559997558594,206.880004882812,180267300,206.857284545898
2025-11-04,203,203.970001220703,197.929992675781,198.690002441406,188919300,198.668182373047
2025-11-05,198.770004272461,202.919998168945,194.649993896484,195.210006713867,171350300,195.188583374023
2025-11-06,196.419998168945,197.619995117188,186.380004882812,188.080001831055,223029800,188.059356689453
2025-11-07,184.899993896484,188.320007324219,178.910003662109,188.149993896484,264942300,188.129348754883
2025-11-10,195.110000610352,199.940002441406,193.789993286133,199.050003051758,198897100,199.02815246582
2025-11-11,195.160003662109,195.419998168945,191.300003051758,193.160003662109,176483300,193.138793945312
2025-11-12,195.720001220703,195.889999389648,191.130004882812,193.800003051758,154935300,193.778732299805
2025-11-13,191.050003051758,191.440002441406,183.850006103516,186.860000610352,207423100,186.839477539062
2025-11-14,182.860000610352,191.009994506836,180.580001831055,190.169998168945,186591900,190.149108886719
2025-11-17,185.970001220703,189,184.320007324219,186.600006103516,173628900,186.579513549805
2025-11-18,183.380004882812,184.800003051758,179.649993896484,181.360000610352,213598900,181.340087890625
2025-11-19,184.789993286133,187.860000610352,182.830001831055,186.520004272461,247246400,186.499526977539
2025-11-20,195.949996948242,196,179.850006103516,180.639999389648,343504800,180.620162963867
2025-11-21,181.240005493164,184.559997558594,172.929992675781,178.880004882812,346926200,178.860366821289
2025-11-24,179.490005493164,183.5,176.479995727539,182.550003051758,256618300,182.529968261719
2025-11-25,174.910003662109,178.160003662109,169.550003051758,177.820007324219,320600300,177.800476074219
2025-11-26,181.630004882812,182.910003662109,178.240005493164,180.259994506836,183852000,180.240203857422
2025-11-28,179.009994506836,179.289993286133,176.5,177,121332800,176.980560302734
2025-12-01,174.759994506836,180.300003051758,173.679992675781,179.919998168945,188131000,179.900253295898
2025-12-02,181.759994506836,185.660003662109,180,181.460006713867,182632200,181.440078735352
2025-12-03,181.080001831055,182.449996948242,179.110000610352,179.589996337891,165138000,179.570281982422
2025-12-04,181.619995117188,184.520004272461,179.960006713867,183.380004882812,167364900,183.370086669922
2025-12-05,183.889999389648,184.660003662109,180.910003662109,182.410003662109,143971100,182.400131225586
2025-12-08,182.639999389648,188,182.399993896484,185.550003051758,204378100,185.539962768555
2025-12-09,185.559997558594,185.720001220703,183.320007324219,184.970001220703,144719700,184.959991455078
2025-12-10,184.970001220703,185.479995727539,182.039993286133,183.779998779297,162785400,183.770050048828
2025-12-11,180.279998779297,181.320007324219,176.619995117188,180.929992675781,182136600,180.920196533203
2025-12-12,181.110000610352,182.820007324219,174.619995117188,175.020004272461,204274900,175.010528564453
2025-12-15,177.940002441406,178.419998168945,175.029998779297,176.289993286133,164775600,176.280456542969
2025-12-16,176.259994506836,178.490005493164,174.899993896484,177.720001220703,148588100,177.710388183594
2025-12-17,176.100006103516,176.130004882812,170.309997558594,170.940002441406,222775500,170.930755615234
2025-12-18,174.529998779297,176.149993896484,171.820007324219,174.139999389648,176096000,174.130569458008
2025-12-19,176.669998168945,181.449996948242,176.339996337891,180.990005493164,324925900,180.980209350586
2025-12-22,183.919998168945,184.160003662109,182.350006103516,183.690002441406,129064400,183.680053710938
2025-12-23,182.970001220703,189.330001831055,182.899993896484,189.210006713867,174873600,189.199768066406
2025-12-24,187.940002441406,188.910003662109,186.589996337891,188.610000610352,65528500,188.599792480469
2025-12-26,189.919998168945,192.690002441406,188,190.529998779297,139740300,190.519683837891
2025-12-29,187.710006713867,188.759994506836,185.910003662109,188.220001220703,120006100,188.209808349609
2025-12-30,188.240005493164,188.990005493164,186.929992675781,187.539993286133,97687300,187.529846191406
