"Date","UNH.Open","UNH.High","UNH.Low","UNH.Close","UNH.Volume","UNH.Adjusted"
2021-01-04,351.450012207031,352.079986572266,340.380004882812,349.5,4203800,319.662200927734
2021-01-05,348.690002441406,351.359985351562,344.480010986328,344.799987792969,3160500,315.363342285156
2021-01-06,337.109985351562,359.489990234375,335.109985351562,359.269989013672,6561400,328.598022460938
2021-01-07,358.540008544922,366.450012207031,357.920013427734,365.029998779297,3366700,333.866363525391
2021-01-08,367,367.489990234375,358.760009765625,363.390014648438,2947800,332.366302490234
2021-01-11,362.619995117188,364.290008544922,359.190002441406,360.75,2695100,329.951690673828
2021-01-12,357.940002441406,360.079986572266,355.230010986328,357.369995117188,2372500,326.860260009766
2021-01-13,356.040008544922,356.809997558594,351.230010986328,355.040008544922,1974500,324.729248046875
2021-01-14,356.850006103516,358.809997558594,350.420013427734,350.529998779297,2919900,320.604278564453
2021-01-15,349.119995117188,353.049987792969,345.739990234375,351.299987792969,3777000,321.308441162109
2021-01-19,356.209991455078,356.959991455078,351.559997558594,352.190002441406,3361300,322.122528076172
2021-01-20,351.880004882812,352.079986572266,345.829986572266,350.839996337891,3036800,320.887756347656
2021-01-21,350.809997558594,360.890014648438,350.739990234375,355,3749800,324.692565917969
2021-01-22,353.309997558594,354.619995117188,347.540008544922,347.549987792969,2585100,317.878601074219
2021-01-25,347.149993896484,350.390014648438,344.600006103516,347.809997558594,2506300,318.116424560547
2021-01-26,350.510009765625,351.510009765625,342.570007324219,343.109985351562,2467500,313.817687988281
2021-01-27,337.040008544922,338,329.010009765625,332.989990234375,4770900,304.561645507812
2021-01-28,336.640014648438,346.579986572266,334.510009765625,338.149993896484,2769900,309.281066894531
2021-01-29,336.529998779297,339.019989013672,330.630004882812,333.579986572266,3899200,305.101287841797
2021-02-01,335.029998779297,338.149993896484,332.739990234375,334,3020200,305.485443115234
2021-02-02,337.100006103516,344.640014648438,337.100006103516,338.720001220703,2663700,309.802551269531
2021-02-03,338,340.160003662109,334.600006103516,337.890014648438,2537100,309.043304443359
2021-02-04,332.320007324219,335.290008544922,328.390014648438,329.320007324219,5962200,301.204986572266
2021-02-05,332.109985351562,333.480010986328,323.480010986328,324.510009765625,7227900,296.805633544922
2021-02-08,327.010009765625,327.019989013672,323.809997558594,324.339996337891,4758200,296.650115966797
2021-02-09,323.899993896484,331.040008544922,321.709991455078,329.630004882812,4096900,301.488464355469
2021-02-10,332.660003662109,335.760009765625,329.769989013672,333.399993896484,4122700,304.936614990234
2021-02-11,335,336.649993896484,331.5,333.070007324219,2776700,304.634857177734
2021-02-12,331.679992675781,332.399993896484,327.880004882812,328.239990234375,2760800,300.217132568359
2021-02-16,327.359985351562,329.839996337891,322.480010986328,324.619995117188,4339000,296.906219482422
2021-02-17,323.459991455078,328.600006103516,322.239990234375,326.859985351562,2620000,298.954986572266
2021-02-18,325.899993896484,329.579986572266,325.200012207031,328.410003662109,2383500,300.372711181641
2021-02-19,328.75,328.850006103516,324.109985351562,324.579986572266,2313800,296.86962890625
2021-02-22,321.5,329.049987792969,320.350006103516,327.640014648438,2688300,299.668395996094
2021-02-23,329.989990234375,333.940002441406,326.640014648438,329.510009765625,3225700,301.378784179688
2021-02-24,328.489990234375,333.600006103516,326.040008544922,332.209991455078,3360500,303.848205566406
2021-02-25,331,333.600006103516,327.359985351562,328.869995117188,2780100,300.793395996094
2021-02-26,330.549987792969,337.910003662109,329.850006103516,332.220001220703,5430000,303.857391357422
2021-03-01,334.359985351562,338.910003662109,333.679992675781,334.649993896484,4198900,306.079956054688
2021-03-02,335,337.670013427734,333.890014648438,334.640014648438,2568900,306.070770263672
2021-03-03,333.320007324219,338.160003662109,332.779998779297,332.869995117188,3039700,304.451812744141
2021-03-04,334.170013427734,340.839996337891,332.670013427734,333.809997558594,4991600,305.311645507812
2021-03-05,335.029998779297,348.290008544922,335.019989013672,347.100006103516,4563100,317.467010498047
2021-03-08,347.010009765625,354,345.600006103516,350.170013427734,3419900,320.27490234375
2021-03-09,352.920013427734,361.25,351.339996337891,351.980010986328,4277600,321.930328369141
2021-03-10,353.910003662109,354.480010986328,348.5,349.600006103516,3012300,319.753601074219
2021-03-11,350.760009765625,355.970001220703,349.869995117188,353.100006103516,2520500,322.954803466797
2021-03-12,353.170013427734,356.820007324219,351.989990234375,356.019989013672,2088700,326.782348632812
2021-03-15,356.920013427734,357.940002441406,351.549987792969,353.880004882812,2343400,324.818145751953
2021-03-16,353.529998779297,355.359985351562,351.910003662109,354.600006103516,2904200,325.478973388672
2021-03-17,355.170013427734,358.070007324219,351.829986572266,352.179992675781,2633100,323.257751464844
2021-03-18,352.869995117188,364.320007324219,352.339996337891,362.049987792969,3311600,332.317199707031
2021-03-19,361.920013427734,370.459991455078,359.010009765625,365.579986572266,8572900,335.557250976562
2021-03-22,365,368.579986572266,360.109985351562,366.859985351562,3505200,336.732116699219
2021-03-23,368.850006103516,371.540008544922,367.220001220703,368.5,3100100,338.237457275391
2021-03-24,366.049987792969,373.799987792969,365.510009765625,370.600006103516,3407800,340.164947509766
2021-03-25,370.600006103516,372.109985351562,363.390014648438,371.089996337891,3021500,340.61474609375
2021-03-26,371.679992675781,377.059997558594,370.290008544922,376.480010986328,2959800,345.562103271484
2021-03-29,376.359985351562,380.5,374.989990234375,379.059997558594,2740400,347.93017578125
2021-03-30,377.549987792969,379.880004882812,371.799987792969,373.559997558594,3066000,342.881958007812
2021-03-31,372.799987792969,377,371.799987792969,372.070007324219,3356500,341.514282226562
2021-04-01,372.200012207031,372.690002441406,365.760009765625,367.070007324219,2977700,336.924865722656
2021-04-05,369.619995117188,372.630004882812,367.640014648438,370.179992675781,2709400,339.779449462891
2021-04-06,368.779998779297,369.790008544922,362.720001220703,364.369995117188,2698600,334.446594238281
2021-04-07,364.190002441406,365.880004882812,360.549987792969,365.640014648438,2158900,335.612365722656
2021-04-08,363.109985351562,366.910003662109,363.109985351562,364.890014648438,2426700,334.923919677734
2021-04-09,368.350006103516,376.609985351562,367,376.299987792969,2483200,345.396942138672
2021-04-12,374.480010986328,379.829986572266,374.029998779297,376.279998779297,3057300,345.378540039062
2021-04-13,376.25,379.309997558594,374.329986572266,374.5,2652300,343.744720458984
2021-04-14,375.339996337891,378.010009765625,374.579986572266,375.630004882812,2805600,344.781921386719
2021-04-15,380,392.359985351562,380,390.010009765625,4488300,357.98095703125
2021-04-16,393.920013427734,393.920013427734,385.459991455078,391.010009765625,4532400,358.898864746094
2021-04-19,390,393.390014648438,388.470001220703,389.839996337891,2965400,357.825012207031
2021-04-20,389.859985351562,397.880004882812,389.420013427734,396.529998779297,3348100,363.965515136719
2021-04-21,398.859985351562,401.480010986328,395.440002441406,398.809997558594,2473300,366.058258056641
2021-04-22,398.440002441406,398.760009765625,393.190002441406,396.540008544922,2718600,363.974731445312
2021-04-23,395.619995117188,401.989990234375,394.5,400.309997558594,2263200,367.435119628906
2021-04-26,399.809997558594,400,395.209991455078,395.859985351562,1642300,363.3505859375
2021-04-27,394.660003662109,396.329986572266,392.299987792969,394.5,1758500,362.102325439453
2021-04-28,395.179992675781,396.989990234375,393.299987792969,394.589996337891,1886500,362.184844970703
2021-04-29,396.75,402.160003662109,396.299987792969,401.549987792969,1996500,368.573272705078
2021-04-30,401,401.859985351562,398.350006103516,398.799987792969,2328100,366.049072265625
2021-05-03,401,406.769989013672,400.529998779297,405.899993896484,2568500,372.565979003906
2021-05-04,405.480010986328,412.470001220703,403.5,411.339996337891,3237200,377.559234619141
2021-05-05,410.5,412.75,406.799987792969,412.5,2767600,378.6240234375
2021-05-06,413,416.850006103516,412.559997558594,414.970001220703,3058700,380.891235351562
2021-05-07,415,419.019989013672,414.070007324219,417.649993896484,1851000,383.351104736328
2021-05-10,419.269989013672,425.980010986328,418.220001220703,420.890014648438,2489300,386.325012207031
2021-05-11,421,422.290008544922,410.609985351562,411.700012207031,3024000,377.889709472656
2021-05-12,409.290008544922,410.850006103516,404.679992675781,405.369995117188,2888100,372.079467773438
2021-05-13,406.279998779297,413.179992675781,404.320007324219,408.559997558594,2637500,375.007537841797
2021-05-14,410.989990234375,412.589996337891,408.5,409.799987792969,2072900,376.145782470703
2021-05-17,409.309997558594,412.510009765625,408.570007324219,408.630004882812,1583900,375.071868896484
2021-05-18,409.690002441406,412.959991455078,406.269989013672,410.380004882812,2694800,376.678161621094
2021-05-19,409.489990234375,410.720001220703,404.25,409.5,2783100,375.870361328125
2021-05-20,409.529998779297,413.829986572266,408.320007324219,408.640014648438,2105800,375.081085205078
2021-05-21,410.760009765625,418.630004882812,409.459991455078,411.630004882812,4295400,377.825439453125
2021-05-24,412.369995117188,413.899993896484,409.920013427734,410.950012207031,1883600,377.201324462891
2021-05-25,411.850006103516,413.859985351562,408.890014648438,413.049987792969,2285600,379.128845214844
2021-05-26,412.100006103516,415.299987792969,411.010009765625,413.209991455078,1903900,379.275695800781
2021-05-27,414.920013427734,415.109985351562,410.380004882812,412.700012207031,2041800,378.807647705078
2021-05-28,412.700012207031,415.470001220703,410.019989013672,411.920013427734,2367900,378.091644287109
2021-06-01,413.730010986328,413.730010986328,406.160003662109,406.720001220703,2199600,373.318695068359
2021-06-02,409.140014648438,409.140014648438,404.549987792969,405.850006103516,2232900,372.520141601562
2021-06-03,403.5,409.760009765625,402.839996337891,407.959991455078,2281200,374.456878662109
2021-06-04,410.959991455078,411,404.649993896484,405.640014648438,2990900,372.327392578125
2021-06-07,406.959991455078,407.209991455078,398.690002441406,400.25,3353800,367.380004882812
2021-06-08,400.720001220703,402.75,398.75,401.739990234375,3051300,368.747711181641
2021-06-09,403.329986572266,405.779998779297,400.529998779297,401.100006103516,1925700,368.160278320312
2021-06-10,401.910003662109,402.850006103516,398.470001220703,401.489990234375,4033600,368.518188476562
2021-06-11,403.350006103516,403.359985351562,394.779998779297,397.890014648438,3094300,365.213897705078
2021-06-14,397.299987792969,399.470001220703,395.130004882812,399.160003662109,2674900,366.379516601562
2021-06-15,399.959991455078,401.5,396.470001220703,400.279998779297,2845800,367.407592773438
2021-06-16,401.100006103516,403.149993896484,396.670013427734,397.25,3330800,364.626403808594
2021-06-17,396,398.070007324219,394.609985351562,397.350006103516,3532000,364.71826171875
2021-06-18,387.279998779297,392.660003662109,387.25,389.369995117188,5521400,358.702514648438
2021-06-21,389.369995117188,399.200012207031,389.220001220703,398.070007324219,3839300,366.71728515625
2021-06-22,400.609985351562,400.649993896484,397.820007324219,398.690002441406,3964600,367.288452148438
2021-06-23,397.820007324219,399,395.269989013672,395.559997558594,2942100,364.405029296875
2021-06-24,398.320007324219,402.160003662109,396.839996337891,398.869995117188,3309100,367.454254150391
2021-06-25,400.100006103516,409.980010986328,399.019989013672,404.950012207031,16928900,373.055450439453
2021-06-28,404.950012207031,404.989990234375,397.929992675781,401.459991455078,3193300,369.840270996094
2021-06-29,401.970001220703,403.200012207031,397.480010986328,398.100006103516,2458800,366.744873046875
2021-06-30,397.540008544922,401.399993896484,396.799987792969,400.440002441406,2875600,368.900512695312
2021-07-01,402.029998779297,405.209991455078,401.809997558594,404.890014648438,2678100,373.000152587891
2021-07-02,405.089996337891,409.869995117188,403.880004882812,409.359985351562,1982400,377.118041992188
2021-07-06,408.670013427734,411.160003662109,405.709991455078,410.260009765625,2615300,377.947174072266
2021-07-07,410.350006103516,412.179992675781,407.200012207031,411.660003662109,2270400,379.236877441406
2021-07-08,408.609985351562,410.829986572266,405.079986572266,409.950012207031,2032300,377.661590576172
2021-07-09,412.529998779297,413.25,410.640014648438,412.109985351562,2078900,379.651397705078
2021-07-12,411.019989013672,416.399993896484,410.309997558594,416.040008544922,2802600,383.271911621094
2021-07-13,416.380004882812,419.690002441406,415.709991455078,418.540008544922,2948900,385.574981689453
2021-07-14,420.769989013672,422.529998779297,413.350006103516,414.739990234375,3538700,382.074310302734
2021-07-15,411.910003662109,421.730010986328,407.200012207031,420.049987792969,3546500,386.966094970703
2021-07-16,421.359985351562,422.290008544922,417.640014648438,419.700012207031,2625400,386.643646240234
2021-07-19,417.239990234375,419.529998779297,406.809997558594,409.059997558594,3611300,376.841644287109
2021-07-20,411,417.730010986328,410.609985351562,412.970001220703,3186700,380.443725585938
2021-07-21,417.059997558594,417.230010986328,410.829986572266,414.640014648438,1863700,381.982177734375
2021-07-22,416.019989013672,416.829986572266,413.730010986328,415.769989013672,1421900,383.023101806641
2021-07-23,417.899993896484,419.339996337891,415.989990234375,417.700012207031,1611700,384.801208496094
2021-07-26,416.829986572266,417.670013427734,410.899993896484,413.540008544922,2232600,380.968811035156
2021-07-27,412,415.260009765625,409.459991455078,415.100006103516,2630600,382.406036376953
2021-07-28,414.489990234375,414.489990234375,406.799987792969,409.170013427734,2446600,376.942993164062
2021-07-29,411.279998779297,412.579986572266,408.420013427734,412.079986572266,1597300,379.623748779297
2021-07-30,410.760009765625,413.769989013672,410.25,412.220001220703,1864200,379.752807617188
2021-08-02,413.570007324219,416.440002441406,412.809997558594,415.570007324219,1806500,382.838928222656
2021-08-03,415.820007324219,422.140014648438,415.079986572266,421.899993896484,2496500,388.670379638672
2021-08-04,422.049987792969,423.660003662109,419.709991455078,421.540008544922,1995400,388.338806152344
2021-08-05,422.059997558594,422.25,407.890014648438,411.190002441406,3598600,378.803894042969
2021-08-06,412.010009765625,416.769989013672,412.010009765625,415.119995117188,1944000,382.424407958984
2021-08-09,414.950012207031,416.230010986328,410.350006103516,410.869995117188,1509800,378.509124755859
2021-08-10,410.510009765625,413.649993896484,408.570007324219,411.779998779297,1441800,379.347442626953
2021-08-11,413.029998779297,413.929992675781,407.510009765625,407.739990234375,1542600,375.625640869141
2021-08-12,407,408.730010986328,404.299987792969,405.959991455078,1939900,373.985870361328
2021-08-13,407.079986572266,410.049987792969,405.920013427734,409.670013427734,1537800,377.403656005859
2021-08-16,409.839996337891,417.420013427734,407.329986572266,417.209991455078,2377500,384.349792480469
2021-08-17,417.100006103516,422.5,416.630004882812,421.779998779297,2258000,388.559875488281
2021-08-18,421.350006103516,421.589996337891,417.089996337891,417.320007324219,3037000,384.451080322266
2021-08-19,415.380004882812,428.350006103516,412.399993896484,427.890014648438,3204500,394.188629150391
2021-08-20,428.350006103516,431.359985351562,426.910003662109,429.709991455078,2401900,395.865234375
2021-08-23,430.559997558594,430.559997558594,424.899993896484,425.359985351562,2375900,391.857940673828
2021-08-24,425.519989013672,425.940002441406,421.720001220703,423.410003662109,1619300,390.061431884766
2021-08-25,421.850006103516,423.619995117188,419.450012207031,419.739990234375,1939000,386.680511474609
2021-08-26,419.769989013672,421.390014648438,416.630004882812,416.850006103516,1385400,384.018127441406
2021-08-27,418.010009765625,420.350006103516,416.119995117188,418.760009765625,1621600,385.777709960938
2021-08-30,418.760009765625,420.570007324219,417.890014648438,418.299987792969,1284200,385.353942871094
2021-08-31,417,420.739990234375,414.220001220703,416.269989013672,4249100,383.483764648438
2021-09-01,416.540008544922,419.869995117188,411.239990234375,417.350006103516,2034400,384.478790283203
2021-09-02,419.160003662109,424.399993896484,418.239990234375,423.709991455078,3137400,390.337829589844
2021-09-03,421.929992675781,424,420.609985351562,422.859985351562,1604800,389.554809570312
2021-09-07,420.299987792969,422.260009765625,417.579986572266,421.239990234375,1920300,388.062225341797
2021-09-08,421.190002441406,422.869995117188,414.200012207031,415.390014648438,2262500,382.673126220703
2021-09-09,415.339996337891,420.220001220703,413.929992675781,414.549987792969,3508500,381.899200439453
2021-09-10,415.559997558594,416,402.589996337891,403.910003662109,4215800,373.403411865234
2021-09-13,407.980010986328,416.809997558594,406.450012207031,414.519989013672,3068200,383.212005615234
2021-09-14,417.589996337891,417.589996337891,411.369995117188,412.540008544922,2879800,381.381622314453
2021-09-15,412.519989013672,421.420013427734,409.5,417.519989013672,3180600,385.985443115234
2021-09-16,419.670013427734,423.399993896484,414.959991455078,416.839996337891,2262700,385.356781005859
2021-09-17,414.970001220703,421.089996337891,414.970001220703,420.160003662109,4534200,388.426055908203
2021-09-20,416.920013427734,419.299987792969,408.720001220703,412.700012207031,2799800,381.529541015625
2021-09-21,415.010009765625,418.779998779297,412.209991455078,412.339996337891,2382200,381.196716308594
2021-09-22,404.940002441406,412,404.940002441406,408.700012207031,3629400,377.831573486328
2021-09-23,409.799987792969,414.850006103516,407.510009765625,408.029998779297,2681600,377.212219238281
2021-09-24,406.940002441406,407.890014648438,405.230010986328,407.079986572266,1950400,376.334014892578
2021-09-27,407.829986572266,412.149993896484,404.959991455078,405.269989013672,2608600,374.660675048828
2021-09-28,402.600006103516,404,397.019989013672,398.619995117188,3115400,368.512939453125
2021-09-29,397,401.850006103516,395.799987792969,400.410003662109,2056300,370.167785644531
2021-09-30,401.489990234375,403.489990234375,390.459991455078,390.739990234375,3779900,361.228088378906
2021-10-01,391.600006103516,393.690002441406,383.119995117188,392.429992675781,3146600,362.790466308594
2021-10-04,391.619995117188,395.149993896484,384.760009765625,387.010009765625,3074800,357.779815673828
2021-10-05,389.339996337891,396.010009765625,389.239990234375,393.429992675781,3269400,363.714965820312
2021-10-06,390.75,394.779998779297,385.839996337891,394.25,2809200,364.472991943359
2021-10-07,396.760009765625,408.170013427734,396.709991455078,404.700012207031,2813700,374.133697509766
2021-10-08,406.410003662109,409.119995117188,402.640014648438,408.459991455078,2012200,377.609710693359
2021-10-11,408,411.220001220703,404.209991455078,404.989990234375,2164200,374.401763916016
2021-10-12,405.109985351562,408.380004882812,402.309997558594,403.239990234375,2415700,372.783996582031
2021-10-13,403.339996337891,405.309997558594,398.109985351562,403.549987792969,3021800,373.070587158203
2021-10-14,425.660003662109,433.5,417.799987792969,420.359985351562,6038800,388.610870361328
2021-10-15,422.049987792969,430.489990234375,421.5,428.070007324219,3312000,395.738647460938
2021-10-18,428,428,423.839996337891,424.619995117188,2232800,392.549133300781
2021-10-19,426.829986572266,427.820007324219,423.399993896484,424.380004882812,1616800,392.327301025391
2021-10-20,427,435.529998779297,426.839996337891,435.089996337891,2764000,402.228424072266
2021-10-21,435.5,442.5,435.079986572266,442.279998779297,2465100,408.875366210938
2021-10-22,440.839996337891,449.290008544922,440.459991455078,449.160003662109,2736200,415.235717773438
2021-10-25,450,452.640014648438,446.440002441406,449.489990234375,3553500,415.540771484375
2021-10-26,450.489990234375,457.709991455078,447.589996337891,454.640014648438,3103900,420.301910400391
2021-10-27,454.640014648438,460.440002441406,453.480010986328,453.480010986328,3520400,419.229461669922
2021-10-28,453,457.899993896484,452.519989013672,455.440002441406,1672600,421.041412353516
2021-10-29,454.410003662109,461.390014648438,453.059997558594,460.470001220703,2497800,425.691497802734
2021-11-01,461.820007324219,465.760009765625,451.179992675781,454.109985351562,2203100,419.811889648438
2021-11-02,456.260009765625,456.440002441406,450.380004882812,452.040008544922,2600000,417.898223876953
2021-11-03,450.420013427734,457.519989013672,447.040008544922,457.329986572266,2438200,422.788604736328
2021-11-04,457.600006103516,458.510009765625,452.160003662109,456.760009765625,2517300,422.261749267578
2021-11-05,457.829986572266,461.519989013672,454.579986572266,455.809997558594,2905000,421.383422851562
2021-11-08,456.850006103516,464.190002441406,454.309997558594,462.619995117188,2279900,427.679107666016
2021-11-09,462.619995117188,464.470001220703,460.290008544922,464.350006103516,2657800,429.278472900391
2021-11-10,465.390014648438,466,456.630004882812,459.899993896484,2818200,425.16455078125
2021-11-11,460,460.850006103516,455.440002441406,457.390014648438,2246800,422.844177246094
2021-11-12,460.670013427734,461,457.079986572266,458.989990234375,2609500,424.323303222656
2021-11-15,458,458.209991455078,450.5,450.799987792969,2849600,416.751831054688
2021-11-16,452.989990234375,458.350006103516,449.369995117188,449.619995117188,3383800,415.661010742188
2021-11-17,450.390014648438,453.959991455078,448.730010986328,448.950012207031,2281500,415.041687011719
2021-11-18,448.730010986328,452.809997558594,447.109985351562,449.470001220703,2073800,415.522277832031
2021-11-19,448.130004882812,449.450012207031,439.5,440,3536100,406.767669677734
2021-11-22,442.820007324219,443.75,437.390014648438,437.540008544922,2598700,404.493438720703
2021-11-23,436.010009765625,447.519989013672,436,447.130004882812,2857000,413.359069824219
2021-11-24,446.640014648438,450.980010986328,445.640014648438,450.160003662109,2248800,416.160247802734
2021-11-26,444.920013427734,448.179992675781,438.209991455078,439.910003662109,2480600,406.684448242188
2021-11-29,443.559997558594,453.079986572266,440.549987792969,452,4079700,417.861267089844
2021-11-30,447.059997558594,451.350006103516,441.25,444.220001220703,7435400,410.668823242188
2021-12-01,452.890014648438,455.920013427734,444.140014648438,444.339996337891,4325500,410.77978515625
2021-12-02,443.149993896484,447.890014648438,439.220001220703,446.019989013672,4738700,412.332885742188
2021-12-03,447.769989013672,454.440002441406,445.170013427734,449.320007324219,3038300,416.738494873047
2021-12-06,452.149993896484,461.779998779297,451.519989013672,460.109985351562,4721500,426.746032714844
2021-12-07,462.75,465.75,460.230010986328,464.730010986328,3105200,431.031066894531
2021-12-08,466.089996337891,470.170013427734,462.489990234375,468.859985351562,3228300,434.861541748047
2021-12-09,468.529998779297,474.480010986328,467.359985351562,473.320007324219,2977400,438.998138427734
2021-12-10,472,478.480010986328,471.010009765625,478.230010986328,2572300,443.552093505859
2021-12-13,477.019989013672,480.260009765625,474.010009765625,478.140014648438,2724800,443.468597412109
2021-12-14,479.75,483.040008544922,477.179992675781,479.459991455078,3018000,444.69287109375
2021-12-15,480.600006103516,495.399993896484,480.140014648438,494.380004882812,4188600,458.531005859375
2021-12-16,494.010009765625,496.959991455078,490.109985351562,492.859985351562,4080800,457.121185302734
2021-12-17,491.420013427734,493.130004882812,486.380004882812,487.119995117188,5707200,451.797454833984
2021-12-20,482,485.010009765625,475.260009765625,483.730010986328,3145600,448.653228759766
2021-12-21,487.019989013672,489,482.200012207031,487.209991455078,2536000,451.880920410156
2021-12-22,487.149993896484,495.450012207031,485.899993896484,494.130004882812,1687500,458.299133300781
2021-12-23,495,498.149993896484,492.809997558594,495.380004882812,1706500,459.458526611328
2021-12-27,498.679992675781,500.299987792969,496.640014648438,499.5,1349400,463.279724121094
2021-12-28,502,505.320007324219,500.399993896484,502.940002441406,1495500,466.470336914062
2021-12-29,504.779998779297,507.220001220703,502,505.579986572266,1573900,468.918823242188
2021-12-30,507.929992675781,509.230010986328,503.649993896484,504.429992675781,1309800,467.852325439453
2021-12-31,504.140014648438,506.869995117188,502.040008544922,502.140014648438,1695400,465.728363037109
2022-01-03,500,502.899993896484,493.049987792969,502.279998779297,3033600,465.858123779297
2022-01-04,503.200012207031,503.75,490.880004882812,490.899993896484,3908100,455.303375244141
2022-01-05,494.769989013672,497,489.690002441406,489.690002441406,3921100,454.181121826172
2022-01-06,480,484.140014648438,463.119995117188,469.649993896484,6555200,435.594207763672
2022-01-07,467.690002441406,467.970001220703,455.549987792969,458.600006103516,5494200,425.345581054688
2022-01-10,456,465.859985351562,454.440002441406,465,5831800,431.281433105469
2022-01-11,467.200012207031,470.450012207031,460.670013427734,469,3332800,434.991394042969
2022-01-12,468.970001220703,475.320007324219,466.339996337891,473.720001220703,3502300,439.369110107422
2022-01-13,475.890014648438,476.549987792969,465.980010986328,467.429992675781,3005300,433.535247802734
2022-01-14,469.890014648438,473.170013427734,465.079986572266,468.690002441406,3665400,434.703857421875
2022-01-18,465.170013427734,465.709991455078,458.350006103516,460.989990234375,3938800,427.562194824219
2022-01-19,468,475.489990234375,461.510009765625,462.519989013672,4030900,428.981292724609
2022-01-20,464.380004882812,471.630004882812,462,463,3228600,429.426452636719
2022-01-21,463.5,470.790008544922,461.070007324219,461.170013427734,4273200,427.729187011719
2022-01-24,458.070007324219,464.140014648438,448.130004882812,462.269989013672,4780700,428.749420166016
2022-01-25,454.070007324219,459.489990234375,447.269989013672,456.839996337891,3428900,423.713165283203
2022-01-26,458.450012207031,463.880004882812,453.450012207031,458.429992675781,4435900,425.187835693359
2022-01-27,458.079986572266,468.679992675781,457.010009765625,461.600006103516,3508100,428.127990722656
2022-01-28,461.399993896484,466.279998779297,455.079986572266,466.059997558594,3364400,432.264526367188
2022-01-31,465,473.179992675781,464.399993896484,472.570007324219,3500500,438.302520751953
2022-02-01,475,475,462.75,468.410003662109,3148600,434.444122314453
2022-02-02,469.059997558594,481.980010986328,469.059997558594,479.779998779297,3026800,444.98974609375
2022-02-03,498.649993896484,500.179992675781,483.570007324219,488.769989013672,4370900,453.327758789062
2022-02-04,481.75,489.630004882812,480.190002441406,483.170013427734,3066400,448.133911132812
2022-02-07,484.910003662109,487.260009765625,481.299987792969,483.700012207031,2937200,448.625427246094
2022-02-08,481.350006103516,495.670013427734,481.350006103516,493.410003662109,3534700,457.631317138672
2022-02-09,497,500.929992675781,496.290008544922,498.100006103516,2818100,461.981262207031
2022-02-10,492.239990234375,494.220001220703,485.070007324219,486.720001220703,2626100,451.426391601562
2022-02-11,484.679992675781,490.429992675781,476.440002441406,478.130004882812,2493800,443.459289550781
2022-02-14,475.109985351562,477.739990234375,469.329986572266,474.399993896484,2549500,439.999847412109
2022-02-15,475.940002441406,481.170013427734,475.200012207031,478.230010986328,3001000,443.552093505859
2022-02-16,475.5,481.730010986328,471.399993896484,480.049987792969,2651800,445.240112304688
2022-02-17,478.170013427734,479.290008544922,468.890014648438,470.339996337891,2403100,436.234252929688
2022-02-18,470.25,474.920013427734,466.829986572266,467.809997558594,2992300,433.887756347656
2022-02-22,463.829986572266,467.190002441406,457.820007324219,462.510009765625,3029800,428.971984863281
2022-02-23,467.190002441406,467.720001220703,458.839996337891,459.619995117188,2840300,426.291564941406
2022-02-24,449.519989013672,456.589996337891,445.739990234375,455.890014648438,3933000,422.83203125
2022-02-25,456.649993896484,475.779998779297,456.230010986328,475.75,3314400,441.251922607422
2022-02-28,465.850006103516,477.309997558594,465.609985351562,475.869995117188,3918300,441.363250732422
2022-03-01,470.890014648438,476.959991455078,467.730010986328,476.25,2917600,441.715728759766
2022-03-02,478.190002441406,487.170013427734,477.890014648438,485.380004882812,3675900,450.183654785156
2022-03-03,486,491.380004882812,482.220001220703,486.589996337891,3139400,451.305877685547
2022-03-04,480.690002441406,499.660003662109,477.489990234375,498.649993896484,4170100,462.491302490234
2022-03-07,500,500,483.019989013672,486.869995117188,4123300,451.565582275391
2022-03-08,478.799987792969,484.489990234375,471.519989013672,473.459991455078,3849500,439.127960205078
2022-03-09,482.579986572266,487.720001220703,473.589996337891,485.570007324219,3115500,450.35986328125
2022-03-10,479.329986572266,493.709991455078,477.829986572266,491.440002441406,2834800,455.80419921875
2022-03-11,487.829986572266,493.799987792969,482.510009765625,482.869995117188,2615000,449.180969238281
2022-03-14,490.399993896484,495.589996337891,485.279998779297,487.920013427734,2704100,453.878601074219
2022-03-15,490,499.940002441406,487.309997558594,497.910003662109,3043000,463.171630859375
2022-03-16,499.829986572266,505.5,490.010009765625,498.260009765625,3497100,463.497253417969
2022-03-17,496,507.119995117188,495.179992675781,507.019989013672,2357200,471.646057128906
2022-03-18,508.739990234375,510.679992675781,501.559997558594,506.119995117188,5065600,470.808807373047
2022-03-21,505.010009765625,513,504.359985351562,507.660003662109,2617700,472.241394042969
2022-03-22,509.269989013672,511.850006103516,504.839996337891,505.320007324219,2752500,470.064666748047
2022-03-23,502.269989013672,507.059997558594,501.329986572266,503.230010986328,2753200,468.120452880859
2022-03-24,505,515.780029296875,503.859985351562,513.460021972656,2789200,477.636749267578
2022-03-25,514.190002441406,516.530029296875,509.239990234375,513.030029296875,2551100,477.236785888672
2022-03-28,514.320007324219,517.140014648438,508.809997558594,513.200012207031,2643000,477.394836425781
2022-03-29,517.099975585938,519.590026855469,507.299987792969,510.730010986328,3478400,475.097229003906
2022-03-30,515.109985351562,521.200012207031,512.47998046875,520.820007324219,3041200,484.483245849609
2022-03-31,517.099975585938,521.890014648438,509.670013427734,509.970001220703,3979700,474.390258789062
2022-04-01,510.679992675781,514.780029296875,506.600006103516,512.590026855469,2344100,476.827423095703
2022-04-04,512.210021972656,512.47998046875,504.529998779297,510.019989013672,2657500,474.436767578125
2022-04-05,510,524.72998046875,508,517.760009765625,3268600,481.636688232422
2022-04-06,518.219970703125,533.52001953125,518,531.75,3955600,494.650695800781
2022-04-07,530,538.280029296875,528.390014648438,536.950012207031,2867000,499.487945556641
2022-04-08,539,548.969970703125,538.099975585938,545.960021972656,3986700,507.869293212891
2022-04-11,543.599975585938,547.609985351562,536.640014648438,537.440002441406,3574000,499.943725585938
2022-04-12,535.409973144531,540.72998046875,530.780029296875,533.710021972656,3575700,496.473937988281
2022-04-13,533.320007324219,538.280029296875,528.619995117188,537,3012000,499.534301757812
2022-04-14,538.5,553.289978027344,534.070007324219,534.820007324219,4211300,497.506530761719
2022-04-18,537.900024414062,541,530.380004882812,534.080017089844,2087100,496.818115234375
2022-04-19,535.890014648438,542.47998046875,535.239990234375,537.700012207031,2207600,500.185638427734
2022-04-20,542.140014648438,548.359985351562,539,546.010009765625,2986300,507.915802001953
2022-04-21,545.5,548,536.030029296875,537.440002441406,2539900,499.943725585938
2022-04-22,532.059997558594,533.349975585938,520.179992675781,520.940002441406,3453300,484.594879150391
2022-04-25,520.400024414062,526.260009765625,511.730010986328,524.27001953125,3030400,487.692504882812
2022-04-26,524.239990234375,526.260009765625,513.510009765625,513.780029296875,2895300,477.934417724609
2022-04-27,514.909973144531,520.900024414062,509.820007324219,513.809997558594,3353700,477.962280273438
2022-04-28,516.760009765625,526.280029296875,513.169982910156,524.419982910156,2582700,487.832122802734
2022-04-29,518.849975585938,519.900024414062,506.959991455078,508.549987792969,2873200,473.069244384766
2022-05-02,510.809997558594,513.510009765625,493.339996337891,501.149993896484,3184300,466.185546875
2022-05-03,501.130004882812,505.519989013672,497.480010986328,499.619995117188,2763400,464.762329101562
2022-05-04,499.5,509.769989013672,493.089996337891,507.619995117188,4002600,472.204223632812
2022-05-05,507.209991455078,510.670013427734,489.230010986328,494.720001220703,3359700,460.204132080078
2022-05-06,485.010009765625,501.570007324219,485,499.619995117188,3260300,464.762329101562
2022-05-09,490.399993896484,494.630004882812,484.429992675781,486.420013427734,3862700,452.483276367188
2022-05-10,493.809997558594,496.350006103516,481.119995117188,488.010009765625,4275500,453.962371826172
2022-05-11,484.390014648438,500.519989013672,484.390014648438,486.149993896484,3936300,452.232147216797
2022-05-12,486.100006103516,486.890014648438,471.420013427734,478.799987792969,3997600,445.394927978516
2022-05-13,480.980010986328,487,475.809997558594,485.399993896484,2453400,451.534454345703
2022-05-16,485.410003662109,495.559997558594,484.149993896484,489.220001220703,2338800,455.087921142578
2022-05-17,494,494.720001220703,488.459991455078,492.529998779297,2289000,458.167022705078
2022-05-18,488.260009765625,489.209991455078,468.359985351562,471.380004882812,3240500,438.492614746094
2022-05-19,464.320007324219,481.579986572266,463.329986572266,478.549987792969,3813800,445.162292480469
2022-05-20,481.380004882812,487.470001220703,472.309997558594,485.730010986328,3068200,451.841400146484
2022-05-23,486.290008544922,495.739990234375,486.290008544922,492.079986572266,2279800,457.748321533203
2022-05-24,490.790008544922,498.079986572266,488.660003662109,497.559997558594,2658100,462.846008300781
2022-05-25,498.519989013672,502.309997558594,491.260009765625,498.089996337891,3161600,463.339050292969
2022-05-26,501.739990234375,507.260009765625,499.410003662109,502.230010986328,2705800,467.190216064453
2022-05-27,491,507.109985351562,489.390014648438,507.109985351562,3349100,471.729766845703
2022-05-31,503.619995117188,504.109985351562,495.660003662109,496.779998779297,4003100,462.120452880859
2022-06-01,498.320007324219,501.380004882812,487.779998779297,492.549987792969,1765900,458.185577392578
2022-06-02,494,496.149993896484,482.970001220703,492.260009765625,2093500,457.915832519531
2022-06-03,488.329986572266,491.670013427734,484.899993896484,485.609985351562,1756900,451.729766845703
2022-06-06,489.429992675781,493.630004882812,486.290008544922,490.179992675781,1781500,455.980926513672
2022-06-07,489.5,497.609985351562,487.119995117188,497.100006103516,2341900,462.418151855469
2022-06-08,494,497.899993896484,488.549987792969,493.529998779297,3268100,459.09716796875
2022-06-09,492.880004882812,496.459991455078,487.609985351562,489.429992675781,3148800,455.283264160156
2022-06-10,484.799987792969,490.160003662109,480.929992675781,484.630004882812,2599900,450.818237304688
2022-06-13,475.130004882812,481.339996337891,467.260009765625,469.700012207031,3764600,436.929779052734
2022-06-14,467.5,469.179992675781,457.420013427734,461.75,3814200,429.534484863281
2022-06-15,464.200012207031,469.019989013672,456.5,464.329986572266,2550700,431.934356689453
2022-06-16,453.399993896484,457.809997558594,450.679992675781,456.089996337891,3135600,425.782379150391
2022-06-17,450.75,461.459991455078,449.700012207031,452.059997558594,5277400,422.020141601562
2022-06-21,457.809997558594,485.119995117188,457.100006103516,480.320007324219,5726800,448.402221679688
2022-06-22,475.720001220703,495.920013427734,474.540008544922,489.679992675781,5061000,457.140258789062
2022-06-23,494.950012207031,503.579986572266,491.959991455078,499.809997558594,4687700,466.597137451172
2022-06-24,499.440002441406,499.760009765625,486.559997558594,495.640014648438,15861100,462.704162597656
2022-06-27,492.829986572266,511.890014648438,492.579986572266,505.660003662109,3907100,472.058288574219
2022-06-28,512.080017089844,518.609985351562,505.079986572266,508.440002441406,4978200,474.653686523438
2022-06-29,508.850006103516,518.700012207031,506.010009765625,515.710021972656,3823400,481.440582275391
2022-06-30,513.549987792969,516.320007324219,509.720001220703,513.630004882812,3568900,479.498718261719
2022-07-01,512.320007324219,517.530029296875,502.309997558594,517.400024414062,2426600,483.018280029297
2022-07-05,507.640014648438,511,492.25,505.239990234375,3029600,471.666259765625
2022-07-06,505.640014648438,517.409973144531,504.299987792969,515.289978027344,2506700,481.048492431641
2022-07-07,515.25,517.299987792969,512.22998046875,514.380004882812,2385400,480.198913574219
2022-07-08,512.309997558594,528.369995117188,511.010009765625,518.630004882812,3092100,484.16650390625
2022-07-11,514.859985351562,521.469970703125,511.809997558594,516.950012207031,1743600,482.59814453125
2022-07-12,513.25,519.140014648438,510.619995117188,514.419982910156,2706500,480.236236572266
2022-07-13,508.070007324219,511.859985351562,501.190002441406,501.239990234375,3467700,467.932098388672
2022-07-14,495,505.890014648438,492.279998779297,502.429992675781,3765500,469.042999267578
2022-07-15,526.059997558594,531.989990234375,515.450012207031,529.75,5742500,494.547668457031
2022-07-18,531,532.159973144531,518.75,519.369995117188,3212000,484.857360839844
2022-07-19,521.090026855469,533.840026855469,520.590026855469,533.450012207031,2953500,498.001770019531
2022-07-20,533.450012207031,534.049987792969,515.72998046875,519.469970703125,4327500,484.950744628906
2022-07-21,519.390014648438,522.469970703125,511.140014648438,522.460021972656,2667600,487.742004394531
2022-07-22,526,527.599975585938,518.400024414062,521.409973144531,1850300,486.761688232422
2022-07-25,526.090026855469,532.890014648438,524.219970703125,529.469970703125,2337200,494.286163330078
2022-07-26,533.799987792969,537.640014648438,531.030029296875,531.590026855469,2637800,496.265411376953
2022-07-27,533.539978027344,537.859985351562,528.039978027344,534.609985351562,2268100,499.084655761719
2022-07-28,537.489990234375,544.340026855469,531.739990234375,541.489990234375,2344500,505.507385253906
2022-07-29,540.010009765625,543.849975585938,536.690002441406,542.340026855469,2945700,506.301025390625
2022-08-01,542.27001953125,543.650024414062,531,535.380004882812,2335000,499.803527832031
2022-08-02,537.549987792969,540.530029296875,531.719970703125,535.460021972656,2114200,499.878112792969
2022-08-03,537.260009765625,543.619995117188,535.690002441406,540.650024414062,1802900,504.723297119141
2022-08-04,539.289978027344,540.429992675781,532.760009765625,533.75,2368000,498.281768798828
2022-08-05,530,535.5,527.559997558594,535.059997558594,2373400,499.504730224609
2022-08-08,539.909973144531,541.299987792969,533.419982910156,536.599975585938,1656400,500.942504882812
2022-08-09,540,545.739990234375,536.380004882812,537.260009765625,2147200,501.558563232422
2022-08-10,540.260009765625,541.97998046875,533.809997558594,537.719970703125,2291400,501.987823486328
2022-08-11,538.239990234375,538.630004882812,529.669982910156,532.859985351562,3006200,497.450927734375
2022-08-12,535.609985351562,544.400024414062,534.450012207031,543.700012207031,1981000,507.570587158203
2022-08-15,541.669982910156,547.210021972656,538.559997558594,544.640014648438,1447300,508.447998046875
2022-08-16,545.210021972656,547.440002441406,542.390014648438,546.119995117188,1773000,509.829772949219
2022-08-17,545.239990234375,547.789978027344,541.570007324219,545,1471700,508.784301757812
2022-08-18,545.010009765625,548.130004882812,541.820007324219,545.219970703125,1486400,508.989685058594
2022-08-19,545.5,553.130004882812,544.820007324219,548.320007324219,2258000,511.883605957031
2022-08-22,541.390014648438,549.52001953125,541.349975585938,544.570007324219,1672900,508.382751464844
2022-08-23,543.289978027344,543.289978027344,533.210021972656,535.799987792969,2039600,500.195526123047
2022-08-24,536.679992675781,539.859985351562,535.02001953125,536.460021972656,1761200,500.811737060547
2022-08-25,535.010009765625,542.02001953125,531.25,541.570007324219,1965800,505.582092285156
2022-08-26,542.260009765625,543.190002441406,528.219970703125,529.25,1906700,494.080780029297
2022-08-29,526,532.900024414062,522.869995117188,529.77001953125,1594000,494.566253662109
2022-08-30,530.409973144531,531.090026855469,521.789978027344,522.840026855469,2013400,488.096740722656
2022-08-31,520.820007324219,527.099975585938,519.159973144531,519.330017089844,2891300,484.820037841797
2022-09-01,519.330017089844,524.260009765625,515.090026855469,524,2085300,489.179595947266
2022-09-02,529.619995117188,529.789978027344,513.809997558594,516.349975585938,1944200,482.037994384766
2022-09-06,519.929992675781,527.450012207031,516.919982910156,517.679992675781,2711900,483.279541015625
2022-09-07,517,523.5,514.679992675781,521.679992675781,2504400,487.013824462891
2022-09-08,520.950012207031,528.489990234375,518.809997558594,527.510009765625,1557500,492.456451416016
2022-09-09,527.830017089844,527.830017089844,522.580017089844,524.340026855469,2495500,491.032989501953
2022-09-12,525,535.02001953125,522.5,531.25,2792000,497.504089355469
2022-09-13,524,525.260009765625,511.970001220703,513.960021972656,3172500,481.312316894531
2022-09-14,514,515.380004882812,506.100006103516,509.769989013672,2648100,477.388488769531
2022-09-15,516.299987792969,527.97998046875,514.140014648438,522.909973144531,3058100,489.693786621094
2022-09-16,518.52001953125,522.820007324219,517.080017089844,521.02001953125,3981700,487.923919677734
2022-09-19,518.590026855469,524,512.969970703125,523.549987792969,2130800,490.293212890625
2022-09-20,524.239990234375,524.669982910156,514.809997558594,522.799987792969,2421700,489.590850830078
2022-09-21,525.030029296875,528.010009765625,512.02001953125,512.080017089844,2427700,479.551818847656
2022-09-22,511.029998779297,520.969970703125,506.109985351562,517.460021972656,2285600,484.590026855469
2022-09-23,513.559997558594,514.659973144531,506.380004882812,513.609985351562,2536900,480.984588623047
2022-09-26,507.390014648438,512.570007324219,499,508.359985351562,2867400,476.068115234375
2022-09-27,510.369995117188,516.789978027344,503.579986572266,508.369995117188,2583400,476.077423095703
2022-09-28,506.480010986328,516.27001953125,500.799987792969,513.940002441406,3027300,481.293640136719
2022-09-29,514.77001953125,514.77001953125,502.470001220703,508.829986572266,2392000,476.508178710938
2022-09-30,511.100006103516,516.549987792969,504.839996337891,505.040008544922,3116000,472.958953857422
2022-10-03,507.079986572266,517.809997558594,505.399993896484,515.510009765625,2562400,482.763946533203
2022-10-04,518.349975585938,524.590026855469,516.830017089844,523.169982910156,3189800,489.937316894531
2022-10-05,521,529.349975585938,520.130004882812,527.070007324219,2281800,493.589538574219
2022-10-06,528.330017089844,528.580017089844,516.739990234375,519.130004882812,2187300,486.153961181641
2022-10-07,514.169982910156,514.169982910156,501.059997558594,504.850006103516,3273700,472.781036376953
2022-10-10,505.600006103516,506.309997558594,495.019989013672,498.859985351562,2459100,467.171539306641
2022-10-11,496.970001220703,506.829986572266,495.179992675781,499.809997558594,2844500,468.061157226562
2022-10-12,502.130004882812,508.25,498.209991455078,499.959991455078,2254300,468.20166015625
2022-10-13,493.450012207031,513.469970703125,487.739990234375,509.910003662109,3999700,477.519653320312
2022-10-14,520,529.909973144531,511.929992675781,513.130004882812,5628900,480.535095214844
2022-10-17,517.739990234375,524.309997558594,515.280029296875,521.880004882812,3282300,488.729248046875
2022-10-18,532,532,518.330017089844,522.210021972656,2345500,489.038269042969
2022-10-19,521.739990234375,523.820007324219,514.599975585938,520.320007324219,2500500,487.268402099609
2022-10-20,523.049987792969,529.419982910156,519.780029296875,520.880004882812,2390800,487.792785644531
2022-10-21,518.059997558594,536.530029296875,518.010009765625,533.72998046875,2896000,499.826538085938
2022-10-24,538.070007324219,546.47998046875,537.799987792969,541.599975585938,2627100,507.196563720703
2022-10-25,537.789978027344,543.919982910156,533.900024414062,540.219970703125,2411900,505.904296875
2022-10-26,541.380004882812,547.640014648438,540.210021972656,543.169982910156,2863500,508.666931152344
2022-10-27,546.52001953125,546.52001953125,539.760009765625,541.799987792969,2212100,507.383941650391
2022-10-28,544.969970703125,553,543.690002441406,551.239990234375,2761900,516.224243164062
2022-10-31,555,558.099975585938,550.130004882812,555.150024414062,2770400,519.885925292969
2022-11-01,555,555.690002441406,544.219970703125,547.309997558594,3338900,512.543823242188
2022-11-02,544.409973144531,554.580017089844,543.070007324219,543.429992675781,2696200,508.910339355469
2022-11-03,541.739990234375,547.869995117188,538.130004882812,543.609985351562,2245300,509.078826904297
2022-11-04,547.049987792969,547.760009765625,527.140014648438,538.169982910156,3513100,503.984497070312
2022-11-07,538.169982910156,546.950012207031,535.469970703125,545.02001953125,2540300,510.399383544922
2022-11-08,547.049987792969,554.799987792969,542,553.049987792969,2797000,517.919311523438
2022-11-09,553.780029296875,554.609985351562,539.440002441406,540.659973144531,2672600,506.316314697266
2022-11-10,548.929992675781,551.700012207031,533.950012207031,544.169982910156,3426400,509.603363037109
2022-11-11,546.280029296875,546.280029296875,509.649993896484,522.080017089844,7034300,488.91650390625
2022-11-14,522,528.97998046875,513.409973144531,513.75,5238400,481.115753173828
2022-11-15,512.809997558594,516.640014648438,500.769989013672,503.010009765625,5103800,471.057891845703
2022-11-16,505.890014648438,514.130004882812,505.470001220703,511.519989013672,3430800,479.027374267578
2022-11-17,512.159973144531,526.97998046875,512.159973144531,515.309997558594,4246300,482.576629638672
2022-11-18,522.119995117188,533,519.460021972656,530,3566000,496.333435058594
2022-11-21,529.010009765625,531.950012207031,515.380004882812,517.190002441406,3349600,484.337188720703
2022-11-22,519.940002441406,524.659973144531,519.909973144531,523.090026855469,2567400,489.862548828125
2022-11-23,525,530.440002441406,523,529.710021972656,2238300,496.061828613281
2022-11-25,534,540.849975585938,532.52001953125,537.619995117188,1419200,503.469451904297
2022-11-28,535.830017089844,539.580017089844,531.690002441406,532.27001953125,2699900,498.459289550781
2022-11-29,531.669982910156,532.969970703125,523.650024414062,528,3751000,494.460418701172
2022-11-30,529.719970703125,548.080017089844,527.47998046875,547.760009765625,9688900,512.965270996094
2022-12-01,552.359985351562,553,535.799987792969,536.909973144531,2997800,502.804412841797
2022-12-02,532.830017089844,538.609985351562,532.440002441406,536.159973144531,2346200,503.64990234375
2022-12-05,531.489990234375,540.380004882812,530.880004882812,535.039978027344,2424800,502.597930908203
2022-12-06,534.419982910156,540.590026855469,534.239990234375,539.320007324219,3097700,506.618408203125
2022-12-07,540.840026855469,545.909973144531,539.630004882812,542.909973144531,2849100,509.990570068359
2022-12-08,544.859985351562,551.289978027344,543.780029296875,547.919982910156,2272300,514.696838378906
2022-12-09,547.929992675781,548.489990234375,538.869995117188,539.200012207031,2852400,506.505645751953
2022-12-12,541.849975585938,546.080017089844,539.280029296875,545.859985351562,2714100,512.76171875
2022-12-13,550.559997558594,550.989990234375,535.099975585938,538.219970703125,3369700,505.585083007812
2022-12-14,541.929992675781,543.47998046875,531.570007324219,538.359985351562,2654600,505.716583251953
2022-12-15,533.989990234375,534.070007324219,525.469970703125,527.679992675781,2963800,495.68408203125
2022-12-16,525.150024414062,525.809997558594,515.719970703125,523.700012207031,7109100,491.945495605469
2022-12-19,524.599975585938,527.210021972656,520.929992675781,523.599975585938,1808100,491.851531982422
2022-12-20,526.989990234375,526.989990234375,519.700012207031,520.210021972656,2086100,488.667144775391
2022-12-21,523.630004882812,527.880004882812,518.099975585938,527.539978027344,2182000,495.552703857422
2022-12-22,526.47998046875,529.010009765625,521.630004882812,527.090026855469,1851600,495.129943847656
2022-12-23,524.099975585938,531.309997558594,522.900024414062,531.309997558594,1292300,499.094085693359
2022-12-27,533.929992675781,535.840026855469,529.849975585938,531.989990234375,1596700,499.732879638672
2022-12-28,535.070007324219,538.150024414062,527.72998046875,528.450012207031,1694200,496.407409667969
2022-12-29,532.539978027344,533.679992675781,528.859985351562,529.880004882812,1379700,497.750823974609
2022-12-30,530,530.5,524.840026855469,530.179992675781,1849600,498.032592773438
2023-01-03,525.130004882812,525.630004882812,512.159973144531,518.640014648438,3525600,487.192321777344
2023-01-04,518.640014648438,518.640014648438,500.600006103516,504.5,5070400,473.909637451172
2023-01-05,501.010009765625,502.089996337891,488.5,489.959991455078,5497100,460.251251220703
2023-01-06,491.589996337891,492.869995117188,487.540008544922,490,4841300,460.288879394531
2023-01-09,492.410003662109,499.989990234375,488.540008544922,490.059997558594,3702800,460.345184326172
2023-01-10,488.850006103516,490.470001220703,482.679992675781,486,3164000,456.531402587891
2023-01-11,485.290008544922,495.600006103516,485,493.399993896484,4274200,463.482666015625
2023-01-12,490,498.730010986328,485.220001220703,495.670013427734,3726800,465.615051269531
2023-01-13,486.109985351562,509.5,486,489.570007324219,5390100,459.884979248047
2023-01-17,491.200012207031,492.940002441406,483.779998779297,485.079986572266,4495600,455.667205810547
2023-01-18,488.049987792969,489.5,474.75,476.239990234375,4398200,447.363189697266
2023-01-19,477.869995117188,486.390014648438,477.390014648438,484.359985351562,4549600,454.990814208984
2023-01-20,485.529998779297,486.989990234375,479,486.720001220703,3525900,457.207702636719
2023-01-23,486.679992675781,490.100006103516,481.390014648438,485.809997558594,3418700,456.352996826172
2023-01-24,500.260009765625,500.260009765625,480,491.600006103516,3036300,461.791839599609
2023-01-25,489.279998779297,495.359985351562,485.730010986328,492.5,3037300,462.637298583984
2023-01-26,492.5,496.450012207031,490.579986572266,492.480010986328,3005000,462.618530273438
2023-01-27,493.369995117188,493.369995117188,484.470001220703,486.049987792969,3177100,456.578399658203
2023-01-30,487.809997558594,495.25,484.799987792969,485.790008544922,3606900,456.334136962891
2023-01-31,498,505.5,493.130004882812,499.190002441406,5567000,468.921661376953
2023-02-01,499.950012207031,504.380004882812,495.670013427734,497,3451200,466.864440917969
2023-02-02,494.260009765625,495,463.890014648438,470.829986572266,11169900,442.281280517578
2023-02-03,475.230010986328,478.779998779297,469.75,472.019989013672,5440100,443.399108886719
2023-02-06,472,478.970001220703,471.010009765625,475.239990234375,4174200,446.423858642578
2023-02-07,471.040008544922,478.079986572266,469.029998779297,476.880004882812,3394600,447.964447021484
2023-02-08,475.470001220703,485.040008544922,475.109985351562,483.220001220703,3466400,453.919982910156
2023-02-09,485.630004882812,489.700012207031,482.399993896484,485.730010986328,3664600,456.277801513672
2023-02-10,489.130004882812,495.660003662109,488.75,494.25,3418100,464.281127929688
2023-02-13,494,499.869995117188,491.760009765625,495.350006103516,2589000,465.314483642578
2023-02-14,494.290008544922,497.950012207031,489.089996337891,492.829986572266,2072600,462.947296142578
2023-02-15,489.649993896484,491.829986572266,488.390014648438,491.25,2242500,461.463104248047
2023-02-16,491.149993896484,494,487.269989013672,487.350006103516,2611500,457.799530029297
2023-02-17,487.380004882812,499.459991455078,487.350006103516,499.079986572266,3891500,468.818267822266
2023-02-21,496.700012207031,501.399993896484,490.5,491.309997558594,2877300,461.519439697266
2023-02-22,492.809997558594,493.890014648438,488.670013427734,488.890014648438,2982800,459.246185302734
2023-02-23,486.660003662109,493.329986572266,485.869995117188,491.690002441406,2511800,461.876434326172
2023-02-24,489.579986572266,492.510009765625,483.010009765625,484.329986572266,2940400,454.962646484375
2023-02-27,488.769989013672,490.940002441406,481.959991455078,483.320007324219,3006200,454.013885498047
2023-02-28,482.670013427734,483.359985351562,473.920013427734,475.940002441406,3902100,447.081420898438
2023-03-01,473.609985351562,478.410003662109,472,475.220001220703,2996900,446.405059814453
2023-03-02,475.209991455078,480.429992675781,473.25,477.700012207031,2188800,448.734741210938
2023-03-03,477.940002441406,479.100006103516,474.220001220703,478.559997558594,2863300,449.542510986328
2023-03-06,481.369995117188,484.350006103516,479,480.779998779297,3812700,451.6279296875
2023-03-07,482.980010986328,483.820007324219,472.559997558594,473.880004882812,2589200,445.146270751953
2023-03-08,471.75,475.390014648438,466.760009765625,470.600006103516,3036600,442.065185546875
2023-03-09,473.950012207031,473.950012207031,463.75,464.910003662109,2780400,436.720245361328
2023-03-10,462.769989013672,468.859985351562,457.589996337891,460.329986572266,3787500,433.958099365234
2023-03-13,458.649993896484,470.369995117188,458.649993896484,463.679992675781,2971600,437.116149902344
2023-03-14,464.649993896484,469.839996337891,459.049987792969,464.579986572266,3258200,437.964599609375
2023-03-15,460.989990234375,468.880004882812,459.239990234375,465.429992675781,3770200,438.765930175781
2023-03-16,464.709991455078,473.390014648438,463.100006103516,472.019989013672,2940500,444.978332519531
2023-03-17,471.390014648438,472.010009765625,466.299987792969,469.5,5290000,442.602691650391
2023-03-20,470,479.820007324219,470,476.959991455078,3119400,449.635345458984
2023-03-21,478.390014648438,481.450012207031,475.720001220703,480.100006103516,3163300,452.595489501953
2023-03-22,481.950012207031,485.739990234375,474.820007324219,475.519989013672,2632200,448.277770996094
2023-03-23,477.410003662109,480.670013427734,466.670013427734,469.910003662109,3284900,442.989227294922
2023-03-24,468.980010986328,476.880004882812,467.589996337891,475.989990234375,2533200,448.720916748047
2023-03-27,485.549987792969,486.290008544922,478.589996337891,481.899993896484,2271800,454.292358398438
2023-03-28,482,483.790008544922,470.690002441406,472.579986572266,2369500,445.506286621094
2023-03-29,475.109985351562,475.880004882812,464.950012207031,466.589996337891,3733200,439.859436035156
2023-03-30,466.570007324219,470.410003662109,461.079986572266,470.059997558594,3324600,443.130615234375
2023-03-31,471.519989013672,476,470.100006103516,472.589996337891,3996700,445.515747070312
2023-04-03,485.200012207031,496.130004882812,483.489990234375,494.190002441406,4729100,465.878265380859
2023-04-04,493.029998779297,496.100006103516,491.839996337891,493.25,2624700,464.992095947266
2023-04-05,497.390014648438,511.739990234375,496.100006103516,509.230010986328,4964800,480.056610107422
2023-04-06,511,514.239990234375,507.149993896484,512.809997558594,3472600,483.431549072266
2023-04-10,510.809997558594,515.390014648438,508.089996337891,515.179992675781,2714500,485.665771484375
2023-04-11,516.140014648438,522.219970703125,515.219970703125,520.969970703125,3065300,491.124053955078
2023-04-12,524.97998046875,526.700012207031,520.039978027344,521.190002441406,3422400,491.331451416016
2023-04-13,523.909973144531,530.450012207031,520.5,526.22998046875,4224400,496.082733154297
2023-04-14,522,527.239990234375,508.5,511.790008544922,4872000,482.470031738281
2023-04-17,508.720001220703,509.589996337891,502.75,505.350006103516,3660900,476.398895263672
2023-04-18,503.670013427734,506.989990234375,498.140014648438,504.480010986328,3232000,475.578765869141
2023-04-19,500.649993896484,501.970001220703,483.630004882812,486.200012207031,5809100,458.345977783203
2023-04-20,485.470001220703,489.649993896484,483.260009765625,487.459991455078,3283000,459.533782958984
2023-04-21,490.040008544922,490.730010986328,482.140014648438,483.820007324219,3165300,456.102325439453
2023-04-24,483.410003662109,490.220001220703,482.649993896484,488.940002441406,2322400,460.929016113281
2023-04-25,492.679992675781,498.5,490.579986572266,491.920013427734,2937300,463.73828125
2023-04-26,485.869995117188,487.700012207031,478.359985351562,482.950012207031,2930000,455.2822265625
2023-04-27,482.200012207031,490.980010986328,482.200012207031,490.470001220703,2473200,462.371429443359
2023-04-28,488.690002441406,493.959991455078,488.119995117188,492.089996337891,2398900,463.898590087891
2023-05-01,494.589996337891,499.390014648438,491.809997558594,495.700012207031,2105600,467.301788330078
2023-05-02,495.25,496.709991455078,489.269989013672,493.390014648438,2152300,465.124053955078
2023-05-03,494.399993896484,495.450012207031,488.029998779297,489.440002441406,1749700,461.400360107422
2023-05-04,487.049987792969,489.690002441406,481.950012207031,487.279998779297,2555700,459.364135742188
2023-05-05,494.059997558594,500.850006103516,492.029998779297,494.279998779297,2329400,465.963165283203
2023-05-08,492.040008544922,494.350006103516,488.320007324219,492.619995117188,1738500,464.398193359375
2023-05-09,492.839996337891,499.399993896484,490.299987792969,490.380004882812,2038600,462.286499023438
2023-05-10,489.399993896484,493.470001220703,487.640014648438,490.070007324219,2018700,461.994293212891
2023-05-11,488,490.119995117188,485.660003662109,488.760009765625,2384200,460.759338378906
2023-05-12,488.760009765625,492.899993896484,487.75,491.230010986328,1536500,463.087860107422
2023-05-15,491.399993896484,491.790008544922,483.700012207031,486.859985351562,2169700,458.968231201172
2023-05-16,487.619995117188,489.209991455078,479.010009765625,479.720001220703,2178900,452.237213134766
2023-05-17,480,485.399993896484,477.540008544922,484.809997558594,2682000,457.03564453125
2023-05-18,482.049987792969,482.549987792969,473.890014648438,479.230010986328,3040100,451.775360107422
2023-05-19,479.579986572266,484.799987792969,477.809997558594,478.820007324219,2317900,451.388793945312
2023-05-22,480.440002441406,482.200012207031,477.910003662109,480.619995117188,2242800,453.085601806641
2023-05-23,476.179992675781,483.390014648438,472.540008544922,479.440002441406,2874200,451.973297119141
2023-05-24,480.609985351562,483.279998779297,478.890014648438,480.829986572266,1904700,453.283660888672
2023-05-25,477.630004882812,481.769989013672,474.299987792969,477.700012207031,2684100,450.3330078125
2023-05-26,478.059997558594,488.390014648438,478,481.519989013672,3135200,453.93408203125
2023-05-30,476.679992675781,485.869995117188,476.029998779297,479.850006103516,3180800,452.359771728516
2023-05-31,478.119995117188,487.399993896484,477.109985351562,487.239990234375,4944100,459.326416015625
2023-06-01,487.790008544922,498.779998779297,486.109985351562,493.630004882812,3376600,465.350372314453
2023-06-02,492,501.019989013672,490.359985351562,499.579986572266,3064500,470.959411621094
2023-06-05,500.700012207031,502.899993896484,497.420013427734,498.190002441406,2688800,469.649139404297
2023-06-06,499.899993896484,499.899993896484,483.670013427734,487.570007324219,3816600,459.637512207031
2023-06-07,489.950012207031,490.440002441406,481.600006103516,482.130004882812,4381700,454.509185791016
2023-06-08,484.390014648438,491.820007324219,482.429992675781,490.230010986328,2725900,462.145141601562
2023-06-09,489.989990234375,498.220001220703,487.230010986328,493.619995117188,3174100,465.340911865234
2023-06-12,492.299987792969,494.450012207031,488.720001220703,492.589996337891,2207700,464.369903564453
2023-06-13,490.869995117188,494.660003662109,488.660003662109,491.309997558594,3016600,463.163238525391
2023-06-14,454.640014648438,460.630004882812,445.679992675781,459.859985351562,14672400,433.514984130859
2023-06-15,461.989990234375,472,460.910003662109,465.890014648438,6798100,441.002471923828
2023-06-16,466.140014648438,468.519989013672,457.929992675781,458.489990234375,7699100,433.997772216797
2023-06-20,456.75,470.489990234375,456.75,469.390014648438,4597700,444.315490722656
2023-06-21,468.950012207031,479.369995117188,467.190002441406,476.75,4886500,451.282318115234
2023-06-22,478.179992675781,483.179992675781,478,479.049987792969,3179000,453.45947265625
2023-06-23,478.329986572266,482.279998779297,476.549987792969,477,4862600,451.518981933594
2023-06-26,478.140014648438,481.309997558594,473,479.059997558594,2968300,453.468933105469
2023-06-27,478.130004882812,483.179992675781,477.769989013672,482.559997558594,3693200,456.782012939453
2023-06-28,481.959991455078,482.119995117188,473.980010986328,474.450012207031,3670100,449.105224609375
2023-06-29,475.079986572266,479.709991455078,473.079986572266,476.440002441406,2979300,450.988861083984
2023-06-30,478,482.100006103516,475.119995117188,480.640014648438,3970400,454.964569091797
2023-07-03,478.100006103516,480.209991455078,476.299987792969,477.880004882812,1915700,452.351959228516
2023-07-05,476.029998779297,477.290008544922,470.589996337891,471.220001220703,5053100,446.047698974609
2023-07-06,469.350006103516,472.399993896484,466.649993896484,469.359985351562,3913600,444.287139892578
2023-07-07,465,468.609985351562,460.820007324219,461.579986572266,4131600,436.922637939453
2023-07-10,460,463.100006103516,459.160003662109,463.049987792969,4339200,438.314147949219
2023-07-11,462.369995117188,466.489990234375,461.140014648438,462.890014648438,3086800,438.162750244141
2023-07-12,463,464.820007324219,451.25,451.700012207031,7287600,427.570465087891
2023-07-13,452,454.899993896484,447.179992675781,447.75,7276800,423.831481933594
2023-07-14,462.549987792969,485,460.109985351562,480.170013427734,11379300,454.519683837891
2023-07-17,481.109985351562,484.600006103516,478.299987792969,484.079986572266,4582000,458.220703125
2023-07-18,489.329986572266,504.420013427734,487.5,500,8816400,473.290313720703
2023-07-19,507.540008544922,514.659973144531,502.480010986328,503.700012207031,4956500,476.792663574219
2023-07-20,506.660003662109,508.679992675781,500.529998779297,504.239990234375,2963100,477.303802490234
2023-07-21,505.049987792969,510.410003662109,504.519989013672,506.529998779297,2887300,479.471496582031
2023-07-24,505.329986572266,509.779998779297,504.570007324219,508.679992675781,2279000,481.506652832031
2023-07-25,510,512.5,507.279998779297,510.929992675781,2730600,483.636444091797
2023-07-26,511.540008544922,515.859985351562,506.630004882812,508,3697200,480.862976074219
2023-07-27,508.570007324219,510.5,503.130004882812,505.230010986328,3028300,478.240966796875
2023-07-28,505.209991455078,507.480010986328,497.279998779297,502.910003662109,2930000,476.044860839844
2023-07-31,503,507.880004882812,499.059997558594,506.369995117188,2441600,479.320037841797
2023-08-01,507.5,510.040008544922,502.489990234375,504.739990234375,2161200,477.777160644531
2023-08-02,509.690002441406,510.470001220703,502.989990234375,504.799987792969,3220500,477.833923339844
2023-08-03,502.890014648438,506,501.040008544922,504.859985351562,2442900,477.890716552734
2023-08-04,510,510.899993896484,501.75,502.730010986328,2411200,475.87451171875
2023-08-07,505.739990234375,513.599975585938,504.649993896484,510.739990234375,2430900,483.45654296875
2023-08-08,503,508.170013427734,500.019989013672,505.859985351562,2422600,478.837341308594
2023-08-09,504,505.730010986328,500.880004882812,502.109985351562,1916900,475.287567138672
2023-08-10,504.470001220703,512.039978027344,502.779998779297,503.480010986328,2179700,476.584442138672
2023-08-11,505.630004882812,510.670013427734,504.25,508.010009765625,2029600,480.872467041016
2023-08-14,509.149993896484,513.5,508.25,510.929992675781,2127200,483.636444091797
2023-08-15,511.579986572266,513.650024414062,506.269989013672,506.690002441406,1817500,479.622955322266
2023-08-16,508,510.5,502.829986572266,503.559997558594,1454100,476.660125732422
2023-08-17,495.480010986328,501.230010986328,491.820007324219,493.959991455078,3009500,467.573028564453
2023-08-18,494.779998779297,500.940002441406,493.5,498.440002441406,2364400,471.813659667969
2023-08-21,497.510009765625,500.25,496.220001220703,497.679992675781,1533500,471.09423828125
2023-08-22,495.420013427734,496.790008544922,491.329986572266,492.339996337891,2079400,466.03955078125
2023-08-23,493,494,487.929992675781,489.440002441406,2011400,463.294403076172
2023-08-24,491.429992675781,495.420013427734,487.209991455078,488.100006103516,2311100,462.026031494141
2023-08-25,489.920013427734,491.149993896484,484.649993896484,489.119995117188,1923500,462.991546630859
2023-08-28,490.489990234375,493.059997558594,489.130004882812,491.279998779297,1344500,465.036163330078
2023-08-29,491.470001220703,492.940002441406,487.970001220703,492.829986572266,2113700,466.503326416016
2023-08-30,493.989990234375,496.709991455078,490.290008544922,491.529998779297,2283400,465.272796630859
2023-08-31,492.359985351562,493.820007324219,476.290008544922,476.579986572266,4927700,451.121429443359
2023-09-01,479,480.649993896484,473.359985351562,476.239990234375,3165900,450.799591064453
2023-09-05,478,484.600006103516,477.540008544922,480.809997558594,3443300,455.125427246094
2023-09-06,482.089996337891,483.160003662109,476.380004882812,476.940002441406,2596100,451.462219238281
2023-09-07,479.899993896484,487.109985351562,478.600006103516,484.809997558594,2928000,458.911773681641
2023-09-08,480.190002441406,482.970001220703,478.75,480.769989013672,1858400,456.859161376953
2023-09-11,481.980010986328,483.839996337891,478,479.380004882812,2059200,455.538330078125
2023-09-12,477.380004882812,483.640014648438,472.119995117188,479.899993896484,2195200,456.032470703125
2023-09-13,481.429992675781,484.040008544922,479.459991455078,479.839996337891,2197800,455.975433349609
2023-09-14,482.630004882812,485.269989013672,478.779998779297,483.600006103516,2334300,459.548431396484
2023-09-15,485.739990234375,489.820007324219,484.140014648438,486.700012207031,5334300,462.494293212891
2023-09-18,488.410003662109,488.739990234375,483.600006103516,486.059997558594,1997500,461.886077880859
2023-09-19,483.760009765625,485.730010986328,476.540008544922,480.660003662109,3230700,456.754638671875
2023-09-20,482.75,495.109985351562,479.140014648438,492.130004882812,3724800,467.654205322266
2023-09-21,494.190002441406,505.140014648438,493.079986572266,501.140014648438,4703900,476.216156005859
2023-09-22,499,509.429992675781,498.029998779297,506.100006103516,4558500,480.929412841797
2023-09-25,508.260009765625,510.940002441406,506.630004882812,510.279998779297,2758500,484.901519775391
2023-09-26,508.940002441406,509.420013427734,504.380004882812,505.450012207031,2420200,480.311767578125
2023-09-27,506.230010986328,506.359985351562,501.049987792969,503.730010986328,2593700,478.677307128906
2023-09-28,505.970001220703,514.150024414062,505.010009765625,510.100006103516,2922000,484.730529785156
2023-09-29,509.850006103516,509.880004882812,503.799987792969,504.190002441406,3006200,479.114379882812
2023-10-02,505.529998779297,514.840026855469,503.140014648438,514.570007324219,3550400,488.978179931641
2023-10-03,513.299987792969,513.97998046875,508.359985351562,509.470001220703,3143200,484.131866455078
2023-10-04,509.489990234375,511.820007324219,506.609985351562,510.619995117188,2801700,485.224609375
2023-10-05,511.619995117188,518.210021972656,511.230010986328,516.22998046875,2790700,490.555633544922
2023-10-06,516.450012207031,525.950012207031,515.97998046875,524.809997558594,3647200,498.708831787109
2023-10-09,521.150024414062,526.869995117188,520.25,526.510009765625,2341600,500.324371337891
2023-10-10,526.5,528.140014648438,523.080017089844,524.239990234375,2455700,498.167266845703
2023-10-11,520.919982910156,525.590026855469,520.22998046875,524.130004882812,2819300,498.062744140625
2023-10-12,524.469970703125,528.580017089844,522.25,525.539978027344,2377300,499.402526855469
2023-10-13,533.25,544.460021972656,532,539.400024414062,5245400,512.573364257812
2023-10-16,543.179992675781,546.780029296875,536.119995117188,538.030029296875,3827600,511.271423339844
2023-10-17,539.940002441406,542.429992675781,534.570007324219,536.650024414062,2586000,509.960083007812
2023-10-18,543.039978027344,543.97998046875,535.400024414062,536.059997558594,2551400,509.399444580078
2023-10-19,536.820007324219,538.340026855469,529.25,531.630004882812,2351200,505.189758300781
2023-10-20,531,534.429992675781,526.77001953125,527.030029296875,2811100,500.818511962891
2023-10-23,527.030029296875,527.780029296875,520.289978027344,521.570007324219,2357700,495.630035400391
2023-10-24,522.859985351562,530.669982910156,522.070007324219,525,1978200,498.889495849609
2023-10-25,527.27001953125,532.359985351562,520.080017089844,530.210021972656,2380100,503.840270996094
2023-10-26,525.700012207031,530.469970703125,522.52001953125,528.359985351562,2675800,502.082366943359
2023-10-27,525.989990234375,527.739990234375,521.260009765625,524.659973144531,2585600,498.566345214844
2023-10-30,525,531.820007324219,522.940002441406,529.989990234375,2555400,503.631286621094
2023-10-31,535,536.679992675781,531.619995117188,535.559997558594,2464200,508.924255371094
2023-11-01,529.97998046875,535.830017089844,526.799987792969,531.599975585938,2747400,505.1611328125
2023-11-02,532,536.840026855469,526.950012207031,536.130004882812,2350900,509.465942382812
2023-11-03,534.570007324219,535.97998046875,528.799987792969,530.900024414062,2739500,504.496124267578
2023-11-06,531.630004882812,536.02001953125,530.049987792969,533.460021972656,2684900,506.928680419922
2023-11-07,535.359985351562,539.650024414062,531.52001953125,537.830017089844,2604800,511.081329345703
2023-11-08,540,541.400024414062,534.140014648438,536.72998046875,1769200,510.035980224609
2023-11-09,537.599975585938,540.909973144531,534.47998046875,539,1819600,512.193176269531
2023-11-10,542.679992675781,542.679992675781,536.02001953125,541.210021972656,2480800,514.293212890625
2023-11-13,541.150024414062,544.150024414062,537.909973144531,542.570007324219,1507900,515.585693359375
2023-11-14,539.030029296875,542.669982910156,536.510009765625,540.460021972656,2454000,513.580505371094
2023-11-15,540.049987792969,540.460021972656,531.700012207031,538.409973144531,2473700,511.632446289062
2023-11-16,538.409973144531,544.859985351562,537.469970703125,539.820007324219,2360300,512.972534179688
2023-11-17,540.27001953125,540.52001953125,528.340026855469,536.289978027344,2676900,509.617919921875
2023-11-20,533.609985351562,536.340026855469,531.799987792969,535.099975585938,2518400,508.487121582031
2023-11-21,537.77001953125,541.669982910156,534.190002441406,539.590026855469,2115700,512.753784179688
2023-11-22,542.969970703125,544.400024414062,540.260009765625,543.760009765625,2234500,516.716369628906
2023-11-24,544.929992675781,547.590026855469,542.809997558594,547.099975585938,1135000,519.890197753906
2023-11-27,547.099975585938,550.890014648438,541.530029296875,543.590026855469,2675800,516.554931640625
2023-11-28,545.630004882812,545.820007324219,540.070007324219,540.530029296875,2859300,513.647155761719
2023-11-29,530,541.859985351562,528.650024414062,534.97998046875,4550000,508.373138427734
2023-11-30,535.789978027344,553.940002441406,534.010009765625,552.969970703125,7121200,525.468383789062
2023-12-01,550.419982910156,554.700012207031,545.159973144531,547.159973144531,3462200,521.721069335938
2023-12-04,548.260009765625,551.869995117188,543.039978027344,548.280029296875,2709200,522.788940429688
2023-12-05,549.099975585938,552.530029296875,545.349975585938,550.260009765625,2645600,524.677062988281
2023-12-06,547.559997558594,551.880004882812,547.099975585938,549.530029296875,2239700,523.980895996094
2023-12-07,551.349975585938,551.510009765625,544.52001953125,548.27001953125,2511700,522.779418945312
2023-12-08,550.219970703125,551.72998046875,544.539978027344,549.77001953125,2039900,524.209838867188
2023-12-11,549.760009765625,550,539.059997558594,543.679992675781,3655300,518.402954101562
2023-12-12,545.799987792969,547.489990234375,542.650024414062,545.719970703125,2706100,520.347961425781
2023-12-13,544,549.419982910156,538.590026855469,549.010009765625,2876600,523.485107421875
2023-12-14,544.299987792969,544.919982910156,529.400024414062,534.239990234375,5386800,509.401763916016
2023-12-15,530,533.5,522.960021972656,531.119995117188,9030100,506.426910400391
2023-12-18,529.109985351562,531.469970703125,525.22998046875,526.549987792969,3260300,502.069305419922
2023-12-19,524.590026855469,527.619995117188,521.780029296875,524.039978027344,3645600,499.675964355469
2023-12-20,523.849975585938,524.830017089844,515.869995117188,515.929992675781,3847800,491.943023681641
2023-12-21,518.880004882812,520.820007324219,516.5,519.880004882812,2491600,495.709411621094
2023-12-22,519.880004882812,523.010009765625,518.02001953125,520.309997558594,1759500,496.119476318359
2023-12-26,519.880004882812,521.47998046875,517.969970703125,520.030029296875,1390800,495.852478027344
2023-12-27,519.75,523.159973144531,519.359985351562,522.789978027344,1851800,498.484130859375
2023-12-28,523.469970703125,527.869995117188,522.940002441406,524.900024414062,2001000,500.496002197266
2023-12-29,525.97998046875,528.239990234375,523.919982910156,526.469970703125,2080100,501.992980957031
2024-01-02,526.840026855469,539.659973144531,526.669982910156,539.340026855469,3415700,514.2646484375
2024-01-03,543.039978027344,546.789978027344,539.47998046875,542.030029296875,2891400,516.829650878906
2024-01-04,545,549,543,545.419982910156,2994400,520.06201171875
2024-01-05,547,547,533.72998046875,537.380004882812,2815400,512.395812988281
2024-01-08,539.400024414062,540.25,528,536.52001953125,2648900,511.575775146484
2024-01-09,538,539.609985351562,532.330017089844,538.369995117188,2677000,513.33984375
2024-01-10,538.099975585938,541.200012207031,536.150024414062,537.640014648438,2180000,512.643676757812
2024-01-11,536.130004882812,540.159973144531,534.530029296875,539.679992675781,2814100,514.5888671875
2024-01-12,518.859985351562,528.47998046875,513.130004882812,521.510009765625,6327300,497.263641357422
2024-01-16,523.710021972656,524.5,516.549987792969,519.150024414062,3736700,495.013427734375
2024-01-17,521.280029296875,530.659973144531,520,524.940002441406,3791300,500.534149169922
2024-01-18,505.230010986328,516.840026855469,497.459991455078,516.340026855469,7367000,492.334045410156
2024-01-19,515,517.549987792969,501.820007324219,503.559997558594,6143400,480.148162841797
2024-01-22,503.940002441406,513.570007324219,496.5,512.989990234375,5922900,489.139739990234
2024-01-23,512.5,518.080017089844,512.080017089844,515.52001953125,2672900,491.552185058594
2024-01-24,517.900024414062,521.72998046875,512.950012207031,513.22998046875,2918800,489.368591308594
2024-01-25,487.589996337891,495.510009765625,479,493.399993896484,14671000,470.460540771484
2024-01-26,493.279998779297,503.690002441406,489.899993896484,503.200012207031,6212200,479.804901123047
2024-01-29,503.109985351562,506.510009765625,501.149993896484,504.540008544922,4554100,481.082641601562
2024-01-30,504.540008544922,506.049987792969,499.220001220703,503.609985351562,4931200,480.19580078125
2024-01-31,504.510009765625,515,504.510009765625,511.739990234375,5358100,487.947875976562
2024-02-01,508.829986572266,510.220001220703,503,507.140014648438,4242600,483.561737060547
2024-02-02,508.25,512.909973144531,505.390014648438,510.230010986328,3804500,486.508056640625
2024-02-05,509.959991455078,514.200012207031,500.049987792969,502.959991455078,3646300,479.576049804688
2024-02-06,503.940002441406,510.940002441406,502.450012207031,510.670013427734,2745400,486.927642822266
2024-02-07,514.010009765625,521,512.690002441406,519.390014648438,4109100,495.242126464844
2024-02-08,520.630004882812,522.159973144531,517.280029296875,520.090026855469,3343000,495.909729003906
2024-02-09,518.989990234375,520.390014648438,516.289978027344,518.219970703125,2715400,494.126556396484
2024-02-12,518.219970703125,518.989990234375,512.809997558594,517.640014648438,3194000,493.573577880859
2024-02-13,522,526.929992675781,514.210021972656,516.849975585938,3436000,492.820281982422
2024-02-14,515.260009765625,518.530029296875,514.289978027344,516.940002441406,1918500,492.906097412109
2024-02-15,517.340026855469,521.75,515.799987792969,520.880004882812,2292100,496.662933349609
2024-02-16,522.299987792969,523.789978027344,518.890014648438,521.549987792969,2135500,497.301696777344
2024-02-20,524.210021972656,525.369995117188,519.409973144531,521.059997558594,2600200,496.834564208984
2024-02-21,523.669982910156,523.690002441406,517.539978027344,521.969970703125,2095900,497.702178955078
2024-02-22,524.200012207031,526.739990234375,518.590026855469,526.5,3186800,502.021636962891
2024-02-23,526.75,530.5,524.159973144531,527.239990234375,2502000,502.727142333984
2024-02-26,528.320007324219,532.809997558594,524.309997558594,525.320007324219,2308900,500.896484375
2024-02-27,524.760009765625,525.590026855469,512.049987792969,513.419982910156,3780600,489.549713134766
2024-02-28,495.440002441406,498.549987792969,484.390014648438,498.279998779297,9558600,475.113739013672
2024-02-29,498.5,501.75,491.600006103516,493.600006103516,6833200,470.651275634766
2024-03-01,489.420013427734,490.019989013672,477.25,489.529998779297,7315000,466.770446777344
2024-03-04,483.239990234375,487.040008544922,480.100006103516,481.869995117188,5239800,459.466644287109
2024-03-05,482.390014648438,482.899993896484,470.619995117188,473.149993896484,5296200,451.152069091797
2024-03-06,474.440002441406,479.799987792969,468.190002441406,472.600006103516,5577500,450.627563476562
2024-03-07,474,481.190002441406,473.600006103516,478.779998779297,5102000,456.520263671875
2024-03-08,478.329986572266,484.25,474.769989013672,476.570007324219,4673600,456.204406738281
2024-03-11,477,490.309997558594,476,489.149993896484,4410100,468.246765136719
2024-03-12,488.130004882812,492.279998779297,487.350006103516,489.350006103516,4153800,468.438232421875
2024-03-13,493.519989013672,496,485.329986572266,488,3669000,467.145874023438
2024-03-14,488.720001220703,489.679992675781,485.190002441406,489,3378500,468.103179931641
2024-03-15,487.450012207031,491.220001220703,487.450012207031,490.820007324219,5713500,469.845458984375
2024-03-18,492.100006103516,492.100006103516,486.380004882812,487.049987792969,2970500,466.236480712891
2024-03-19,489.670013427734,493.440002441406,487.790008544922,493.320007324219,2511700,472.238586425781
2024-03-20,492.470001220703,494.600006103516,489.440002441406,494.230010986328,3548200,473.109710693359
2024-03-21,492.279998779297,496.200012207031,491.279998779297,491.690002441406,3693400,470.67822265625
2024-03-22,495.200012207031,495.829986572266,489.769989013672,490.070007324219,2847300,469.127471923828
2024-03-25,490.600006103516,491.480010986328,484.070007324219,485.880004882812,2786100,465.116516113281
2024-03-26,488.130004882812,493.339996337891,485.230010986328,492.309997558594,3113300,471.271697998047
2024-03-27,493.700012207031,495.730010986328,491.309997558594,493.100006103516,2653100,472.027984619141
2024-03-28,495,495.869995117188,489.299987792969,494.700012207031,3820000,473.559600830078
2024-04-01,494.470001220703,495.779998779297,488.700012207031,489.700012207031,2928700,468.773284912109
2024-04-02,459.600006103516,463.679992675781,449.600006103516,458.140014648438,11867000,438.561950683594
2024-04-03,462,462.850006103516,455.549987792969,459.739990234375,4460400,440.093566894531
2024-04-04,460.820007324219,461.720001220703,451.920013427734,455.380004882812,5182000,435.919891357422
2024-04-05,450.690002441406,457.75,450.010009765625,455.739990234375,5747400,436.264495849609
2024-04-08,455.970001220703,457.200012207031,453.589996337891,456,4532300,436.513366699219
2024-04-09,454.279998779297,459.760009765625,452.459991455078,459.720001220703,3521200,440.074432373047
2024-04-10,455.489990234375,458.739990234375,449.779998779297,450.049987792969,4493500,430.817657470703
2024-04-11,450.390014648438,450.769989013672,441.480010986328,441.720001220703,5844100,422.843658447266
2024-04-12,440.339996337891,442.239990234375,436.380004882812,439.200012207031,6045700,420.431335449219
2024-04-15,442,448.350006103516,441.989990234375,445.630004882812,5376800,426.586578369141
2024-04-16,476.769989013672,479.75,465.600006103516,468.890014648438,11816500,448.852569580078
2024-04-17,478.600006103516,488,474.589996337891,478.989990234375,8759800,458.520935058594
2024-04-18,486.130004882812,502,485.970001220703,493.179992675781,8880400,472.104522705078
2024-04-19,497,507.299987792969,495.559997558594,501.130004882812,6618600,479.71484375
2024-04-22,497.779998779297,499.420013427734,490.640014648438,491.230010986328,4697700,470.237915039062
2024-04-23,491,494.309997558594,484.970001220703,486.179992675781,3646700,465.403686523438
2024-04-24,483.779998779297,488.859985351562,480.709991455078,487.299987792969,3724400,466.475799560547
2024-04-25,488.959991455078,497.130004882812,487.529998779297,493.859985351562,4329700,472.755462646484
2024-04-26,492,497.230010986328,491.399993896484,495.350006103516,2727000,474.181854248047
2024-04-29,495.709991455078,497.350006103516,487.769989013672,489.029998779297,2192100,468.131927490234
2024-04-30,488.959991455078,489.709991455078,482.589996337891,483.700012207031,3367500,463.029663085938
2024-05-01,479.260009765625,489.190002441406,477.070007324219,484.109985351562,2729200,463.422180175781
2024-05-02,484.279998779297,493.690002441406,483.940002441406,492.970001220703,3561400,471.903564453125
2024-05-03,490.859985351562,492.790008544922,485.779998779297,492.450012207031,2487600,471.40576171875
2024-05-06,492.480010986328,494.869995117188,492,494.380004882812,2029500,473.253234863281
2024-05-07,496,501.649993896484,495.040008544922,500.959991455078,3752100,479.552062988281
2024-05-08,504.170013427734,507,500.079986572266,503.209991455078,3078900,481.705932617188
2024-05-09,502.140014648438,507.970001220703,502.140014648438,507.029998779297,2342900,485.362701416016
2024-05-10,509,513.580017089844,507,512.809997558594,2784600,490.895751953125
2024-05-13,512.049987792969,514.669982910156,507.309997558594,511.739990234375,2454500,489.871398925781
2024-05-14,514.580017089844,516.169982910156,507.299987792969,513.880004882812,2949700,491.920013427734
2024-05-15,514.830017089844,522.590026855469,514.830017089844,517.549987792969,2981200,495.43310546875
2024-05-16,520,528.159973144531,519.510009765625,521.27001953125,3655800,498.994171142578
2024-05-17,522.940002441406,525.849975585938,520.010009765625,524.630004882812,2657200,502.210601806641
2024-05-20,524.630004882812,524.630004882812,516.539978027344,517.22998046875,2476200,495.126800537109
2024-05-21,518.320007324219,524.719970703125,515.919982910156,523.549987792969,2521900,501.176696777344
2024-05-22,522.820007324219,526.280029296875,520.650024414062,521.349975585938,2299100,499.070770263672
2024-05-23,518.320007324219,520.22998046875,515.22998046875,516.830017089844,3055400,494.743927001953
2024-05-24,516.109985351562,517.140014648438,507.519989013672,508.170013427734,2527800,486.453979492188
2024-05-28,506.649993896484,506.649993896484,501.899993896484,503.679992675781,2912800,482.155883789062
2024-05-29,492.339996337891,493.899993896484,473.269989013672,484.720001220703,7521600,464.006072998047
2024-05-30,482.320007324219,486.029998779297,478,481.649993896484,5169700,461.067230224609
2024-05-31,482.410003662109,498.410003662109,482.410003662109,495.369995117188,6694800,474.200988769531
2024-06-03,494.130004882812,498.679992675781,493.070007324219,497.440002441406,2795100,476.182495117188
2024-06-04,498.559997558594,508.269989013672,494.589996337891,505.489990234375,3178400,483.888519287109
2024-06-05,508.700012207031,509.100006103516,498.799987792969,503.119995117188,2464400,481.619750976562
2024-06-06,503.649993896484,504.700012207031,497.279998779297,501.920013427734,2419600,480.471099853516
2024-06-07,502.040008544922,502.859985351562,490.420013427734,490.690002441406,3416300,469.721008300781
2024-06-10,491,495.390014648438,486.190002441406,495,3332800,473.846771240234
2024-06-11,490.859985351562,497.779998779297,490.290008544922,496.220001220703,4599700,475.0146484375
2024-06-12,500,500,487.420013427734,493.070007324219,4048200,471.999298095703
2024-06-13,490.279998779297,502,484.380004882812,497.299987792969,4951700,476.048431396484
2024-06-14,496.829986572266,497.850006103516,491.730010986328,497.119995117188,3188400,475.876159667969
2024-06-17,491.329986572266,493.119995117188,488.700012207031,489.230010986328,2407200,470.310119628906
2024-06-18,490.709991455078,491.660003662109,479.040008544922,481.049987792969,3692700,462.446411132812
2024-06-20,480.040008544922,485.920013427734,478.109985351562,484.519989013672,5258100,465.782257080078
2024-06-21,484.440002441406,488.299987792969,480.589996337891,482.589996337891,6368600,463.926879882812
2024-06-24,488.859985351562,490.890014648438,484.5,489.980010986328,5139800,471.031127929688
2024-06-25,490.640014648438,490.640014648438,480.600006103516,484.5,2916100,465.763061523438
2024-06-26,484.5,487.440002441406,481.470001220703,484.040008544922,3153100,465.320861816406
2024-06-27,485.049987792969,488.980010986328,482.049987792969,486.440002441406,2991900,467.628021240234
2024-06-28,496.369995117188,509.399993896484,489.410003662109,509.260009765625,22734200,489.565521240234
2024-07-01,506.75,508.910003662109,492.890014648438,494.649993896484,4523100,475.5205078125
2024-07-02,494.260009765625,498.470001220703,493.390014648438,498.239990234375,3312000,478.9716796875
2024-07-03,497.119995117188,498.079986572266,486.519989013672,489.890014648438,2239200,470.944610595703
2024-07-05,489,489.670013427734,484.5,488.010009765625,3499000,469.137329101562
2024-07-08,489.190002441406,493.880004882812,486.170013427734,489.339996337891,3450600,470.415863037109
2024-07-09,488.329986572266,495.399993896484,486.089996337891,492.109985351562,3056800,473.078735351562
2024-07-10,490.940002441406,501.5,490.119995117188,500.929992675781,3189800,481.557647705078
2024-07-11,497.700012207031,508.730010986328,497.700012207031,504.359985351562,3535100,484.855010986328
2024-07-12,506.920013427734,514.570007324219,503.429992675781,511.529998779297,3570600,491.747711181641
2024-07-15,524.239990234375,530.830017089844,513.799987792969,515.369995117188,5128000,495.439178466797
2024-07-16,533.900024414062,549.919982910156,527.130004882812,548.869995117188,11062000,527.643737792969
2024-07-17,554,573.609985351562,551.299987792969,573.280029296875,10330800,551.109741210938
2024-07-18,564.5,581.5,561.419982910156,564.340026855469,6834800,542.515502929688
2024-07-19,567.119995117188,569.900024414062,561.539978027344,565.330017089844,4290400,543.467102050781
2024-07-22,563.049987792969,564.25,557.080017089844,558.530029296875,3377300,536.93017578125
2024-07-23,558.789978027344,558.840026855469,552.809997558594,554.700012207031,2785600,533.248168945312
2024-07-24,560,561.130004882812,553.02001953125,559.75,3156200,538.102905273438
2024-07-25,562,569.890014648438,558.580017089844,559.679992675781,3102900,538.03564453125
2024-07-26,560,579.130004882812,560,569.719970703125,3201900,547.687316894531
2024-07-29,565.710021972656,571.349975585938,561.760009765625,566.75,2965000,544.832153320312
2024-07-30,566.900024414062,579.429992675781,565.989990234375,576.330017089844,4139100,554.041748046875
2024-07-31,565.440002441406,580.900024414062,562.320007324219,576.159973144531,4713200,553.878173828125
2024-08-01,577.200012207031,587.5,567.099975585938,572.77001953125,3680800,550.619323730469
2024-08-02,582.330017089844,591.539978027344,575.25,589.830017089844,5094000,567.019653320312
2024-08-05,582.119995117188,586.820007324219,566.760009765625,569.960021972656,4587400,547.918029785156
2024-08-06,568.210021972656,577.52001953125,562.530029296875,568.349975585938,3216500,546.370300292969
2024-08-07,566.609985351562,571.650024414062,557.030029296875,566.080017089844,4320700,544.188049316406
2024-08-08,564.369995117188,572.450012207031,564.369995117188,566.239990234375,2860800,544.341918945312
2024-08-09,564.539978027344,565.929992675781,557.630004882812,558.760009765625,2976700,537.151184082031
2024-08-12,562.320007324219,569,561.049987792969,565.289978027344,2532400,543.428649902344
2024-08-13,569.989990234375,575.72998046875,569,574.239990234375,2369400,552.032531738281
2024-08-14,575.239990234375,581.119995117188,573.27001953125,579.669982910156,2344400,557.252502441406
2024-08-15,579.669982910156,583.340026855469,573.510009765625,579.609985351562,2751800,557.194885253906
2024-08-16,580.919982910156,581.650024414062,574.099975585938,577.679992675781,2728900,555.339538574219
2024-08-19,578.080017089844,583.299987792969,577.070007324219,578.780029296875,1847900,556.397033691406
2024-08-20,579.849975585938,583.809997558594,575.5,580.650024414062,1677500,558.194641113281
2024-08-21,581.510009765625,583.390014648438,577.429992675781,578.070007324219,2844300,555.714416503906
2024-08-22,579.25,582.950012207031,570.619995117188,578.719970703125,2282000,556.339294433594
2024-08-23,581,585.210021972656,578.450012207031,584.510009765625,2376400,561.905395507812
2024-08-26,588.049987792969,592.090026855469,585.739990234375,587.130004882812,1800000,564.424011230469
2024-08-27,589.469970703125,592.340026855469,583.780029296875,587.349975585938,1581900,564.635437011719
2024-08-28,589.010009765625,592.840026855469,583.869995117188,588.539978027344,1657000,565.779479980469
2024-08-29,590.679992675781,592.609985351562,584.369995117188,591.570007324219,1953200,568.692321777344
2024-08-30,590,593.260009765625,586.590026855469,590.200012207031,2944700,567.375366210938
2024-09-03,592.52001953125,600.659973144531,591.820007324219,598.679992675781,3175500,575.527404785156
2024-09-04,600,607.940002441406,597.880004882812,604.179992675781,2935000,580.814636230469
2024-09-05,604.190002441406,606,589.669982910156,595.489990234375,2144800,572.460632324219
2024-09-06,595.869995117188,600.609985351562,592.260009765625,596.880004882812,2926400,573.796936035156
2024-09-09,598.320007324219,599.47998046875,575.27001953125,594.099975585938,3411400,571.124389648438
2024-09-10,595.210021972656,604.799987792969,591.150024414062,599.030029296875,2863500,575.863891601562
2024-09-11,589.140014648438,591.400024414062,578.969970703125,589.75,3563600,566.942687988281
2024-09-12,588.530029296875,590.510009765625,583.210021972656,588.419982910156,3395800,565.664184570312
2024-09-13,591.080017089844,597.679992675781,587.22998046875,594.320007324219,2241900,571.335998535156
2024-09-16,595,598.789978027344,587.760009765625,589.140014648438,2548600,568.364501953125
2024-09-17,586.010009765625,586.719970703125,576.390014648438,577.960021972656,3416000,557.578857421875
2024-09-18,576.859985351562,584.52001953125,572.309997558594,580.650024414062,2988300,560.173950195312
2024-09-19,583.719970703125,584.830017089844,574.580017089844,577.070007324219,2945700,556.72021484375
2024-09-20,571.700012207031,578.840026855469,569.650024414062,575,5398700,554.723205566406
2024-09-23,576.489990234375,579.429992675781,572,573.409973144531,2386100,553.189208984375
2024-09-24,570.820007324219,577.309997558594,566,575.190002441406,3188500,554.906616210938
2024-09-25,577.869995117188,581.109985351562,573.080017089844,576.309997558594,2658800,555.987060546875
2024-09-26,575,576.599975585938,570.909973144531,574.809997558594,2751900,554.539916992188
2024-09-27,577.679992675781,586.710021972656,576.590026855469,581.849975585938,2986200,561.331665039062
2024-09-30,583.5,586.419982910156,578.739990234375,584.679992675781,3009700,564.061889648438
2024-10-01,585,588.700012207031,580.77001953125,583.299987792969,2648400,562.730590820312
2024-10-02,604.260009765625,604.52001953125,584.25,592.309997558594,3667000,571.422729492188
2024-10-03,590.609985351562,593.22998046875,584.369995117188,592.75,2645800,571.847229003906
2024-10-04,592.130004882812,596.130004882812,588.440002441406,591.200012207031,2462600,570.351989746094
2024-10-07,588.789978027344,592.440002441406,583.330017089844,583.559997558594,2591100,562.981384277344
2024-10-08,588.059997558594,589.210021972656,579.559997558594,581.580017089844,2231400,561.071166992188
2024-10-09,582.159973144531,592.799987792969,580.609985351562,591.219970703125,2207700,570.371154785156
2024-10-10,595.179992675781,598.950012207031,592.760009765625,597.700012207031,2143200,576.622802734375
2024-10-11,596.489990234375,601.52001953125,596.200012207031,598.049987792969,1909700,576.960327148438
2024-10-14,599.109985351562,608.630004882812,597.380004882812,605.400024414062,2447100,584.051208496094
2024-10-15,552.02001953125,569.700012207031,543,556.289978027344,11939400,536.673095703125
2024-10-16,557.010009765625,576.179992675781,555.119995117188,571.340026855469,5103900,551.192321777344
2024-10-17,560.580017089844,569.469970703125,558.719970703125,566.030029296875,5588700,546.069519042969
2024-10-18,566.849975585938,570.950012207031,563.039978027344,569.609985351562,3687000,549.523315429688
2024-10-21,569.640014648438,579.280029296875,568.700012207031,571.469970703125,3018000,551.317687988281
2024-10-22,567.849975585938,573.039978027344,565.489990234375,569.859985351562,2593800,549.764465332031
2024-10-23,572.130004882812,574.140014648438,560,564.640014648438,2911900,544.728576660156
2024-10-24,564.989990234375,571.700012207031,560.309997558594,560.809997558594,2590200,541.03369140625
2024-10-25,566.159973144531,571.5,563.609985351562,564.559997558594,2513700,544.651428222656
2024-10-28,566.25,568.330017089844,562.809997558594,565.239990234375,1826500,545.307434082031
2024-10-29,562.820007324219,567.679992675781,560.659973144531,562.130004882812,2600300,542.307006835938
2024-10-30,561.25,570.309997558594,560.950012207031,562.960021972656,2323600,543.107849121094
2024-10-31,560.880004882812,568.450012207031,560.880004882812,564.5,2490000,544.593444824219
2024-11-01,565.119995117188,570.330017089844,563.900024414062,567.559997558594,2548300,547.545593261719
2024-11-04,566.739990234375,568.590026855469,555.419982910156,557.77001953125,2656600,538.100830078125
2024-11-05,558.280029296875,568.739990234375,554.400024414062,567.030029296875,2608100,547.034362792969
2024-11-06,603.900024414062,605.5,590.849975585938,596.690002441406,6591300,575.648315429688
2024-11-07,598.690002441406,607.640014648438,596.150024414062,605.450012207031,5254300,584.099487304688
2024-11-08,609,619.799987792969,605.200012207031,615.809997558594,3875800,594.094055175781
2024-11-11,616.900024414062,630.72998046875,613.919982910156,625.25,3003200,603.201293945312
2024-11-12,619.580017089844,624.47998046875,613.780029296875,614.669982910156,2809400,592.994323730469
2024-11-13,613,613.010009765625,603.059997558594,605.869995117188,3409400,584.504638671875
2024-11-14,603.47998046875,606,588.989990234375,593.150024414062,3079200,572.233215332031
2024-11-15,591.919982910156,598.929992675781,589.950012207031,592.22998046875,3423900,571.345520019531
2024-11-18,589.440002441406,594.140014648438,585.320007324219,589.650024414062,2577100,568.856628417969
2024-11-19,582.719970703125,586.840026855469,576.77001953125,577,3198300,556.652709960938
2024-11-20,582.710021972656,602.640014648438,581.549987792969,600.5,3928600,579.323974609375
2024-11-21,600,604,596.72998046875,597.489990234375,2722900,576.420166015625
2024-11-22,598.559997558594,601.260009765625,588.669982910156,590.869995117188,3197900,570.033630371094
2024-11-25,597.580017089844,609.840026855469,595.010009765625,605.830017089844,5146200,584.466064453125
2024-11-26,608.239990234375,608.469970703125,598.880004882812,606.789978027344,2693600,585.39208984375
2024-11-27,611.030029296875,617.450012207031,606.700012207031,608.380004882812,2269800,586.926208496094
2024-11-29,608.799987792969,615.780029296875,606.619995117188,610.200012207031,2010800,588.682006835938
2024-12-02,614,614,600.77001953125,608.52001953125,3364900,587.061218261719
2024-12-03,610.849975585938,615.75,604.820007324219,605.22998046875,2329900,583.88720703125
2024-12-04,611.02001953125,622.830017089844,606.969970703125,610.789978027344,4147600,589.251098632812
2024-12-05,605.640014648438,608.989990234375,573.890014648438,578.969970703125,5943700,558.55322265625
2024-12-06,582.109985351562,582.109985351562,544.140014648438,549.619995117188,13003600,530.238159179688
2024-12-09,552,562.97998046875,544.640014648438,560.619995117188,7684700,542.924743652344
2024-12-10,562,567.75,557.030029296875,565.190002441406,5360600,547.350524902344
2024-12-11,555.659973144531,558.099975585938,532.669982910156,533.530029296875,10363000,516.689819335938
2024-12-12,531.530029296875,534,514.190002441406,515.760009765625,9403800,499.480712890625
2024-12-13,515.640014648438,527.530029296875,510.720001220703,520.47998046875,8202900,504.051727294922
2024-12-16,518,521.700012207031,496.079986572266,498.5,8880000,482.765472412109
2024-12-17,487,495.600006103516,475.820007324219,485.519989013672,14132700,470.195220947266
2024-12-18,488.429992675781,506.540008544922,486,499.720001220703,10147600,483.946960449219
2024-12-19,500.140014648438,503.649993896484,486.239990234375,489.25,7418100,473.807464599609
2024-12-20,489.290008544922,502.640014648438,488.730010986328,500.130004882812,10956900,484.344055175781
2024-12-23,500.760009765625,508.779998779297,499.049987792969,506.339996337891,4286000,490.358032226562
2024-12-24,504.399993896484,506.100006103516,500.589996337891,506.100006103516,1824400,490.125579833984
2024-12-26,505.649993896484,512.219970703125,504.730010986328,511.149993896484,3387000,495.016204833984
2024-12-27,509.420013427734,513.179992675781,507.799987792969,509.989990234375,3471800,493.892791748047
2024-12-30,506.859985351562,509.730010986328,500.660003662109,507.799987792969,5408600,491.771942138672
2024-12-31,509.350006103516,511,503.339996337891,505.859985351562,4214000,489.893157958984
2025-01-02,508,512.109985351562,503.290008544922,504.510009765625,4234900,488.585784912109
2025-01-03,506.350006103516,516.289978027344,505.380004882812,513,3019500,496.807800292969
2025-01-06,513,520.299987792969,509.820007324219,513.669982910156,4444800,497.456695556641
2025-01-07,518.849975585938,519.5,511.220001220703,514.25,3914500,498.018371582031
2025-01-08,514.5,524.669982910156,509.510009765625,524.52001953125,4141700,507.964263916016
2025-01-10,526.640014648438,535.450012207031,518.469970703125,520.690002441406,5467500,504.255065917969
2025-01-13,535.039978027344,547.400024414062,533.140014648438,541.140014648438,6472500,524.0595703125
2025-01-14,539.650024414062,544.549987792969,536.549987792969,543.739990234375,3978300,526.577575683594
2025-01-15,537.099975585938,546.289978027344,534.330017089844,543.419982910156,4103900,526.267578125
2025-01-16,530.349975585938,539.840026855469,510,510.589996337891,9059900,494.473907470703
2025-01-17,505.619995117188,521.820007324219,502.799987792969,509.760009765625,7495700,493.670074462891
2025-01-21,514.049987792969,525,512.820007324219,524.989990234375,5682100,508.419342041016
2025-01-22,521.659973144531,524.440002441406,516,519.719970703125,3756100,503.315612792969
2025-01-23,527.869995117188,531.47998046875,519.320007324219,529.77001953125,4580800,513.048522949219
2025-01-24,528.109985351562,534.630004882812,524.510009765625,532.510009765625,3671200,515.702026367188
2025-01-27,539.97998046875,551.909973144531,539.97998046875,543.52001953125,4263000,526.364501953125
2025-01-28,543.010009765625,546.5,537.840026855469,542.47998046875,3162700,525.357299804688
2025-01-29,541.72998046875,543.47998046875,534.010009765625,538.099975585938,2737600,521.115478515625
2025-01-30,539.469970703125,547.109985351562,535,545.570007324219,2924700,528.349792480469
2025-01-31,543.239990234375,549.159973144531,541.409973144531,542.489990234375,4120500,525.367004394531
2025-02-03,542,553.909973144531,541.070007324219,548.179992675781,4083600,530.877380371094
2025-02-04,545.200012207031,548.809997558594,541.510009765625,545.450012207031,2869900,528.233581542969
2025-02-05,530.72998046875,540.700012207031,521.909973144531,539.809997558594,4621600,522.771545410156
2025-02-06,537.890014648438,539.099975585938,525.27001953125,530.039978027344,3926800,513.309997558594
2025-02-07,529.200012207031,532.390014648438,525.390014648438,527.030029296875,3349100,510.39501953125
2025-02-10,527.669982910156,534.159973144531,523.380004882812,533.369995117188,3143100,516.534851074219
2025-02-11,535,547.539978027344,528.27001953125,533.919982910156,2631900,517.067504882812
2025-02-12,539.849975585938,542.349975585938,525.510009765625,527.400024414062,3859200,510.753295898438
2025-02-13,530.900024414062,534.330017089844,527.099975585938,531.179992675781,2835100,514.414001464844
2025-02-14,529,533.200012207031,522.909973144531,523.510009765625,3705300,506.986114501953
2025-02-18,510.940002441406,516,497,500.730010986328,8759300,484.925109863281
2025-02-19,501.329986572266,511.859985351562,498.149993896484,511.040008544922,4380300,494.909698486328
2025-02-20,505.190002441406,508.429992675781,500.239990234375,502.420013427734,4144300,486.561798095703
2025-02-21,439.549987792969,469.700012207031,438.5,466.420013427734,19864900,451.698089599609
2025-02-24,466.679992675781,468,457,461.519989013672,6919300,446.952697753906
2025-02-25,460.769989013672,470.760009765625,450.070007324219,470.380004882812,9101000,455.533081054688
2025-02-26,464.649993896484,473.049987792969,458.200012207031,463.589996337891,5108400,448.957366943359
2025-02-27,466.170013427734,475.399993896484,465.019989013672,468.559997558594,4216800,453.770538330078
2025-02-28,467,476.359985351562,464.480010986328,474.959991455078,6146300,459.968475341797
2025-03-03,474.369995117188,477.269989013672,465.209991455078,467.049987792969,5700200,452.308166503906
2025-03-04,469.75,479.209991455078,466.459991455078,474.609985351562,5864100,459.629516601562
2025-03-05,471.070007324219,479.079986572266,471.010009765625,475.980010986328,3637100,460.956298828125
2025-03-06,476,488.119995117188,472,487.720001220703,4964000,472.325775146484
2025-03-07,483.829986572266,499.920013427734,483.369995117188,493.480010986328,5434100,477.903930664062
2025-03-10,492.279998779297,497.850006103516,477.709991455078,480.220001220703,5108900,467.050018310547
2025-03-11,482.5,486.769989013672,477.140014648438,486.040008544922,4101000,472.710388183594
2025-03-12,483.140014648438,487.600006103516,478.820007324219,481.109985351562,3680800,467.915557861328
2025-03-13,479.450012207031,484.059997558594,475,481.519989013672,2876600,468.314331054688
2025-03-14,481,489.450012207031,478.239990234375,488.649993896484,3915900,475.248779296875
2025-03-17,487.510009765625,500.609985351562,485.950012207031,499.019989013672,5152300,485.334411621094
2025-03-18,502.239990234375,505.970001220703,497.820007324219,503.799987792969,3617600,489.983337402344
2025-03-19,505.040008544922,506.350006103516,500.059997558594,503.200012207031,3317600,489.399780273438
2025-03-20,505.25,514.390014648438,503.510009765625,511.299987792969,4965400,497.277587890625
2025-03-21,511.679992675781,519,505.089996337891,516.849975585938,10244900,502.675354003906
2025-03-24,515.080017089844,518.25,511.119995117188,516.5,3840900,502.335021972656
2025-03-25,518.280029296875,519,511.529998779297,513.429992675781,3015100,499.349212646484
2025-03-26,515.200012207031,522.950012207031,512.849975585938,518.200012207031,3253800,503.988433837891
2025-03-27,516.289978027344,521.080017089844,512.950012207031,515.719970703125,2822200,501.576354980469
2025-03-28,516.869995117188,520.97998046875,515.049987792969,516.039978027344,2379100,501.887603759766
2025-03-31,519.179992675781,528.119995117188,518.590026855469,523.75,5238700,509.386138916016
2025-04-01,525.739990234375,528.169982910156,520.950012207031,523.119995117188,2962500,508.773468017578
2025-04-02,522.950012207031,525,516.799987792969,523.200012207031,2378900,508.851226806641
2025-04-03,529.989990234375,548.5,529.289978027344,540.440002441406,6457900,525.618469238281
2025-04-04,540.640014648438,551.739990234375,524.840026855469,525.049987792969,9919000,510.650543212891
2025-04-07,513.400024414062,529.200012207031,503.589996337891,524.700012207031,7356700,510.310089111328
2025-04-08,582.169982910156,585.010009765625,547.460021972656,553.080017089844,11762300,537.911865234375
2025-04-09,560.140014648438,589.400024414062,554.460021972656,578.5,12691900,562.634643554688
2025-04-10,580.239990234375,601.880004882812,580,594.400024414062,8646000,578.0986328125
2025-04-11,588.919982910156,606.359985351562,586.530029296875,599.469970703125,6121500,583.029541015625
2025-04-14,595,595.630004882812,579.289978027344,587.059997558594,4839300,570.959899902344
2025-04-15,592.239990234375,592.859985351562,582.010009765625,583.590026855469,3871300,567.585083007812
2025-04-16,585.320007324219,594.809997558594,582.960021972656,585.039978027344,4192100,568.995300292969
2025-04-17,481.950012207031,489.790008544922,447.100006103516,454.109985351562,29120200,441.656066894531
2025-04-21,449.760009765625,453.5,424.809997558594,425.329986572266,13029900,413.665283203125
2025-04-22,424.640014648438,431.5,417.119995117188,427.179992675781,10156900,415.464599609375
2025-04-23,427.070007324219,438.850006103516,423.75,427.959991455078,8345700,416.223236083984
2025-04-24,427.570007324219,429.899993896484,423.649993896484,424.25,7629100,412.614990234375
2025-04-25,423.559997558594,423.559997558594,412.019989013672,418.640014648438,9263800,407.158843994141
2025-04-28,419.75,424.119995117188,415.549987792969,420,6614300,408.481536865234
2025-04-29,421.190002441406,421.75,409.100006103516,409.230010986328,9909100,398.006896972656
2025-04-30,409.029998779297,413.260009765625,401,411.440002441406,9192800,400.156280517578
2025-05-01,411.320007324219,411.989990234375,399.859985351562,400.679992675781,9316800,389.69140625
2025-05-02,399.959991455078,402,393.109985351562,399.920013427734,11392900,388.952239990234
2025-05-05,399.119995117188,409.700012207031,397.589996337891,404.809997558594,8157200,393.708099365234
2025-05-06,402.799987792969,404.720001220703,393.420013427734,394.510009765625,7858600,383.690582275391
2025-05-07,395.350006103516,395.519989013672,385.700012207031,391.059997558594,8517200,380.335205078125
2025-05-08,390,390.920013427734,385.369995117188,385.549987792969,7218300,374.976287841797
2025-05-09,385.670013427734,386.549987792969,378.540008544922,380.640014648438,8381100,370.200958251953
2025-05-12,381,387.209991455078,376.839996337891,378.75,11004800,368.36279296875
2025-05-13,335.739990234375,342,309.100006103516,311.380004882812,59478300,302.840393066406
2025-05-14,321.450012207031,322.940002441406,307.109985351562,308.010009765625,40029600,299.562866210938
2025-05-15,274.899993896484,276.649993896484,248.880004882812,274.350006103516,121849200,266.825988769531
2025-05-16,279.290008544922,294.489990234375,269.140014648438,291.910003662109,71094300,283.904357910156
2025-05-19,304.769989013672,316.290008544922,297.25,315.890014648438,62524700,307.226715087891
2025-05-20,320.920013427734,324.640014648438,312.579986572266,321.579986572266,41487000,312.760681152344
2025-05-21,301,309.959991455078,300.070007324219,302.980010986328,45506900,294.670776367188
2025-05-22,293.890014648438,305.670013427734,292.5,296.670013427734,27159600,288.533843994141
2025-05-23,296.100006103516,299.700012207031,291.640014648438,295.570007324219,16873600,287.464019775391
2025-05-27,299.5,299.950012207031,289.130004882812,295,20144600,286.909637451172
2025-05-28,294,303.779998779297,293.279998779297,298.109985351562,16114200,289.934326171875
2025-05-29,296.799987792969,303.380004882812,295,298.170013427734,16221100,289.992706298828
2025-05-30,297.970001220703,305.640014648438,295.839996337891,301.910003662109,16309300,293.630126953125
2025-06-02,303.119995117188,313.549987792969,300.970001220703,304.720001220703,19074400,296.363067626953
2025-06-03,303.100006103516,305.720001220703,300.010009765625,301.220001220703,12805700,292.959075927734
2025-06-04,303.540008544922,307.640014648438,300.200012207031,300.380004882812,11255600,292.14208984375
2025-06-05,300.380004882812,302.420013427734,294.109985351562,295.839996337891,13529000,287.7265625
2025-06-06,297.230010986328,304.390014648438,297.149993896484,303.220001220703,12589000,294.904205322266
2025-06-09,305.040008544922,307.399993896484,301.140014648438,303.190002441406,12170300,294.875061035156
2025-06-10,303.799987792969,305.119995117188,300.589996337891,303.790008544922,11384100,295.458557128906
2025-06-11,302.679992675781,311.579986572266,302.230010986328,310.559997558594,14711400,302.042907714844
2025-06-12,311.399993896484,318.799987792969,308.510009765625,318.5,15957200,309.76513671875
2025-06-13,315.899993896484,317.420013427734,311.910003662109,313.529998779297,13762400,304.931457519531
2025-06-16,313,313.269989013672,304.790008544922,307.660003662109,14240100,301.346557617188
2025-06-17,307.450012207031,309.950012207031,305.519989013672,308.869995117188,11593900,302.53173828125
2025-06-18,307.549987792969,311.790008544922,306.230010986328,307.200012207031,12205600,300.89599609375
2025-06-20,309.5,309.589996337891,301.589996337891,302.010009765625,16177900,295.8125
2025-06-23,301.899993896484,302.470001220703,295.519989013672,300.679992675781,12274700,294.509796142578
2025-06-24,301.450012207031,305.820007324219,299.329986572266,305.619995117188,8781400,299.348419189453
2025-06-25,304.380004882812,304.380004882812,299.799987792969,302.019989013672,8722100,295.822296142578
2025-06-26,302.570007324219,306.709991455078,301.290008544922,302.619995117188,6532700,296.410003662109
2025-06-27,302.950012207031,310.450012207031,302.200012207031,309.109985351562,15304400,302.766815185547
2025-06-30,309,312.380004882812,306.339996337891,311.970001220703,10074100,305.568115234375
2025-07-01,311.970001220703,326.549987792969,311.079986572266,326.140014648438,17865500,319.447326660156
2025-07-02,320.739990234375,322.420013427734,306.429992675781,307.559997558594,18177200,301.248596191406
2025-07-03,309.839996337891,312.25,308.230010986328,308.549987792969,6161100,302.218292236328
2025-07-07,308,308.609985351562,301.200012207031,303.709991455078,9031200,297.477600097656
2025-07-08,304.230010986328,308.299987792969,303.799987792969,307.700012207031,9613800,301.3857421875
2025-07-09,303.190002441406,303.600006103516,298.75,302.910003662109,12816700,296.694061279297
2025-07-10,303.059997558594,304.929992675781,296.600006103516,299.510009765625,11355600,293.363830566406
2025-07-11,300.019989013672,304.119995117188,298,304.100006103516,9808200,297.859649658203
2025-07-14,301.640014648438,304.040008544922,299,300.579986572266,10681400,294.411834716797
2025-07-15,299.709991455078,300.679992675781,291.029998779297,291.709991455078,16019000,285.723846435547
2025-07-16,292.549987792969,295.989990234375,290.75,292.489990234375,9714000,286.487854003906
2025-07-17,292.329986572266,293,283.829986572266,288.070007324219,14792700,282.158599853516
2025-07-18,287.890014648438,288.070007324219,280.809997558594,282.649993896484,14979700,276.849792480469
2025-07-21,284.640014648438,286.5,281.200012207031,282.140014648438,10319200,276.350250244141
2025-07-22,282.630004882812,287.109985351562,282,285.130004882812,14600300,279.278900146484
2025-07-23,287.5,292.640014648438,284.950012207031,292.510009765625,13111100,286.507476806641
2025-07-24,283.100006103516,289.209991455078,278.220001220703,278.579986572266,22585200,272.863311767578
2025-07-25,281,286.140014648438,279.940002441406,281.059997558594,16486600,275.292419433594
2025-07-28,283.5,285,279.690002441406,282.119995117188,15779400,276.330657958984
2025-07-29,265.700012207031,272.910003662109,260.549987792969,261.070007324219,41706000,255.712631225586
2025-07-30,264.799987792969,266.630004882812,258.119995117188,266.040008544922,22371800,260.580627441406
2025-07-31,261.399993896484,261.399993896484,247.75,249.559997558594,29606900,244.438827514648
2025-08-01,250.610000610352,251.490005493164,234.600006103516,237.770004272461,39989200,232.890777587891
2025-08-04,238.240005493164,242.25,236.949996948242,240.979995727539,17427900,236.034881591797
2025-08-05,241.160003662109,252.070007324219,240.050003051758,251,23795900,245.849273681641
2025-08-06,250.639999389648,253.160003662109,245.309997558594,245.779998779297,12946400,240.736389160156
2025-08-07,246.419998168945,248.75,239.5,244.669998168945,11369900,239.649185180664
2025-08-08,244.789993286133,251.080001831055,244.369995117188,250.889999389648,10185700,245.74153137207
2025-08-11,253.869995117188,258.399993896484,252.139999389648,252.369995117188,11779500,247.191162109375
2025-08-12,254.020004272461,262.880004882812,253.669998168945,261.570007324219,12171800,256.202392578125
2025-08-13,264.390014648438,272.190002441406,262.890014648438,271.809997558594,19480300,266.232238769531
2025-08-14,272.100006103516,273.850006103516,267,271.489990234375,25011100,265.918792724609
2025-08-15,301.709991455078,310.299987792969,294.709991455078,304.010009765625,68198500,297.771453857422
2025-08-18,313.179992675781,316.399993896484,307.420013427734,308.489990234375,39600500,302.159515380859
2025-08-19,308.899993896484,310.5,299.209991455078,304.239990234375,22348600,297.996734619141
2025-08-20,306.399993896484,307.200012207031,295.700012207031,299.839996337891,16679000,293.687042236328
2025-08-21,302.290008544922,306.570007324219,297.799987792969,303.350006103516,13359000,297.125030517578
2025-08-22,306.100006103516,310.679992675781,304.579986572266,307.420013427734,14930000,301.111480712891
2025-08-25,308.489990234375,308.869995117188,302.730010986328,304.859985351562,8917100,298.60400390625
2025-08-26,304.309997558594,308.959991455078,294.200012207031,300.429992675781,16303200,294.264923095703
2025-08-27,300.540008544922,305.970001220703,300.5,303.880004882812,9982800,297.644165039062
2025-08-28,304.25,304.470001220703,299.399993896484,302.290008544922,11235000,296.086761474609
2025-08-29,302.299987792969,310,300.910003662109,309.869995117188,12065400,303.511199951172
2025-09-02,308.309997558594,312.890014648438,307.299987792969,308.799987792969,10957100,302.463165283203
2025-09-03,308.109985351562,309.589996337891,303.700012207031,307.880004882812,9654600,301.562072753906
2025-09-04,306.100006103516,311.910003662109,304.100006103516,310.380004882812,7725700,304.0107421875
2025-09-05,310.440002441406,317.940002441406,308.200012207031,315.390014648438,14126700,308.91796875
2025-09-08,319.709991455078,321.649993896484,313.799987792969,320.25,18438600,313.678192138672
2025-09-09,332.5,351.709991455078,327.160003662109,347.920013427734,46408900,340.780426025391
2025-09-10,345.559997558594,348.570007324219,341.399993896484,346.779998779297,17804300,339.663787841797
2025-09-11,349,360.980010986328,345.839996337891,353.609985351562,18943500,346.353637695312
2025-09-12,355.899993896484,362.309997558594,352.459991455078,352.510009765625,14016200,345.276184082031
2025-09-15,351.260009765625,351.709991455078,342.529998779297,347.890014648438,11035900,342.900787353516
2025-09-16,347.5,349.040008544922,338.320007324219,339.779998779297,12695800,334.907073974609
2025-09-17,337.690002441406,343,337.690002441406,341.609985351562,8467700,336.710815429688
2025-09-18,343.529998779297,344.929992675781,334.119995117188,334.820007324219,11255600,330.018218994141
2025-09-19,336.5,340.959991455078,333.839996337891,336.690002441406,13656800,331.861389160156
2025-09-22,334.459991455078,342.480010986328,332.600006103516,341.299987792969,8903700,336.4052734375
2025-09-23,341,352.700012207031,339.959991455078,347.690002441406,12504100,342.703643798828
2025-09-24,350.200012207031,354.5,347.839996337891,351.809997558594,9016300,346.764556884766
2025-09-25,348.899993896484,350.190002441406,343.600006103516,345.559997558594,8104900,340.604187011719
2025-09-26,347.929992675781,349.970001220703,341.299987792969,344.079986572266,6774700,339.145385742188
2025-09-29,343.980010986328,345.549987792969,341.450012207031,345.179992675781,6878900,340.229644775391
2025-09-30,343.75,349.320007324219,342.329986572266,345.299987792969,7429700,340.347900390625
2025-10-01,343.899993896484,348.700012207031,341.630004882812,348.299987792969,8825500,343.304901123047
2025-10-02,347.290008544922,355.079986572266,344.649993896484,353.720001220703,8564200,348.647186279297
2025-10-03,357.25,368,356.609985351562,360.200012207031,13494800,355.034240722656
2025-10-06,361.029998779297,362.519989013672,357.109985351562,358.769989013672,7181700,353.624725341797
2025-10-07,359.410003662109,364.720001220703,358.059997558594,363.660003662109,7236200,358.444610595703
2025-10-08,366.929992675781,374.630004882812,365.799987792969,369.920013427734,9438300,364.614837646484
2025-10-09,372.519989013672,376.220001220703,366.079986572266,367.690002441406,8759800,362.416809082031
2025-10-10,369.399993896484,369.399993896484,352.510009765625,354.5,13141900,349.415985107422
2025-10-13,354.739990234375,359.160003662109,353.320007324219,358.660003662109,5659400,353.516296386719
2025-10-14,354.950012207031,362.329986572266,353.399993896484,359.929992675781,5974800,354.768096923828
2025-10-15,359.390014648438,364.220001220703,355.850006103516,361.149993896484,6579600,355.970611572266
2025-10-16,361.839996337891,362,354.399993896484,356.670013427734,5872100,351.554870605469
2025-10-17,351,358.390014648438,350.829986572266,356.600006103516,8608400,351.485870361328
2025-10-20,358.540008544922,365.570007324219,357.510009765625,364.480010986328,5996500,359.252868652344
2025-10-21,365.140014648438,371.049987792969,361.5,365.369995117188,6885300,360.130065917969
2025-10-22,363.959991455078,364,358,361.489990234375,7833000,356.305725097656
2025-10-23,355.579986572266,362.279998779297,353.640014648438,360.450012207031,5756700,355.280670166016
2025-10-24,361.369995117188,365.420013427734,360.029998779297,362.5,5462100,357.301239013672
2025-10-27,363.5,366.220001220703,361.399993896484,365.980010986328,7766400,360.731353759766
2025-10-28,380.679992675781,381,358.630004882812,367.839996337891,18858700,362.564666748047
2025-10-29,364.279998779297,366.149993896484,353.880004882812,355.260009765625,11874900,350.165100097656
2025-10-30,347.519989013672,354.540008544922,343.600006103516,344.75,11441900,339.805816650391
2025-10-31,344.390014648438,346.279998779297,337.119995117188,341.559997558594,8390800,336.661560058594
2025-11-03,339.130004882812,340.700012207031,326.600006103516,333.790008544922,11181400,329.002990722656
2025-11-04,327.630004882812,336.5,327.200012207031,330.829986572266,9646600,326.085418701172
2025-11-05,326.299987792969,330.209991455078,324.220001220703,327.739990234375,9697100,323.039733886719
2025-11-06,328.920013427734,332.369995117188,321.450012207031,321.559997558594,7922100,316.948394775391
2025-11-07,319.660003662109,324.549987792969,314.160003662109,324.209991455078,9402900,319.560363769531
2025-11-10,319.989990234375,324.25,317.170013427734,321.579986572266,9283800,316.968078613281
2025-11-11,323.299987792969,327.859985351562,319.880004882812,327.450012207031,7157800,322.753936767578
2025-11-12,328.450012207031,343.170013427734,327.079986572266,339.059997558594,10403300,334.197418212891
2025-11-13,338.350006103516,339.029998779297,331.290008544922,332.519989013672,7788700,327.751190185547
2025-11-14,326.950012207031,328.209991455078,320.489990234375,321.859985351562,8676500,317.244079589844
2025-11-17,320.600006103516,327.880004882812,319.429992675781,320.519989013672,6485400,315.923278808594
2025-11-18,317.010009765625,317.5,308.769989013672,313.579986572266,9182100,309.082824707031
2025-11-19,313.929992675781,315,304.529998779297,309.089996337891,8181100,304.6572265625
2025-11-20,310.809997558594,314.75,310,311.540008544922,7337600,307.072082519531
2025-11-21,311.910003662109,323.839996337891,311.440002441406,319.970001220703,8406300,315.381195068359
2025-11-24,324.529998779297,325.850006103516,317.619995117188,319.049987792969,10773800,314.474365234375
2025-11-25,321.119995117188,328,320.899993896484,326.279998779297,6149100,321.600708007812
2025-11-26,326.589996337891,335.190002441406,325.890014648438,329.709991455078,5504200,324.981475830078
2025-11-28,331.670013427734,332.059997558594,328.890014648438,329.769989013672,2464500,325.040618896484
2025-12-01,327.160003662109,330.059997558594,323.029998779297,323.209991455078,6154600,318.574737548828
2025-12-02,323.369995117188,328.700012207031,322.799987792969,324.540008544922,7978100,319.885650634766
2025-12-03,326,341.410003662109,325.010009765625,339.709991455078,9770000,334.838104248047
2025-12-04,339.399993896484,341.260009765625,328.720001220703,333.489990234375,8061600,328.707275390625
2025-12-05,335,335.709991455078,328.510009765625,330.910003662109,5906000,326.164276123047
2025-12-08,328.700012207031,329.100006103516,322.829986572266,323.619995117188,4782800,321.123474121094
2025-12-09,323.160003662109,326.359985351562,322.480010986328,323.600006103516,4628400,321.103637695312
2025-12-10,322.75,328.730010986328,319.600006103516,328.369995117188,5910500,325.836853027344
2025-12-11,330.369995117188,339.25,328.760009765625,336.730010986328,7513200,334.132354736328
2025-12-12,337.5,344.980010986328,337.369995117188,341.839996337891,7979000,339.202941894531
2025-12-15,340.989990234375,344.959991455078,337,341.100006103516,6447200,338.468658447266
2025-12-16,340.420013427734,340.989990234375,331.029998779297,334.200012207031,6334000,331.621887207031
2025-12-17,333.609985351562,335.519989013672,330.480010986328,331.630004882812,4685600,329.071716308594
2025-12-18,328.929992675781,330.179992675781,324.570007324219,328.140014648438,6354900,325.608642578125
2025-12-19,328.059997558594,334.600006103516,326.070007324219,327.420013427734,10553000,324.894195556641
2025-12-22,322.899993896484,329.799987792969,321.649993896484,325.160003662109,7872400,322.651611328125
2025-12-23,324,327.799987792969,323.760009765625,324.799987792969,4463300,322.294372558594
2025-12-24,325.200012207031,328.989990234375,324.130004882812,327.579986572266,2842700,325.052917480469
2025-12-26,327.200012207031,331.890014648438,326.260009765625,331.829986572266,4359300,329.270141601562
2025-12-29,330.890014648438,334.25,328.279998779297,328.940002441406,4346800,326.402435302734
2025-12-30,329.730010986328,336.149993896484,329.510009765625,332.160003662109,4432500,329.597625732422
