"Date","V.Open","V.High","V.Low","V.Close","V.Volume","V.Adjusted"
2021-01-04,220.25,220.25,214.240005493164,217.759994506836,10318300,209.139358520508
2021-01-05,216.309997558594,218.460006713867,213.639999389648,214.509994506836,6869700,206.018035888672
2021-01-06,213.800003051758,216.169998168945,212.070007324219,212.619995117188,7206200,204.202850341797
2021-01-07,212.199996948242,215.220001220703,212.199996948242,213.809997558594,10967900,205.345748901367
2021-01-08,214.169998168945,216.119995117188,212.75,215.449996948242,6513000,206.920822143555
2021-01-11,213.960006713867,214.860000610352,212.479995727539,212.889999389648,7353100,204.462158203125
2021-01-12,212.339996337891,212.789993286133,207.470001220703,208.860000610352,9331600,200.591720581055
2021-01-13,209.410003662109,211,208.630004882812,209.350006103516,6688500,201.06233215332
2021-01-14,210.570007324219,211.210006713867,201.729995727539,201.860000610352,12887500,193.868804931641
2021-01-15,201.539993286133,203.259994506836,200.429992675781,201.589996337891,8755000,193.609512329102
2021-01-19,203.050003051758,204.169998168945,200.070007324219,201.660003662109,9772000,193.676773071289
2021-01-20,203.029998779297,207.190002441406,202.229995727539,206.009994506836,12675700,197.854522705078
2021-01-21,206.050003051758,207.169998168945,204.75,205.139999389648,6513500,197.018966674805
2021-01-22,203.990005493164,205.330001831055,201.800003051758,202.020004272461,7316200,194.022506713867
2021-01-25,200.339996337891,201.639999389648,195.75,200.979995727539,19282400,193.023681640625
2021-01-26,201.759994506836,203.490005493164,200.970001220703,202.009994506836,9605300,194.012908935547
2021-01-27,197.639999389648,199.699996948242,193.960006713867,194.970001220703,13772400,187.251602172852
2021-01-28,200,202,198.169998168945,198.220001220703,11041300,190.372909545898
2021-01-29,197.820007324219,203.050003051758,192.809997558594,193.25,21503000,185.599685668945
2021-02-01,195.139999389648,199.210006713867,195.020004272461,198.360000610352,12970700,190.507369995117
2021-02-02,200.850006103516,204.350006103516,200,202.610000610352,11305100,194.589096069336
2021-02-03,203.070007324219,203.509994506836,200.979995727539,201.360000610352,13458600,193.388610839844
2021-02-04,203.240005493164,209.679992675781,203.100006103516,209.25,14534800,200.966232299805
2021-02-05,209.979995727539,210.130004882812,208.660003662109,208.770004272461,10284000,200.505249023438
2021-02-08,210,210.649993896484,205.910003662109,206.889999389648,8637100,198.699722290039
2021-02-09,205.759994506836,207.630004882812,203.699996948242,206.520004272461,7619400,198.344345092773
2021-02-10,207.970001220703,207.970001220703,205.940002441406,206.440002441406,8467600,198.267517089844
2021-02-11,207.330001831055,211.589996337891,207.190002441406,210.660003662109,8411100,202.634552001953
2021-02-12,209.360000610352,211.130004882812,207.679992675781,209.960006713867,6911000,201.961212158203
2021-02-16,210.660003662109,211.050003051758,207.350006103516,207.899993896484,9652700,199.979690551758
2021-02-17,205.259994506836,208.279998779297,205.059997558594,207.509994506836,8373200,199.604537963867
2021-02-18,205.880004882812,209.699996948242,204.960006713867,209.350006103516,7328600,201.374435424805
2021-02-19,209.339996337891,209.529998779297,203.759994506836,204.729995727539,15011500,196.930435180664
2021-02-22,203.550003051758,210.649993896484,203.110000610352,208.320007324219,8337700,200.383712768555
2021-02-23,207.399993896484,213.910003662109,206.550003051758,212.110000610352,10571700,204.029312133789
2021-02-24,212.360000610352,220.529998779297,211.289993286133,219.429992675781,12039000,211.070404052734
2021-02-25,219.289993286133,220.449996948242,212.580001831055,213.75,11404300,205.606842041016
2021-02-26,214.050003051758,215.210006713867,210.740005493164,212.389999389648,11730000,204.298645019531
2021-03-01,214.970001220703,217.800003051758,214.789993286133,216.630004882812,6982000,208.377105712891
2021-03-02,216.960006713867,217.929992675781,214.820007324219,215.770004272461,6155200,207.549850463867
2021-03-03,215.149993896484,217.190002441406,212.860000610352,214.850006103516,6484600,206.664916992188
2021-03-04,215.970001220703,217.020004272461,208.669998168945,211.5,10658900,203.442535400391
2021-03-05,213.729995727539,216.100006103516,209.630004882812,215.410003662109,7582000,207.203598022461
2021-03-08,216.979995727539,226.130004882812,215.809997558594,220.270004272461,14750400,211.878448486328
2021-03-09,222.059997558594,225,220.190002441406,220.360000610352,9228600,211.96501159668
2021-03-10,220.720001220703,224.190002441406,219.399993896484,223.169998168945,7822900,214.667953491211
2021-03-11,224.529998779297,228.229995727539,223.809997558594,226.149993896484,10053400,217.534423828125
2021-03-12,225.279998779297,226.539993286133,223.419998168945,224.360000610352,8172400,215.812622070312
2021-03-15,224.229995727539,227.089996337891,221.740005493164,223.270004272461,9306100,214.76416015625
2021-03-16,223.710006713867,225.580001831055,222.300003051758,224.699996948242,8949300,216.139633178711
2021-03-17,225.050003051758,226.240005493164,221.759994506836,223.020004272461,8675600,214.523651123047
2021-03-18,221.429992675781,222.520004272461,219.580001831055,220.660003662109,9321800,212.253555297852
2021-03-19,219.119995117188,220.169998168945,206.880004882812,206.899993896484,32209700,199.017776489258
2021-03-22,206.550003051758,212.289993286133,206.229995727539,208,11371600,200.075897216797
2021-03-23,209.050003051758,209.960006713867,207.5,208.149993896484,8820700,200.220169067383
2021-03-24,208.75,211.139999389648,207.929992675781,208.070007324219,10101600,200.143188476562
2021-03-25,207.669998168945,208.820007324219,205.779998779297,207.970001220703,8390800,200.047027587891
2021-03-26,208.25,213.699996948242,207.699996948242,213.529998779297,7399900,205.39518737793
2021-03-29,212.449996948242,215.289993286133,211.119995117188,214.509994506836,7792300,206.337875366211
2021-03-30,213.009994506836,214.149993896484,211.410003662109,211.899993896484,5498000,203.827301025391
2021-03-31,212.550003051758,214.110000610352,211.550003051758,211.729995727539,13180000,203.663787841797
2021-04-01,213.779998779297,217.740005493164,212.300003051758,216.860000610352,6138400,208.598327636719
2021-04-05,218.600006103516,220.509994506836,217.309997558594,219.039993286133,10440500,210.695251464844
2021-04-06,217.619995117188,219.399993896484,215.339996337891,218.649993896484,7828100,210.32014465332
2021-04-07,219.119995117188,221.039993286133,218.639999389648,219.270004272461,5614300,210.916519165039
2021-04-08,219.970001220703,222.820007324219,218.110000610352,220.699996948242,11042000,212.292037963867
2021-04-09,221,222.600006103516,219.509994506836,222.520004272461,5724900,214.042739868164
2021-04-12,220.240005493164,221.910003662109,219.220001220703,221.470001220703,6315200,213.032699584961
2021-04-13,221,221.619995117188,220.220001220703,221.020004272461,4764000,212.599884033203
2021-04-14,221,223.100006103516,220.070007324219,221.979995727539,4972600,213.52326965332
2021-04-15,223.889999389648,227.630004882812,223.860000610352,226.279998779297,8698100,217.65950012207
2021-04-16,227.169998168945,227.800003051758,225.759994506836,226.410003662109,6829400,217.784545898438
2021-04-19,225.75,227.580001831055,225.080001831055,225.789993286133,6541600,217.18815612793
2021-04-20,224.779998779297,225.380004882812,221.820007324219,223.279998779297,5799100,214.77375793457
2021-04-21,223.309997558594,227.869995117188,222.869995117188,227.449996948242,9490600,218.784881591797
2021-04-22,227.300003051758,230.929992675781,226.889999389648,227.570007324219,7303000,218.900344848633
2021-04-23,228.610000610352,231.820007324219,227.710006713867,230,5345200,221.237747192383
2021-04-26,230.770004272461,232.949996948242,229.520004272461,230.339996337891,5650000,221.564788818359
2021-04-27,231.029998779297,231.160003662109,228.990005493164,229.910003662109,6642100,221.151168823242
2021-04-28,230.949996948242,236.270004272461,230.669998168945,233.449996948242,10111400,224.556304931641
2021-04-29,235.229995727539,237.5,233.149993896484,236.860000610352,7411400,227.836410522461
2021-04-30,235.320007324219,235.929992675781,232.289993286133,233.559997558594,10260200,224.662155151367
2021-05-03,234.050003051758,235.740005493164,231.389999389648,232.610000610352,8174400,223.748306274414
2021-05-04,231.600006103516,232.389999389648,230.229995727539,232.029998779297,5884500,223.1904296875
2021-05-05,233.850006103516,233.850006103516,228.660003662109,229.210006713867,6523200,220.47785949707
2021-05-06,229.630004882812,231.580001831055,228.660003662109,231.320007324219,6124100,222.50749206543
2021-05-07,232.339996337891,233.220001220703,230.710006713867,232.119995117188,4528700,223.276992797852
2021-05-10,231.600006103516,232,225.160003662109,225.970001220703,9627400,217.361312866211
2021-05-11,223.740005493164,226.419998168945,222.039993286133,225.479995727539,7633300,216.889953613281
2021-05-12,223.630004882812,225,220.309997558594,220.630004882812,7721300,212.224716186523
2021-05-13,221.509994506836,224.899993896484,220.889999389648,223.740005493164,6650100,215.528854370117
2021-05-14,225.820007324219,227.509994506836,224.919998168945,226.940002441406,4777200,218.611404418945
2021-05-17,226.179992675781,227.160003662109,225.320007324219,226.440002441406,5534200,218.129760742188
2021-05-18,228.389999389648,229.179992675781,225.429992675781,225.570007324219,6900000,217.291702270508
2021-05-19,222.759994506836,224.850006103516,221.789993286133,224.589996337891,9311900,216.347640991211
2021-05-20,225.440002441406,227.600006103516,225.240005493164,226.440002441406,7478600,218.129760742188
2021-05-21,226.880004882812,229.309997558594,226.550003051758,226.770004272461,5603900,218.447631835938
2021-05-24,227.949996948242,230.110000610352,227.630004882812,229.320007324219,4040100,220.904037475586
2021-05-25,229.899993896484,230.190002441406,228.419998168945,229.020004272461,4689100,220.615051269531
2021-05-26,228.050003051758,229.350006103516,226.380004882812,227.070007324219,4295600,218.736663818359
2021-05-27,227.759994506836,228.419998168945,226.369995117188,226.860000610352,5969600,218.53434753418
2021-05-28,227.589996337891,229.429992675781,227.149993896484,227.300003051758,5779700,218.958190917969
2021-06-01,229.440002441406,230.080001831055,226.279998779297,226.630004882812,5091500,218.31282043457
2021-06-02,229.220001220703,233.110000610352,228.779998779297,229.660003662109,9081100,221.231597900391
2021-06-03,229,230.389999389648,227.770004272461,228.110000610352,6382400,219.73844909668
2021-06-04,229.350006103516,230.699996948242,228.729995727539,230.139999389648,5085700,221.693984985352
2021-06-07,232.850006103516,234.679992675781,230.080001831055,231.320007324219,5421300,222.830657958984
2021-06-08,232.149993896484,232.850006103516,230.160003662109,232.050003051758,4170600,223.533889770508
2021-06-09,232.5,234.850006103516,232.119995117188,232.309997558594,4659000,223.78434753418
2021-06-10,233.100006103516,234.259994506836,232.130004882812,233.949996948242,4452500,225.364166259766
2021-06-11,234.389999389648,235.440002441406,233.710006713867,234.960006713867,5378300,226.33708190918
2021-06-14,234.699996948242,235.220001220703,231.570007324219,234.080001831055,5805800,225.489364624023
2021-06-15,234.440002441406,234.800003051758,232.619995117188,232.979995727539,7093800,224.429763793945
2021-06-16,233.619995117188,234.179992675781,228,229.600006103516,8905400,221.173828125
2021-06-17,229.210006713867,233.339996337891,229.210006713867,232.149993896484,6876700,223.630233764648
2021-06-18,230.449996948242,232.179992675781,229.220001220703,230.410003662109,8840000,221.954071044922
2021-06-21,231.449996948242,235.009994506836,230.399993896484,234.320007324219,7298400,225.720565795898
2021-06-22,234.300003051758,236.089996337891,233.240005493164,235.929992675781,8858400,227.271453857422
2021-06-23,235.449996948242,235.919998168945,233.940002441406,234.679992675781,6814700,226.067337036133
2021-06-24,237,238.25,235.410003662109,236.240005493164,4611500,227.570129394531
2021-06-25,236.399993896484,238.479995727539,236.320007324219,237.320007324219,7825200,228.610473632812
2021-06-28,238,238.369995117188,231.860000610352,234.089996337891,9301700,225.499008178711
2021-06-29,234.570007324219,236.520004272461,234.149993896484,235.949996948242,11897700,227.290740966797
2021-06-30,235.110000610352,236.399993896484,233.820007324219,233.820007324219,7797100,225.238952636719
2021-07-01,234.199996948242,236.25,234.050003051758,235.149993896484,5329600,226.520095825195
2021-07-02,235.830001831055,238.779998779297,235.820007324219,238.630004882812,4383700,229.872406005859
2021-07-06,239.5,240.610000610352,237.210006713867,239.600006103516,8048700,230.806838989258
2021-07-07,240.259994506836,241.039993286133,238.300003051758,240,4366100,231.192108154297
2021-07-08,236.970001220703,237.070007324219,234.550003051758,236.610000610352,6388000,227.926528930664
2021-07-09,238.759994506836,239.449996948242,237.419998168945,238.470001220703,5615900,229.71826171875
2021-07-12,237.580001831055,238.509994506836,237.270004272461,237.869995117188,7010700,229.140258789062
2021-07-13,238.25,242.479995727539,238.25,242.350006103516,8079200,233.45588684082
2021-07-14,243.220001220703,246.809997558594,242.820007324219,245.990005493164,8693400,236.962310791016
2021-07-15,245.309997558594,248.800003051758,245.309997558594,248.550003051758,10135100,239.428359985352
2021-07-16,249.990005493164,250.460006713867,247.520004272461,248.119995117188,8674500,239.014114379883
2021-07-19,243.990005493164,244.449996948242,238.899993896484,240.410003662109,11474600,231.587051391602
2021-07-20,240.639999389648,244.210006713867,239.509994506836,242.699996948242,7072300,233.793029785156
2021-07-21,243.289993286133,246.899993896484,242.300003051758,243.660003662109,11241400,234.717803955078
2021-07-22,243.779998779297,245.350006103516,243.149993896484,244.139999389648,10293600,235.180145263672
2021-07-23,246.759994506836,250.009994506836,246.759994506836,249.020004272461,6766000,239.881088256836
2021-07-26,249.210006713867,250.360000610352,247.699996948242,250.25,4879000,241.065933227539
2021-07-27,249.190002441406,252.669998168945,248.220001220703,250.929992675781,7038300,241.720977783203
2021-07-28,250.050003051758,251.5,245.910003662109,246.940002441406,9036500,237.877426147461
2021-07-29,248.110000610352,250.380004882812,247.100006103516,247.919998168945,7495300,238.821441650391
2021-07-30,247.210006713867,248.460006713867,246,246.389999389648,5804700,237.347595214844
2021-08-02,246.240005493164,247.830001831055,238.369995117188,239.779998779297,9989500,230.980194091797
2021-08-03,240.630004882812,241.389999389648,234.029998779297,237.089996337891,9839000,228.388916015625
2021-08-04,237,237.550003051758,235.050003051758,236.669998168945,8171800,227.984313964844
2021-08-05,236.610000610352,240.25,236.429992675781,240.210006713867,5337500,231.394439697266
2021-08-06,240,242.600006103516,239.860000610352,241.399993896484,4509700,232.540710449219
2021-08-09,241.75,242.179992675781,238.050003051758,240,5226900,231.192108154297
2021-08-10,240.509994506836,241.339996337891,235.559997558594,238.070007324219,7185700,229.332946777344
2021-08-11,238.080001831055,238.360000610352,234.580001831055,235.059997558594,7375700,226.43342590332
2021-08-12,233.889999389648,234.110000610352,231.020004272461,231.789993286133,9867000,223.587814331055
2021-08-13,232,233.270004272461,231.399993896484,232.649993896484,5445400,224.417373657227
2021-08-16,232.210006713867,235.479995727539,230.199996948242,235.360000610352,7575900,227.031494140625
2021-08-17,235,235.669998168945,233.220001220703,234.529998779297,6850500,226.230819702148
2021-08-18,233.919998168945,234.350006103516,231.470001220703,231.630004882812,4996500,223.433471679688
2021-08-19,229.039993286133,232.429992675781,228.899993896484,231.570007324219,5761300,223.375625610352
2021-08-20,231.869995117188,232.160003662109,230.300003051758,231.360000610352,5522200,223.172988891602
2021-08-23,232.699996948242,234.649993896484,232,234.139999389648,6342000,225.85466003418
2021-08-24,235.039993286133,236.190002441406,233.949996948242,234.240005493164,5081800,225.951095581055
2021-08-25,235,235,232.080001831055,232.589996337891,5277100,224.359497070312
2021-08-26,232.130004882812,232.630004882812,230.149993896484,230.520004272461,5889100,222.362731933594
2021-08-27,231.020004272461,233.050003051758,230.229995727539,232.690002441406,6369000,224.455963134766
2021-08-30,232.690002441406,233.669998168945,229.919998168945,231.229995727539,6448000,223.047607421875
2021-08-31,230.910003662109,231.839996337891,228.660003662109,229.100006103516,9405100,220.993041992188
2021-09-01,229.100006103516,230.779998779297,228.770004272461,230.119995117188,8177600,221.97688293457
2021-09-02,230.429992675781,230.550003051758,221.960006713867,224.179992675781,19708800,216.247100830078
2021-09-03,224,227.300003051758,223.350006103516,225.110000610352,11532000,217.144165039062
2021-09-07,226.740005493164,228,225.860000610352,226.270004272461,9662600,218.263122558594
2021-09-08,227.380004882812,230.220001220703,227.039993286133,229.089996337891,10652600,220.983337402344
2021-09-09,229.309997558594,230,227.100006103516,227.490005493164,5853000,219.439971923828
2021-09-10,229.850006103516,230.039993286133,224.820007324219,224.910003662109,6715400,216.951309204102
2021-09-13,225.529998779297,227.199996948242,223.410003662109,224.630004882812,6808100,216.68115234375
2021-09-14,225,225.809997558594,222.279998779297,223.029998779297,6575700,215.137786865234
2021-09-15,222.520004272461,224.839996337891,221.360000610352,223.809997558594,6535800,215.890213012695
2021-09-16,223.860000610352,225.199996948242,222.75,224.330001831055,5928500,216.391815185547
2021-09-17,222.449996948242,223.699996948242,219.300003051758,221.75,13787400,213.903091430664
2021-09-20,216.960006713867,220.5,216.309997558594,220.050003051758,8822600,212.263244628906
2021-09-21,220.75,222.169998168945,218.979995727539,220.169998168945,7033600,212.378997802734
2021-09-22,221.399993896484,224.100006103516,221.100006103516,222.75,6005900,214.86767578125
2021-09-23,225,228.699996948242,224.360000610352,228.309997558594,7952700,220.23095703125
2021-09-24,228.929992675781,231.949996948242,228.619995117188,231.589996337891,6461200,223.394866943359
2021-09-27,231.720001220703,233.330001831055,228.770004272461,229.600006103516,6881100,221.475326538086
2021-09-28,228.869995117188,228.869995117188,224,225.559997558594,6951400,217.578262329102
2021-09-29,226.800003051758,229.020004272461,226.089996337891,226.679992675781,6432700,218.658615112305
2021-09-30,227.580001831055,228.789993286133,222.630004882812,222.75,7128500,214.86767578125
2021-10-01,224.169998168945,231.559997558594,223.470001220703,230.460006713867,7925400,222.304870605469
2021-10-04,230,230.330001831055,220.809997558594,224.729995727539,10283400,216.777633666992
2021-10-05,225.479995727539,227.380004882812,223.919998168945,224.279998779297,5814000,216.343551635742
2021-10-06,222.039993286133,226.619995117188,221.25,226.509994506836,5420900,218.494644165039
2021-10-07,228.910003662109,231.160003662109,228.490005493164,230.550003051758,6561900,222.391677856445
2021-10-08,231,232.729995727539,230.179992675781,230.270004272461,3735200,222.121627807617
2021-10-11,230.009994506836,230.320007324219,224.869995117188,225.110000610352,5620200,217.144165039062
2021-10-12,225.559997558594,226.220001220703,222.919998168945,224.050003051758,5448200,216.121704101562
2021-10-13,223.130004882812,225.860000610352,218.630004882812,222.460006713867,9076000,214.587951660156
2021-10-14,224.119995117188,225.649993896484,223.059997558594,225.179992675781,5590500,217.211700439453
2021-10-15,227.220001220703,231.089996337891,226.729995727539,230.990005493164,6355100,222.816101074219
2021-10-18,230.179992675781,232.759994506836,228.139999389648,230.649993896484,5580200,222.488128662109
2021-10-19,231.949996948242,233.639999389648,230.679992675781,233.520004272461,4409700,225.256591796875
2021-10-20,233.460006713867,233.800003051758,231.309997558594,231.419998168945,5401800,223.230895996094
2021-10-21,230.699996948242,230.830001831055,226.300003051758,230.240005493164,5982200,222.092681884766
2021-10-22,230.289993286133,232.820007324219,228.710006713867,231.229995727539,3788000,223.047607421875
2021-10-25,233.449996948242,234.860000610352,232.289993286133,233.880004882812,4938700,225.60383605957
2021-10-26,235.529998779297,236.960006713867,231.330001831055,231.820007324219,7814500,223.616729736328
2021-10-27,224.75,224.75,215.660003662109,215.779998779297,22958100,208.144348144531
2021-10-28,219.25,219.990005493164,209.009994506836,209.839996337891,23199400,202.414566040039
2021-10-29,209.210006713867,213.669998168945,208.539993286133,211.770004272461,14329800,204.276245117188
2021-11-01,213.490005493164,215.25,211.449996948242,212.460006713867,13210300,204.941848754883
2021-11-02,213.160003662109,213.350006103516,207.820007324219,209.139999389648,14688700,201.739303588867
2021-11-03,209.690002441406,210.149993896484,206.729995727539,208.100006103516,11486700,200.736083984375
2021-11-04,209.160003662109,212.360000610352,207.869995117188,208.779998779297,11368200,201.392013549805
2021-11-05,211.949996948242,217.630004882812,211.360000610352,216.669998168945,14273600,209.002822875977
2021-11-08,218.369995117188,221.610000610352,218.149993896484,220.490005493164,13500100,212.68766784668
2021-11-09,219.690002441406,220.410003662109,212.919998168945,213.389999389648,11535000,205.838912963867
2021-11-10,213.550003051758,216.949996948242,213.330001831055,215.559997558594,10063600,208.298156738281
2021-11-11,216.470001220703,216.779998779297,210.160003662109,210.419998168945,13546900,203.331314086914
2021-11-12,211.5,213.580001831055,211.429992675781,212.089996337891,7660500,204.945114135742
2021-11-15,213.619995117188,216.399993896484,211.809997558594,212.300003051758,9596900,205.147994995117
2021-11-16,212.160003662109,215.649993896484,211.660003662109,215.179992675781,8719600,207.930969238281
2021-11-17,205.949996948242,207.309997558594,199.460006713867,205.059997558594,38379600,198.151901245117
2021-11-18,206.5,207.869995117188,201.270004272461,203.330001831055,18292200,196.480209350586
2021-11-19,202.039993286133,203.5,199.850006103516,200.860000610352,18032600,194.093399047852
2021-11-22,200,201.699996948242,194.600006103516,195.580001831055,21185800,188.991256713867
2021-11-23,196.970001220703,198.919998168945,194.380004882812,198.490005493164,14742700,191.80322265625
2021-11-24,198.169998168945,203.949996948242,197.639999389648,203.25,12026800,196.402908325195
2021-11-26,193.320007324219,199.190002441406,192.550003051758,197.649993896484,10987600,190.991500854492
2021-11-29,201,201.25,195.360000610352,196.289993286133,14633500,189.677368164062
2021-11-30,195.270004272461,197.660003662109,192.559997558594,193.770004272461,16023000,187.242202758789
2021-12-01,196.029998779297,196.809997558594,190.100006103516,190.160003662109,13204900,183.753890991211
2021-12-02,192,199.440002441406,191.850006103516,198.289993286133,13976300,191.609970092773
2021-12-03,198.270004272461,198.470001220703,194.039993286133,196.320007324219,10660500,189.706329345703
2021-12-06,198.770004272461,204.220001220703,197.740005493164,202.679992675781,10722100,195.852066040039
2021-12-07,206,207.940002441406,205.889999389648,207.369995117188,11897200,200.384094238281
2021-12-08,207.660003662109,209.479995727539,205.710006713867,208.990005493164,11749200,201.949523925781
2021-12-09,208.520004272461,212.199996948242,207.169998168945,211.389999389648,10176800,204.268661499023
2021-12-10,211.899993896484,214.25,210.860000610352,213.399993896484,8882700,206.210952758789
2021-12-13,212.449996948242,213.320007324219,209.979995727539,211.020004272461,8844300,203.911117553711
2021-12-14,210.729995727539,213.369995117188,208.449996948242,209.979995727539,9832300,202.906143188477
2021-12-15,209.399993896484,212.490005493164,207.860000610352,212.309997558594,10892500,205.157669067383
2021-12-16,215.289993286133,216.270004272461,211.610000610352,214.369995117188,8548400,207.148239135742
2021-12-17,212.800003051758,213.210006713867,207.789993286133,211.880004882812,11578400,204.742141723633
2021-12-20,209.089996337891,209.770004272461,206.860000610352,208.740005493164,9434400,201.707916259766
2021-12-21,210.610000610352,216.160003662109,210.360000610352,215.380004882812,6993700,208.124252319336
2021-12-22,213.850006103516,218.940002441406,213.850006103516,217.960006713867,6003400,210.617294311523
2021-12-23,218.440002441406,218.520004272461,216.619995117188,216.619995117188,4798200,209.322463989258
2021-12-27,217.679992675781,218.119995117188,214.880004882812,217.630004882812,4818400,210.298461914062
2021-12-28,216.009994506836,219.729995727539,215.580001831055,218.050003051758,4279800,210.70426940918
2021-12-29,217.759994506836,218.940002441406,217.330001831055,218.169998168945,3223100,210.820266723633
2021-12-30,217.970001220703,219.149993896484,217.149993896484,217.869995117188,3812800,210.530349731445
2021-12-31,216.809997558594,217.979995727539,215.490005493164,216.710006713867,4723300,209.409439086914
2022-01-03,217.520004272461,222.059997558594,217.009994506836,221.429992675781,7694500,213.970443725586
2022-01-04,222,226.789993286133,221.809997558594,222.460006713867,10629300,214.965759277344
2022-01-05,222.639999389648,225.270004272461,219.919998168945,220,9594600,212.588607788086
2022-01-06,217.800003051758,221.910003662109,217.550003051758,219.75,7877500,212.347015380859
2022-01-07,217.309997558594,220.199996948242,215.639999389648,216.960006713867,10702100,209.651016235352
2022-01-10,213.979995727539,214.199996948242,206.5,211.970001220703,11978600,204.8291015625
2022-01-11,211.419998168945,214.949996948242,208.740005493164,214.380004882812,8803100,207.157913208008
2022-01-12,214.479995727539,217.580001831055,213.809997558594,215.710006713867,6923300,208.443130493164
2022-01-13,216.850006103516,220.479995727539,214.660003662109,215,8867700,207.757034301758
2022-01-14,214.169998168945,218.25,213.710006713867,214.669998168945,8838100,207.43815612793
2022-01-18,215.880004882812,216.910003662109,214.330001831055,215.710006713867,9099300,208.443130493164
2022-01-19,213,218.229995727539,212.110000610352,214.679992675781,9399800,207.447799682617
2022-01-20,214.720001220703,219.600006103516,213.940002441406,214.350006103516,8532700,207.128921508789
2022-01-21,215.460006713867,215.600006103516,205.820007324219,205.929992675781,16200200,198.992584228516
2022-01-24,202.179992675781,202.720001220703,195.649993896484,201.850006103516,16054000,195.050048828125
2022-01-25,199.619995117188,205.380004882812,196.990005493164,202,12125500,195.194961547852
2022-01-26,204.279998779297,210.860000610352,203.669998168945,205.869995117188,10817600,198.934616088867
2022-01-27,209.5,210.960006713867,205.850006103516,206.149993896484,12009800,199.205169677734
2022-01-28,220.639999389648,228.119995117188,216.100006103516,228,26425300,220.319107055664
2022-01-31,225.550003051758,226.380004882812,222.050003051758,226.169998168945,12380600,218.550765991211
2022-02-01,226.899993896484,234.610000610352,226.419998168945,232.360000610352,12247200,224.532196044922
2022-02-02,231.300003051758,235.850006103516,230.009994506836,235.419998168945,10590500,227.48908996582
2022-02-03,233.039993286133,233.490005493164,230.550003051758,231.539993286133,9968000,223.739822387695
2022-02-04,228.5,230.220001220703,224.949996948242,228.389999389648,10848100,220.695922851562
2022-02-07,228,229.919998168945,226.009994506836,227.160003662109,5984500,219.507385253906
2022-02-08,226.259994506836,228.5,224.75,227.940002441406,7542000,220.261108398438
2022-02-09,230.130004882812,233.149993896484,230.119995117188,230.869995117188,7772800,223.092422485352
2022-02-10,228.029998779297,229.949996948242,224.869995117188,225.589996337891,6794600,218.344909667969
2022-02-11,227.25,229.100006103516,223.539993286133,224.690002441406,7535200,217.473846435547
2022-02-14,223.289993286133,227.259994506836,222.809997558594,225.339996337891,8280800,218.102951049805
2022-02-15,227.270004272461,229.289993286133,224.910003662109,227.820007324219,9461700,220.503326416016
2022-02-16,227.5,229.880004882812,225.600006103516,228.820007324219,9561300,221.471237182617
2022-02-17,228.399993896484,228.809997558594,224.169998168945,224.610000610352,8131200,217.396438598633
2022-02-18,224.600006103516,225.740005493164,221.839996337891,222.690002441406,8121200,215.538040161133
2022-02-22,221.020004272461,224.339996337891,219.919998168945,221.320007324219,9928800,214.21208190918
2022-02-23,222.839996337891,224.279998779297,215.419998168945,215.949996948242,8669900,209.014556884766
2022-02-24,203.369995117188,217.860000610352,201.449996948242,217.300003051758,13463400,210.321182250977
2022-02-25,217.289993286133,220.679992675781,214.25,219.270004272461,8463600,212.227905273438
2022-02-28,216,218.649993896484,213.240005493164,216.119995117188,8409400,209.179077148438
2022-03-01,214.479995727539,215.149993896484,207.279998779297,208.970001220703,9317800,202.258712768555
2022-03-02,206.899993896484,210.539993286133,206.190002441406,208.479995727539,8865700,201.784408569336
2022-03-03,210.550003051758,211.5,206.559997558594,207.229995727539,8610000,200.574615478516
2022-03-04,205,206.369995117188,196.860000610352,200.289993286133,10912300,193.857437133789
2022-03-07,199.839996337891,200.179992675781,190.050003051758,190.699996948242,13412400,184.575424194336
2022-03-08,190.009994506836,196.419998168945,186.669998168945,191.710006713867,11070900,185.55305480957
2022-03-09,196.5,200.5,195.240005493164,199.759994506836,8457600,193.344497680664
2022-03-10,196.899993896484,199.940002441406,196.300003051758,197.970001220703,7061600,191.611968994141
2022-03-11,200.75,200.839996337891,196.460006713867,196.710006713867,5432100,190.392456054688
2022-03-14,198.419998168945,204.429992675781,198.160003662109,200.330001831055,7994700,193.896224975586
2022-03-15,202.089996337891,206.410003662109,201.399993896484,206.139999389648,8277700,199.519561767578
2022-03-16,210,213.669998168945,207,211.869995117188,9232300,205.065582275391
2022-03-17,209.929992675781,213.539993286133,208.720001220703,213.449996948242,6668500,206.594833374023
2022-03-18,211.699996948242,219.259994506836,210.289993286133,219.110000610352,14620800,212.073059082031
2022-03-21,216.339996337891,218.059997558594,214.550003051758,217.039993286133,6101500,210.069519042969
2022-03-22,217.839996337891,219.570007324219,217.179992675781,218.470001220703,6259900,211.45361328125
2022-03-23,215.300003051758,217.289993286133,214.199996948242,214.679992675781,6008000,207.785293579102
2022-03-24,214.990005493164,217.660003662109,214,217.309997558594,5487000,210.330871582031
2022-03-25,218.419998168945,218.929992675781,215.690002441406,218.429992675781,5051400,211.41487121582
2022-03-28,218.5,220.979995727539,217.509994506836,220.770004272461,4316800,213.679718017578
2022-03-29,224.839996337891,228.809997558594,223.779998779297,228.119995117188,8032500,220.793655395508
2022-03-30,225.839996337891,226.160003662109,222.729995727539,223.949996948242,7084000,216.757614135742
2022-03-31,223.910003662109,225.919998168945,220.440002441406,221.770004272461,10759500,214.647613525391
2022-04-01,223.080001831055,226.630004882812,222.229995727539,226.360000610352,6559600,219.090209960938
2022-04-04,225.759994506836,229.240005493164,224.960006713867,227.740005493164,8521200,220.425872802734
2022-04-05,226.830001831055,228.990005493164,225.309997558594,226.089996337891,4658000,218.828887939453
2022-04-06,222.779998779297,222.869995117188,218.619995117188,219.009994506836,7430000,211.97624206543
2022-04-07,218.309997558594,218.679992675781,213.679992675781,216.149993896484,6995100,209.208099365234
2022-04-08,214.809997558594,219.410003662109,213.080001831055,216.979995727539,5438600,210.011444091797
2022-04-11,215.25,217.300003051758,213.410003662109,214.75,6942700,207.853057861328
2022-04-12,216.5,216.990005493164,210.699996948242,211.399993896484,7446600,204.610641479492
2022-04-13,210.429992675781,213.850006103516,207.169998168945,213.270004272461,8052900,206.42057800293
2022-04-14,214.270004272461,215.949996948242,212.529998779297,212.789993286133,8191600,205.956008911133
2022-04-18,211.669998168945,215.830001831055,211.520004272461,213.169998168945,4744400,206.323822021484
2022-04-19,213.100006103516,216.509994506836,212.440002441406,215.699996948242,5028800,208.772552490234
2022-04-20,218.660003662109,220.820007324219,217.389999389648,217.789993286133,7178300,210.79541015625
2022-04-21,219.509994506836,223.919998168945,215.350006103516,216.449996948242,8850300,209.498474121094
2022-04-22,216.240005493164,216.559997558594,207.949996948242,208.169998168945,6201100,201.484390258789
2022-04-25,206.350006103516,210.529998779297,205.330001831055,209.949996948242,6839400,203.207244873047
2022-04-26,206.979995727539,208.559997558594,201.100006103516,201.100006103516,8155300,194.641494750977
2022-04-27,217.369995117188,221.800003051758,213.050003051758,214.110000610352,15955800,207.233627319336
2022-04-28,220.399993896484,224.929992675781,219.270004272461,220.660003662109,10799100,213.573287963867
2022-04-29,218.619995117188,221.199996948242,212.350006103516,213.130004882812,7965000,206.285095214844
2022-05-02,211.770004272461,212.139999389648,206.960006713867,211.529998779297,8803700,204.736480712891
2022-05-03,213.610000610352,213.610000610352,206.270004272461,208.559997558594,6616900,201.861892700195
2022-05-04,209.350006103516,214.800003051758,205.330001831055,214.520004272461,7191100,207.630447387695
2022-05-05,212.270004272461,214.580001831055,203.070007324219,205.240005493164,7749600,198.648513793945
2022-05-06,203.75,205.720001220703,200.220001220703,202.820007324219,8825300,196.306228637695
2022-05-09,200.050003051758,200.75,192.080001831055,193,10314100,186.801574707031
2022-05-10,196.710006713867,197.75,190.970001220703,193.580001831055,11016500,187.36296081543
2022-05-11,193.490005493164,198.320007324219,191.399993896484,196.720001220703,9427300,190.402130126953
2022-05-12,194.529998779297,196.059997558594,189.949996948242,193.970001220703,9308600,188.099029541016
2022-05-13,197,200.539993286133,196.5,199.229995727539,6684500,193.199798583984
2022-05-16,197.320007324219,199.940002441406,195.880004882812,197.809997558594,5161300,191.822799682617
2022-05-17,202.850006103516,204.800003051758,200.149993896484,204,7265600,197.825408935547
2022-05-18,202.820007324219,205.460006713867,199.130004882812,199.990005493164,8748200,193.936828613281
2022-05-19,196.350006103516,200.419998168945,193.309997558594,197.369995117188,9012400,191.396102905273
2022-05-20,199.669998168945,201.660003662109,194.020004272461,199.029998779297,6966600,193.005859375
2022-05-23,200.880004882812,207.960006713867,200.770004272461,207.559997558594,12187400,201.27766418457
2022-05-24,203.910003662109,204.669998168945,199.029998779297,202.630004882812,7458500,196.496887207031
2022-05-25,200.589996337891,204.949996948242,200.470001220703,203.839996337891,5457200,197.67024230957
2022-05-26,205.110000610352,209.740005493164,204.669998168945,208.550003051758,9212300,202.237686157227
2022-05-27,210,213.229995727539,209.639999389648,212.880004882812,4897200,206.436614990234
2022-05-31,210.380004882812,214.350006103516,209.110000610352,212.169998168945,9586400,205.748153686523
2022-06-01,212.050003051758,214.110000610352,208.820007324219,209.929992675781,5246100,203.575897216797
2022-06-02,211.889999389648,215.25,211.080001831055,215.050003051758,5337200,208.540969848633
2022-06-03,212.949996948242,214.210006713867,211.270004272461,212.649993896484,4352500,206.213607788086
2022-06-06,215.449996948242,217.580001831055,212.089996337891,212.940002441406,3965100,206.494827270508
2022-06-07,211.119995117188,214.970001220703,210.720001220703,214.5,4493300,208.007598876953
2022-06-08,213.759994506836,215.570007324219,212.830001831055,213.5,3646300,207.037872314453
2022-06-09,212.589996337891,213.710006713867,206.020004272461,206.110000610352,5138600,199.871551513672
2022-06-10,201.649993896484,203.419998168945,199.179992675781,199.509994506836,5162500,193.471313476562
2022-06-13,192.990005493164,195.889999389648,191.080001831055,192.259994506836,7119200,186.440765380859
2022-06-14,192.720001220703,194.339996337891,191.75,193.520004272461,6441200,187.662612915039
2022-06-15,195.979995727539,198.830001831055,192.229995727539,196.160003662109,6490000,190.222717285156
2022-06-16,191.410003662109,191.869995117188,187.529998779297,189.050003051758,9887200,183.327926635742
2022-06-17,186.929992675781,191.309997558594,185.910003662109,190.009994506836,15089300,184.258850097656
2022-06-21,195.710006713867,196.729995727539,193.729995727539,194.389999389648,6241600,188.506301879883
2022-06-22,191.25,196.389999389648,191.029998779297,193.820007324219,5138500,187.953598022461
2022-06-23,196.139999389648,197.460006713867,193.449996948242,196.639999389648,4752800,190.688186645508
2022-06-24,197.729995727539,205.639999389648,197.509994506836,205.509994506836,7754800,199.289688110352
2022-06-27,205.75,207.089996337891,202.610000610352,203.559997558594,6121200,197.39875793457
2022-06-28,204,206.789993286133,197.5,198.119995117188,4354200,192.123382568359
2022-06-29,197.320007324219,200.639999389648,197.320007324219,199.5,4324600,193.461654663086
2022-06-30,195.369995117188,198.850006103516,192.850006103516,196.889999389648,7045200,190.930618286133
2022-07-01,196.789993286133,199.800003051758,194.710006713867,199.179992675781,4131800,193.151336669922
2022-07-05,196.229995727539,200.570007324219,194.139999389648,200.539993286133,4110200,194.470138549805
2022-07-06,200,202.509994506836,198.669998168945,201.119995117188,4111200,195.032592773438
2022-07-07,202.539993286133,203.429992675781,200.039993286133,202.800003051758,4650700,196.661758422852
2022-07-08,202.320007324219,204.100006103516,200.460006713867,203.570007324219,3621800,197.408447265625
2022-07-11,202,206.740005493164,202,205.059997558594,5353600,198.85334777832
2022-07-12,203.25,208.119995117188,202.759994506836,204.820007324219,6779500,198.620620727539
2022-07-13,200.429992675781,205.570007324219,199.5,204.149993896484,7597300,197.97087097168
2022-07-14,200,206.080001831055,197.979995727539,205.910003662109,5605500,199.677612304688
2022-07-15,209.369995117188,211.710006713867,207.179992675781,210.039993286133,7245700,203.682601928711
2022-07-18,211.5,212.910003662109,206.639999389648,207.210006713867,4648900,200.938278198242
2022-07-19,208.220001220703,214.110000610352,207.899993896484,213.660003662109,4927100,207.19303894043
2022-07-20,212,214.130004882812,211.210006713867,213.369995117188,4460300,206.911819458008
2022-07-21,213.149993896484,216.899993896484,212.729995727539,216.190002441406,4801300,209.646469116211
2022-07-22,217.929992675781,218.070007324219,212.119995117188,213.699996948242,5071500,207.231811523438
2022-07-25,214.580001831055,214.800003051758,211.619995117188,214.270004272461,4357200,207.784591674805
2022-07-26,213.850006103516,215.149993896484,211.75,212.490005493164,6141000,206.058456420898
2022-07-27,210.770004272461,216.850006103516,201.199996948242,210.470001220703,17432200,204.099578857422
2022-07-28,210.639999389648,212.720001220703,207.919998168945,211.350006103516,7477100,204.952987670898
2022-07-29,212,214.160003662109,209.830001831055,212.110000610352,6059700,205.689971923828
2022-08-01,208.449996948242,213.990005493164,207.559997558594,211.360000610352,8028400,204.962646484375
2022-08-02,207.800003051758,208.839996337891,203.929992675781,206.259994506836,9939400,200.017044067383
2022-08-03,207.990005493164,210.330001831055,206.880004882812,208.479995727539,9520100,202.169799804688
2022-08-04,210.529998779297,214.880004882812,208.550003051758,213.470001220703,6789700,207.008819580078
2022-08-05,210.710006713867,215.949996948242,210.5,215.869995117188,5553700,209.336135864258
2022-08-08,215.229995727539,216.630004882812,212.050003051758,213.320007324219,4063400,206.863342285156
2022-08-09,212,213.449996948242,209.75,210.259994506836,4596800,203.895950317383
2022-08-10,214.830001831055,214.839996337891,211.309997558594,212.100006103516,5746400,205.680267333984
2022-08-11,213.289993286133,213.5,210.589996337891,211.080001831055,6639600,205.0537109375
2022-08-12,213,213.220001220703,210.100006103516,211.330001831055,6443700,205.296524047852
2022-08-15,210.369995117188,216.740005493164,210.369995117188,216.419998168945,5290600,210.241241455078
2022-08-16,214.550003051758,217.610000610352,212.130004882812,217.139999389648,6564400,210.940658569336
2022-08-17,215,216.179992675781,212.75,214.520004272461,4902500,208.395462036133
2022-08-18,213.869995117188,216,212.429992675781,215.25,4516400,209.104598999023
2022-08-19,214.110000610352,215.229995727539,212.389999389648,212.820007324219,4178800,206.744018554688
2022-08-22,209.940002441406,211.25,208.199996948242,208.610000610352,5139500,202.654205322266
2022-08-23,208,209.300003051758,206.529998779297,206.800003051758,3525500,200.895889282227
2022-08-24,206.630004882812,208.350006103516,205.679992675781,206.669998168945,4230800,200.769592285156
2022-08-25,207.389999389648,209.910003662109,206.5,209.820007324219,4495000,203.829650878906
2022-08-26,209.770004272461,210.259994506836,202.699996948242,202.889999389648,5060200,197.09748840332
2022-08-29,201.25,203.960006713867,200.619995117188,202.330001831055,4476200,196.553482055664
2022-08-30,203.919998168945,204.410003662109,200.210006713867,201.380004882812,3918200,195.630615234375
2022-08-31,201,203.169998168945,198.639999389648,198.710006713867,6559000,193.036834716797
2022-09-01,198.720001220703,200.429992675781,196.660003662109,200.130004882812,5608300,194.416320800781
2022-09-02,202.440002441406,202.479995727539,196.850006103516,197.759994506836,4508100,192.113922119141
2022-09-06,197.899993896484,200.039993286133,196.399993896484,198.639999389648,4547800,192.968841552734
2022-09-07,198.710006713867,201.139999389648,197.220001220703,200.419998168945,4098300,194.698059082031
2022-09-08,197.399993896484,201.110000610352,196.960006713867,200.710006713867,4377600,194.979766845703
2022-09-09,202.070007324219,206.399993896484,201.350006103516,205.199996948242,4885600,199.341567993164
2022-09-12,206.5,207.190002441406,204.949996948242,206.630004882812,3812300,200.730697631836
2022-09-13,202.050003051758,203.470001220703,198.869995117188,199.669998168945,5217900,193.969436645508
2022-09-14,200,200.880004882812,198.059997558594,199.410003662109,4632800,193.716842651367
2022-09-15,198.089996337891,200.309997558594,194.529998779297,195.369995117188,6099300,189.792175292969
2022-09-16,190.220001220703,193.820007324219,188.220001220703,193.300003051758,9398200,187.781311035156
2022-09-19,191.589996337891,193.990005493164,190.710006713867,193.130004882812,8133600,187.616149902344
2022-09-20,191.100006103516,193.029998779297,190.289993286133,192.070007324219,5292500,186.586410522461
2022-09-21,192.529998779297,193.089996337891,187,187.020004272461,6705900,181.680587768555
2022-09-22,186.350006103516,187.210006713867,184.660003662109,185.789993286133,6604700,180.485702514648
2022-09-23,183.470001220703,184.580001831055,182.229995727539,183.960006713867,10755800,178.707977294922
2022-09-26,183.039993286133,184.5,179.899993896484,180.589996337891,9914600,175.434173583984
2022-09-27,182.509994506836,184.850006103516,177.020004272461,177.869995117188,9799600,172.79182434082
2022-09-28,177.259994506836,180.100006103516,174.830001831055,179.179992675781,9751000,174.064437866211
2022-09-29,178.830001831055,182.240005493164,178.729995727539,180.059997558594,9105200,174.919296264648
2022-09-30,180.059997558594,182.919998168945,177.600006103516,177.649993896484,9472300,172.578109741211
2022-10-03,179.339996337891,183.360000610352,178.149993896484,181.649993896484,8842300,176.463897705078
2022-10-04,185.050003051758,186.210006713867,183.070007324219,185.649993896484,7081400,180.349700927734
2022-10-05,183.339996337891,188.820007324219,182.360000610352,187.669998168945,6119900,182.311996459961
2022-10-06,186.649993896484,188.050003051758,185.25,185.589996337891,5163000,180.291442871094
2022-10-07,183.449996948242,184.610000610352,181.929992675781,183.830001831055,5610300,178.581649780273
2022-10-10,184.130004882812,184.779998779297,180.899993896484,182.179992675781,4743800,176.978759765625
2022-10-11,180.369995117188,181.639999389648,178.190002441406,179.139999389648,6294500,174.02555847168
2022-10-12,179.089996337891,180.589996337891,178.220001220703,178.240005493164,4884300,173.151260375977
2022-10-13,175,185.369995117188,174.600006103516,184.660003662109,8426400,179.387969970703
2022-10-14,186.789993286133,187.130004882812,182.070007324219,182.619995117188,6449400,177.406204223633
2022-10-17,186,188.570007324219,182.850006103516,185.25,13952100,179.961120605469
2022-10-18,189.490005493164,190.190002441406,185.740005493164,187.169998168945,5209200,181.826293945312
2022-10-19,185.490005493164,187.639999389648,184.759994506836,186.410003662109,4927000,181.088012695312
2022-10-20,186.460006713867,190.979995727539,186.429992675781,187.220001220703,5706700,181.874877929688
2022-10-21,185.800003051758,190.949996948242,185.050003051758,190.369995117188,7582500,184.934951782227
2022-10-24,191.410003662109,193.130004882812,189.100006103516,190.710006713867,7299200,185.265274047852
2022-10-25,190.869995117188,195.229995727539,190.720001220703,194.380004882812,11907200,188.830459594727
2022-10-26,196.580001831055,206.369995117188,196.5,203.330001831055,15450000,197.524932861328
2022-10-27,203.320007324219,206.320007324219,201.589996337891,204.289993286133,7946700,198.457550048828
2022-10-28,205,211.520004272461,203.309997558594,209.339996337891,8455600,203.363388061523
2022-10-31,208.919998168945,209.619995117188,206.199996948242,207.160003662109,8674100,201.245620727539
2022-11-01,208.910003662109,209.970001220703,205.330001831055,206.929992675781,5919500,201.022171020508
2022-11-02,205.759994506836,207,200.580001831055,200.949996948242,6985600,195.212905883789
2022-11-03,198.279998779297,198.850006103516,194.179992675781,194.75,8236200,189.189895629883
2022-11-04,197,201.449996948242,195.339996337891,196.979995727539,9680100,191.356231689453
2022-11-07,198.320007324219,200.440002441406,197.169998168945,200.100006103516,7821300,194.387145996094
2022-11-08,201.660003662109,204.119995117188,199.740005493164,201.779998779297,6943700,196.019195556641
2022-11-09,200.699996948242,201.330001831055,193.330001831055,193.929992675781,7320200,188.814361572266
2022-11-10,203.089996337891,205.759994506836,200.020004272461,205.570007324219,8048900,200.147369384766
2022-11-11,206,206.429992675781,202.149993896484,205,9601000,199.592391967773
2022-11-14,203.5,209.169998168945,203.210006713867,206.860000610352,5796100,201.4033203125
2022-11-15,209.990005493164,213.729995727539,207.509994506836,209.990005493164,7316100,204.450759887695
2022-11-16,208.580001831055,210.889999389648,208.220001220703,210.139999389648,6125300,204.596786499023
2022-11-17,207.960006713867,211.279998779297,207.320007324219,210.990005493164,5385600,205.424392700195
2022-11-18,213.169998168945,214.169998168945,209.740005493164,210.800003051758,8028500,205.239364624023
2022-11-21,210.300003051758,210.550003051758,205.889999389648,206.320007324219,10450900,200.877563476562
2022-11-22,207.539993286133,210.479995727539,205.350006103516,210.330001831055,5273100,204.781814575195
2022-11-23,210,212.830001831055,209.919998168945,211.729995727539,3807300,206.144836425781
2022-11-25,211.710006713867,214,211.389999389648,213.789993286133,1993500,208.150527954102
2022-11-28,212.259994506836,214.470001220703,210.649993896484,211.259994506836,10229400,205.687240600586
2022-11-29,209.350006103516,210.149993896484,207.350006103516,209.059997558594,8986900,203.545288085938
2022-11-30,208.220001220703,217,208.009994506836,217,13918100,211.275833129883
2022-12-01,217,218.649993896484,215.300003051758,217,11261500,211.275833129883
2022-12-02,215.729995727539,218.479995727539,214.240005493164,217.660003662109,5132800,211.918441772461
2022-12-05,215.649993896484,216.910003662109,213.050003051758,213.679992675781,9006300,208.043411254883
2022-12-06,212,212.130004882812,207.639999389648,209.080001831055,5986000,203.564743041992
2022-12-07,208.800003051758,209.020004272461,205.130004882812,207.809997558594,7923800,202.32829284668
2022-12-08,209.509994506836,210.300003051758,207.75,209.100006103516,4896500,203.584259033203
2022-12-09,207.910003662109,210.520004272461,207.520004272461,208.699996948242,4928400,203.194793701172
2022-12-12,210,214.820007324219,209.470001220703,214.589996337891,5941700,208.929428100586
2022-12-13,219.539993286133,219.979995727539,212.619995117188,213.039993286133,14585000,207.420303344727
2022-12-14,212.850006103516,216.279998779297,211.630004882812,213.320007324219,7001700,207.692947387695
2022-12-15,209.600006103516,211.820007324219,206.820007324219,207.910003662109,10831800,202.42561340332
2022-12-16,207.490005493164,208.399993896484,205.300003051758,206.889999389648,12472900,201.432540893555
2022-12-19,206.630004882812,207.470001220703,203.949996948242,204.820007324219,4893600,199.41716003418
2022-12-20,203.880004882812,206.529998779297,203.550003051758,205.360000610352,5024900,199.942886352539
2022-12-21,206.570007324219,207.960006713867,205.580001831055,206.809997558594,4086900,201.354644775391
2022-12-22,205.75,206.649993896484,202.130004882812,205.059997558594,5690300,199.650787353516
2022-12-23,204.130004882812,206.240005493164,203.520004272461,205.830001831055,3246000,200.400497436523
2022-12-27,205.919998168945,206.880004882812,204.600006103516,206.289993286133,2904900,200.848358154297
2022-12-28,206.679992675781,208.529998779297,204.800003051758,204.990005493164,3139200,199.582611083984
2022-12-29,205.949996948242,208.529998779297,205.5,208.059997558594,3675500,202.571685791016
2022-12-30,206.309997558594,208.039993286133,205.699996948242,207.759994506836,4159400,202.279556274414
2023-01-03,209.279998779297,212.330001831055,206.160003662109,207.389999389648,4202800,201.919326782227
2023-01-04,209.619995117188,213.199996948242,209.619995117188,212.610000610352,6606200,207.001647949219
2023-01-05,213.800003051758,214.160003662109,210.460006713867,211.110000610352,5246000,205.541244506836
2023-01-06,214,218.139999389648,213.089996337891,217.75,6829700,212.006072998047
2023-01-09,219.070007324219,222.210006713867,218.350006103516,218.600006103516,6294500,212.833633422852
2023-01-10,218.990005493164,222.389999389648,218.179992675781,221.089996337891,10857000,215.257904052734
2023-01-11,221.289993286133,222.179992675781,219.699996948242,222.100006103516,5408200,216.241302490234
2023-01-12,222.100006103516,223.809997558594,220.610000610352,223.619995117188,4264400,217.721176147461
2023-01-13,221.910003662109,223.759994506836,220.139999389648,223.059997558594,4283200,217.175994873047
2023-01-17,222.380004882812,224.399993896484,222.369995117188,223,6101100,217.117568969727
2023-01-18,224.080001831055,224.990005493164,219.440002441406,219.460006713867,6558000,213.670974731445
2023-01-19,218.100006103516,221.520004272461,217.5,220.410003662109,4853100,214.595916748047
2023-01-20,221.139999389648,224.429992675781,220.410003662109,224.309997558594,5211000,218.393020629883
2023-01-23,224.600006103516,226.199996948242,223.149993896484,224.179992675781,5501500,218.26643371582
2023-01-24,222.020004272461,230,216.630004882812,223.889999389648,5274900,217.984069824219
2023-01-25,221.619995117188,224.970001220703,221.169998168945,224.899993896484,4729600,218.967422485352
2023-01-26,226,227.080001831055,223.669998168945,224.710006713867,7043400,218.782485961914
2023-01-27,228,232.839996337891,227.25,231.440002441406,11382600,225.3349609375
2023-01-30,230.199996948242,230.419998168945,227.929992675781,229.100006103516,5677400,223.056671142578
2023-01-31,228.809997558594,230.800003051758,228.449996948242,230.210006713867,11294200,224.13737487793
2023-02-01,229.369995117188,232.660003662109,227.800003051758,230.899993896484,5792700,224.809188842773
2023-02-02,233.960006713867,234.300003051758,228.369995117188,229.559997558594,7190000,223.504501342773
2023-02-03,228.690002441406,230.860000610352,227.639999389648,230.130004882812,5243600,224.059509277344
2023-02-06,228.699996948242,230.259994506836,228.039993286133,229.440002441406,3402400,223.3876953125
2023-02-07,228.020004272461,232.130004882812,227.949996948242,231.320007324219,4042600,225.218124389648
2023-02-08,230.339996337891,231.860000610352,229.990005493164,230.199996948242,4978600,224.127655029297
2023-02-09,232.410003662109,232.479995727539,229.130004882812,229.350006103516,5238400,223.737442016602
2023-02-10,228.960006713867,229.910003662109,226.160003662109,227.199996948242,4509700,221.640060424805
2023-02-13,226.880004882812,229.830001831055,226.270004272461,228.880004882812,4946700,223.278930664062
2023-02-14,228.669998168945,231.419998168945,227.169998168945,229.389999389648,4829400,223.776443481445
2023-02-15,227.589996337891,229.070007324219,226.800003051758,228.919998168945,4407300,223.317962646484
2023-02-16,226.070007324219,228.360000610352,225.669998168945,225.830001831055,3865900,220.303573608398
2023-02-17,224.179992675781,224.770004272461,221.740005493164,223.559997558594,4520200,218.089111328125
2023-02-21,220.160003662109,222.440002441406,219.990005493164,220.619995117188,7276100,215.221069335938
2023-02-22,220.410003662109,221.75,219.449996948242,220.020004272461,4621800,214.635757446289
2023-02-23,221.559997558594,222.089996337891,218.929992675781,221.130004882812,5533800,215.71858215332
2023-02-24,218.479995727539,220.240005493164,217.460006713867,219.550003051758,4414400,214.177230834961
2023-02-27,220.729995727539,221.440002441406,219.339996337891,220.350006103516,4255300,214.957672119141
2023-02-28,220,221.770004272461,219.5,219.940002441406,5385400,214.557693481445
2023-03-01,219.460006713867,220.270004272461,216.429992675781,218.360000610352,4792700,213.016387939453
2023-03-02,217.889999389648,219.600006103516,217.089996337891,219.059997558594,5539300,213.69921875
2023-03-03,220.199996948242,224.020004272461,219.899993896484,223.770004272461,6055400,218.293975830078
2023-03-06,223.929992675781,227.419998168945,223.690002441406,226.75,5737600,221.201065063477
2023-03-07,226.75,227.380004882812,223.080001831055,223.169998168945,4386800,217.708679199219
2023-03-08,221.960006713867,222.929992675781,221.179992675781,222.190002441406,4194900,216.752655029297
2023-03-09,221.399993896484,224.369995117188,219.660003662109,220.009994506836,5066700,214.625991821289
2023-03-10,219.029998779297,219.119995117188,215.479995727539,216.139999389648,6638900,210.850692749023
2023-03-13,214.630004882812,217.850006103516,212.5,214.470001220703,6810800,209.221572875977
2023-03-14,218,219.869995117188,216.039993286133,218.660003662109,7985600,213.309036254883
2023-03-15,214.410003662109,216.910003662109,213.669998168945,216.369995117188,8372200,211.075042724609
2023-03-16,215.169998168945,217.580001831055,208.759994506836,217.449996948242,13674600,212.128646850586
2023-03-17,214.869995117188,218.660003662109,214.869995117188,217.389999389648,18801200,212.070114135742
2023-03-20,217,220.550003051758,216.839996337891,218.149993896484,9817400,212.811508178711
2023-03-21,221.339996337891,222.509994506836,218.679992675781,221.949996948242,8971400,216.518493652344
2023-03-22,222.5,224.899993896484,219.919998168945,220.039993286133,6700600,214.655212402344
2023-03-23,220.440002441406,225.25,220.259994506836,222.589996337891,6427700,217.142852783203
2023-03-24,220.669998168945,221.330001831055,218.25,221.039993286133,4791500,215.630767822266
2023-03-27,222.589996337891,224.080001831055,221.389999389648,221.809997558594,7210900,216.381942749023
2023-03-28,222.820007324219,223.330001831055,218.649993896484,220.330001831055,6418400,214.938201904297
2023-03-29,222.289993286133,223.550003051758,220.919998168945,223.300003051758,4483000,217.835494995117
2023-03-30,223.919998168945,224.240005493164,221.210006713867,222.360000610352,5383900,216.918502807617
2023-03-31,223.600006103516,225.839996337891,223.289993286133,225.460006713867,9509000,219.942657470703
2023-04-03,225.229995727539,229.160003662109,224.119995117188,229,6421500,223.396011352539
2023-04-04,229,230.050003051758,226.830001831055,227.660003662109,5254700,222.088790893555
2023-04-05,226.779998779297,228.470001220703,226.550003051758,228.169998168945,4813600,222.586303710938
2023-04-06,226.160003662109,226.729995727539,224.679992675781,225.990005493164,4285200,220.459655761719
2023-04-10,225.559997558594,226.479995727539,224.320007324219,226.429992675781,4952200,220.888854980469
2023-04-11,227,229.139999389648,226.199996948242,228.449996948242,4513300,222.859451293945
2023-04-12,229.929992675781,231.589996337891,227.330001831055,227.809997558594,4373000,222.235122680664
2023-04-13,229.460006713867,232.839996337891,228.800003051758,232.690002441406,7615500,226.995681762695
2023-04-14,232.990005493164,234.990005493164,232.240005493164,234.020004272461,9781300,228.293167114258
2023-04-17,234.020004272461,234.050003051758,230.940002441406,233.479995727539,4865000,227.766372680664
2023-04-18,233.75,234.330001831055,231.690002441406,233.600006103516,4796200,227.883453369141
2023-04-19,234,234.059997558594,231.850006103516,232.570007324219,3833900,226.878646850586
2023-04-20,232.460006713867,234.669998168945,231.5,234.600006103516,4925700,228.858932495117
2023-04-21,235,235.570007324219,233.380004882812,234.050003051758,6771500,228.32243347168
2023-04-24,234.229995727539,235.149993896484,231.509994506836,232.759994506836,9124100,227.063980102539
2023-04-25,233.020004272461,235.020004272461,229.429992675781,229.589996337891,6076500,223.971557617188
2023-04-26,231.220001220703,232.770004272461,226.720001220703,228.149993896484,8400400,222.566802978516
2023-04-27,228.669998168945,229.630004882812,226.610000610352,229.009994506836,7128200,223.405715942383
2023-04-28,228.649993896484,233.570007324219,228.059997558594,232.729995727539,11627900,227.034683227539
2023-05-01,232.869995117188,234.589996337891,231.509994506836,232.509994506836,4571100,226.820098876953
2023-05-02,231.949996948242,232.369995117188,226.210006713867,226.979995727539,5244000,221.425430297852
2023-05-03,226.979995727539,228.669998168945,225.919998168945,225.979995727539,4093300,220.449890136719
2023-05-04,224.839996337891,226.059997558594,223.479995727539,225.600006103516,5648700,220.079177856445
2023-05-05,228.339996337891,232.339996337891,227.289993286133,231.779998779297,6237500,226.107971191406
2023-05-08,231.25,233.449996948242,231.25,232.229995727539,2938400,226.546951293945
2023-05-09,231.080001831055,234.089996337891,230.820007324219,233.259994506836,4352100,227.5517578125
2023-05-10,234.300003051758,234.809997558594,228.899993896484,231.270004272461,5245000,225.610443115234
2023-05-11,230.75,231.520004272461,228.270004272461,231.009994506836,3818000,225.796173095703
2023-05-12,232,232.729995727539,229.820007324219,231.380004882812,3432700,226.157775878906
2023-05-15,231.190002441406,232.830001831055,230.550003051758,232.809997558594,2843200,227.555541992188
2023-05-16,232.559997558594,233.100006103516,229.630004882812,230.470001220703,4289700,225.268356323242
2023-05-17,232.729995727539,233.889999389648,230.550003051758,232.649993896484,4990100,227.399124145508
2023-05-18,232.399993896484,234.149993896484,231.130004882812,233.600006103516,6621900,228.327713012695
2023-05-19,234,234.339996337891,231.940002441406,233.309997558594,5399400,228.04426574707
2023-05-22,233.309997558594,233.869995117188,231.179992675781,231.279998779297,3987800,226.060073852539
2023-05-23,229.270004272461,229.490005493164,223.660003662109,224.580001831055,8537200,219.511291503906
2023-05-24,222.550003051758,223.100006103516,220.029998779297,222.25,6730800,217.233856201172
2023-05-25,222.449996948242,224.690002441406,220.490005493164,223.380004882812,6827600,218.338363647461
2023-05-26,223.820007324219,226.210006713867,223.339996337891,225.009994506836,5067300,219.931549072266
2023-05-30,225.009994506836,225.470001220703,219.75,221.639999389648,6916000,216.637649536133
2023-05-31,219.960006713867,221.529998779297,216.139999389648,221.029998779297,20460600,216.041397094727
2023-06-01,222.729995727539,226.710006713867,222.429992675781,226.5,7003600,221.387954711914
2023-06-02,228.809997558594,230.270004272461,227.419998168945,228.789993286133,5897100,223.626266479492
2023-06-05,227.910003662109,228.330001831055,225.309997558594,226.770004272461,4858900,221.651840209961
2023-06-06,226.690002441406,229.25,226.160003662109,228.220001220703,6020100,223.069152832031
2023-06-07,227,227.550003051758,221.020004272461,225.270004272461,8517200,220.185699462891
2023-06-08,225.089996337891,225.139999389648,222.410003662109,223.050003051758,6248200,218.015838623047
2023-06-09,223.639999389648,225.179992675781,222.759994506836,223.559997558594,6385000,218.514297485352
2023-06-12,224.410003662109,226.449996948242,223.630004882812,226.169998168945,8621100,221.065399169922
2023-06-13,225.619995117188,227.149993896484,222.630004882812,223.399993896484,6868700,218.357894897461
2023-06-14,223.740005493164,225.470001220703,222.580001831055,223.440002441406,9160700,218.397018432617
2023-06-15,222.020004272461,227.110000610352,221.369995117188,226.169998168945,12534000,221.065399169922
2023-06-16,226.449996948242,229.800003051758,226.080001831055,228.910003662109,13628900,223.743560791016
2023-06-20,227,229.570007324219,226.179992675781,226.470001220703,12312300,221.358612060547
2023-06-21,226.119995117188,228.630004882812,224.979995727539,227.25,7032100,222.121017456055
2023-06-22,226.360000610352,228.929992675781,225.5,228.389999389648,6275500,223.235290527344
2023-06-23,227.220001220703,229.979995727539,226.389999389648,229.550003051758,5424400,224.369094848633
2023-06-26,229.440002441406,230.100006103516,226.199996948242,226.300003051758,5165400,221.192443847656
2023-06-27,227.479995727539,228.610000610352,226.520004272461,227.339996337891,4628500,222.208999633789
2023-06-28,227.5,228.059997558594,226.020004272461,227.960006713867,5324500,222.815032958984
2023-06-29,228.789993286133,234.699996948242,228.600006103516,234.320007324219,7118900,229.031509399414
2023-06-30,236.270004272461,238.279998779297,235.949996948242,237.479995727539,6879400,232.120132446289
2023-07-03,237,238.399993896484,235.410003662109,237.970001220703,3087400,232.599075317383
2023-07-05,234.410003662109,240,233.990005493164,239.449996948242,7601200,234.045669555664
2023-07-06,238.270004272461,239.600006103516,236.690002441406,238.880004882812,6441800,233.488525390625
2023-07-07,236.729995727539,238.440002441406,236.130004882812,236.449996948242,5729500,231.113403320312
2023-07-10,237.009994506836,239.100006103516,236.5,238.160003662109,4858900,232.784774780273
2023-07-11,238.809997558594,240.699996948242,238.119995117188,240.550003051758,3856500,235.120849609375
2023-07-12,241.550003051758,243.949996948242,241.229995727539,242.210006713867,6116000,236.743362426758
2023-07-13,243.789993286133,244.270004272461,243.149993896484,243.309997558594,5819600,237.818572998047
2023-07-14,244.729995727539,244.740005493164,241.960006713867,243.160003662109,4941200,237.671920776367
2023-07-17,243.110000610352,245.369995117188,243,243.990005493164,4328100,238.483215332031
2023-07-18,243.100006103516,243.179992675781,237.679992675781,240.770004272461,7674000,235.335876464844
2023-07-19,241.25,242.589996337891,240.119995117188,241.419998168945,4835500,235.971206665039
2023-07-20,241.160003662109,241.610000610352,239.070007324219,239.619995117188,4695000,234.211822509766
2023-07-21,239.740005493164,240.350006103516,238.729995727539,239.25,5427400,233.850173950195
2023-07-24,239.679992675781,241.279998779297,238.190002441406,240.740005493164,6010000,235.306579589844
2023-07-25,240.020004272461,240.800003051758,238.559997558594,238.690002441406,4997500,233.302871704102
2023-07-26,231.419998168945,238.850006103516,227.679992675781,237.100006103516,7551400,231.748718261719
2023-07-27,237.419998168945,238.660003662109,232.960006713867,234.440002441406,8160100,229.148742675781
2023-07-28,234.580001831055,235.880004882812,233.710006713867,235.75,6794800,230.429183959961
2023-07-31,236,238.419998168945,236,237.729995727539,4799600,232.364486694336
2023-08-01,237.139999389648,240.729995727539,237,239.779998779297,4627300,234.368225097656
2023-08-02,238.630004882812,238.789993286133,236.789993286133,237.559997558594,4868200,232.198318481445
2023-08-03,236,239.050003051758,235.25,238.759994506836,5033800,233.37126159668
2023-08-04,238,241.910003662109,237.839996337891,238.990005493164,5169700,233.596054077148
2023-08-07,239.220001220703,242.179992675781,239.210006713867,241.509994506836,5649800,236.059143066406
2023-08-08,240.419998168945,241.360000610352,237.389999389648,239.289993286133,5080600,233.889266967773
2023-08-09,240.5,241.970001220703,239.490005493164,239.759994506836,4055000,234.348663330078
2023-08-10,240.619995117188,243.949996948242,240.089996337891,240.160003662109,4778000,235.181030273438
2023-08-11,240,240.720001220703,238.419998168945,240.039993286133,3607100,235.063522338867
2023-08-14,240.720001220703,243.330001831055,240.259994506836,242.899993896484,4351100,237.864212036133
2023-08-15,242.009994506836,242.669998168945,239.350006103516,239.830001831055,3770100,234.857894897461
2023-08-16,236.529998779297,241.070007324219,236.020004272461,239.289993286133,3218600,234.3291015625
2023-08-17,240,240.380004882812,236.490005493164,237.369995117188,4177600,232.448883056641
2023-08-18,235.580001831055,239.050003051758,235.300003051758,238.169998168945,4344800,233.232330322266
2023-08-21,239.380004882812,240.529998779297,237.759994506836,239.460006713867,3573600,234.495574951172
2023-08-22,240,241.429992675781,238.669998168945,240.570007324219,3848400,235.582580566406
2023-08-23,241.320007324219,242.539993286133,240.720001220703,242.300003051758,4947700,237.276702880859
2023-08-24,242.25,243.559997558594,239.360000610352,239.470001220703,4570700,234.50537109375
2023-08-25,241.380004882812,243.410003662109,240.210006713867,242.570007324219,3541500,237.541076660156
2023-08-28,243.009994506836,245.229995727539,242.600006103516,243.830001831055,3741500,238.774948120117
2023-08-29,243.5,245.830001831055,243.399993896484,245.339996337891,3975600,240.253662109375
2023-08-30,246.419998168945,248.229995727539,246.050003051758,246.229995727539,4573300,241.125244140625
2023-08-31,245.589996337891,248.020004272461,245.449996948242,245.679992675781,5532600,240.586624145508
2023-09-01,247.470001220703,248.869995117188,246.770004272461,248.110000610352,4112900,242.966232299805
2023-09-05,248.350006103516,248.690002441406,245.199996948242,245.339996337891,4459600,240.253662109375
2023-09-06,245.419998168945,246.660003662109,244.210006713867,246.160003662109,4520300,241.056655883789
2023-09-07,245.5,247.399993896484,245.110000610352,247.139999389648,4007900,242.016357421875
2023-09-08,247.789993286133,248.139999389648,246.440002441406,247.289993286133,3309100,242.163223266602
2023-09-11,247.330001831055,248.360000610352,246.270004272461,247.220001220703,2995800,242.094696044922
2023-09-12,246.940002441406,247.759994506836,246.009994506836,247.300003051758,3499600,242.173049926758
2023-09-13,247.149993896484,250.059997558594,246.610000610352,247.830001831055,5657000,242.69206237793
2023-09-14,245,245.539993286133,238.75,241.5,1.2e+07,236.493286132812
2023-09-15,241.899993896484,244.100006103516,240.029998779297,241.070007324219,13077900,236.072204589844
2023-09-18,240.940002441406,245.229995727539,240.770004272461,244.660003662109,4771600,239.587768554688
2023-09-19,245,245.119995117188,241.460006713867,243.559997558594,4709000,238.51057434082
2023-09-20,243.630004882812,244.529998779297,241.669998168945,241.860000610352,5756600,236.845809936523
2023-09-21,240.770004272461,240.779998779297,236.270004272461,236.610000610352,6881500,231.704635620117
2023-09-22,236.75,237.789993286133,234.880004882812,235.080001831055,5935500,230.206359863281
2023-09-25,235.380004882812,235.470001220703,232.210006713867,233.360000610352,5921600,228.522018432617
2023-09-26,231.929992675781,232.669998168945,229.600006103516,229.649993896484,6193200,224.888946533203
2023-09-27,230.259994506836,230.679992675781,227.919998168945,229.5,6006700,224.742065429688
2023-09-28,230.669998168945,232.539993286133,229.669998168945,231.660003662109,4203900,226.857269287109
2023-09-29,232.839996337891,233.029998779297,229.649993896484,230.009994506836,6045200,225.241516113281
2023-10-02,229.240005493164,231.369995117188,228.770004272461,231.270004272461,5175200,226.475372314453
2023-10-03,230.470001220703,231.75,227.779998779297,228.809997558594,5585700,224.066345214844
2023-10-04,229.479995727539,231.699996948242,228.880004882812,231.220001220703,5430900,226.426422119141
2023-10-05,230.410003662109,234.190002441406,230.220001220703,233.479995727539,6126200,228.639526367188
2023-10-06,233.169998168945,236.589996337891,232.75,235.039993286133,6401300,230.167205810547
2023-10-09,232.800003051758,235.169998168945,231.699996948242,234.440002441406,5372200,229.579650878906
2023-10-10,234.899993896484,238.220001220703,234.279998779297,236.600006103516,4644000,231.694885253906
2023-10-11,237.550003051758,238.509994506836,234.889999389648,235.679992675781,4760900,230.793914794922
2023-10-12,236.710006713867,237.729995727539,234.889999389648,236.779998779297,4472800,231.871124267578
2023-10-13,236.389999389648,238.649993896484,236.229995727539,237.669998168945,4966800,232.74267578125
2023-10-16,239,240.710006713867,238.330001831055,240.070007324219,6227300,235.092910766602
2023-10-17,239.630004882812,241.479995727539,238.289993286133,241.199996948242,4527600,236.199493408203
2023-10-18,239.960006713867,240.830001831055,236.990005493164,237.470001220703,9528300,232.546813964844
2023-10-19,237.470001220703,237.919998168945,233.410003662109,233.809997558594,5927400,228.962692260742
2023-10-20,234.130004882812,235.770004272461,232.639999389648,233.380004882812,5748300,228.541641235352
2023-10-23,231.360000610352,234.460006713867,231.279998779297,231.529998779297,5071700,226.72998046875
2023-10-24,232.889999389648,236.529998779297,232.889999389648,234.649993896484,6844100,229.785278320312
2023-10-25,232.25,238.479995727539,231.289993286133,236.850006103516,10365300,231.939682006836
2023-10-26,234.570007324219,235.610000610352,230.360000610352,231.279998779297,6414500,226.485153198242
2023-10-27,231.169998168945,231.389999389648,228.029998779297,229.270004272461,5540900,224.516845703125
2023-10-30,232.190002441406,233.380004882812,230.029998779297,233.080001831055,5170300,228.247833251953
2023-10-31,233.570007324219,235.720001220703,232.990005493164,235.100006103516,4828400,230.225982666016
2023-11-01,236.139999389648,239.039993286133,235.679992675781,238.580001831055,4996200,233.633804321289
2023-11-02,239.910003662109,243.25,239.199996948242,243.25,6286700,238.207000732422
2023-11-03,245.119995117188,245.320007324219,242.259994506836,243.600006103516,5029800,238.549728393555
2023-11-06,244,244.779998779297,242.610000610352,243.490005493164,5254100,238.442016601562
2023-11-07,243.410003662109,245.070007324219,243.380004882812,244.770004272461,4219700,239.69548034668
2023-11-08,243.490005493164,244.75,242.800003051758,243.910003662109,5117500,239.361831665039
2023-11-09,244.330001831055,244.479995727539,240.970001220703,241.639999389648,4866600,237.134155273438
2023-11-10,243.979995727539,245.270004272461,241.970001220703,245.25,4094400,240.676834106445
2023-11-13,245,245.679992675781,244.110000610352,244.669998168945,4088500,240.107650756836
2023-11-14,246.169998168945,247.929992675781,245.580001831055,246.940002441406,14092000,242.335311889648
2023-11-15,246.809997558594,248.240005493164,245.339996337891,248.110000610352,13258900,243.483505249023
2023-11-16,248.589996337891,249.449996948242,247.270004272461,248.570007324219,7051600,243.934921264648
2023-11-17,249.449996948242,250.240005493164,248.660003662109,249.559997558594,7238200,244.906448364258
2023-11-20,249.610000610352,250.929992675781,245.600006103516,249.970001220703,8604200,245.308822631836
2023-11-21,250.029998779297,253.339996337891,250.029998779297,252.229995727539,7213700,247.526657104492
2023-11-22,253,254.539993286133,252.660003662109,253.720001220703,5701400,248.988891601562
2023-11-24,254.190002441406,254.699996948242,253.5,254.300003051758,1640900,249.558074951172
2023-11-27,254.300003051758,254.979995727539,252.520004272461,254.139999389648,5478900,249.401062011719
2023-11-28,253.850006103516,254.149993896484,251.610000610352,252.940002441406,5234900,248.223449707031
2023-11-29,253.919998168945,256.070007324219,253.520004272461,254.229995727539,4955100,249.489379882812
2023-11-30,254.25,256.769989013672,253.169998168945,256.679992675781,6874700,251.89372253418
2023-12-01,255.789993286133,256.910003662109,253.899993896484,256.450012207031,3939400,251.667999267578
2023-12-04,255.910003662109,257.390014648438,254.350006103516,254.440002441406,5247500,249.69548034668
2023-12-05,254.190002441406,254.820007324219,252.139999389648,254.610000610352,4199100,249.8623046875
2023-12-06,255.800003051758,256.829986572266,253.529998779297,254.289993286133,3874000,249.548248291016
2023-12-07,254.889999389648,256.140014648438,253.5,255.820007324219,3589300,251.049743652344
2023-12-08,255,256.040008544922,253.869995117188,255.740005493164,3732300,250.971237182617
2023-12-11,255,257.630004882812,255,256.519989013672,6479300,251.736663818359
2023-12-12,257.299987792969,259.720001220703,256.399993896484,259.559997558594,5946600,254.719985961914
2023-12-13,259.149993896484,262.480010986328,258.690002441406,262.380004882812,4859900,257.487457275391
2023-12-14,263.190002441406,263.25,256.399993896484,258.730010986328,8168700,253.905487060547
2023-12-15,254.509994506836,258.369995117188,254.449996948242,258.029998779297,13374000,253.218505859375
2023-12-18,258.700012207031,259.589996337891,257.950012207031,258.369995117188,6041100,253.552215576172
2023-12-19,258.609985351562,260.339996337891,257.200012207031,259.989990234375,8731200,255.141952514648
2023-12-20,260.5,260.820007324219,257.079986572266,257.109985351562,7240900,252.315673828125
2023-12-21,257.510009765625,259.989990234375,257.040008544922,259.540008544922,6246700,254.70036315918
2023-12-22,260,261.209991455078,258.220001220703,258.429992675781,5111500,253.611038208008
2023-12-26,258.529998779297,259.739990234375,258.529998779297,259.160003662109,2085100,254.327453613281
2023-12-27,259.25,259.769989013672,258.309997558594,258.929992675781,4034700,254.101745605469
2023-12-28,258.540008544922,260.970001220703,258.540008544922,260.399993896484,3020500,255.544311523438
2023-12-29,260.570007324219,261.459991455078,259.670013427734,260.350006103516,4074900,255.495223999023
2024-01-02,259.609985351562,260.089996337891,257.670013427734,258.869995117188,5471000,254.042922973633
2024-01-03,258.549987792969,258.859985351562,256.859985351562,257.980010986328,4148300,253.169479370117
2024-01-04,258.070007324219,261.040008544922,258,259.609985351562,3843000,254.769012451172
2024-01-05,260.779998779297,261.459991455078,258.75,259.690002441406,3748400,254.847564697266
2024-01-08,260.940002441406,262.619995117188,259.950012207031,262.540008544922,4659000,257.644409179688
2024-01-09,262,263.619995117188,261.140014648438,263.329986572266,7055800,258.419708251953
2024-01-10,264.970001220703,265.369995117188,262.859985351562,264.559997558594,4355800,259.626708984375
2024-01-11,265.459991455078,266.190002441406,262.399993896484,264.029998779297,5599000,259.106658935547
2024-01-12,265.130004882812,265.549987792969,263.709991455078,264.170013427734,4656100,259.244018554688
2024-01-16,263.519989013672,265.660003662109,262.350006103516,265.239990234375,6196400,260.294036865234
2024-01-17,264.420013427734,267.100006103516,264.390014648438,266.630004882812,5118700,261.658172607422
2024-01-18,267.880004882812,268.779998779297,266.420013427734,268.140014648438,6694300,263.139984130859
2024-01-19,268.179992675781,271.149993896484,267.049987792969,270.899993896484,7226500,265.848541259766
2024-01-22,272.239990234375,272.350006103516,270.359985351562,271.200012207031,5984300,266.142974853516
2024-01-23,271.549987792969,271.869995117188,269.910003662109,271.260009765625,5883000,266.201843261719
2024-01-24,272.570007324219,272.859985351562,271.079986572266,271.649993896484,5021700,266.584564208984
2024-01-25,271.950012207031,272.779998779297,270.799987792969,272.609985351562,6894900,267.526641845703
2024-01-26,265.940002441406,270.869995117188,265.600006103516,267.940002441406,8586500,262.943756103516
2024-01-29,266.970001220703,275.070007324219,266.709991455078,273.660003662109,6574500,268.557098388672
2024-01-30,274.589996337891,278.640014648438,274.190002441406,277.149993896484,6549000,271.981964111328
2024-01-31,277.119995117188,279.989990234375,273.179992675781,273.260009765625,6139300,268.164520263672
2024-02-01,273.390014648438,277.190002441406,273.359985351562,277.049987792969,7065000,271.883880615234
2024-02-02,277.609985351562,278.5,275.679992675781,277.179992675781,4848700,272.011383056641
2024-02-05,277.399993896484,278,275.130004882812,275.579986572266,4899100,270.441314697266
2024-02-06,274.799987792969,276.880004882812,274.029998779297,276.760009765625,4400000,271.599243164062
2024-02-07,279.380004882812,279.540008544922,277.059997558594,279.390014648438,4785900,274.180236816406
2024-02-08,279.540008544922,279.660003662109,275.279998779297,275.779998779297,5833400,271.142181396484
2024-02-09,275,277.179992675781,274.089996337891,276.429992675781,4618300,271.781219482422
2024-02-12,276.429992675781,276.670013427734,274.239990234375,275.070007324219,3676200,270.444152832031
2024-02-13,273.75,278,272.760009765625,275.809997558594,5493800,271.171691894531
2024-02-14,276.470001220703,277.640014648438,274.709991455078,277.559997558594,4218400,272.892303466797
2024-02-15,277.649993896484,281.119995117188,277.559997558594,280.980010986328,4834800,276.254791259766
2024-02-16,280.959991455078,281.119995117188,277.869995117188,278.559997558594,6630700,273.875396728516
2024-02-20,274.570007324219,276.839996337891,273.339996337891,275.149993896484,6157200,270.522766113281
2024-02-21,274.630004882812,276.970001220703,273.529998779297,276.760009765625,4770100,272.105712890625
2024-02-22,279.179992675781,284.059997558594,278.980010986328,283.75,5100200,278.978179931641
2024-02-23,284.720001220703,285.950012207031,283.5,283.600006103516,5107700,278.830718994141
2024-02-26,283.040008544922,285.350006103516,282.660003662109,284.149993896484,3856900,279.371429443359
2024-02-27,284.170013427734,284.170013427734,281.540008544922,283.170013427734,4145200,278.407958984375
2024-02-28,282.100006103516,286.130004882812,282.079986572266,285.630004882812,4358800,280.826538085938
2024-02-29,285.5,285.660003662109,282.179992675781,282.640014648438,6633700,277.886840820312
2024-03-01,283.200012207031,284.910003662109,282.109985351562,283.160003662109,3955700,278.398040771484
2024-03-04,282.809997558594,283,278.130004882812,280.529998779297,5920300,275.812316894531
2024-03-05,280.269989013672,280.989990234375,277.679992675781,279.380004882812,6227900,274.681640625
2024-03-06,280,282,279.309997558594,280.429992675781,4535200,275.713989257812
2024-03-07,280.880004882812,281.170013427734,276.160003662109,278.260009765625,5668500,273.580505371094
2024-03-08,279,281.670013427734,278.829986572266,280.040008544922,3928800,275.33056640625
2024-03-11,279.450012207031,280.769989013672,277.989990234375,280.559997558594,4614000,275.841827392578
2024-03-12,281.309997558594,284.480010986328,280.290008544922,283.920013427734,7988700,279.145355224609
2024-03-13,284.660003662109,286.100006103516,283.820007324219,285.140014648438,5783800,280.344818115234
2024-03-14,288.959991455078,289.040008544922,284.549987792969,286.410003662109,5484500,281.593414306641
2024-03-15,283.549987792969,285.630004882812,282.640014648438,283.040008544922,9845000,278.280090332031
2024-03-18,283.869995117188,286.230010986328,283.25,285.049987792969,4095600,280.256286621094
2024-03-19,286.660003662109,288.059997558594,285.25,287.350006103516,6595200,282.517639160156
2024-03-20,287.640014648438,289.869995117188,286.720001220703,289.279998779297,6105000,284.415191650391
2024-03-21,289.970001220703,290.959991455078,287.899993896484,290.369995117188,5057600,285.48681640625
2024-03-22,290,290.489990234375,282.890014648438,283.260009765625,8744100,278.496398925781
2024-03-25,283.010009765625,283.5,280.040008544922,281.209991455078,8519200,276.480834960938
2024-03-26,284.130004882812,284.130004882812,278.410003662109,280.600006103516,8752400,275.881072998047
2024-03-27,280.25,281.25,276.980010986328,279.019989013672,5190700,274.327697753906
2024-03-28,278.489990234375,279.799987792969,277.119995117188,279.079986572266,5844400,274.386688232422
2024-04-01,280.359985351562,280.890014648438,276.790008544922,278.279998779297,5084000,273.600158691406
2024-04-02,278,279.329986572266,276.980010986328,278.440002441406,6912300,273.757446289062
2024-04-03,280.480010986328,280.480010986328,276.559997558594,276.959991455078,4536600,272.302398681641
2024-04-04,278.359985351562,279.079986572266,273.559997558594,274,4018600,269.392181396484
2024-04-05,276.100006103516,277.959991455078,275.029998779297,277.140014648438,4392100,272.479339599609
2024-04-08,276.25,277.980010986328,275.149993896484,277.760009765625,5542400,273.088928222656
2024-04-09,277.630004882812,278,273.320007324219,276.720001220703,7313900,272.066375732422
2024-04-10,275.420013427734,276.820007324219,274.119995117188,274.480010986328,5276000,269.864044189453
2024-04-11,274,276.480010986328,272.179992675781,275.679992675781,8102300,271.043884277344
2024-04-12,275.549987792969,277,274.059997558594,275.959991455078,9038400,271.319152832031
2024-04-15,277.890014648438,277.910003662109,270.339996337891,271.279998779297,10267500,266.717864990234
2024-04-16,270.540008544922,274.130004882812,270.170013427734,271.350006103516,8237100,266.786743164062
2024-04-17,273.299987792969,274,271.5,272.690002441406,5940900,268.104187011719
2024-04-18,272.570007324219,273.149993896484,269.859985351562,271.369995117188,8231800,266.806365966797
2024-04-19,271.470001220703,272,268.290008544922,269.779998779297,7905400,265.243072509766
2024-04-22,270.950012207031,273.760009765625,269.359985351562,272.329986572266,6463700,267.750244140625
2024-04-23,274.010009765625,274.890014648438,272.709991455078,274.109985351562,6438000,269.500274658203
2024-04-24,282.570007324219,283,274.489990234375,275.019989013672,8807200,270.394927978516
2024-04-25,272.970001220703,276.220001220703,270.489990234375,275.160003662109,8064600,270.532653808594
2024-04-26,275.010009765625,276.769989013672,273.829986572266,274.519989013672,6840600,269.903411865234
2024-04-29,272.320007324219,274.470001220703,271.089996337891,271.839996337891,4128600,267.268463134766
2024-04-30,270.529998779297,272.079986572266,268.579986572266,268.609985351562,6376400,264.092742919922
2024-05-01,268.149993896484,270.910003662109,266.709991455078,267.320007324219,6119900,262.824432373047
2024-05-02,269.350006103516,269.470001220703,266.649993896484,267.609985351562,5061700,263.109588623047
2024-05-03,269,269.450012207031,266.5,268.489990234375,3862000,263.974792480469
2024-05-06,269.649993896484,272.779998779297,269.570007324219,272.670013427734,3958700,268.08447265625
2024-05-07,273.720001220703,277.880004882812,272.829986572266,276.459991455078,6377100,271.810729980469
2024-05-08,277.799987792969,278.549987792969,274.920013427734,277.190002441406,9029700,272.528472900391
2024-05-09,276.799987792969,278.790008544922,276.399993896484,278.540008544922,8948800,273.855804443359
2024-05-10,279.549987792969,281.029998779297,279.239990234375,280.739990234375,8986400,276.018737792969
2024-05-13,281.459991455078,282.149993896484,279.100006103516,279.390014648438,10528400,274.691528320312
2024-05-14,279.440002441406,279.989990234375,274.269989013672,277.739990234375,18526100,273.069244384766
2024-05-15,277.149993896484,281.730010986328,277.070007324219,281.5,21288400,276.766052246094
2024-05-16,281.739990234375,282.380004882812,279.260009765625,279.839996337891,10341500,275.64306640625
2024-05-17,280.049987792969,280.910003662109,278.100006103516,280.100006103516,6177800,275.899200439453
2024-05-20,279.220001220703,280.269989013672,278.179992675781,278.540008544922,5460900,274.362640380859
2024-05-21,278,278.429992675781,274.880004882812,275.950012207031,6578200,271.811492919922
2024-05-22,275.529998779297,278.079986572266,275.119995117188,275.579986572266,4202500,271.447021484375
2024-05-23,275.239990234375,277.440002441406,273.029998779297,274.230010986328,6115900,270.117218017578
2024-05-24,275.010009765625,275.239990234375,273.350006103516,274.489990234375,4339700,270.373352050781
2024-05-28,274.230010986328,274.459991455078,270.230010986328,270.980010986328,6212100,266.915985107422
2024-05-29,269,271.140014648438,268.260009765625,268.859985351562,5469700,264.827758789062
2024-05-30,268.700012207031,271.640014648438,268.309997558594,271.299987792969,4901900,267.231170654297
2024-05-31,271.440002441406,272.760009765625,269.010009765625,272.459991455078,8910000,268.373779296875
2024-06-03,273.089996337891,273.130004882812,268.059997558594,270.380004882812,4838800,266.324981689453
2024-06-04,269.630004882812,272.989990234375,269.309997558594,272.420013427734,4188500,268.334381103516
2024-06-05,273.529998779297,274.929992675781,272.019989013672,274.5,5368700,270.383178710938
2024-06-06,274.799987792969,277.149993896484,274.079986572266,277.040008544922,4862400,272.885070800781
2024-06-07,277.709991455078,280.329986572266,276.859985351562,278.670013427734,4515600,274.490661621094
2024-06-10,278.140014648438,278.559997558594,273.380004882812,275.040008544922,5213800,270.915100097656
2024-06-11,274.540008544922,274.859985351562,272.220001220703,274.670013427734,6244600,270.550659179688
2024-06-12,276.769989013672,277.600006103516,269.899993896484,270.320007324219,7536600,266.265899658203
2024-06-13,270.320007324219,271.859985351562,269.320007324219,271.190002441406,7361200,267.122833251953
2024-06-14,270.100006103516,271.549987792969,269.269989013672,270.660003662109,8537300,266.600799560547
2024-06-17,269,271.829986572266,269,271.170013427734,9258200,267.103118896484
2024-06-18,271.299987792969,273.899993896484,271.299987792969,273.619995117188,6707500,269.516357421875
2024-06-20,273.190002441406,278.040008544922,273.100006103516,276.820007324219,10164400,272.668426513672
2024-06-21,277.170013427734,277.540008544922,274.579986572266,275.220001220703,14594700,271.092407226562
2024-06-24,275.320007324219,280.390014648438,275.269989013672,276.299987792969,24149600,272.156188964844
2024-06-25,276.850006103516,277.929992675781,273.529998779297,273.529998779297,18325800,269.427703857422
2024-06-26,272.910003662109,274.459991455078,271.75,273.600006103516,12172000,269.496734619141
2024-06-27,268.510009765625,270.589996337891,266.5,266.589996337891,10529100,262.591796875
2024-06-28,267.200012207031,268.600006103516,261.25,262.470001220703,13957300,258.533599853516
2024-07-01,263.790008544922,265.769989013672,261.299987792969,263.239990234375,7955800,259.292053222656
2024-07-02,263.239990234375,268.230010986328,262.399993896484,268.230010986328,8697800,264.207244873047
2024-07-03,269.070007324219,269.75,268.149993896484,268.989990234375,5017800,264.955810546875
2024-07-05,269,270.549987792969,268.239990234375,270.359985351562,7986400,266.305236816406
2024-07-08,270.25,271.440002441406,265.970001220703,266.399993896484,8561100,262.404632568359
2024-07-09,267,267.549987792969,263.920013427734,265.440002441406,6431300,261.459075927734
2024-07-10,259.119995117188,263.480010986328,258.510009765625,263,9635500,259.0556640625
2024-07-11,262.130004882812,263.630004882812,260.760009765625,262.549987792969,8803600,258.612426757812
2024-07-12,264.339996337891,267.399993896484,263.660003662109,265.739990234375,6627800,261.754516601562
2024-07-15,265.670013427734,269.239990234375,265.25,268.450012207031,6845200,264.423950195312
2024-07-16,268.519989013672,270.209991455078,267.369995117188,269.25,7869900,265.211975097656
2024-07-17,268.440002441406,272.910003662109,268.239990234375,272.700012207031,5324700,268.610168457031
2024-07-18,272.290008544922,273.619995117188,268.559997558594,269.149993896484,5550800,265.113403320312
2024-07-19,270.320007324219,270.950012207031,264.309997558594,265.459991455078,6839900,261.478790283203
2024-07-22,267.230010986328,268.399993896484,265.019989013672,267.709991455078,5313600,263.695007324219
2024-07-23,267.529998779297,267.700012207031,263.859985351562,264.790008544922,8109200,260.818817138672
2024-07-24,256.070007324219,257.200012207031,253.130004882812,254.169998168945,13065900,250.358093261719
2024-07-25,255.389999389648,258.220001220703,252.699996948242,253.740005493164,8573300,249.934555053711
2024-07-26,255.589996337891,261.200012207031,255.589996337891,259.459991455078,7062200,255.568740844727
2024-07-29,260.320007324219,262.709991455078,258.579986572266,261.600006103516,6068100,257.676605224609
2024-07-30,263.230010986328,264.299987792969,261.010009765625,263.100006103516,5941800,259.154174804688
2024-07-31,264.540008544922,266.359985351562,264.25,265.670013427734,7642500,261.685638427734
2024-08-01,266.329986572266,267,264.179992675781,265.929992675781,7269700,261.941711425781
2024-08-02,263.829986572266,267.959991455078,262.880004882812,266.579986572266,7017900,262.581970214844
2024-08-05,261.450012207031,262.920013427734,254.509994506836,256.440002441406,9631300,252.594055175781
2024-08-06,256.5,260.489990234375,255.770004272461,258.260009765625,21586800,254.386749267578
2024-08-07,259.660003662109,262.029998779297,256.309997558594,256.519989013672,12908600,252.672821044922
2024-08-08,258.130004882812,260.450012207031,257.920013427734,259.829986572266,8223700,255.933181762695
2024-08-09,259.170013427734,261.519989013672,259.010009765625,259.760009765625,7228100,256.377349853516
2024-08-12,260.5,261.600006103516,259.239990234375,259.890014648438,26769400,256.505615234375
2024-08-13,260.130004882812,261.679992675781,259.269989013672,260.130004882812,12005700,256.742553710938
2024-08-14,260.869995117188,261.5,258.739990234375,261.140014648438,8552300,257.739379882812
2024-08-15,262.839996337891,267.390014648438,262.839996337891,266.799987792969,7397800,263.325653076172
2024-08-16,266.850006103516,268.440002441406,265.390014648438,267.380004882812,5111100,263.898101806641
2024-08-19,267.420013427734,268.309997558594,265.230010986328,266.470001220703,6555900,262.999938964844
2024-08-20,267,268.040008544922,265.779998779297,268.040008544922,6803600,264.549468994141
2024-08-21,268.559997558594,269.269989013672,267.390014648438,268.200012207031,6639700,264.707489013672
2024-08-22,268.940002441406,269.5,266.570007324219,267.940002441406,4425200,264.450866699219
2024-08-23,268.700012207031,269.209991455078,265.309997558594,267.440002441406,3697400,263.957336425781
2024-08-26,267.720001220703,270.369995117188,267.670013427734,268.209991455078,4612200,264.717254638672
2024-08-27,268.519989013672,270.950012207031,267.890014648438,270.720001220703,6594100,267.194610595703
2024-08-28,271.160003662109,271.980010986328,267.670013427734,269.190002441406,5455100,265.684539794922
2024-08-29,270.980010986328,275.989990234375,270.450012207031,274.320007324219,5565100,270.747711181641
2024-08-30,275,276.989990234375,274.260009765625,276.369995117188,6296100,272.77099609375
2024-09-03,276.369995117188,282.089996337891,276.369995117188,278.540008544922,7278300,274.912811279297
2024-09-04,278.709991455078,281.649993896484,278.700012207031,280.489990234375,6107500,276.837371826172
2024-09-05,281,281.5,277.410003662109,278.619995117188,6447400,274.991729736328
2024-09-06,277.769989013672,280.279998779297,277.429992675781,279.369995117188,7187700,275.731964111328
2024-09-09,282.089996337891,286.970001220703,281.649993896484,285.609985351562,10933900,281.890747070312
2024-09-10,285.929992675781,286.399993896484,283.570007324219,285.339996337891,5314400,281.624237060547
2024-09-11,285.019989013672,285.170013427734,278.299987792969,283.959991455078,6281800,280.262176513672
2024-09-12,284,286,281.470001220703,285.369995117188,4160800,281.653839111328
2024-09-13,286.489990234375,288.739990234375,285.549987792969,287.350006103516,4987600,283.608062744141
2024-09-16,288.049987792969,290.899993896484,287.739990234375,290.480010986328,4458900,286.697296142578
2024-09-17,290.899993896484,293.070007324219,290.079986572266,291.559997558594,5135700,287.763244628906
2024-09-18,291.839996337891,292.019989013672,288.130004882812,288.480010986328,5890000,284.723358154297
2024-09-19,291.089996337891,291.480010986328,282.869995117188,285.239990234375,10382100,281.525512695312
2024-09-20,285.5,287,283.25,284.769989013672,27810900,281.061645507812
2024-09-23,284.899993896484,288.880004882812,284.619995117188,288.630004882812,6505600,284.871398925781
2024-09-24,280.179992675781,281,272.709991455078,272.779998779297,13690200,269.227783203125
2024-09-25,274.190002441406,274.25,268.230010986328,269.630004882812,11671300,266.118804931641
2024-09-26,270.5,273.239990234375,270,271.690002441406,9552500,268.151977539062
2024-09-27,273.160003662109,277.980010986328,272.779998779297,275.170013427734,6509600,271.586639404297
2024-09-30,275,275.690002441406,273.200012207031,274.950012207031,5969900,271.369537353516
2024-10-01,276.970001220703,279.059997558594,274.359985351562,277.600006103516,5781600,273.985046386719
2024-10-02,276.570007324219,277.640014648438,275.369995117188,277,4741600,273.392822265625
2024-10-03,276.670013427734,277.690002441406,275.839996337891,276.859985351562,3036700,273.254608154297
2024-10-04,277.350006103516,278.440002441406,275.100006103516,277.929992675781,4259300,274.310729980469
2024-10-07,277.600006103516,277.619995117188,273.239990234375,273.790008544922,4339300,270.224639892578
2024-10-08,274.709991455078,276.100006103516,274.010009765625,274.959991455078,4370900,271.379333496094
2024-10-09,275,277.489990234375,274.420013427734,276.929992675781,4115800,273.323760986328
2024-10-10,276.779998779297,277.670013427734,275.350006103516,277.470001220703,4063900,273.856689453125
2024-10-11,276.040008544922,278.799987792969,275.369995117188,277.839996337891,4746300,274.221893310547
2024-10-14,279.079986572266,281.369995117188,277.989990234375,280.679992675781,3996600,277.024932861328
2024-10-15,281,282.640014648438,278.829986572266,279.290008544922,5807000,275.653015136719
2024-10-16,278.619995117188,287.600006103516,278.350006103516,287.519989013672,9442700,283.775817871094
2024-10-17,288.570007324219,290.929992675781,287.609985351562,290.390014648438,8815800,286.608459472656
2024-10-18,289.920013427734,291.040008544922,288.079986572266,290.619995117188,5350900,286.835479736328
2024-10-21,289.600006103516,290.440002441406,286.329986572266,286.850006103516,6313100,283.114532470703
2024-10-22,285.049987792969,286.529998779297,283.529998779297,284.790008544922,5736500,281.081451416016
2024-10-23,286.040008544922,286.059997558594,283.529998779297,283.760009765625,5249300,280.064819335938
2024-10-24,282.390014648438,283.619995117188,281.730010986328,283.220001220703,4679900,279.531829833984
2024-10-25,284,285.089996337891,280.779998779297,281.730010986328,4464600,278.061248779297
2024-10-28,282.040008544922,284.640014648438,281.529998779297,284.190002441406,4306200,280.489227294922
2024-10-29,284.269989013672,285.700012207031,281.350006103516,281.880004882812,7534800,278.209289550781
2024-10-30,292.339996337891,295.779998779297,288.329986572266,290.160003662109,9606800,286.381469726562
2024-10-31,292.089996337891,296.339996337891,289.619995117188,289.850006103516,7950200,286.075500488281
2024-11-01,288.489990234375,292.670013427734,287.190002441406,290.739990234375,5470700,286.953918457031
2024-11-04,291.549987792969,293.149993896484,290.760009765625,291.850006103516,4281600,288.049499511719
2024-11-05,291.709991455078,294.779998779297,291.579986572266,293.290008544922,3753700,289.470703125
2024-11-06,306.320007324219,309,302.820007324219,307.399993896484,10320500,303.396911621094
2024-11-07,307.5,307.630004882812,304.420013427734,305.799987792969,6237300,301.817779541016
2024-11-08,306.890014648438,311.149993896484,305.690002441406,307.869995117188,6240600,303.86083984375
2024-11-11,310.089996337891,312.440002441406,309.299987792969,310.920013427734,4674100,306.871154785156
2024-11-12,309.040008544922,310.549987792969,308.109985351562,309.850006103516,4616400,306.396514892578
2024-11-13,309.489990234375,310.950012207031,307.839996337891,309.480010986328,4046400,306.030578613281
2024-11-14,309.299987792969,311.290008544922,307.829986572266,308.25,4415800,304.814331054688
2024-11-15,307.559997558594,310.720001220703,306.660003662109,309.640014648438,5106300,306.188842773438
2024-11-18,309.480010986328,312.410003662109,308.700012207031,312.160003662109,4585600,308.680694580078
2024-11-19,310,312.230010986328,308.510009765625,311.850006103516,4885500,308.374176025391
2024-11-20,311.859985351562,312.290008544922,306.220001220703,307.390014648438,6349900,303.963897705078
2024-11-21,307.299987792969,310.920013427734,306.649993896484,309.899993896484,5757100,306.445861816406
2024-11-22,307.970001220703,311.589996337891,307.899993896484,309.920013427734,5919200,306.465698242188
2024-11-25,311.859985351562,313.660003662109,309.859985351562,313.190002441406,14189300,309.699249267578
2024-11-26,314.200012207031,314.5,311.540008544922,311.820007324219,7071500,308.344512939453
2024-11-27,310.769989013672,316.369995117188,309.489990234375,314.700012207031,5204300,311.192443847656
2024-11-29,314.290008544922,316.25,313.700012207031,315.079986572266,3853300,311.568145751953
2024-12-02,316.899993896484,317.420013427734,313.709991455078,316.649993896484,5597500,313.120666503906
2024-12-03,317.100006103516,317.320007324219,312.769989013672,313.010009765625,5009900,309.521270751953
2024-12-04,312.420013427734,312.850006103516,308.799987792969,309.899993896484,5981800,306.445861816406
2024-12-05,309.980010986328,311.089996337891,308.829986572266,309.079986572266,5200100,305.635040283203
2024-12-06,308.869995117188,312.559997558594,308.799987792969,311.010009765625,4302700,307.543548583984
2024-12-09,311.829986572266,313.010009765625,307.640014648438,308.299987792969,5785300,304.863739013672
2024-12-10,307.359985351562,312.980010986328,306.640014648438,312.380004882812,4539500,308.898254394531
2024-12-11,313.040008544922,315.549987792969,311.209991455078,313.790008544922,4321800,310.292541503906
2024-12-12,314.820007324219,315.549987792969,313.429992675781,314.230010986328,3218500,310.727630615234
2024-12-13,315.829986572266,316.950012207031,314.339996337891,314.739990234375,4682200,311.23193359375
2024-12-16,314.739990234375,317.559997558594,314.100006103516,315.890014648438,6562500,312.369171142578
2024-12-17,315.820007324219,318.839996337891,315.140014648438,318.299987792969,8843900,314.752258300781
2024-12-18,318.5,321.619995117188,309.559997558594,309.779998779297,10479200,306.327239990234
2024-12-19,311.829986572266,316.869995117188,311.230010986328,314.880004882812,8317100,311.370452880859
2024-12-20,313.570007324219,320,312.279998779297,317.709991455078,24387000,314.168853759766
2024-12-23,315.649993896484,317.970001220703,313.350006103516,317.220001220703,7984600,313.684295654297
2024-12-24,318.170013427734,321.540008544922,317.279998779297,320.649993896484,2684100,317.076080322266
2024-12-26,319.769989013672,321.450012207031,319.459991455078,320.910003662109,2856000,317.333190917969
2024-12-27,319.269989013672,321.5,317.559997558594,318.660003662109,3489200,315.108276367188
2024-12-30,314.679992675781,317.109985351562,313.230010986328,315.309997558594,3478500,311.795623779297
2024-12-31,316.119995117188,317.660003662109,315.190002441406,316.040008544922,3963800,312.517517089844
2025-01-02,317.779998779297,319.679992675781,312.410003662109,314.399993896484,5369500,310.895751953125
2025-01-03,314.179992675781,315.920013427734,312.010009765625,314.910003662109,4271300,311.400085449219
2025-01-06,315.010009765625,315.390014648438,312.070007324219,313.040008544922,6567300,309.550933837891
2025-01-07,312.890014648438,315.190002441406,311.320007324219,311.670013427734,4958600,308.196197509766
2025-01-08,311,314.040008544922,310.209991455078,312.600006103516,5161600,309.115814208984
2025-01-10,311.200012207031,311.850006103516,305.989990234375,307.709991455078,6660100,304.280303955078
2025-01-13,305,306.920013427734,303.839996337891,306.920013427734,9568400,303.499114990234
2025-01-14,308.75,310.160003662109,307.519989013672,309.089996337891,5107600,305.644927978516
2025-01-15,313.679992675781,317.190002441406,313.130004882812,316.279998779297,5222000,312.754730224609
2025-01-16,315.75,319.179992675781,315.75,317.25,4606700,313.713989257812
2025-01-17,317.5,320.589996337891,316.709991455078,319.619995117188,5805800,316.057556152344
2025-01-21,320.309997558594,324.579986572266,320,323.630004882812,5653000,320.022918701172
2025-01-22,324.769989013672,325.739990234375,322.380004882812,323.559997558594,5026500,319.953643798828
2025-01-23,323.760009765625,328.510009765625,323.570007324219,328.209991455078,5297100,324.551818847656
2025-01-24,328.019989013672,331.089996337891,327.809997558594,330.200012207031,4327500,326.519653320312
2025-01-27,330,335.489990234375,328.049987792969,334.540008544922,6636500,330.811248779297
2025-01-28,334.670013427734,337.829986572266,332.890014648438,334.480010986328,5999600,330.751922607422
2025-01-29,334.5,337.109985351562,334.5,335.880004882812,5087300,332.136352539062
2025-01-30,339.510009765625,344.440002441406,339,343.049987792969,8081300,339.226379394531
2025-01-31,346.470001220703,351.25,341.709991455078,341.799987792969,8624100,337.990356445312
2025-02-03,340,346,339.239990234375,345.820007324219,8004500,341.965576171875
2025-02-04,344.600006103516,346.010009765625,342.540008544922,345.149993896484,5532600,341.302978515625
2025-02-05,346,349.480010986328,345.25,349.440002441406,4939100,345.545196533203
2025-02-06,349.779998779297,350.649993896484,346.600006103516,347.480010986328,4294500,343.607025146484
2025-02-07,348,350.75,347.209991455078,348.019989013672,4261200,344.141021728516
2025-02-10,348.700012207031,351.899993896484,347.700012207031,351.230010986328,6067000,347.315277099609
2025-02-11,348.299987792969,352.119995117188,346.25,350.720001220703,5154800,347.394470214844
2025-02-12,349.160003662109,351.829986572266,347.489990234375,351.489990234375,6760100,348.157196044922
2025-02-13,353.119995117188,356.079986572266,350.730010986328,355.630004882812,4279200,352.257934570312
2025-02-14,354.429992675781,355.429992675781,353.220001220703,353.809997558594,5720300,350.455169677734
2025-02-18,353.690002441406,356.739990234375,352.399993896484,356.730010986328,5822000,353.347534179688
2025-02-19,356.019989013672,357.149993896484,354.179992675781,355.230010986328,4152300,351.861724853516
2025-02-20,355.230010986328,356.130004882812,349.059997558594,350.489990234375,5697000,347.166687011719
2025-02-21,350.489990234375,353.320007324219,347.480010986328,348.529998779297,6924100,345.225250244141
2025-02-24,348.760009765625,350.799987792969,347.359985351562,349.859985351562,5055900,346.542633056641
2025-02-25,351.369995117188,352.589996337891,346,352.089996337891,6191900,348.751495361328
2025-02-26,350,351.829986572266,348.989990234375,350.630004882812,5960600,347.305328369141
2025-02-27,351.899993896484,360.309997558594,351.679992675781,355.739990234375,7298100,352.366912841797
2025-02-28,354.709991455078,364,353.709991455078,362.709991455078,15857300,359.270782470703
2025-03-03,363,366.540008544922,359.540008544922,361.820007324219,9099600,358.389251708984
2025-03-04,360.109985351562,360.269989013672,350.399993896484,352.230010986328,8955800,348.890167236328
2025-03-05,350.829986572266,354.109985351562,348.940002441406,352.679992675781,8244200,349.335906982422
2025-03-06,345.959991455078,348.869995117188,340.390014648438,344.160003662109,8611100,340.896697998047
2025-03-07,340.869995117188,346.390014648438,339.140014648438,345.320007324219,6358700,342.045684814453
2025-03-10,339.940002441406,345.010009765625,337.640014648438,341.480010986328,8204300,338.242095947266
2025-03-11,338.410003662109,339.609985351562,329.579986572266,332.140014648438,9776100,328.99072265625
2025-03-12,335.970001220703,336.160003662109,329.109985351562,332.839996337891,6295400,329.68408203125
2025-03-13,330.989990234375,336.200012207031,327.700012207031,328.549987792969,7915300,325.434692382812
2025-03-14,327.209991455078,332.769989013672,326.380004882812,331.799987792969,7810600,328.653900146484
2025-03-17,330.029998779297,336.109985351562,329.760009765625,334.549987792969,6149400,331.377807617188
2025-03-18,335.290008544922,335.799987792969,332.299987792969,334.769989013672,7778300,331.595764160156
2025-03-19,336.799987792969,341.029998779297,334.5,339.869995117188,5614900,336.647399902344
2025-03-20,339,342.239990234375,337.660003662109,339.5,5432700,336.280883789062
2025-03-21,337.369995117188,339.429992675781,335.519989013672,335.660003662109,17279700,332.477325439453
2025-03-24,338.649993896484,345.220001220703,337.649993896484,343.869995117188,5675100,340.609466552734
2025-03-25,344.559997558594,345.529998779297,340.670013427734,344.619995117188,3931200,341.352325439453
2025-03-26,345.989990234375,347.380004882812,343,344.179992675781,6187100,340.916534423828
2025-03-27,344,350.839996337891,343.320007324219,349.859985351562,7254800,346.542633056641
2025-03-28,349.190002441406,351.619995117188,341.609985351562,342.850006103516,5687600,339.59912109375
2025-03-31,339.350006103516,351.859985351562,334.489990234375,350.459991455078,9950800,347.136962890625
2025-04-01,350.440002441406,350.450012207031,342.570007324219,346.350006103516,7473300,343.065948486328
2025-04-02,343.440002441406,348.200012207031,343.049987792969,346.329986572266,5682500,343.046081542969
2025-04-03,333.899993896484,344.739990234375,331,339.390014648438,8792900,336.171936035156
2025-04-04,330,334.649993896484,312.119995117188,313.130004882812,13201700,310.160949707031
2025-04-07,302.070007324219,322.179992675781,299,312.320007324219,12163400,309.358642578125
2025-04-08,322.239990234375,326.279998779297,303.929992675781,308.269989013672,9569300,305.346984863281
2025-04-09,305.640014648438,334.029998779297,305.640014648438,332.429992675781,11361800,329.277893066406
2025-04-10,328.019989013672,330.160003662109,313.269989013672,324.609985351562,8709800,321.532104492188
2025-04-11,324.429992675781,336.980010986328,322.540008544922,333.399993896484,6804500,330.238708496094
2025-04-14,336.410003662109,339.609985351562,333.140014648438,335.179992675781,5011800,332.001831054688
2025-04-15,336.720001220703,339.390014648438,335,335.809997558594,4386200,332.625854492188
2025-04-16,335,337.220001220703,328.859985351562,331.329986572266,5850600,328.188323974609
2025-04-17,331.070007324219,334.320007324219,328.440002441406,329.609985351562,5655900,326.484619140625
2025-04-21,329,329.149993896484,316.649993896484,320.100006103516,6362300,317.064880371094
2025-04-22,323.859985351562,332.559997558594,322.390014648438,331.399993896484,5435500,328.257659912109
2025-04-23,337.239990234375,341.25,333.200012207031,334.369995117188,8906000,331.199554443359
2025-04-24,333.279998779297,336.769989013672,331.25,335.709991455078,8055200,332.526824951172
2025-04-25,334.760009765625,336.369995117188,332.170013427734,335.170013427734,4452800,331.991973876953
2025-04-28,336.779998779297,339.339996337891,335.019989013672,337.510009765625,5422900,334.309753417969
2025-04-29,338.5,342.269989013672,336.459991455078,341.519989013672,5519500,338.281707763672
2025-04-30,334.440002441406,346.519989013672,333.239990234375,345.5,9526700,342.223999023438
2025-05-01,345.579986572266,345.720001220703,340.119995117188,342.450012207031,5849900,339.202941894531
2025-05-02,347.220001220703,350.089996337891,346.119995117188,347.600006103516,6113700,344.304107666016
2025-05-05,347,351.049987792969,346.119995117188,348.640014648438,3865300,345.334228515625
2025-05-06,346.399993896484,349.649993896484,345.760009765625,347.700012207031,3438500,344.403137207031
2025-05-07,348.700012207031,351.149993896484,347.209991455078,349.850006103516,5454000,346.532775878906
2025-05-08,352,355.329986572266,350.950012207031,351.269989013672,4156400,347.939270019531
2025-05-09,351.829986572266,353.799987792969,350.670013427734,352.540008544922,3086600,349.197265625
2025-05-12,359.140014648438,361.890014648438,351.130004882812,355.850006103516,7985400,352.475830078125
2025-05-13,355.519989013672,358.869995117188,354.579986572266,356.140014648438,5406200,353.348999023438
2025-05-14,356.670013427734,358.410003662109,355.209991455078,356.459991455078,6207600,353.666442871094
2025-05-15,356.890014648438,363.730010986328,356.679992675781,362.299987792969,5826100,359.460662841797
2025-05-16,362.950012207031,366.190002441406,360.890014648438,365.119995117188,5838100,362.258575439453
2025-05-19,363.019989013672,369.149993896484,362.320007324219,367.899993896484,5081500,365.016784667969
2025-05-20,367.779998779297,368.25,364.690002441406,366.839996337891,5281400,363.965118408203
2025-05-21,363.720001220703,365.989990234375,358.079986572266,358.299987792969,6125500,355.492034912109
2025-05-22,357.760009765625,360,356.559997558594,357.970001220703,4936600,355.164611816406
2025-05-23,353.75,356,352.220001220703,353.540008544922,5345900,350.769317626953
2025-05-27,355.410003662109,360,354.480010986328,359.299987792969,6316000,356.484191894531
2025-05-28,359.339996337891,360.910003662109,358.040008544922,359.730010986328,3299000,356.910797119141
2025-05-29,360.350006103516,363.040008544922,358.720001220703,362.399993896484,4590400,359.559906005859
2025-05-30,361.350006103516,367.040008544922,361.350006103516,365.190002441406,8726900,362.328063964844
2025-06-02,362.769989013672,365.459991455078,359.959991455078,365.320007324219,3845700,362.457000732422
2025-06-03,364.579986572266,366.880004882812,361.5,365.859985351562,5221300,362.992767333984
2025-06-04,366.709991455078,369.660003662109,366.309997558594,368,4202300,365.116027832031
2025-06-05,370,371,365.929992675781,366.769989013672,6881900,363.895660400391
2025-06-06,369.010009765625,371,367.549987792969,370.220001220703,5008500,367.318603515625
2025-06-09,369.790008544922,369.790008544922,362.049987792969,366.660003662109,4999900,363.786499023438
2025-06-10,367,371.440002441406,366.679992675781,370.700012207031,4109300,367.794891357422
2025-06-11,370,375.510009765625,369.380004882812,373.309997558594,5562700,370.384399414062
2025-06-12,372.230010986328,374.170013427734,369.549987792969,371.399993896484,4874000,368.489349365234
2025-06-13,361.510009765625,363.010009765625,345,352.850006103516,14181700,350.084777832031
2025-06-16,356.489990234375,360.220001220703,354.329986572266,355.480010986328,7234700,352.694152832031
2025-06-17,353.489990234375,359.600006103516,353.320007324219,357.839996337891,5559600,355.03564453125
2025-06-18,357.850006103516,358.480010986328,338.040008544922,340.380004882812,15008600,337.712493896484
2025-06-20,338.950012207031,340,334.920013427734,338.570007324219,19332100,335.916656494141
2025-06-23,337.5,344.299987792969,335.630004882812,343.75,7553300,341.056091308594
2025-06-24,351.519989013672,354.559997558594,347.920013427734,351.630004882812,10172000,348.874298095703
2025-06-25,350.450012207031,351.290008544922,345.260009765625,345.260009765625,6836300,342.554229736328
2025-06-26,343.779998779297,346.910003662109,342.029998779297,346.029998779297,8829500,343.318237304688
2025-06-27,346.589996337891,352.010009765625,345.660003662109,348.609985351562,6601900,345.877960205078
2025-06-30,349.350006103516,355.609985351562,349.059997558594,355.049987792969,7080100,352.267517089844
2025-07-01,353.820007324219,357,351.420013427734,355.470001220703,6653400,352.684204101562
2025-07-02,354.600006103516,356.359985351562,350,354.220001220703,5131400,351.444000244141
2025-07-03,354.589996337891,359,353.609985351562,358.859985351562,3702800,356.047607421875
2025-07-07,358.920013427734,359.660003662109,354.489990234375,356.640014648438,5138000,353.845031738281
2025-07-08,356.679992675781,358.279998779297,353.25,354.549987792969,6966800,351.771392822266
2025-07-09,355.070007324219,357.760009765625,353.75,357.760009765625,7297100,354.956298828125
2025-07-10,356.829986572266,357.619995117188,353.450012207031,355.880004882812,6121300,353.091003417969
2025-07-11,352.510009765625,353.809997558594,344.390014648438,347.929992675781,7580200,345.203277587891
2025-07-14,347.390014648438,351.970001220703,345.010009765625,350.5,5598900,347.753173828125
2025-07-15,348.119995117188,350.209991455078,346.760009765625,347.019989013672,4891700,344.300445556641
2025-07-16,347.290008544922,350.670013427734,345.799987792969,349.899993896484,5544200,347.157836914062
2025-07-17,350,351.369995117188,348.480010986328,349.809997558594,4747100,347.068542480469
2025-07-18,349.5,349.5,347.160003662109,349.049987792969,4927600,346.314514160156
2025-07-21,349.059997558594,353.649993896484,348.399993896484,350.940002441406,5216300,348.189727783203
2025-07-22,351.100006103516,354.480010986328,350.200012207031,351.859985351562,4614200,349.102478027344
2025-07-23,353,355.779998779297,351.209991455078,355.290008544922,4385600,352.505615234375
2025-07-24,354.820007324219,357.179992675781,353.859985351562,353.970001220703,5887200,351.195953369141
2025-07-25,354,357.649993896484,353.010009765625,357.040008544922,3915400,354.241912841797
2025-07-28,356.380004882812,358.320007324219,354.730010986328,355.470001220703,3921000,352.684204101562
2025-07-29,356.290008544922,358.320007324219,350.809997558594,351.290008544922,7402300,348.536987304688
2025-07-30,351.700012207031,356.619995117188,347.230010986328,350.910003662109,12129700,348.159942626953
2025-07-31,348.929992675781,352.820007324219,345.089996337891,345.470001220703,8641700,342.762573242188
2025-08-01,344.100006103516,346.170013427734,338.100006103516,339.350006103516,8658700,336.690551757812
2025-08-04,341.700012207031,344.380004882812,340,342.149993896484,7335300,339.468627929688
2025-08-05,342.149993896484,342.459991455078,335.549987792969,337.429992675781,7295600,334.785614013672
2025-08-06,338.299987792969,341.429992675781,335.429992675781,339.739990234375,5944100,337.077484130859
2025-08-07,341.429992675781,342.149993896484,328.700012207031,332.089996337891,8797100,329.487426757812
2025-08-08,333.679992675781,337.380004882812,332.730010986328,336.779998779297,6073900,334.140655517578
2025-08-11,336.730010986328,337.859985351562,334.510009765625,335.899993896484,5715800,333.267578125
2025-08-12,335.200012207031,338.649993896484,334.809997558594,336.739990234375,5682800,334.688873291016
2025-08-13,336.980010986328,343.480010986328,336.779998779297,342.549987792969,5693400,340.463470458984
2025-08-14,342.940002441406,346.079986572266,341.670013427734,345.489990234375,6224000,343.385559082031
2025-08-15,346.25,348.359985351562,342.859985351562,344.470001220703,4946600,342.371795654297
2025-08-18,343.839996337891,345.730010986328,340.950012207031,342.739990234375,3999600,340.652313232422
2025-08-19,342.559997558594,346.339996337891,341.890014648438,342.450012207031,4457200,340.364105224609
2025-08-20,343.399993896484,347.440002441406,342.850006103516,343.929992675781,5834400,341.835083007812
2025-08-21,342.890014648438,344.519989013672,339.720001220703,343.690002441406,6073600,341.596527099609
2025-08-22,345.220001220703,351.200012207031,345.220001220703,350.040008544922,4973200,347.907867431641
2025-08-25,349.609985351562,350.720001220703,347.5,348.820007324219,8019800,346.6953125
2025-08-26,348.690002441406,353.399993896484,347.450012207031,351.179992675781,5876200,349.040893554688
2025-08-27,350.709991455078,353.429992675781,349.839996337891,350.350006103516,5531100,348.215972900391
2025-08-28,350.600006103516,351.040008544922,348.600006103516,349.859985351562,4987100,347.728912353516
2025-08-29,350.459991455078,352.630004882812,349,351.779998779297,3671900,349.637298583984
2025-09-02,349.309997558594,350.170013427734,346.079986572266,350.070007324219,4940300,347.937683105469
2025-09-03,349.339996337891,350.890014648438,347.260009765625,350.869995117188,4176400,348.732788085938
2025-09-04,350.730010986328,352.630004882812,349.149993896484,350.989990234375,4324000,348.852081298828
2025-09-05,351.380004882812,352.619995117188,340.200012207031,343.220001220703,5448300,341.129425048828
2025-09-08,342.339996337891,344.380004882812,341,342.299987792969,4711600,340.214996337891
2025-09-09,341.690002441406,346.320007324219,341.290008544922,343.989990234375,4646200,341.894714355469
2025-09-10,342.609985351562,342.609985351562,336.440002441406,338.119995117188,6557900,336.060485839844
2025-09-11,338.730010986328,343.529998779297,337.869995117188,343.489990234375,5157600,341.397735595703
2025-09-12,341.220001220703,343.190002441406,339.170013427734,339.429992675781,3518300,337.362487792969
2025-09-15,340.609985351562,342.709991455078,338.390014648438,339.049987792969,4367500,336.984802246094
2025-09-16,336.239990234375,340.540008544922,333.470001220703,340.029998779297,5527700,337.958831787109
2025-09-17,339.940002441406,346.200012207031,339.519989013672,346.200012207031,5763500,344.091278076172
2025-09-18,344.730010986328,345.269989013672,338.179992675781,338.179992675781,7526600,336.1201171875
2025-09-19,340.450012207031,342.690002441406,338.25,341.609985351562,13674300,339.529235839844
2025-09-22,339.010009765625,344.859985351562,338.660003662109,344.359985351562,5621800,342.262451171875
2025-09-23,344.589996337891,345.260009765625,337.630004882812,338.700012207031,10142700,336.636932373047
2025-09-24,339.130004882812,339.899993896484,337.920013427734,338.679992675781,5207400,336.617065429688
2025-09-25,338.350006103516,340.200012207031,334.510009765625,334.929992675781,5398700,332.889892578125
2025-09-26,337.230010986328,339.5,336.230010986328,337.369995117188,9619200,335.315032958984
2025-09-29,337.380004882812,340.640014648438,335.549987792969,340.160003662109,7217800,338.088043212891
2025-09-30,339.820007324219,345.609985351562,338.510009765625,341.380004882812,8164400,339.300598144531
2025-10-01,340.309997558594,349.359985351562,340.309997558594,347.829986572266,8381000,345.711303710938
2025-10-02,346.220001220703,347.179992675781,343.559997558594,345.950012207031,5198000,343.842803955078
2025-10-03,346.109985351562,353.160003662109,346,349.839996337891,5199700,347.709106445312
2025-10-06,350.010009765625,351.119995117188,344.350006103516,349.279998779297,4735600,347.152496337891
2025-10-07,350.059997558594,354.440002441406,350.059997558594,352.420013427734,5044600,350.273376464844
2025-10-08,353.779998779297,355,351.100006103516,351.359985351562,3927500,349.219818115234
2025-10-09,351.470001220703,352.869995117188,345.579986572266,347.040008544922,4434800,344.926147460938
2025-10-10,347.630004882812,350.399993896484,343.25,343.649993896484,6296200,341.556793212891
2025-10-13,343.720001220703,347.660003662109,340.730010986328,343.299987792969,4030700,341.208923339844
2025-10-14,341,350.010009765625,340.220001220703,348.380004882812,5731000,346.257995605469
2025-10-15,348.380004882812,350.079986572266,344,345.690002441406,3778200,343.584381103516
2025-10-16,345,345.690002441406,334.170013427734,335.399993896484,6241500,333.357025146484
2025-10-17,337.769989013672,343.450012207031,337,341.890014648438,6267100,339.807556152344
2025-10-20,341.899993896484,344.959991455078,338.940002441406,344.410003662109,4665000,342.312164306641
2025-10-21,343.119995117188,349.649993896484,343,347.209991455078,4121800,345.095092773438
2025-10-22,347.820007324219,348.170013427734,344.5,345.359985351562,5074400,343.256378173828
2025-10-23,346.200012207031,347.149993896484,344.459991455078,345.959991455078,7217200,343.852691650391
2025-10-24,348.200012207031,349.079986572266,345.320007324219,347.380004882812,3576700,345.264068603516
2025-10-27,349,349.519989013672,345.010009765625,347.820007324219,5400300,345.701385498047
2025-10-28,348.579986572266,349.890014648438,346.5,346.899993896484,7445400,344.786987304688
2025-10-29,346,350.980010986328,339,341.279998779297,8361700,339.201232910156
2025-10-30,342.220001220703,349.720001220703,341.790008544922,345.029998779297,6411800,342.928375244141
2025-10-31,342.079986572266,343,338.170013427734,340.739990234375,7301600,338.664489746094
2025-11-03,341,341.209991455078,334.820007324219,336.899993896484,5538000,334.847869873047
2025-11-04,336.480010986328,340.320007324219,334.25,340.299987792969,5920200,338.227172851562
2025-11-05,340.130004882812,342.109985351562,336.359985351562,340.040008544922,4984600,337.968811035156
2025-11-06,338.589996337891,338.649993896484,333.709991455078,336.959991455078,8507900,334.907531738281
2025-11-07,336.730010986328,338.290008544922,334.850006103516,336.019989013672,5318400,333.973266601562
2025-11-10,336.649993896484,338.679992675781,334.320007324219,334.850006103516,5295800,332.810424804688
2025-11-11,335.5,339.089996337891,333.200012207031,338.920013427734,4453300,336.855621337891
2025-11-12,338.25,344.260009765625,337.399993896484,338.880004882812,6389600,337.483001708984
2025-11-13,339.040008544922,341.459991455078,335.600006103516,336.079986572266,4961700,334.694549560547
2025-11-14,335.890014648438,336.079986572266,329.029998779297,330.019989013672,6422300,328.659515380859
2025-11-17,331.160003662109,333.359985351562,324.929992675781,325.75,6494800,324.407135009766
2025-11-18,324.5,325,318,321.179992675781,9170400,319.85595703125
2025-11-19,321.519989013672,324.570007324219,319.869995117188,324.119995117188,7066700,322.783843994141
2025-11-20,324.119995117188,328.399993896484,323.140014648438,323.769989013672,6510300,322.435272216797
2025-11-21,325.380004882812,331.079986572266,324.290008544922,327.980010986328,8930000,326.627960205078
2025-11-24,329.239990234375,330.730010986328,326,329.299987792969,9337100,327.942474365234
2025-11-25,328.899993896484,336.059997558594,328.899993896484,334.529998779297,5854300,333.150939941406
2025-11-26,334.529998779297,335.709991455078,333.059997558594,333.790008544922,4309900,332.414001464844
2025-11-28,333.429992675781,335.019989013672,332,334.440002441406,4586200,333.061309814453
2025-12-01,332.940002441406,333.299987792969,330.140014648438,330.390014648438,7082300,329.028015136719
2025-12-02,331.450012207031,332.799987792969,327.209991455078,329.619995117188,8201900,328.261169433594
2025-12-03,329.609985351562,332.350006103516,329.350006103516,329.609985351562,6296700,328.251190185547
2025-12-04,331.279998779297,332.380004882812,324.279998779297,327.100006103516,6277500,325.751556396484
2025-12-05,326.829986572266,334.109985351562,326.399993896484,331.239990234375,5266600,329.874481201172
2025-12-08,329.880004882812,331.339996337891,324.709991455078,326.839996337891,6059400,325.492645263672
2025-12-09,326.609985351562,328.230010986328,325.070007324219,326.5,4325400,325.154052734375
2025-12-10,326.640014648438,328.760009765625,325.299987792969,325.730010986328,5467500,324.38720703125
2025-12-11,332.600006103516,347.320007324219,330.059997558594,345.630004882812,12953600,344.205200195312
2025-12-12,348,349.839996337891,345.970001220703,347.829986572266,6942300,346.396087646484
2025-12-15,347.829986572266,348.450012207031,343.829986572266,346.890014648438,7004600,345.459991455078
2025-12-16,346,347.619995117188,343.720001220703,345.109985351562,7269300,343.687316894531
2025-12-17,345.549987792969,347.790008544922,343.679992675781,344.410003662109,7263500,342.990203857422
2025-12-18,345.170013427734,347.529998779297,344.269989013672,346.010009765625,6805000,344.583618164062
2025-12-19,346.049987792969,349.910003662109,346.049987792969,349.25,18623900,347.810241699219
2025-12-22,350,353.440002441406,349.589996337891,352.089996337891,5043500,350.638549804688
2025-12-23,352,356.380004882812,352,353.380004882812,3703200,351.923217773438
2025-12-24,353.380004882812,355.989990234375,353.010009765625,355.140014648438,2023600,353.675964355469
2025-12-26,355.100006103516,356.730010986328,353.709991455078,355,2017000,353.536560058594
2025-12-29,355.489990234375,356.549987792969,353.799987792969,354.609985351562,3989900,353.148132324219
2025-12-30,354,354.869995117188,352.660003662109,353.619995117188,3366500,352.162231445312
